player_id,last,first,bats,throws,team_id,pos,player_name,year,team_name
abert101,Abernathy,Ted,R,R,WS1,P,Ted Abernathy,1960,"A,Washington,Senators"
allib103,Allison,Bob,R,R,WS1,OF,Bob Allison,1960,"A,Washington,Senators"
asprk101,Aspromonte,Ken,R,R,WS1,PH,Ken Aspromonte,1960,"A,Washington,Senators"
batte101,Battey,Earl,R,R,WS1,C,Earl Battey,1960,"A,Washington,Senators"
becqj101,Becquer,Julio,L,L,WS1,1B,Julio Becquer,1960,"A,Washington,Senators"
bertr101,Bertoia,Reno,R,R,WS1,3B,Reno Bertoia,1960,"A,Washington,Senators"
clevt101,Clevenger,Tex,R,R,WS1,P,Tex Clevenger,1960,"A,Washington,Senators"
consb101,Consolo,Billy,R,R,WS1,SS,Billy Consolo,1960,"A,Washington,Senators"
dobbd101,Dobbek,Dan,L,R,WS1,OF,Dan Dobbek,1960,"A,Washington,Senators"
fiscb101,Fischer,Bill,R,R,WS1,P,Bill Fischer,1960,"A,Washington,Senators"
gardb101,Gardner,Billy,R,R,WS1,2B,Billy Gardner,1960,"A,Washington,Senators"
greel101,Green,Lenny,L,L,WS1,OF,Lenny Green,1960,"A,Washington,Senators"
hernr101,Hernandez,Rudy,R,R,WS1,P,Rudy Hernandez,1960,"A,Washington,Senators"
hyded101,Hyde,Dick,R,R,WS1,P,Dick Hyde,1960,"A,Washington,Senators"
jacoj101,Jacobs,Jake,R,R,WS1,PR,Jake Jacobs,1960,"A,Washington,Senators"
kaatj101,Kaat,Jim,L,L,WS1,P,Jim Kaat,1960,"A,Washington,Senators"
kemmr101,Kemmerer,Russ,R,R,WS1,P,Russ Kemmerer,1960,"A,Washington,Senators"
killh102,Killebrew,Harmon,R,R,WS1,1B,Harmon Killebrew,1960,"A,Washington,Senators"
kralj101,Kralick,Jack,L,L,WS1,P,Jack Kralick,1960,"A,Washington,Senators"
lee-d102,Lee,Don,R,R,WS1,P,Don Lee,1960,"A,Washington,Senators"
lemoj101,Lemon,Jim,R,R,WS1,OF,Jim Lemon,1960,"A,Washington,Senators"
maesh101,Maestri,Hector,R,R,WS1,P,Hector Maestri,1960,"A,Washington,Senators"
mincd101,Mincher,Don,L,R,WS1,1B,Don Mincher,1960,"A,Washington,Senators"
moorr101,Moore,Ray,R,R,WS1,P,Ray Moore,1960,"A,Washington,Senators"
morgt101,Morgan,Tom,R,R,WS1,P,Tom Morgan,1960,"A,Washington,Senators"
narah101,Naragon,Hal,L,R,WS1,C,Hal Naragon,1960,"A,Washington,Senators"
pascc102,Pascual,Camilo,R,R,WS1,P,Camilo Pascual,1960,"A,Washington,Senators"
ramop101,Ramos,Pedro,B,R,WS1,P,Pedro Ramos,1960,"A,Washington,Senators"
sadot101,Sadowski,Ted,R,R,WS1,P,Ted Sadowski,1960,"A,Washington,Senators"
schaj102,Schaive,Johnny,R,R,WS1,2B,Johnny Schaive,1960,"A,Washington,Senators"
stobc101,Stobbs,Chuck,L,L,WS1,P,Chuck Stobbs,1960,"A,Washington,Senators"
throf101,Throneberry,Faye,L,R,WS1,OF,Faye Throneberry,1960,"A,Washington,Senators"
valdj102,Valdivielso,Jose,R,R,WS1,SS,Jose Valdivielso,1960,"A,Washington,Senators"
valoe101,Valo,Elmer,L,R,WS1,OF,Elmer Valo,1960,"A,Washington,Senators"
versz101,Versalles,Zoilo,R,R,WS1,SS,Zoilo Versalles,1960,"A,Washington,Senators"
whisp101,Whisenant,Pete,R,R,WS1,OF,Pete Whisenant,1960,"A,Washington,Senators"
woodh101,Woodeshick,Hal,R,L,WS1,P,Hal Woodeshick,1960,"A,Washington,Senators"
baueh101,Bauer,Hank,R,R,KC1,OF,Hank Bauer,1960,"A,Kansas City,Athletics"
blemr101,Blemker,Ray,R,L,KC1,P,Ray Blemker,1960,"A,Kansas City,Athletics"
boakc101,Boak,Chet,R,R,KC1,2B,Chet Boak,1960,"A,Kansas City,Athletics"
brigj101,Briggs,John,R,R,KC1,P,John Briggs,1960,"A,Kansas City,Athletics"
brung101,Brunet,George,R,L,KC1,P,George Brunet,1960,"A,Kansas City,Athletics"
carea101,Carey,Andy,R,R,KC1,3B,Andy Carey,1960,"A,Kansas City,Athletics"
cervb101,Cerv,Bob,R,R,KC1,OF,Bob Cerv,1960,"A,Kansas City,Athletics"
chith101,Chiti,Harry,R,R,KC1,C,Harry Chiti,1960,"A,Kansas City,Athletics"
daleb102,Daley,Bud,L,L,KC1,P,Bud Daley,1960,"A,Kansas City,Athletics"
dalep101,Daley,Pete,R,R,KC1,C,Pete Daley,1960,"A,Kansas City,Athletics"
davib102,Davis,Bob,R,R,KC1,P,Bob Davis,1960,"A,Kansas City,Athletics"
delsj101,Delsing,Jim,L,R,KC1,OF,Jim Delsing,1960,"A,Kansas City,Athletics"
foilh101,Foiles,Hank,R,R,KC1,C,Hank Foiles,1960,"A,Kansas City,Athletics"
garvn102,Garver,Ned,R,R,KC1,P,Ned Garver,1960,"A,Kansas City,Athletics"
giggb101,Giggie,Bob,R,R,KC1,P,Bob Giggie,1960,"A,Kansas City,Athletics"
halld101,Hall,Dick,R,R,KC1,P,Dick Hall,1960,"A,Kansas City,Athletics"
hamlk101,Hamlin,Ken,R,R,KC1,SS,Ken Hamlin,1960,"A,Kansas City,Athletics"
herbr101,Herbert,Ray,R,R,KC1,P,Ray Herbert,1960,"A,Kansas City,Athletics"
herzw101,Herzog,Whitey,L,L,KC1,OF,Whitey Herzog,1960,"A,Kansas City,Athletics"
jablr101,Jablonski,Ray,R,R,KC1,3B,Ray Jablonski,1960,"A,Kansas City,Athletics"
johnb104,Johnson,Bob,R,R,KC1,SS,Bob Johnson,1960,"A,Kansas City,Athletics"
johnk102,Johnson,Ken,R,R,KC1,P,Ken Johnson,1960,"A,Kansas City,Athletics"
kiell101,Kiely,Leo,L,L,KC1,P,Leo Kiely,1960,"A,Kansas City,Athletics"
kliml101,Klimchock,Lou,L,R,KC1,2B,Lou Klimchock,1960,"A,Kansas City,Athletics"
kravd101,Kravitz,Danny,L,R,KC1,C,Danny Kravitz,1960,"A,Kansas City,Athletics"
kuckj101,Kucks,Johnny,R,R,KC1,P,Johnny Kucks,1960,"A,Kansas City,Athletics"
kutym101,Kutyna,Marty,R,R,KC1,P,Marty Kutyna,1960,"A,Kansas City,Athletics"
larsd102,Larsen,Don,R,R,KC1,P,Don Larsen,1960,"A,Kansas City,Athletics"
lumpj101,Lumpe,Jerry,L,R,KC1,2B,Jerry Lumpe,1960,"A,Kansas City,Athletics"
mcmaj105,McManus,Jim,L,L,KC1,1B,Jim McManus,1960,"A,Kansas City,Athletics"
posal101,Posada,Leo,R,R,KC1,OF,Leo Posada,1960,"A,Kansas City,Athletics"
reedh102,Reed,Howie,R,R,KC1,P,Howie Reed,1960,"A,Kansas City,Athletics"
siebn101,Siebern,Norm,L,R,KC1,OF,Norm Siebern,1960,"A,Kansas City,Athletics"
snydr102,Snyder,Russ,L,R,KC1,OF,Russ Snyder,1960,"A,Kansas City,Athletics"
terww101,Terwilliger,Wayne,R,R,KC1,2B,Wayne Terwilliger,1960,"A,Kansas City,Athletics"
throm101,Throneberry,Marv,L,L,KC1,1B,Marv Throneberry,1960,"A,Kansas City,Athletics"
trowb101,Trowbridge,Bob,R,R,KC1,P,Bob Trowbridge,1960,"A,Kansas City,Athletics"
tsitj101,Tsitouris,John,R,R,KC1,P,John Tsitouris,1960,"A,Kansas City,Athletics"
tuttb101,Tuttle,Bill,R,R,KC1,OF,Bill Tuttle,1960,"A,Kansas City,Athletics"
wickd101,Wickersham,Dave,R,R,KC1,P,Dave Wickersham,1960,"A,Kansas City,Athletics"
willd104,Williams,Dick,R,R,KC1,3B,Dick Williams,1960,"A,Kansas City,Athletics"
arrol101,Arroyo,Luis,L,L,NYA,P,Luis Arroyo,1960,"A,New York,Yankees"
berry101,Berra,Yogi,L,R,NYA,C,Yogi Berra,1960,"A,New York,Yankees"
blanj101,Blanchard,Johnny,L,R,NYA,C,Johnny Blanchard,1960,"A,New York,Yankees"
boyec102,Boyer,Clete,R,R,NYA,3B,Clete Boyer,1960,"A,New York,Yankees"
carea101,Carey,Andy,R,R,NYA,3B,Andy Carey,1960,"A,New York,Yankees"
cervb101,Cerv,Bob,R,R,NYA,OF,Bob Cerv,1960,"A,New York,Yankees"
coatj101,Coates,Jim,R,R,NYA,P,Jim Coates,1960,"A,New York,Yankees"
demaj101,DeMaestri,Joe,R,R,NYA,2B,Joe DeMaestri,1960,"A,New York,Yankees"
ditma101,Ditmar,Art,R,R,NYA,P,Art Ditmar,1960,"A,New York,Yankees"
durer101,Duren,Ryne,R,R,NYA,P,Ryne Duren,1960,"A,New York,Yankees"
fordw101,Ford,Whitey,L,L,NYA,P,Whitey Ford,1960,"A,New York,Yankees"
gablg102,Gabler,John,B,R,NYA,P,John Gabler,1960,"A,New York,Yankees"
gondj101,Gonder,Jesse,L,R,NYA,C,Jesse Gonder,1960,"A,New York,Yankees"
grbae101,Grba,Eli,R,R,NYA,P,Eli Grba,1960,"A,New York,Yankees"
hadlk101,Hadley,Kent,L,L,NYA,1B,Kent Hadley,1960,"A,New York,Yankees"
howae101,Howard,Elston,R,R,NYA,C,Elston Howard,1960,"A,New York,Yankees"
huntk102,Hunt,Ken,R,R,NYA,OF,Ken Hunt,1960,"A,New York,Yankees"
jamej101,James,Johnny,L,R,NYA,P,Johnny James,1960,"A,New York,Yankees"
johnd103,Johnson,Deron,R,R,NYA,3B,Deron Johnson,1960,"A,New York,Yankees"
kippf101,Kipp,Fred,L,L,NYA,P,Fred Kipp,1960,"A,New York,Yankees"
kubet101,Kubek,Tony,L,R,NYA,SS,Tony Kubek,1960,"A,New York,Yankees"
longd101,Long,Dale,L,L,NYA,1B,Dale Long,1960,"A,New York,Yankees"
lopeh101,Lopez,Hector,R,R,NYA,OF,Hector Lopez,1960,"A,New York,Yankees"
maasd101,Maas,Duke,R,R,NYA,P,Duke Maas,1960,"A,New York,Yankees"
mantm101,Mantle,Mickey,B,R,NYA,OF,Mickey Mantle,1960,"A,New York,Yankees"
marir101,Maris,Roger,L,R,NYA,OF,Roger Maris,1960,"A,New York,Yankees"
mcdog101,McDougald,Gil,R,R,NYA,3B,Gil McDougald,1960,"A,New York,Yankees"
pisoj101,Pisoni,Jim,R,R,NYA,OF,Jim Pisoni,1960,"A,New York,Yankees"
richb102,Richardson,Bobby,R,R,NYA,2B,Bobby Richardson,1960,"A,New York,Yankees"
shanb101,Shantz,Billy,R,R,NYA,C,Billy Shantz,1960,"A,New York,Yankees"
shanb102,Shantz,Bobby,R,L,NYA,P,Bobby Shantz,1960,"A,New York,Yankees"
shorb101,Short,Bill,L,L,NYA,P,Bill Short,1960,"A,New York,Yankees"
skowb101,Skowron,Bill,R,R,NYA,1B,Bill Skowron,1960,"A,New York,Yankees"
stafb101,Stafford,Bill,R,R,NYA,P,Bill Stafford,1960,"A,New York,Yankees"
stowh101,Stowe,Hal,L,L,NYA,P,Hal Stowe,1960,"A,New York,Yankees"
terrr101,Terry,Ralph,R,R,NYA,P,Ralph Terry,1960,"A,New York,Yankees"
turlb101,Turley,Bob,R,R,NYA,P,Bob Turley,1960,"A,New York,Yankees"
valoe101,Valo,Elmer,L,R,NYA,OF,Elmer Valo,1960,"A,New York,Yankees"
aaroh101,Aaron,Hank,R,R,MLN,OF,Hank Aaron,1960,"N,Milwaukee,Braves"
adcoj101,Adcock,Joe,R,R,MLN,1B,Joe Adcock,1960,"N,Milwaukee,Braves"
boonr101,Boone,Ray,R,R,MLN,1B,Ray Boone,1960,"N,Milwaukee,Braves"
brung101,Brunet,George,R,L,MLN,P,George Brunet,1960,"N,Milwaukee,Braves"
brutb101,Bruton,Bill,L,R,MLN,OF,Bill Bruton,1960,"N,Milwaukee,Braves"
buhlb101,Buhl,Bob,R,R,MLN,P,Bob Buhl,1960,"N,Milwaukee,Braves"
burdl101,Burdette,Lew,R,R,MLN,P,Lew Burdette,1960,"N,Milwaukee,Braves"
cottc101,Cottier,Chuck,R,R,MLN,2B,Chuck Cottier,1960,"N,Milwaukee,Braves"
coviw101,Covington,Wes,L,R,MLN,OF,Wes Covington,1960,"N,Milwaukee,Braves"
crand102,Crandall,Del,R,R,MLN,C,Del Crandall,1960,"N,Milwaukee,Braves"
darka101,Dark,Al,R,R,MLN,OF,Al Dark,1960,"N,Milwaukee,Braves"
fox-t101,Fox,Terry,R,R,MLN,P,Terry Fox,1960,"N,Milwaukee,Braves"
gabrl102,Gabrielson,Len,L,R,MLN,OF,Len Gabrielson,1960,"N,Milwaukee,Braves"
giggb101,Giggie,Bob,R,R,MLN,P,Bob Giggie,1960,"N,Milwaukee,Braves"
haase101,Haas,Eddie,L,R,MLN,OF,Eddie Haas,1960,"N,Milwaukee,Braves"
jay-j101,Jay,Joey,B,R,MLN,P,Joey Jay,1960,"N,Milwaukee,Braves"
krsnm101,Krsnich,Mike,R,R,MLN,OF,Mike Krsnich,1960,"N,Milwaukee,Braves"
lau-c101,Lau,Charlie,L,R,MLN,C,Charlie Lau,1960,"N,Milwaukee,Braves"
logaj101,Logan,Johnny,R,R,MLN,SS,Johnny Logan,1960,"N,Milwaukee,Braves"
lopas101,Lopata,Stan,R,R,MLN,C,Stan Lopata,1960,"N,Milwaukee,Braves"
mackk101,MacKenzie,Ken,R,L,MLN,P,Ken MacKenzie,1960,"N,Milwaukee,Braves"
mantf101,Mantilla,Felix,R,R,MLN,2B,Felix Mantilla,1960,"N,Milwaukee,Braves"
mathe101,Mathews,Eddie,L,R,MLN,3B,Eddie Mathews,1960,"N,Milwaukee,Braves"
mayel101,Maye,Lee,L,R,MLN,OF,Lee Maye,1960,"N,Milwaukee,Braves"
mcmad102,McMahon,Don,R,R,MLN,P,Don McMahon,1960,"N,Milwaukee,Braves"
nottd101,Nottebart,Don,R,R,MLN,P,Don Nottebart,1960,"N,Milwaukee,Braves"
pichr101,Piche,Ron,R,R,MLN,P,Ron Piche,1960,"N,Milwaukee,Braves"
pizaj101,Pizarro,Juan,L,L,MLN,P,Juan Pizarro,1960,"N,Milwaukee,Braves"
roacm101,Roach,Mel,R,R,MLN,OF,Mel Roach,1960,"N,Milwaukee,Braves"
rushb101,Rush,Bob,R,R,MLN,P,Bob Rush,1960,"N,Milwaukee,Braves"
schor101,Schoendienst,Red,B,R,MLN,2B,Red Schoendienst,1960,"N,Milwaukee,Braves"
spahw101,Spahn,Warren,L,L,MLN,P,Warren Spahn,1960,"N,Milwaukee,Braves"
spana101,Spangler,Al,L,L,MLN,OF,Al Spangler,1960,"N,Milwaukee,Braves"
torrf102,Torre,Frank,L,L,MLN,1B,Frank Torre,1960,"N,Milwaukee,Braves"
torrj101,Torre,Joe,R,R,MLN,PH,Joe Torre,1960,"N,Milwaukee,Braves"
willc104,Willey,Carl,R,R,MLN,P,Carl Willey,1960,"N,Milwaukee,Braves"
boonr101,Boone,Ray,R,R,BOS,1B,Ray Boone,1960,"A,Boston,Red Sox"
borlt101,Borland,Tom,L,L,BOS,P,Tom Borland,1960,"A,Boston,Red Sox"
bowst101,Bowsfield,Ted,R,L,BOS,P,Ted Bowsfield,1960,"A,Boston,Red Sox"
brewt101,Brewer,Tom,R,R,BOS,P,Tom Brewer,1960,"A,Boston,Red Sox"
buddd101,Buddin,Don,R,R,BOS,SS,Don Buddin,1960,"A,Boston,Red Sox"
busbj101,Busby,Jim,R,R,BOS,OF,Jim Busby,1960,"A,Boston,Red Sox"
casaj101,Casale,Jerry,R,R,BOS,P,Jerry Casale,1960,"A,Boston,Red Sox"
chitn101,Chittum,Nelson,R,R,BOS,P,Nelson Chittum,1960,"A,Boston,Red Sox"
clinl101,Clinton,Lou,R,R,BOS,OF,Lou Clinton,1960,"A,Boston,Red Sox"
cougm101,Coughtry,Marlan,L,R,BOS,2B,Marlan Coughtry,1960,"A,Boston,Red Sox"
deloi101,Delock,Ike,R,R,BOS,P,Ike Delock,1960,"A,Boston,Red Sox"
earla101,Earley,Arnold,L,L,BOS,P,Arnold Earley,1960,"A,Boston,Red Sox"
fornm101,Fornieles,Mike,R,R,BOS,P,Mike Fornieles,1960,"A,Boston,Red Sox"
geigg101,Geiger,Gary,L,R,BOS,OF,Gary Geiger,1960,"A,Boston,Red Sox"
giled101,Gile,Don,R,R,BOS,C,Don Gile,1960,"A,Boston,Red Sox"
greep102,Green,Pumpsie,B,R,BOS,2B,Pumpsie Green,1960,"A,Boston,Red Sox"
hardc101,Hardy,Carroll,R,R,BOS,OF,Carroll Hardy,1960,"A,Boston,Red Sox"
hilld102,Hillman,Dave,R,R,BOS,P,Dave Hillman,1960,"A,Boston,Red Sox"
jackr101,Jackson,Ron,R,R,BOS,1B,Ron Jackson,1960,"A,Boston,Red Sox"
keoum101,Keough,Marty,L,L,BOS,OF,Marty Keough,1960,"A,Boston,Red Sox"
malzf101,Malzone,Frank,R,R,BOS,3B,Frank Malzone,1960,"A,Boston,Red Sox"
monbb101,Monbouquette,Bill,R,R,BOS,P,Bill Monbouquette,1960,"A,Boston,Red Sox"
muffb101,Muffett,Billy,R,R,BOS,P,Billy Muffett,1960,"A,Boston,Red Sox"
nichc102,Nichols,Chet,B,L,BOS,P,Chet Nichols,1960,"A,Boston,Red Sox"
nixor101,Nixon,Russ,L,R,BOS,C,Russ Nixon,1960,"A,Boston,Red Sox"
paglj101,Pagliaroni,Jim,R,R,BOS,C,Jim Pagliaroni,1960,"A,Boston,Red Sox"
repur101,Repulski,Rip,R,R,BOS,OF,Rip Repulski,1960,"A,Boston,Red Sox"
runnp101,Runnels,Pete,L,R,BOS,2B,Pete Runnels,1960,"A,Boston,Red Sox"
sadoe101,Sadowski,Ed,R,R,BOS,C,Ed Sadowski,1960,"A,Boston,Red Sox"
stalt101,Stallard,Tracy,R,R,BOS,P,Tracy Stallard,1960,"A,Boston,Red Sox"
stepg101,Stephens,Gene,L,R,BOS,OF,Gene Stephens,1960,"A,Boston,Red Sox"
sturt101,Sturdivant,Tom,L,R,BOS,P,Tom Sturdivant,1960,"A,Boston,Red Sox"
sullf101,Sullivan,Frank,R,R,BOS,P,Frank Sullivan,1960,"A,Boston,Red Sox"
sullh101,Sullivan,Haywood,R,R,BOS,C,Haywood Sullivan,1960,"A,Boston,Red Sox"
tasbw101,Tasby,Willie,R,R,BOS,OF,Willie Tasby,1960,"A,Boston,Red Sox"
thomb105,Thomson,Bobby,R,R,BOS,OF,Bobby Thomson,1960,"A,Boston,Red Sox"
websr101,Webster,Ray,R,R,BOS,2B,Ray Webster,1960,"A,Boston,Red Sox"
wertv101,Wertz,Vic,L,R,BOS,1B,Vic Wertz,1960,"A,Boston,Red Sox"
willt102,Wills,Ted,L,L,BOS,P,Ted Wills,1960,"A,Boston,Red Sox"
willt103,Williams,Ted,L,R,BOS,OF,Ted Williams,1960,"A,Boston,Red Sox"
wilse102,Wilson,Earl,R,R,BOS,P,Earl Wilson,1960,"A,Boston,Red Sox"
worta101,Worthington,Al,R,R,BOS,P,Al Worthington,1960,"A,Boston,Red Sox"
alvar101,Alvarez,Rogelio,R,R,CIN,1B,Rogelio Alvarez,1960,"N,Cincinnati,Reds"
andeh101,Anderson,Harry,L,R,CIN,1B,Harry Anderson,1960,"N,Cincinnati,Reds"
azcuj101,Azcue,Joe,R,R,CIN,C,Joe Azcue,1960,"N,Cincinnati,Reds"
baile101,Bailey,Ed,L,R,CIN,C,Ed Bailey,1960,"N,Cincinnati,Reds"
bellg103,Bell,Gus,L,R,CIN,OF,Gus Bell,1960,"N,Cincinnati,Reds"
bridm101,Bridges,Marshall,B,L,CIN,P,Marshall Bridges,1960,"N,Cincinnati,Reds"
brosj101,Brosnan,Jim,R,R,CIN,P,Jim Brosnan,1960,"N,Cincinnati,Reds"
cardl101,Cardenas,Leo,R,R,CIN,SS,Leo Cardenas,1960,"N,Cincinnati,Reds"
chace101,Chacon,Elio,R,R,CIN,2B,Elio Chacon,1960,"N,Cincinnati,Reds"
coleg101,Coleman,Gordy,L,R,CIN,1B,Gordy Coleman,1960,"N,Cincinnati,Reds"
cookc101,Cook,Cliff,R,R,CIN,3B,Cliff Cook,1960,"N,Cincinnati,Reds"
dottd101,Dotterer,Dutch,R,R,CIN,C,Dutch Dotterer,1960,"N,Cincinnati,Reds"
gainj101,Gaines,Joe,R,R,CIN,OF,Joe Gaines,1960,"N,Cincinnati,Reds"
gonzt101,Gonzalez,Tony,L,R,CIN,OF,Tony Gonzalez,1960,"N,Cincinnati,Reds"
grimb102,Grim,Bob,R,R,CIN,P,Bob Grim,1960,"N,Cincinnati,Reds"
henrb101,Henry,Bill,L,L,CIN,P,Bill Henry,1960,"N,Cincinnati,Reds"
hookj101,Hook,Jay,L,R,CIN,P,Jay Hook,1960,"N,Cincinnati,Reds"
housf103,House,Frank,L,R,CIN,C,Frank House,1960,"N,Cincinnati,Reds"
jonew101,Jones,Willie,R,R,CIN,3B,Willie Jones,1960,"N,Cincinnati,Reds"
kaske101,Kasko,Eddie,R,R,CIN,3B,Eddie Kasko,1960,"N,Cincinnati,Reds"
lawrb103,Lawrence,Brooks,R,R,CIN,P,Brooks Lawrence,1960,"N,Cincinnati,Reds"
lockw101,Lockman,Whitey,L,R,CIN,1B,Whitey Lockman,1960,"N,Cincinnati,Reds"
lyncj102,Lynch,Jerry,L,R,CIN,OF,Jerry Lynch,1960,"N,Cincinnati,Reds"
maloj102,Maloney,Jim,L,R,CIN,P,Jim Maloney,1960,"N,Cincinnati,Reds"
martb105,Martin,Billy,R,R,CIN,2B,Billy Martin,1960,"N,Cincinnati,Reds"
mclic101,McLish,Cal,B,R,CIN,P,Cal McLish,1960,"N,Cincinnati,Reds"
mcmir101,McMillan,Roy,R,R,CIN,SS,Roy McMillan,1960,"N,Cincinnati,Reds"
newcd101,Newcombe,Don,L,R,CIN,P,Don Newcombe,1960,"N,Cincinnati,Reds"
nuxhj101,Nuxhall,Joe,L,L,CIN,P,Joe Nuxhall,1960,"N,Cincinnati,Reds"
ostec103,Osteen,Claude,L,L,CIN,P,Claude Osteen,1960,"N,Cincinnati,Reds"
otooj101,O'Toole,Jim,B,L,CIN,P,Jim O'Toole,1960,"N,Cincinnati,Reds"
penao101,Pena,Orlando,R,R,CIN,P,Orlando Pena,1960,"N,Cincinnati,Reds"
pinsv101,Pinson,Vada,L,L,CIN,OF,Vada Pinson,1960,"N,Cincinnati,Reds"
postw101,Post,Wally,R,R,CIN,OF,Wally Post,1960,"N,Cincinnati,Reds"
purkb101,Purkey,Bob,R,R,CIN,P,Bob Purkey,1960,"N,Cincinnati,Reds"
richd102,Richards,Duane,R,R,CIN,P,Duane Richards,1960,"N,Cincinnati,Reds"
robif103,Robinson,Frank,R,R,CIN,1B,Frank Robinson,1960,"N,Cincinnati,Reds"
sancr101,Sanchez,Raul,R,R,CIN,P,Raul Sanchez,1960,"N,Cincinnati,Reds"
walll101,Walls,Lee,R,R,CIN,OF,Lee Walls,1960,"N,Cincinnati,Reds"
whisp101,Whisenant,Pete,R,R,CIN,PH,Pete Whisenant,1960,"N,Cincinnati,Reds"
wieat101,Wieand,Ted,R,R,CIN,P,Ted Wieand,1960,"N,Cincinnati,Reds"
altmg101,Altman,George,L,R,CHN,OF,George Altman,1960,"N,Chicago,Cubs"
andeb102,Anderson,Bob,R,R,CHN,P,Bob Anderson,1960,"N,Chicago,Cubs"
ashbr101,Ashburn,Richie,L,R,CHN,OF,Richie Ashburn,1960,"N,Chicago,Cubs"
avere102,Averill,Earl,R,R,CHN,C,Earl Averill,1960,"N,Chicago,Cubs"
banke101,Banks,Ernie,R,R,CHN,SS,Ernie Banks,1960,"N,Chicago,Cubs"
bertd101,Bertell,Dick,R,R,CHN,C,Dick Bertell,1960,"N,Chicago,Cubs"
bouce101,Bouchee,Ed,L,L,CHN,1B,Ed Bouchee,1960,"N,Chicago,Cubs"
brewj102,Brewer,Jim,L,L,CHN,P,Jim Brewer,1960,"N,Chicago,Cubs"
burwd101,Burwell,Dick,R,R,CHN,P,Dick Burwell,1960,"N,Chicago,Cubs"
cardd101,Cardwell,Don,R,R,CHN,P,Don Cardwell,1960,"N,Chicago,Cubs"
cecca101,Ceccarelli,Art,R,L,CHN,P,Art Ceccarelli,1960,"N,Chicago,Cubs"
drabm101,Drabowsky,Moe,R,R,CHN,P,Moe Drabowsky,1960,"N,Chicago,Cubs"
draks102,Drake,Sammy,B,R,CHN,3B,Sammy Drake,1960,"N,Chicago,Cubs"
drotd101,Drott,Dick,R,R,CHN,P,Dick Drott,1960,"N,Chicago,Cubs"
ellsd101,Ellsworth,Dick,L,L,CHN,P,Dick Ellsworth,1960,"N,Chicago,Cubs"
elstd101,Elston,Don,R,R,CHN,P,Don Elston,1960,"N,Chicago,Cubs"
freem101,Freeman,Mark,R,R,CHN,P,Mark Freeman,1960,"N,Chicago,Cubs"
gernd101,Gernert,Dick,R,R,CHN,1B,Dick Gernert,1960,"N,Chicago,Cubs"
goetj101,Goetz,John,R,R,CHN,P,John Goetz,1960,"N,Chicago,Cubs"
hattg101,Hatton,Grady,L,R,CHN,2B,Grady Hatton,1960,"N,Chicago,Cubs"
hegaj101,Hegan,Jim,R,R,CHN,C,Jim Hegan,1960,"N,Chicago,Cubs"
heisa101,Heist,Al,R,R,CHN,OF,Al Heist,1960,"N,Chicago,Cubs"
hobbg101,Hobbie,Glen,R,R,CHN,P,Glen Hobbie,1960,"N,Chicago,Cubs"
johnb107,Johnson,Ben,R,R,CHN,P,Ben Johnson,1960,"N,Chicago,Cubs"
johnl104,Johnson,Lou,R,R,CHN,OF,Lou Johnson,1960,"N,Chicago,Cubs"
kindj101,Kindall,Jerry,R,R,CHN,2B,Jerry Kindall,1960,"N,Chicago,Cubs"
mathn101,Mathews,Nelson,R,R,CHN,OF,Nelson Mathews,1960,"N,Chicago,Cubs"
mcknj101,McKnight,Jim,R,R,CHN,2B,Jim McKnight,1960,"N,Chicago,Cubs"
mores101,Morehead,Seth,L,L,CHN,P,Seth Morehead,1960,"N,Chicago,Cubs"
moryw101,Moryn,Walt,L,R,CHN,OF,Walt Moryn,1960,"N,Chicago,Cubs"
murpd105,Murphy,Danny,L,R,CHN,OF,Danny Murphy,1960,"N,Chicago,Cubs"
neemc101,Neeman,Cal,R,R,CHN,C,Cal Neeman,1960,"N,Chicago,Cubs"
norei101,Noren,Irv,L,L,CHN,1B,Irv Noren,1960,"N,Chicago,Cubs"
riced101,Rice,Del,R,R,CHN,C,Del Rice,1960,"N,Chicago,Cubs"
santr102,Santo,Ron,R,R,CHN,3B,Ron Santo,1960,"N,Chicago,Cubs"
schaj105,Schaffernoth,Joe,R,R,CHN,P,Joe Schaffernoth,1960,"N,Chicago,Cubs"
schra101,Schroll,Al,R,R,CHN,P,Al Schroll,1960,"N,Chicago,Cubs"
schua101,Schult,Art,R,R,CHN,OF,Art Schult,1960,"N,Chicago,Cubs"
tappe101,Tappe,El,R,R,CHN,C,El Tappe,1960,"N,Chicago,Cubs"
tayls102,Taylor,Sammy,L,R,CHN,C,Sammy Taylor,1960,"N,Chicago,Cubs"
taylt101,Taylor,Tony,R,R,CHN,2B,Tony Taylor,1960,"N,Chicago,Cubs"
thacm101,Thacker,Moe,R,R,CHN,C,Moe Thacker,1960,"N,Chicago,Cubs"
thomf103,Thomas,Frank,R,R,CHN,1B,Frank Thomas,1960,"N,Chicago,Cubs"
willb104,Williams,Billy,L,R,CHN,OF,Billy Williams,1960,"N,Chicago,Cubs"
willb106,Will,Bob,L,L,CHN,OF,Bob Will,1960,"N,Chicago,Cubs"
wrigm101,Wright,Mel,R,R,CHN,P,Mel Wright,1960,"N,Chicago,Cubs"
zimmd101,Zimmer,Don,R,R,CHN,2B,Don Zimmer,1960,"N,Chicago,Cubs"
barnf102,Barnes,Frank,R,R,SLN,P,Frank Barnes,1960,"N,St.Louis,Cardinals"
baute101,Bauta,Ed,R,R,SLN,P,Ed Bauta,1960,"N,St.Louis,Cardinals"
boyek101,Boyer,Ken,R,R,SLN,3B,Ken Boyer,1960,"N,St.Louis,Cardinals"
bridm101,Bridges,Marshall,B,L,SLN,P,Marshall Bridges,1960,"N,St.Louis,Cardinals"
bridr101,Bridges,Rocky,R,R,SLN,2B,Rocky Bridges,1960,"N,St.Louis,Cardinals"
broge101,Broglio,Ernie,R,R,SLN,P,Ernie Broglio,1960,"N,St.Louis,Cardinals"
browc105,Browning,Cal,L,L,SLN,P,Cal Browning,1960,"N,St.Louis,Cardinals"
burte101,Burton,Ellis,B,R,SLN,OF,Ellis Burton,1960,"N,St.Louis,Cardinals"
cannc101,Cannizzaro,Chris,R,R,SLN,C,Chris Cannizzaro,1960,"N,St.Louis,Cardinals"
carmd101,Carmel,Duke,L,L,SLN,1B,Duke Carmel,1960,"N,St.Louis,Cardinals"
clemd101,Clemens,Doug,L,R,SLN,OF,Doug Clemens,1960,"N,St.Louis,Cardinals"
crowg101,Crowe,George,L,L,SLN,1B,George Crowe,1960,"N,St.Louis,Cardinals"
cunnj101,Cunningham,Joe,L,L,SLN,OF,Joe Cunningham,1960,"N,St.Louis,Cardinals"
dulib101,Duliba,Bob,R,R,SLN,P,Bob Duliba,1960,"N,St.Louis,Cardinals"
flooc101,Flood,Curt,R,R,SLN,OF,Curt Flood,1960,"N,St.Louis,Cardinals"
gibsb101,Gibson,Bob,R,R,SLN,P,Bob Gibson,1960,"N,St.Louis,Cardinals"
glenj103,Glenn,John,R,R,SLN,OF,John Glenn,1960,"N,St.Louis,Cardinals"
gotaj101,Gotay,Julio,R,R,SLN,SS,Julio Gotay,1960,"N,St.Louis,Cardinals"
grama101,Grammas,Alex,R,R,SLN,SS,Alex Grammas,1960,"N,St.Louis,Cardinals"
grayd102,Gray,Dick,R,R,SLN,2B,Dick Gray,1960,"N,St.Louis,Cardinals"
grimb102,Grim,Bob,R,R,SLN,P,Bob Grim,1960,"N,St.Louis,Cardinals"
jackl102,Jackson,Larry,R,R,SLN,P,Larry Jackson,1960,"N,St.Louis,Cardinals"
jamec102,James,Charlie,R,R,SLN,OF,Charlie James,1960,"N,St.Louis,Cardinals"
javij101,Javier,Julian,R,R,SLN,2B,Julian Javier,1960,"N,St.Louis,Cardinals"
johnd106,Johnson,Darrell,R,R,SLN,C,Darrell Johnson,1960,"N,St.Louis,Cardinals"
klinr102,Kline,Ron,R,R,SLN,P,Ron Kline,1960,"N,St.Louis,Cardinals"
kolbg101,Kolb,Gary,L,R,SLN,OF,Gary Kolb,1960,"N,St.Louis,Cardinals"
landd101,Landrum,Don,L,R,SLN,OF,Don Landrum,1960,"N,St.Louis,Cardinals"
mccat101,McCarver,Tim,L,R,SLN,C,Tim McCarver,1960,"N,St.Louis,Cardinals"
mcdal101,McDaniel,Lindy,R,R,SLN,P,Lindy McDaniel,1960,"N,St.Louis,Cardinals"
millb106,Miller,Bob,R,R,SLN,P,Bob Miller,1960,"N,St.Louis,Cardinals"
mizew101,Mizell,Vinegar Bend,R,L,SLN,P,Vinegar Bend Mizell,1960,"N,St.Louis,Cardinals"
moryw101,Moryn,Walt,L,R,SLN,OF,Walt Moryn,1960,"N,St.Louis,Cardinals"
musis101,Musial,Stan,L,L,SLN,OF,Stan Musial,1960,"N,St.Louis,Cardinals"
nelsm101,Nelson,Mel,R,L,SLN,P,Mel Nelson,1960,"N,St.Louis,Cardinals"
niemb101,Nieman,Bob,R,R,SLN,OF,Bob Nieman,1960,"N,St.Louis,Cardinals"
olive101,Olivares,Ed,R,R,SLN,3B,Ed Olivares,1960,"N,St.Louis,Cardinals"
riced101,Rice,Del,R,R,SLN,C,Del Rice,1960,"N,St.Louis,Cardinals"
sader101,Sadecki,Ray,L,L,SLN,P,Ray Sadecki,1960,"N,St.Louis,Cardinals"
sadob101,Sadowski,Bob,L,R,SLN,2B,Bob Sadowski,1960,"N,St.Louis,Cardinals"
sawac101,Sawatski,Carl,L,R,SLN,C,Carl Sawatski,1960,"N,St.Louis,Cardinals"
shanw101,Shannon,Wally,L,R,SLN,2B,Wally Shannon,1960,"N,St.Louis,Cardinals"
simmc101,Simmons,Curt,L,L,SLN,P,Curt Simmons,1960,"N,St.Louis,Cardinals"
smith108,Smith,Hal,R,R,SLN,C,Hal Smith,1960,"N,St.Louis,Cardinals"
spend101,Spencer,Daryl,R,R,SLN,SS,Daryl Spencer,1960,"N,St.Louis,Cardinals"
wagnl101,Wagner,Leon,L,R,SLN,OF,Leon Wagner,1960,"N,St.Louis,Cardinals"
whitb105,White,Bill,L,L,SLN,1B,Bill White,1960,"N,St.Louis,Cardinals"
amors101,Amoros,Sandy,L,L,LAN,OF,Sandy Amoros,1960,"N,Los Angeles,Dodgers"
asprb101,Aspromonte,Bob,R,R,LAN,SS,Bob Aspromonte,1960,"N,Los Angeles,Dodgers"
camid101,Camilli,Doug,R,R,LAN,C,Doug Camilli,1960,"N,Los Angeles,Dodgers"
crair101,Craig,Roger,R,R,LAN,P,Roger Craig,1960,"N,Los Angeles,Dodgers"
davit103,Davis,Tommy,R,R,LAN,OF,Tommy Davis,1960,"N,Los Angeles,Dodgers"
daviw102,Davis,Willie,L,L,LAN,OF,Willie Davis,1960,"N,Los Angeles,Dodgers"
demed101,Demeter,Don,R,R,LAN,OF,Don Demeter,1960,"N,Los Angeles,Dodgers"
drysd101,Drysdale,Don,R,R,LAN,P,Don Drysdale,1960,"N,Los Angeles,Dodgers"
essec101,Essegian,Chuck,R,R,LAN,OF,Chuck Essegian,1960,"N,Los Angeles,Dodgers"
fairr101,Fairly,Ron,L,L,LAN,OF,Ron Fairly,1960,"N,Los Angeles,Dodgers"
furic101,Furillo,Carl,R,R,LAN,OF,Carl Furillo,1960,"N,Los Angeles,Dodgers"
gillj102,Gilliam,Jim,B,R,LAN,3B,Jim Gilliam,1960,"N,Los Angeles,Dodgers"
goldj102,Golden,Jim,L,R,LAN,P,Jim Golden,1960,"N,Los Angeles,Dodgers"
hodgg101,Hodges,Gil,R,R,LAN,1B,Gil Hodges,1960,"N,Los Angeles,Dodgers"
howaf102,Howard,Frank,R,R,LAN,OF,Frank Howard,1960,"N,Los Angeles,Dodgers"
koufs101,Koufax,Sandy,R,L,LAN,P,Sandy Koufax,1960,"N,Los Angeles,Dodgers"
labic101,Labine,Clem,R,R,LAN,P,Clem Labine,1960,"N,Los Angeles,Dodgers"
larkn101,Larker,Norm,L,L,LAN,1B,Norm Larker,1960,"N,Los Angeles,Dodgers"
lillb101,Lillis,Bob,R,R,LAN,SS,Bob Lillis,1960,"N,Los Angeles,Dodgers"
mcded101,McDevitt,Danny,L,L,LAN,P,Danny McDevitt,1960,"N,Los Angeles,Dodgers"
moonw101,Moon,Wally,L,R,LAN,OF,Wally Moon,1960,"N,Los Angeles,Dodgers"
nealc101,Neal,Charlie,R,R,LAN,2B,Charlie Neal,1960,"N,Los Angeles,Dodgers"
norei101,Noren,Irv,L,L,LAN,PH,Irv Noren,1960,"N,Los Angeles,Dodgers"
ortep101,Ortega,Phil,R,R,LAN,P,Phil Ortega,1960,"N,Los Angeles,Dodgers"
palme101,Palmquist,Ed,R,R,LAN,P,Ed Palmquist,1960,"N,Los Angeles,Dodgers"
pignj101,Pignatano,Joe,R,R,LAN,C,Joe Pignatano,1960,"N,Los Angeles,Dodgers"
podrj101,Podres,Johnny,L,L,LAN,P,Johnny Podres,1960,"N,Los Angeles,Dodgers"
rakoe101,Rakow,Ed,B,R,LAN,P,Ed Rakow,1960,"N,Los Angeles,Dodgers"
repur101,Repulski,Rip,R,R,LAN,OF,Rip Repulski,1960,"N,Los Angeles,Dodgers"
roebe101,Roebuck,Ed,R,R,LAN,P,Ed Roebuck,1960,"N,Los Angeles,Dodgers"
rosej101,Roseboro,John,L,R,LAN,C,John Roseboro,1960,"N,Los Angeles,Dodgers"
sherl101,Sherry,Larry,R,R,LAN,P,Larry Sherry,1960,"N,Los Angeles,Dodgers"
shern102,Sherry,Norm,R,R,LAN,C,Norm Sherry,1960,"N,Los Angeles,Dodgers"
smitc105,Smith,Charley,R,R,LAN,3B,Charley Smith,1960,"N,Los Angeles,Dodgers"
snidd101,Snider,Duke,L,R,LAN,OF,Duke Snider,1960,"N,Los Angeles,Dodgers"
willm102,Wills,Maury,B,R,LAN,SS,Maury Wills,1960,"N,Los Angeles,Dodgers"
wills102,Williams,Stan,R,R,LAN,P,Stan Williams,1960,"N,Los Angeles,Dodgers"
alouf101,Alou,Felipe,R,R,SFN,OF,Felipe Alou,1960,"N,San Francisco,Giants"
aloum101,Alou,Matty,L,L,SFN,OF,Matty Alou,1960,"N,San Francisco,Giants"
amalj101,Amalfitano,Joey,R,R,SFN,3B,Joey Amalfitano,1960,"N,San Francisco,Giants"
antoj103,Antonelli,Johnny,L,L,SFN,P,Johnny Antonelli,1960,"N,San Francisco,Giants"
blasd101,Blasingame,Don,L,R,SFN,2B,Don Blasingame,1960,"N,San Francisco,Giants"
brese101,Bressoud,Eddie,R,R,SFN,SS,Eddie Bressoud,1960,"N,San Francisco,Giants"
byerb103,Byerly,Bud,R,R,SFN,P,Bud Byerly,1960,"N,San Francisco,Giants"
cepeo101,Cepeda,Orlando,R,R,SFN,OF,Orlando Cepeda,1960,"N,San Francisco,Giants"
choad101,Choate,Don,R,R,SFN,P,Don Choate,1960,"N,San Francisco,Giants"
davej101,Davenport,Jim,R,R,SFN,3B,Jim Davenport,1960,"N,San Francisco,Giants"
fishe102,Fisher,Eddie,R,R,SFN,P,Eddie Fisher,1960,"N,San Francisco,Giants"
jones102,Jones,Sherman,L,R,SFN,P,Sherman Jones,1960,"N,San Francisco,Giants"
jones105,Jones,Sam,R,R,SFN,P,Sam Jones,1960,"N,San Francisco,Giants"
kirkw101,Kirkland,Willie,L,R,SFN,OF,Willie Kirkland,1960,"N,San Francisco,Giants"
landh101,Landrith,Hobie,L,R,SFN,C,Hobie Landrith,1960,"N,San Francisco,Giants"
loesb101,Loes,Billy,R,R,SFN,P,Billy Loes,1960,"N,San Francisco,Giants"
longd101,Long,Dale,L,L,SFN,1B,Dale Long,1960,"N,San Francisco,Giants"
marag101,Maranda,Georges,R,R,SFN,P,Georges Maranda,1960,"N,San Francisco,Giants"
marij101,Marichal,Juan,R,R,SFN,P,Juan Marichal,1960,"N,San Francisco,Giants"
marsj101,Marshall,Jim,L,L,SFN,1B,Jim Marshall,1960,"N,San Francisco,Giants"
maysw101,Mays,Willie,R,R,SFN,OF,Willie Mays,1960,"N,San Francisco,Giants"
mccom103,McCormick,Mike,L,L,SFN,P,Mike McCormick,1960,"N,San Francisco,Giants"
mccow101,McCovey,Willie,L,L,SFN,1B,Willie McCovey,1960,"N,San Francisco,Giants"
mills101,Miller,Stu,R,R,SFN,P,Stu Miller,1960,"N,San Francisco,Giants"
monzr101,Monzant,Ramon,R,R,SFN,P,Ramon Monzant,1960,"N,San Francisco,Giants"
odelb101,O'Dell,Billy,B,L,SFN,P,Billy O'Dell,1960,"N,San Francisco,Giants"
pagaj101,Pagan,Jose,R,R,SFN,SS,Jose Pagan,1960,"N,San Francisco,Giants"
phild102,Philley,Dave,B,R,SFN,OF,Dave Philley,1960,"N,San Francisco,Giants"
rodga101,Rodgers,Andre,R,R,SFN,SS,Andre Rodgers,1960,"N,San Francisco,Giants"
sanfj101,Sanford,Jack,R,R,SFN,P,Jack Sanford,1960,"N,San Francisco,Giants"
schmb101,Schmidt,Bob,R,R,SFN,C,Bob Schmidt,1960,"N,San Francisco,Giants"
shipj101,Shipley,Joe,R,R,SFN,P,Joe Shipley,1960,"N,San Francisco,Giants"
wilsn101,Wilson,Neil,L,R,SFN,C,Neil Wilson,1960,"N,San Francisco,Giants"
bakeg101,Baker,Gene,R,R,PIT,3B,Gene Baker,1960,"N,Pittsburgh,Pirates"
barod101,Barone,Dick,R,R,PIT,SS,Dick Barone,1960,"N,Pittsburgh,Pirates"
brigh101,Bright,Harry,R,R,PIT,PH,Harry Bright,1960,"N,Pittsburgh,Pirates"
burgs101,Burgess,Smoky,L,R,PIT,C,Smoky Burgess,1960,"N,Pittsburgh,Pirates"
chent101,Cheney,Tom,R,R,PIT,P,Tom Cheney,1960,"N,Pittsburgh,Pirates"
chrij101,Christopher,Joe,R,R,PIT,OF,Joe Christopher,1960,"N,Pittsburgh,Pirates"
cimog101,Cimoli,Gino,R,R,PIT,OF,Gino Cimoli,1960,"N,Pittsburgh,Pirates"
clemr101,Clemente,Roberto,R,R,PIT,OF,Roberto Clemente,1960,"N,Pittsburgh,Pirates"
danib102,Daniels,Bennie,L,R,PIT,P,Bennie Daniels,1960,"N,Pittsburgh,Pirates"
facer101,Face,Roy,R,R,PIT,P,Roy Face,1960,"N,Pittsburgh,Pirates"
frane101,Francis,Earl,R,R,PIT,P,Earl Francis,1960,"N,Pittsburgh,Pirates"
frieb102,Friend,Bob,R,R,PIT,P,Bob Friend,1960,"N,Pittsburgh,Pirates"
gibbj102,Gibbon,Joe,R,L,PIT,P,Joe Gibbon,1960,"N,Pittsburgh,Pirates"
gielp101,Giel,Paul,R,R,PIT,P,Paul Giel,1960,"N,Pittsburgh,Pirates"
greef101,Green,Fred,R,L,PIT,P,Fred Green,1960,"N,Pittsburgh,Pirates"
groad101,Groat,Dick,R,R,PIT,SS,Dick Groat,1960,"N,Pittsburgh,Pirates"
grosd101,Gross,Don,L,L,PIT,P,Don Gross,1960,"N,Pittsburgh,Pirates"
haddh101,Haddix,Harvey,L,L,PIT,P,Harvey Haddix,1960,"N,Pittsburgh,Pirates"
hoakd101,Hoak,Don,R,R,PIT,3B,Don Hoak,1960,"N,Pittsburgh,Pirates"
kravd101,Kravitz,Danny,L,R,PIT,C,Danny Kravitz,1960,"N,Pittsburgh,Pirates"
labic101,Labine,Clem,R,R,PIT,P,Clem Labine,1960,"N,Pittsburgh,Pirates"
law-v101,Law,Vern,R,R,PIT,P,Vern Law,1960,"N,Pittsburgh,Pirates"
mazeb101,Mazeroski,Bill,R,R,PIT,2B,Bill Mazeroski,1960,"N,Pittsburgh,Pirates"
mejir101,Mejias,Roman,R,R,PIT,PR,Roman Mejias,1960,"N,Pittsburgh,Pirates"
mizew101,Mizell,Vinegar Bend,R,L,PIT,P,Vinegar Bend Mizell,1960,"N,Pittsburgh,Pirates"
nelsr103,Nelson,Rocky,L,L,PIT,1B,Rocky Nelson,1960,"N,Pittsburgh,Pirates"
oldib101,Oldis,Bob,R,R,PIT,C,Bob Oldis,1960,"N,Pittsburgh,Pirates"
olivd101,Olivo,Diomedes,L,L,PIT,P,Diomedes Olivo,1960,"N,Pittsburgh,Pirates"
schod101,Schofield,Dick,B,R,PIT,SS,Dick Schofield,1960,"N,Pittsburgh,Pirates"
skinb101,Skinner,Bob,L,R,PIT,OF,Bob Skinner,1960,"N,Pittsburgh,Pirates"
smith106,Smith,Hal,R,R,PIT,C,Hal Smith,1960,"N,Pittsburgh,Pirates"
stevr101,Stevens,R C,R,L,PIT,1B,R C Stevens,1960,"N,Pittsburgh,Pirates"
stuad101,Stuart,Dick,R,R,PIT,1B,Dick Stuart,1960,"N,Pittsburgh,Pirates"
umbrj101,Umbricht,Jim,R,R,PIT,P,Jim Umbricht,1960,"N,Pittsburgh,Pirates"
vernm101,Vernon,Mickey,L,L,PIT,PH,Mickey Vernon,1960,"N,Pittsburgh,Pirates"
virdb101,Virdon,Bill,L,R,PIT,OF,Bill Virdon,1960,"N,Pittsburgh,Pirates"
wittr101,Witt,Red,R,R,PIT,P,Red Witt,1960,"N,Pittsburgh,Pirates"
adaij101,Adair,Jerry,R,R,BAL,2B,Jerry Adair,1960,"A,Baltimore,Orioles"
andej102,Anderson,John,R,R,BAL,P,John Anderson,1960,"A,Baltimore,Orioles"
barbs102,Barber,Steve,L,L,BAL,P,Steve Barber,1960,"A,Baltimore,Orioles"
barkr102,Barker,Ray,L,R,BAL,OF,Ray Barker,1960,"A,Baltimore,Orioles"
boydb102,Boyd,Bob,L,L,BAL,1B,Bob Boyd,1960,"A,Baltimore,Orioles"
branj101,Brandt,Jackie,R,R,BAL,OF,Jackie Brandt,1960,"A,Baltimore,Orioles"
breem101,Breeding,Marv,R,R,BAL,2B,Marv Breeding,1960,"A,Baltimore,Orioles"
browh101,Brown,Hal,R,R,BAL,P,Hal Brown,1960,"A,Baltimore,Orioles"
busbj101,Busby,Jim,R,R,BAL,OF,Jim Busby,1960,"A,Baltimore,Orioles"
coler101,Coleman,Rip,L,L,BAL,P,Rip Coleman,1960,"A,Baltimore,Orioles"
courc101,Courtney,Clint,L,R,BAL,C,Clint Courtney,1960,"A,Baltimore,Orioles"
dropw101,Dropo,Walt,R,R,BAL,1B,Walt Dropo,1960,"A,Baltimore,Orioles"
estrc101,Estrada,Chuck,R,R,BAL,P,Chuck Estrada,1960,"A,Baltimore,Orioles"
fishj101,Fisher,Jack,R,R,BAL,P,Jack Fisher,1960,"A,Baltimore,Orioles"
gentj101,Gentile,Jim,L,L,BAL,1B,Jim Gentile,1960,"A,Baltimore,Orioles"
ginsj101,Ginsberg,Joe,L,R,BAL,C,Joe Ginsberg,1960,"A,Baltimore,Orioles"
greeg101,Green,Gene,R,R,BAL,OF,Gene Green,1960,"A,Baltimore,Orioles"
hansr102,Hansen,Ron,R,R,BAL,SS,Ron Hansen,1960,"A,Baltimore,Orioles"
hoefb101,Hoeft,Billy,L,L,BAL,P,Billy Hoeft,1960,"A,Baltimore,Orioles"
joneg101,Jones,Gordon,R,R,BAL,P,Gordon Jones,1960,"A,Baltimore,Orioles"
klaub101,Klaus,Billy,L,R,BAL,2B,Billy Klaus,1960,"A,Baltimore,Orioles"
mabeb101,Mabe,Bob,R,R,BAL,P,Bob Mabe,1960,"A,Baltimore,Orioles"
nichd101,Nicholson,Dave,R,R,BAL,OF,Dave Nicholson,1960,"A,Baltimore,Orioles"
pappm101,Pappas,Milt,R,R,BAL,P,Milt Pappas,1960,"A,Baltimore,Orioles"
peara102,Pearson,Albie,L,L,BAL,OF,Albie Pearson,1960,"A,Baltimore,Orioles"
phild102,Philley,Dave,B,R,BAL,OF,Dave Philley,1960,"A,Baltimore,Orioles"
pilaa101,Pilarcik,Al,L,L,BAL,OF,Al Pilarcik,1960,"A,Baltimore,Orioles"
porta101,Portocarrero,Arnie,R,R,BAL,P,Arnie Portocarrero,1960,"A,Baltimore,Orioles"
powej103,Powers,John,L,R,BAL,OF,John Powers,1960,"A,Baltimore,Orioles"
riced101,Rice,Del,R,R,BAL,C,Del Rice,1960,"A,Baltimore,Orioles"
robib104,Robinson,Brooks,R,R,BAL,3B,Brooks Robinson,1960,"A,Baltimore,Orioles"
shetb101,Shetrone,Barry,L,R,BAL,PR,Barry Shetrone,1960,"A,Baltimore,Orioles"
stepg101,Stephens,Gene,L,R,BAL,OF,Gene Stephens,1960,"A,Baltimore,Orioles"
stocw101,Stock,Wes,R,R,BAL,P,Wes Stock,1960,"A,Baltimore,Orioles"
tasbw101,Tasby,Willie,R,R,BAL,OF,Willie Tasby,1960,"A,Baltimore,Orioles"
thomb105,Thomson,Bobby,R,R,BAL,OF,Bobby Thomson,1960,"A,Baltimore,Orioles"
thomv101,Thomas,Valmy,R,R,BAL,C,Valmy Thomas,1960,"A,Baltimore,Orioles"
triag101,Triandos,Gus,R,R,BAL,C,Gus Triandos,1960,"A,Baltimore,Orioles"
walkj104,Walker,Jerry,B,R,BAL,P,Jerry Walker,1960,"A,Baltimore,Orioles"
wilhh101,Wilhelm,Hoyt,R,R,BAL,P,Hoyt Wilhelm,1960,"A,Baltimore,Orioles"
woodg101,Woodling,Gene,L,R,BAL,OF,Gene Woodling,1960,"A,Baltimore,Orioles"
amarr101,Amaro,Ruben,R,R,PHI,SS,Ruben Amaro,1960,"N,Philadelphia,Phillies"
andeh101,Anderson,Harry,L,R,PHI,OF,Harry Anderson,1960,"N,Philadelphia,Phillies"
bouce101,Bouchee,Ed,L,L,PHI,1B,Ed Bouchee,1960,"N,Philadelphia,Phillies"
buzhj101,Buzhardt,John,R,R,PHI,P,John Buzhardt,1960,"N,Philadelphia,Phillies"
callj101,Callison,Johnny,L,R,PHI,OF,Johnny Callison,1960,"N,Philadelphia,Phillies"
cardd101,Cardwell,Don,R,R,PHI,P,Don Cardwell,1960,"N,Philadelphia,Phillies"
cokej101,Coker,Jimmie,R,R,PHI,C,Jimmie Coker,1960,"N,Philadelphia,Phillies"
conlg101,Conley,Gene,R,R,PHI,P,Gene Conley,1960,"N,Philadelphia,Phillies"
currt101,Curry,Tony,L,L,PHI,OF,Tony Curry,1960,"N,Philadelphia,Phillies"
dalrc101,Dalrymple,Clay,L,R,PHI,C,Clay Dalrymple,1960,"N,Philadelphia,Phillies"
darka101,Dark,Al,R,R,PHI,3B,Al Dark,1960,"N,Philadelphia,Phillies"
delgb101,Del Greco,Bobby,R,R,PHI,OF,Bobby Del Greco,1960,"N,Philadelphia,Phillies"
farrt101,Farrell,Turk,R,R,PHI,P,Turk Farrell,1960,"N,Philadelphia,Phillies"
gomer101,Gomez,Ruben,R,R,PHI,P,Ruben Gomez,1960,"N,Philadelphia,Phillies"
gonzt101,Gonzalez,Tony,L,R,PHI,OF,Tony Gonzalez,1960,"N,Philadelphia,Phillies"
greed101,Green,Dallas,L,R,PHI,P,Dallas Green,1960,"N,Philadelphia,Phillies"
herrp101,Herrera,Pancho,R,R,PHI,1B,Pancho Herrera,1960,"N,Philadelphia,Phillies"
koppj101,Koppe,Joe,R,R,PHI,SS,Joe Koppe,1960,"N,Philadelphia,Phillies"
lepct101,Lepcio,Ted,R,R,PHI,3B,Ted Lepcio,1960,"N,Philadelphia,Phillies"
mahaa102,Mahaffey,Art,R,R,PHI,P,Art Mahaffey,1960,"N,Philadelphia,Phillies"
malkb101,Malkmus,Bobby,R,R,PHI,SS,Bobby Malkmus,1960,"N,Philadelphia,Phillies"
masoh101,Mason,Hank,R,R,PHI,P,Hank Mason,1960,"N,Philadelphia,Phillies"
meyej101,Meyer,Jack,R,R,PHI,P,Jack Meyer,1960,"N,Philadelphia,Phillies"
morgj101,Morgan,Joe,L,R,PHI,3B,Joe Morgan,1960,"N,Philadelphia,Phillies"
neemc101,Neeman,Cal,R,R,PHI,C,Cal Neeman,1960,"N,Philadelphia,Phillies"
neiga101,Neiger,Al,L,L,PHI,P,Al Neiger,1960,"N,Philadelphia,Phillies"
owenj101,Owens,Jim,R,R,PHI,P,Jim Owens,1960,"N,Philadelphia,Phillies"
phild102,Philley,Dave,B,R,PHI,OF,Dave Philley,1960,"N,Philadelphia,Phillies"
philt101,Phillips,Taylor,L,L,PHI,P,Taylor Phillips,1960,"N,Philadelphia,Phillies"
postw101,Post,Wally,R,R,PHI,OF,Wally Post,1960,"N,Philadelphia,Phillies"
rober102,Roberts,Robin,B,R,PHI,P,Robin Roberts,1960,"N,Philadelphia,Phillies"
robih101,Robinson,Humberto,R,R,PHI,P,Humberto Robinson,1960,"N,Philadelphia,Phillies"
shorc102,Short,Chris,R,L,PHI,P,Chris Short,1960,"N,Philadelphia,Phillies"
simmc101,Simmons,Curt,L,L,PHI,P,Curt Simmons,1960,"N,Philadelphia,Phillies"
smitb104,Smith,Bobby,R,R,PHI,OF,Bobby Smith,1960,"N,Philadelphia,Phillies"
taylt101,Taylor,Tony,R,R,PHI,2B,Tony Taylor,1960,"N,Philadelphia,Phillies"
walll101,Walls,Lee,R,R,PHI,3B,Lee Walls,1960,"N,Philadelphia,Phillies"
waltk101,Walters,Ken,R,R,PHI,OF,Ken Walters,1960,"N,Philadelphia,Phillies"
wineb101,Wine,Bobby,R,R,PHI,SS,Bobby Wine,1960,"N,Philadelphia,Phillies"
woodj103,Woods,Jim,R,R,PHI,3B,Jim Woods,1960,"N,Philadelphia,Phillies"
aparl101,Aparicio,Luis,R,R,CHA,SS,Luis Aparicio,1960,"A,Chicago,White Sox"
avere102,Averill,Earl,R,R,CHA,C,Earl Averill,1960,"A,Chicago,White Sox"
baumf102,Baumann,Frank,L,L,CHA,P,Frank Baumann,1960,"A,Chicago,White Sox"
browd102,Brown,Dick,R,R,CHA,C,Dick Brown,1960,"A,Chicago,White Sox"
carrc104,Carreon,Cam,R,R,CHA,C,Cam Carreon,1960,"A,Chicago,White Sox"
donod101,Donovan,Dick,L,R,CHA,P,Dick Donovan,1960,"A,Chicago,White Sox"
espos101,Esposito,Sammy,R,R,CHA,3B,Sammy Esposito,1960,"A,Chicago,White Sox"
ferrd102,Ferrarese,Don,R,L,CHA,P,Don Ferrarese,1960,"A,Chicago,White Sox"
fox-n101,Fox,Nellie,L,R,CHA,2B,Nellie Fox,1960,"A,Chicago,White Sox"
freeg102,Freese,Gene,R,R,CHA,3B,Gene Freese,1960,"A,Chicago,White Sox"
garcm101,Garcia,Mike,R,R,CHA,P,Mike Garcia,1960,"A,Chicago,White Sox"
ginsj101,Ginsberg,Joe,L,R,CHA,C,Joe Ginsberg,1960,"A,Chicago,White Sox"
goodb101,Goodman,Billy,L,R,CHA,3B,Billy Goodman,1960,"A,Chicago,White Sox"
hickj101,Hicks,Joe,L,R,CHA,OF,Joe Hicks,1960,"A,Chicago,White Sox"
johns102,Johnson,Stan,L,L,CHA,OF,Stan Johnson,1960,"A,Chicago,White Sox"
kemmr101,Kemmerer,Russ,R,R,CHA,P,Russ Kemmerer,1960,"A,Chicago,White Sox"
klust101,Kluszewski,Ted,L,L,CHA,1B,Ted Kluszewski,1960,"A,Chicago,White Sox"
landj103,Landis,Jim,R,R,CHA,OF,Jim Landis,1960,"A,Chicago,White Sox"
lolls101,Lollar,Sherm,R,R,CHA,C,Sherm Lollar,1960,"A,Chicago,White Sox"
lownt101,Lown,Turk,R,R,CHA,P,Turk Lown,1960,"A,Chicago,White Sox"
martj107,Martin,J.C.,L,R,CHA,3B,J.C. Martin,1960,"A,Chicago,White Sox"
mcanj102,McAnany,Jim,R,R,CHA,PH,Jim McAnany,1960,"A,Chicago,White Sox"
mcbrk101,McBride,Ken,R,R,CHA,P,Ken McBride,1960,"A,Chicago,White Sox"
minom101,Minoso,Minnie,R,R,CHA,OF,Minnie Minoso,1960,"A,Chicago,White Sox"
moorr101,Moore,Ray,R,R,CHA,P,Ray Moore,1960,"A,Chicago,White Sox"
peteg101,Peters,Gary,L,L,CHA,P,Gary Peters,1960,"A,Chicago,White Sox"
pierb101,Pierce,Billy,L,L,CHA,P,Billy Pierce,1960,"A,Chicago,White Sox"
rivej101,Rivera,Jim,L,L,CHA,OF,Jim Rivera,1960,"A,Chicago,White Sox"
robif102,Robinson,Floyd,L,R,CHA,OF,Floyd Robinson,1960,"A,Chicago,White Sox"
rushb101,Rush,Bob,R,R,CHA,P,Bob Rush,1960,"A,Chicago,White Sox"
scorh101,Score,Herb,L,L,CHA,P,Herb Score,1960,"A,Chicago,White Sox"
shawb103,Shaw,Bob,R,R,CHA,P,Bob Shaw,1960,"A,Chicago,White Sox"
sievr101,Sievers,Roy,R,R,CHA,1B,Roy Sievers,1960,"A,Chicago,White Sox"
smita102,Smith,Al,R,R,CHA,OF,Al Smith,1960,"A,Chicago,White Sox"
stalg103,Staley,Gerry,R,R,CHA,P,Gerry Staley,1960,"A,Chicago,White Sox"
strij102,Striker,Jake,L,L,CHA,P,Jake Striker,1960,"A,Chicago,White Sox"
torge101,Torgeson,Earl,L,L,CHA,1B,Earl Torgeson,1960,"A,Chicago,White Sox"
worta101,Worthington,Al,R,R,CHA,P,Al Worthington,1960,"A,Chicago,White Sox"
wynne101,Wynn,Early,B,R,CHA,P,Early Wynn,1960,"A,Chicago,White Sox"
aguih101,Aguirre,Hank,R,L,DET,P,Hank Aguirre,1960,"A,Detroit,Tigers"
amors101,Amoros,Sandy,L,L,DET,OF,Sandy Amoros,1960,"A,Detroit,Tigers"
berbl101,Berberet,Lou,L,R,DET,C,Lou Berberet,1960,"A,Detroit,Tigers"
bilks101,Bilko,Steve,R,R,DET,1B,Steve Bilko,1960,"A,Detroit,Tigers"
bollf101,Bolling,Frank,R,R,DET,2B,Frank Bolling,1960,"A,Detroit,Tigers"
bridr101,Bridges,Rocky,R,R,DET,3B,Rocky Bridges,1960,"A,Detroit,Tigers"
brucb101,Bruce,Bob,R,R,DET,P,Bob Bruce,1960,"A,Detroit,Tigers"
bunnj101,Bunning,Jim,R,R,DET,P,Jim Bunning,1960,"A,Detroit,Tigers"
burnp102,Burnside,Pete,R,L,DET,P,Pete Burnside,1960,"A,Detroit,Tigers"
cashn101,Cash,Norm,L,L,DET,1B,Norm Cash,1960,"A,Detroit,Tigers"
chith101,Chiti,Harry,R,R,DET,C,Harry Chiti,1960,"A,Detroit,Tigers"
chrin101,Chrisley,Neil,L,R,DET,OF,Neil Chrisley,1960,"A,Detroit,Tigers"
colar101,Colavito,Rocky,R,R,DET,OF,Rocky Colavito,1960,"A,Detroit,Tigers"
fernc102,Fernandez,Chico,R,R,DET,SS,Chico Fernandez,1960,"A,Detroit,Tigers"
fiscb101,Fischer,Bill,R,R,DET,P,Bill Fischer,1960,"A,Detroit,Tigers"
foilh101,Foiles,Hank,R,R,DET,C,Hank Foiles,1960,"A,Detroit,Tigers"
foytp101,Foytack,Paul,R,R,DET,P,Paul Foytack,1960,"A,Detroit,Tigers"
gernd101,Gernert,Dick,R,R,DET,1B,Dick Gernert,1960,"A,Detroit,Tigers"
grotj102,Groth,Johnny,R,R,DET,OF,Johnny Groth,1960,"A,Detroit,Tigers"
harrg101,Harris,Gail,L,L,DET,1B,Gail Harris,1960,"A,Detroit,Tigers"
kalia101,Kaline,Al,R,R,DET,OF,Al Kaline,1960,"A,Detroit,Tigers"
labic101,Labine,Clem,R,R,DET,P,Clem Labine,1960,"A,Detroit,Tigers"
laryf101,Lary,Frank,R,R,DET,P,Frank Lary,1960,"A,Detroit,Tigers"
linde102,Lindbeck,Em,L,R,DET,PH,Em Lindbeck,1960,"A,Detroit,Tigers"
maxwc101,Maxwell,Charlie,L,L,DET,OF,Charlie Maxwell,1960,"A,Detroit,Tigers"
mcaud101,McAuliffe,Dick,L,R,DET,SS,Dick McAuliffe,1960,"A,Detroit,Tigers"
morgt101,Morgan,Tom,R,R,DET,P,Tom Morgan,1960,"A,Detroit,Tigers"
mossd101,Mossi,Don,L,L,DET,P,Don Mossi,1960,"A,Detroit,Tigers"
regap101,Regan,Phil,R,R,DET,P,Phil Regan,1960,"A,Detroit,Tigers"
sempr101,Semproch,Ray,R,R,DET,P,Ray Semproch,1960,"A,Detroit,Tigers"
sisld102,Sisler,Dave,R,R,DET,P,Dave Sisler,1960,"A,Detroit,Tigers"
speng102,Spencer,George,R,R,DET,P,George Spencer,1960,"A,Detroit,Tigers"
vealc101,Veal,Coot,R,R,DET,SS,Coot Veal,1960,"A,Detroit,Tigers"
virgo101,Virgil,Ozzie,R,R,DET,3B,Ozzie Virgil,1960,"A,Detroit,Tigers"
wilsr102,Wilson,Red,R,R,DET,C,Red Wilson,1960,"A,Detroit,Tigers"
wisec101,Wise,Casey,B,R,DET,2B,Casey Wise,1960,"A,Detroit,Tigers"
yoste101,Yost,Eddie,R,R,DET,3B,Eddie Yost,1960,"A,Detroit,Tigers"
asprk101,Aspromonte,Ken,R,R,CLE,2B,Ken Aspromonte,1960,"A,Cleveland,Indians"
bellg102,Bell,Gary,R,R,CLE,P,Gary Bell,1960,"A,Cleveland,Indians"
bondw101,Bond,Walt,L,R,CLE,OF,Walt Bond,1960,"A,Cleveland,Indians"
bowst101,Bowsfield,Ted,R,L,CLE,P,Ted Bowsfield,1960,"A,Cleveland,Indians"
bridr101,Bridges,Rocky,R,R,CLE,SS,Rocky Bridges,1960,"A,Cleveland,Indians"
brigj101,Briggs,John,R,R,CLE,P,John Briggs,1960,"A,Cleveland,Indians"
clint101,Cline,Ty,L,L,CLE,OF,Ty Cline,1960,"A,Cleveland,Indians"
delam101,de la Hoz,Mike,R,R,CLE,SS,Mike de la Hoz,1960,"A,Cleveland,Indians"
demes101,Demeter,Steve,R,R,CLE,3B,Steve Demeter,1960,"A,Cleveland,Indians"
dilld101,Dillard,Don,L,R,CLE,OF,Don Dillard,1960,"A,Cleveland,Indians"
foilh101,Foiles,Hank,R,R,CLE,C,Hank Foiles,1960,"A,Cleveland,Indians"
frant101,Francona,Tito,L,L,CLE,OF,Tito Francona,1960,"A,Cleveland,Indians"
funkf101,Funk,Frank,R,R,CLE,P,Frank Funk,1960,"A,Cleveland,Indians"
granj101,Grant,Mudcat,R,R,CLE,P,Mudcat Grant,1960,"A,Cleveland,Indians"
grimb102,Grim,Bob,R,R,CLE,P,Bob Grim,1960,"A,Cleveland,Indians"
haleb101,Hale,Bob,L,L,CLE,1B,Bob Hale,1960,"A,Cleveland,Indians"
hardc101,Hardy,Carroll,R,R,CLE,OF,Carroll Hardy,1960,"A,Cleveland,Indians"
harsj101,Harshman,Jack,L,L,CLE,P,Jack Harshman,1960,"A,Cleveland,Indians"
hawkw101,Hawkins,Wynn,R,R,CLE,P,Wynn Hawkins,1960,"A,Cleveland,Indians"
heldw101,Held,Woodie,R,R,CLE,SS,Woodie Held,1960,"A,Cleveland,Indians"
keoum101,Keough,Marty,L,L,CLE,OF,Marty Keough,1960,"A,Cleveland,Indians"
klipj101,Klippstein,Johnny,R,R,CLE,P,Johnny Klippstein,1960,"A,Cleveland,Indians"
kuenh101,Kuenn,Harvey,R,R,CLE,OF,Harvey Kuenn,1960,"A,Cleveland,Indians"
latmb101,Latman,Barry,R,R,CLE,P,Barry Latman,1960,"A,Cleveland,Indians"
lee-m102,Lee,Mike,L,L,CLE,P,Mike Lee,1960,"A,Cleveland,Indians"
lockb101,Locke,Bobby,R,R,CLE,P,Bobby Locke,1960,"A,Cleveland,Indians"
mathc101,Mathias,Carl,B,L,CLE,P,Carl Mathias,1960,"A,Cleveland,Indians"
morgj101,Morgan,Joe,L,R,CLE,3B,Joe Morgan,1960,"A,Cleveland,Indians"
newcd101,Newcombe,Don,L,R,CLE,P,Don Newcombe,1960,"A,Cleveland,Indians"
nixor101,Nixon,Russ,L,R,CLE,C,Russ Nixon,1960,"A,Cleveland,Indians"
perrj102,Perry,Jim,B,R,CLE,P,Jim Perry,1960,"A,Cleveland,Indians"
philb102,Phillips,Bubba,R,R,CLE,3B,Bubba Phillips,1960,"A,Cleveland,Indians"
pierj102,Piersall,Jim,R,R,CLE,OF,Jim Piersall,1960,"A,Cleveland,Indians"
powej103,Powers,John,L,R,CLE,OF,John Powers,1960,"A,Cleveland,Indians"
powev101,Power,Vic,R,R,CLE,1B,Vic Power,1960,"A,Cleveland,Indians"
romaj101,Romano,John,R,R,CLE,C,John Romano,1960,"A,Cleveland,Indians"
stigd101,Stigman,Dick,R,L,CLE,P,Dick Stigman,1960,"A,Cleveland,Indians"
strig102,Strickland,George,R,R,CLE,SS,George Strickland,1960,"A,Cleveland,Indians"
tannc101,Tanner,Chuck,L,L,CLE,OF,Chuck Tanner,1960,"A,Cleveland,Indians"
tempj101,Temple,Johnny,R,R,CLE,2B,Johnny Temple,1960,"A,Cleveland,Indians"
thomc102,Thomas,Carl,R,R,CLE,P,Carl Thomas,1960,"A,Cleveland,Indians"
tiefb101,Tiefenauer,Bobby,R,R,CLE,P,Bobby Tiefenauer,1960,"A,Cleveland,Indians"
whisp101,Whisenant,Pete,R,R,CLE,OF,Pete Whisenant,1960,"A,Cleveland,Indians"
wilsr102,Wilson,Red,R,R,CLE,C,Red Wilson,1960,"A,Cleveland,Indians"
