player_id,last,first,bats,throws,team_id,pos,player_name,year,team_name
applp101,Appleton,Pete,R,R,CLE,P,Pete Appleton,1932,"AL,Cleveland,Indians"
avere101,Averill,Earl,L,R,CLE,OF,Earl Averill,1932,"AL,Cleveland,Indians"
bergb101,Berger,Boze,R,R,CLE,SS,Boze Berger,1932,"AL,Cleveland,Indians"
bolej101,Boley,Joe,R,R,CLE,SS,Joe Boley,1932,"AL,Cleveland,Indians"
browc103,Brown,Clint,L,R,CLE,P,Clint Brown,1932,"AL,Cleveland,Indians"
burnj108,Burnett,Johnny,L,R,CLE,SS,Johnny Burnett,1932,"AL,Cleveland,Indians"
cissb101,Cissell,Bill,R,R,CLE,2B,Bill Cissell,1932,"AL,Cleveland,Indians"
connb104,Connatser,Bruce,R,R,CLE,1B,Bruce Connatser,1932,"AL,Cleveland,Indians"
conns101,Connally,Sarge,R,R,CLE,P,Sarge Connally,1932,"AL,Cleveland,Indians"
ferrw101,Ferrell,Wes,R,R,CLE,P,Wes Ferrell,1932,"AL,Cleveland,Indians"
hardm101,Harder,Mel,R,R,CLE,P,Mel Harder,1932,"AL,Cleveland,Indians"
hildo101,Hildebrand,Oral,R,R,CLE,P,Oral Hildebrand,1932,"AL,Cleveland,Indians"
hodaj101,Hodapp,Johnny,R,R,CLE,2B,Johnny Hodapp,1932,"AL,Cleveland,Indians"
hudlw101,Hudlin,Willis,R,R,CLE,P,Willis Hudlin,1932,"AL,Cleveland,Indians"
jamic101,Jamieson,Charlie,L,L,CLE,OF,Charlie Jamieson,1932,"AL,Cleveland,Indians"
kammw101,Kamm,Willie,R,R,CLE,3B,Willie Kamm,1932,"AL,Cleveland,Indians"
monte101,Montague,Ed,R,R,CLE,SS,Ed Montague,1932,"AL,Cleveland,Indians"
moonl101,Moon,Leo,R,L,CLE,P,Leo Moon,1932,"AL,Cleveland,Indians"
morge102,Morgan,Ed,R,R,CLE,1B,Ed Morgan,1932,"AL,Cleveland,Indians"
myatg101,Myatt,Glenn,L,R,CLE,C,Glenn Myatt,1932,"AL,Cleveland,Indians"
pearm101,Pearson,Monte,R,R,CLE,P,Monte Pearson,1932,"AL,Cleveland,Indians"
portd101,Porter,Dick,L,R,CLE,OF,Dick Porter,1932,"AL,Cleveland,Indians"
powem103,Powers,Mike,L,L,CLE,OF,Mike Powers,1932,"AL,Cleveland,Indians"
pytlf101,Pytlak,Frankie,R,R,CLE,C,Frankie Pytlak,1932,"AL,Cleveland,Indians"
russj103,Russell,Jack,R,R,CLE,P,Jack Russell,1932,"AL,Cleveland,Indians"
seedb101,Seeds,Bob,R,R,CLE,OF,Bob Seeds,1932,"AL,Cleveland,Indians"
sewel101,Sewell,Luke,R,R,CLE,C,Luke Sewell,1932,"AL,Cleveland,Indians"
vosmj101,Vosmik,Joe,R,R,CLE,OF,Joe Vosmik,1932,"AL,Cleveland,Indians"
winer101,Winegarner,Ralph,R,R,CLE,P,Ralph Winegarner,1932,"AL,Cleveland,Indians"
alexd101,Alexander,Dale,R,R,DET,1B,Dale Alexander,1932,"AL,Detroit,Tigers"
bridt101,Bridges,Tommy,R,R,DET,P,Tommy Bridges,1932,"AL,Detroit,Tigers"
davih103,Davis,Harry,L,L,DET,1B,Harry Davis,1932,"AL,Detroit,Tigers"
desag101,Desautels,Gene,R,R,DET,C,Gene Desautels,1932,"AL,Detroit,Tigers"
doljf101,Doljack,Frank,R,R,DET,OF,Frank Doljack,1932,"AL,Detroit,Tigers"
gehrc101,Gehringer,Charlie,L,R,DET,2B,Charlie Gehringer,1932,"AL,Detroit,Tigers"
goldi101,Goldstein,Izzy,B,R,DET,P,Izzy Goldstein,1932,"AL,Detroit,Tigers"
haywr101,Hayworth,Ray,R,R,DET,C,Ray Hayworth,1932,"AL,Detroit,Tigers"
herra101,Herring,Art,R,R,DET,P,Art Herring,1932,"AL,Detroit,Tigers"
hogsc101,Hogsett,Chief,L,L,DET,P,Chief Hogsett,1932,"AL,Detroit,Tigers"
johnr102,Johnson,Roy,L,R,DET,OF,Roy Johnson,1932,"AL,Detroit,Tigers"
lawrb101,Lawrence,Bill,R,R,DET,OF,Bill Lawrence,1932,"AL,Detroit,Tigers"
marrb101,Marrow,Buck,R,R,DET,P,Buck Marrow,1932,"AL,Detroit,Tigers"
rhieb101,Rhiel,Billy,R,R,DET,3B,Billy Rhiel,1932,"AL,Detroit,Tigers"
richn101,Richardson,Nolen,R,R,DET,3B,Nolen Richardson,1932,"AL,Detroit,Tigers"
rogeb102,Rogell,Billy,B,R,DET,SS,Billy Rogell,1932,"AL,Detroit,Tigers"
ruelm101,Ruel,Muddy,R,R,DET,C,Muddy Ruel,1932,"AL,Detroit,Tigers"
schuh105,Schuble,Heinie,R,R,DET,3B,Heinie Schuble,1932,"AL,Detroit,Tigers"
sewer101,Sewell,Rip,L,R,DET,P,Rip Sewell,1932,"AL,Detroit,Tigers"
sorrv101,Sorrell,Vic,R,R,DET,P,Vic Sorrell,1932,"AL,Detroit,Tigers"
stonj102,Stone,John,L,R,DET,OF,John Stone,1932,"AL,Detroit,Tigers"
suscg102,Susce,George,R,R,DET,C,George Susce,1932,"AL,Detroit,Tigers"
uhleg101,Uhle,George,R,R,DET,P,George Uhle,1932,"AL,Detroit,Tigers"
walkg101,Walker,Gee,R,R,DET,OF,Gee Walker,1932,"AL,Detroit,Tigers"
webbe101,Webb,Earl,L,R,DET,OF,Earl Webb,1932,"AL,Detroit,Tigers"
white102,Whitehill,Earl,L,L,DET,P,Earl Whitehill,1932,"AL,Detroit,Tigers"
whitj104,White,Jo-Jo,L,R,DET,OF,Jo-Jo White,1932,"AL,Detroit,Tigers"
wyatw101,Wyatt,Whit,R,R,DET,P,Whit Wyatt,1932,"AL,Detroit,Tigers"
akerb101,Akers,Bill,R,R,BSN,3B,Bill Akers,1932,"NL,Boston,Braves"
bergw101,Berger,Wally,R,R,BSN,OF,Wally Berger,1932,"NL,Boston,Braves"
betth101,Betts,Huck,R,R,BSN,P,Huck Betts,1932,"NL,Boston,Braves"
brane101,Brandt,Ed,L,L,BSN,P,Ed Brandt,1932,"NL,Boston,Braves"
browb106,Brown,Bob,R,R,BSN,P,Bob Brown,1932,"NL,Boston,Braves"
cantb102,Cantwell,Ben,R,R,BSN,P,Ben Cantwell,1932,"NL,Boston,Braves"
clare103,Clark,Earl,R,R,BSN,OF,Earl Clark,1932,"NL,Boston,Braves"
cunnb104,Cunningham,Bruce,R,R,BSN,P,Bruce Cunningham,1932,"NL,Boston,Braves"
eckho101,Eckhardt,Ox,L,R,BSN,PH,Ox Eckhardt,1932,"NL,Boston,Braves"
fordh101,Ford,Hod,R,R,BSN,2B,Hod Ford,1932,"NL,Boston,Braves"
franf101,Frankhouse,Fred,R,R,BSN,P,Fred Frankhouse,1932,"NL,Boston,Braves"
hargp101,Hargrave,Pinky,B,R,BSN,C,Pinky Hargrave,1932,"NL,Boston,Braves"
holld101,Holland,Dutch,R,R,BSN,OF,Dutch Holland,1932,"NL,Boston,Braves"
jordb101,Jordan,Buck,L,R,BSN,1B,Buck Jordan,1932,"NL,Boston,Braves"
knotf101,Knothe,Fritz,R,R,BSN,3B,Fritz Knothe,1932,"NL,Boston,Braves"
leacf101,Leach,Freddy,L,R,BSN,OF,Freddy Leach,1932,"NL,Boston,Braves"
mangl101,Mangum,Leo,R,R,BSN,P,Leo Mangum,1932,"NL,Boston,Braves"
marar101,Maranville,Rabbit,R,R,BSN,2B,Rabbit Maranville,1932,"NL,Boston,Braves"
moorr103,Moore,Randy,L,R,BSN,OF,Randy Moore,1932,"NL,Boston,Braves"
prueh101,Pruett,Hub,L,L,BSN,P,Hub Pruett,1932,"NL,Boston,Braves"
schuj106,Schulte,Johnny,L,R,BSN,C,Johnny Schulte,1932,"NL,Boston,Braves"
schuw101,Schulmerich,Wes,R,R,BSN,OF,Wes Schulmerich,1932,"NL,Boston,Braves"
seibs101,Seibold,Socks,R,R,BSN,P,Socks Seibold,1932,"NL,Boston,Braves"
sherb101,Sherdel,Bill,L,L,BSN,P,Bill Sherdel,1932,"NL,Boston,Braves"
shira101,Shires,Art,L,R,BSN,1B,Art Shires,1932,"NL,Boston,Braves"
spoha101,Spohrer,Al,R,R,BSN,C,Al Spohrer,1932,"NL,Boston,Braves"
urbab101,Urbanski,Billy,R,R,BSN,SS,Billy Urbanski,1932,"NL,Boston,Braves"
waltb102,Walters,Bucky,R,R,BSN,3B,Bucky Walters,1932,"NL,Boston,Braves"
wortr102,Worthington,Red,R,R,BSN,OF,Red Worthington,1932,"NL,Boston,Braves"
zacht101,Zachary,Tom,L,L,BSN,P,Tom Zachary,1932,"NL,Boston,Braves"
andeh102,Anderson,Hal,R,R,CHA,OF,Hal Anderson,1932,"AL,Chicago,White Sox"
appll101,Appling,Luke,R,R,CHA,SS,Luke Appling,1932,"AL,Chicago,White Sox"
bartl101,Bartholomew,Les,R,L,CHA,P,Les Bartholomew,1932,"AL,Chicago,White Sox"
berrc103,Berry,Charlie,R,R,CHA,C,Charlie Berry,1932,"AL,Chicago,White Sox"
biggc101,Biggs,Charlie,R,R,CHA,P,Charlie Biggs,1932,"AL,Chicago,White Sox"
bluel101,Blue,Lu,B,L,CHA,1B,Lu Blue,1932,"AL,Chicago,White Sox"
bowlg101,Bowler,Grant,R,R,CHA,P,Grant Bowler,1932,"AL,Chicago,White Sox"
campb102,Campbell,Bruce,L,R,CHA,OF,Bruce Campbell,1932,"AL,Chicago,White Sox"
carap101,Caraway,Pat,L,L,CHA,P,Pat Caraway,1932,"AL,Chicago,White Sox"
chamb103,Chamberlain,Bill,R,L,CHA,P,Bill Chamberlain,1932,"AL,Chicago,White Sox"
cissb101,Cissell,Bill,R,R,CHA,SS,Bill Cissell,1932,"AL,Chicago,White Sox"
daglp101,Daglia,Pete,R,R,CHA,P,Pete Daglia,1932,"AL,Chicago,White Sox"
englc101,English,Charlie,R,R,CHA,3B,Charlie English,1932,"AL,Chicago,White Sox"
evana102,Evans,Art,B,L,CHA,P,Art Evans,1932,"AL,Chicago,White Sox"
faber101,Faber,Red,B,R,CHA,P,Red Faber,1932,"AL,Chicago,White Sox"
fiebc101,Fieber,Clarence,L,L,CHA,P,Clarence Fieber,1932,"AL,Chicago,White Sox"
fonsl101,Fonseca,Lew,R,R,CHA,OF,Lew Fonseca,1932,"AL,Chicago,White Sox"
fothb101,Fothergill,Bob,R,R,CHA,OF,Bob Fothergill,1932,"AL,Chicago,White Sox"
frasv101,Frazier,Vic,R,R,CHA,P,Vic Frazier,1932,"AL,Chicago,White Sox"
funkl101,Funk,Liz,L,L,CHA,OF,Liz Funk,1932,"AL,Chicago,White Sox"
gallp101,Gallivan,Phil,R,R,CHA,P,Phil Gallivan,1932,"AL,Chicago,White Sox"
gastm101,Gaston,Milt,R,R,CHA,P,Milt Gaston,1932,"AL,Chicago,White Sox"
gregp101,Gregory,Paul,R,R,CHA,P,Paul Gregory,1932,"AL,Chicago,White Sox"
grubf101,Grube,Frank,R,R,CHA,C,Frank Grube,1932,"AL,Chicago,White Sox"
hadlb101,Hadley,Bump,R,R,CHA,P,Bump Hadley,1932,"AL,Chicago,White Sox"
hayej101,Hayes,Jackie,R,R,CHA,2B,Jackie Hayes,1932,"AL,Chicago,White Sox"
hodaj101,Hodapp,Johnny,R,R,CHA,OF,Johnny Hodapp,1932,"AL,Chicago,White Sox"
jolls101,Jolley,Smead,L,R,CHA,OF,Smead Jolley,1932,"AL,Chicago,White Sox"
jones104,Jones,Sad Sam,R,R,CHA,P,Sad Sam Jones,1932,"AL,Chicago,White Sox"
kimsc101,Kimsey,Chad,L,R,CHA,P,Chad Kimsey,1932,"AL,Chicago,White Sox"
kowaf101,Kowalik,Fabian,R,R,CHA,3B,Fabian Kowalik,1932,"AL,Chicago,White Sox"
kresr101,Kress,Red,R,R,CHA,OF,Red Kress,1932,"AL,Chicago,White Sox"
lyont102,Lyons,Ted,B,R,CHA,P,Ted Lyons,1932,"AL,Chicago,White Sox"
mckah101,McKain,Hal,L,R,CHA,P,Hal McKain,1932,"AL,Chicago,White Sox"
moorj107,Moore,Jim,R,R,CHA,P,Jim Moore,1932,"AL,Chicago,White Sox"
mullg101,Mulleavy,Greg,R,R,CHA,2B,Greg Mulleavy,1932,"AL,Chicago,White Sox"
normb101,Norman,Bill,R,R,CHA,OF,Bill Norman,1932,"AL,Chicago,White Sox"
poseb101,Poser,Bob,L,R,CHA,P,Bob Poser,1932,"AL,Chicago,White Sox"
rothj101,Rothrock,Jack,B,R,CHA,OF,Jack Rothrock,1932,"AL,Chicago,White Sox"
seedb101,Seeds,Bob,R,R,CHA,OF,Bob Seeds,1932,"AL,Chicago,White Sox"
selpc101,Selph,Carey,R,R,CHA,3B,Carey Selph,1932,"AL,Chicago,White Sox"
simom101,Simons,Mel,L,R,CHA,OF,Mel Simons,1932,"AL,Chicago,White Sox"
smita101,Smith,Art,R,R,CHA,P,Art Smith,1932,"AL,Chicago,White Sox"
sullb103,Sullivan,Billy,L,R,CHA,1B,Billy Sullivan,1932,"AL,Chicago,White Sox"
swane101,Swanson,Evar,R,R,CHA,OF,Evar Swanson,1932,"AL,Chicago,White Sox"
tateb101,Tate,Bennie,L,R,CHA,C,Bennie Tate,1932,"AL,Chicago,White Sox"
thomt103,Thomas,Tommy,R,R,CHA,P,Tommy Thomas,1932,"AL,Chicago,White Sox"
walse102,Walsh,Ed,R,R,CHA,P,Ed Walsh,1932,"AL,Chicago,White Sox"
watwj101,Watwood,Johnny,L,L,CHA,OF,Johnny Watwood,1932,"AL,Chicago,White Sox"
wisea101,Wise,Archie,R,R,CHA,P,Archie Wise,1932,"AL,Chicago,White Sox"
adamb102,Adams,Bob,R,R,PHI,P,Bob Adams,1932,"NL,Philadelphia,Phillies"
bartd101,Bartell,Dick,R,R,PHI,SS,Dick Bartell,1932,"NL,Philadelphia,Phillies"
bengr101,Benge,Ray,R,R,PHI,P,Ray Benge,1932,"NL,Philadelphia,Phillies"
berlj101,Berly,Jack,R,R,PHI,P,Jack Berly,1932,"NL,Philadelphia,Phillies"
boles101,Bolen,Stew,L,L,PHI,P,Stew Bolen,1932,"NL,Philadelphia,Phillies"
bresr101,Bressler,Rube,R,L,PHI,OF,Rube Bressler,1932,"NL,Philadelphia,Phillies"
bricf101,Brickell,Fred,L,R,PHI,OF,Fred Brickell,1932,"NL,Philadelphia,Phillies"
collp102,Collins,Phil,R,R,PHI,P,Phil Collins,1932,"NL,Philadelphia,Phillies"
davik101,Davis,Kiddo,R,R,PHI,OF,Kiddo Davis,1932,"NL,Philadelphia,Phillies"
davis101,Davis,Spud,R,R,PHI,C,Spud Davis,1932,"NL,Philadelphia,Phillies"
delke101,Delker,Eddie,R,R,PHI,2B,Eddie Delker,1932,"NL,Philadelphia,Phillies"
dudlc101,Dudley,Clise,L,R,PHI,P,Clise Dudley,1932,"NL,Philadelphia,Phillies"
ellih102,Elliott,Hal,R,R,PHI,P,Hal Elliott,1932,"NL,Philadelphia,Phillies"
ellij103,Elliott,Jumbo,R,L,PHI,P,Jumbo Elliott,1932,"NL,Philadelphia,Phillies"
fribb101,Friberg,Bernie,R,R,PHI,2B,Bernie Friberg,1932,"NL,Philadelphia,Phillies"
grabr101,Grabowski,Reggie,R,R,PHI,P,Reggie Grabowski,1932,"NL,Philadelphia,Phillies"
hanss101,Hansen,Snipe,B,L,PHI,P,Snipe Hansen,1932,"NL,Philadelphia,Phillies"
heatc101,Heathcote,Cliff,L,L,PHI,1B,Cliff Heathcote,1932,"NL,Philadelphia,Phillies"
holle101,Holley,Ed,R,R,PHI,P,Ed Holley,1932,"NL,Philadelphia,Phillies"
hursd101,Hurst,Don,L,L,PHI,1B,Don Hurst,1932,"NL,Philadelphia,Phillies"
kleic101,Klein,Chuck,L,R,PHI,OF,Chuck Klein,1932,"NL,Philadelphia,Phillies"
knotg101,Knothe,George,R,R,PHI,2B,George Knothe,1932,"NL,Philadelphia,Phillies"
lee-h101,Lee,Hal,R,R,PHI,OF,Hal Lee,1932,"NL,Philadelphia,Phillies"
liska101,Liska,Ad,R,R,PHI,P,Ad Liska,1932,"NL,Philadelphia,Phillies"
malll101,Mallon,Les,R,R,PHI,2B,Les Mallon,1932,"NL,Philadelphia,Phillies"
mccuh101,McCurdy,Harry,L,R,PHI,C,Harry McCurdy,1932,"NL,Philadelphia,Phillies"
nichc101,Nichols,Chet,R,R,PHI,P,Chet Nichols,1932,"NL,Philadelphia,Phillies"
rhemf101,Rhem,Flint,R,R,PHI,P,Flint Rhem,1932,"NL,Philadelphia,Phillies"
scarr103,Scarritt,Russ,L,R,PHI,OF,Russ Scarritt,1932,"NL,Philadelphia,Phillies"
taitd101,Taitt,Doug,L,R,PHI,PH,Doug Taitt,1932,"NL,Philadelphia,Phillies"
todda101,Todd,Al,R,R,PHI,C,Al Todd,1932,"NL,Philadelphia,Phillies"
whitp103,Whitney,Pinky,R,R,PHI,3B,Pinky Whitney,1932,"NL,Philadelphia,Phillies"
willh102,Willingham,Hugh,R,R,PHI,PH,Hugh Willingham,1932,"NL,Philadelphia,Phillies"
bengb101,Bengough,Benny,R,R,SLA,C,Benny Bengough,1932,"AL,St.Louis,Browns"
bettl101,Bettencourt,Larry,R,R,SLA,OF,Larry Bettencourt,1932,"AL,St.Louis,Browns"
blaeg101,Blaeholder,George,R,R,SLA,P,George Blaeholder,1932,"AL,St.Louis,Browns"
burnj105,Burns,Jack,L,L,SLA,1B,Jack Burns,1932,"AL,St.Louis,Browns"
campb102,Campbell,Bruce,L,R,SLA,OF,Bruce Campbell,1932,"AL,St.Louis,Browns"
coffd101,Coffman,Dick,R,R,SLA,P,Dick Coffman,1932,"AL,St.Louis,Browns"
coonb102,Cooney,Bob,R,R,SLA,P,Bob Cooney,1932,"AL,St.Louis,Browns"
ferrr101,Ferrell,Rick,R,R,SLA,C,Rick Ferrell,1932,"AL,St.Louis,Browns"
fiscc101,Fischer,Carl,R,L,SLA,P,Carl Fischer,1932,"AL,St.Louis,Browns"
fishs101,Fisher,Showboat,L,R,SLA,OF,Showboat Fisher,1932,"AL,St.Louis,Browns"
garmd101,Garms,Debs,L,R,SLA,OF,Debs Garms,1932,"AL,St.Louis,Browns"
goslg101,Goslin,Goose,L,R,SLA,OF,Goose Goslin,1932,"AL,St.Louis,Browns"
grays102,Gray,Sam,R,R,SLA,P,Sam Gray,1932,"AL,St.Louis,Browns"
grime101,Grimes,Ed,R,R,SLA,3B,Ed Grimes,1932,"AL,St.Louis,Browns"
hadlb101,Hadley,Bump,R,R,SLA,P,Bump Hadley,1932,"AL,St.Louis,Browns"
hebew101,Hebert,Wally,L,L,SLA,P,Wally Hebert,1932,"AL,St.Louis,Browns"
jenkt101,Jenkins,Tom,L,R,SLA,OF,Tom Jenkins,1932,"AL,St.Louis,Browns"
kimsc101,Kimsey,Chad,L,R,SLA,P,Chad Kimsey,1932,"AL,St.Louis,Browns"
klozn101,Kloza,Nap,R,R,SLA,OF,Nap Kloza,1932,"AL,St.Louis,Browns"
kresr101,Kress,Red,R,R,SLA,3B,Red Kress,1932,"AL,St.Louis,Browns"
levej101,Levey,Jim,B,R,SLA,SS,Jim Levey,1932,"AL,St.Louis,Browns"
mclaj102,McLaughlin,Jim,R,R,SLA,3B,Jim McLaughlin,1932,"AL,St.Louis,Browns"
melis101,Melillo,Ski,R,R,SLA,2B,Ski Melillo,1932,"AL,St.Louis,Browns"
polll101,Polli,Lou,R,R,SLA,P,Lou Polli,1932,"AL,St.Louis,Browns"
schaa103,Scharein,Art,R,R,SLA,3B,Art Scharein,1932,"AL,St.Louis,Browns"
schuf101,Schulte,Fred,R,R,SLA,OF,Fred Schulte,1932,"AL,St.Louis,Browns"
schuj106,Schulte,Johnny,L,R,SLA,C,Johnny Schulte,1932,"AL,St.Louis,Browns"
stewl101,Stewart,Lefty,R,L,SLA,P,Lefty Stewart,1932,"AL,St.Louis,Browns"
storl101,Storti,Lin,B,R,SLA,3B,Lin Storti,1932,"AL,St.Louis,Browns"
bishm102,Bishop,Max,L,R,PHA,2B,Max Bishop,1932,"AL,Philadelphia,Athletics"
bolej101,Boley,Joe,R,R,PHA,SS,Joe Boley,1932,"AL,Philadelphia,Athletics"
bowmj101,Bowman,Joe,L,R,PHA,P,Joe Bowman,1932,"AL,Philadelphia,Athletics"
cains101,Cain,Sugar,L,R,PHA,P,Sugar Cain,1932,"AL,Philadelphia,Athletics"
cihoe101,Cihocki,Ed,R,R,PHA,PH,Ed Cihocki,1932,"AL,Philadelphia,Athletics"
cochm101,Cochrane,Mickey,L,R,PHA,C,Mickey Cochrane,1932,"AL,Philadelphia,Athletics"
colee102,Coleman,Ed,L,R,PHA,OF,Ed Coleman,1932,"AL,Philadelphia,Athletics"
cramd102,Cramer,Doc,L,R,PHA,OF,Doc Cramer,1932,"AL,Philadelphia,Athletics"
deshj101,DeShong,Jimmie,R,R,PHA,P,Jimmie DeShong,1932,"AL,Philadelphia,Athletics"
dykej101,Dykes,Jimmy,R,R,PHA,3B,Jimmy Dykes,1932,"AL,Philadelphia,Athletics"
earng101,Earnshaw,George,R,R,PHA,P,George Earnshaw,1932,"AL,Philadelphia,Athletics"
foxxj101,Foxx,Jimmie,R,R,PHA,1B,Jimmie Foxx,1932,"AL,Philadelphia,Athletics"
freit101,Freitas,Tony,R,L,PHA,P,Tony Freitas,1932,"AL,Philadelphia,Athletics"
grovl101,Grove,Lefty,L,L,PHA,P,Lefty Grove,1932,"AL,Philadelphia,Athletics"
haasm101,Haas,Mule,L,R,PHA,OF,Mule Haas,1932,"AL,Philadelphia,Athletics"
hevij102,Heving,Johnnie,R,R,PHA,C,Johnnie Heving,1932,"AL,Philadelphia,Athletics"
jonej103,Jones,John,L,L,PHA,OF,John Jones,1932,"AL,Philadelphia,Athletics"
kraul101,Krausse,Lew,R,R,PHA,P,Lew Krausse,1932,"AL,Philadelphia,Athletics"
madje101,Madjeski,Ed,R,R,PHA,C,Ed Madjeski,1932,"AL,Philadelphia,Athletics"
mahar101,Mahaffey,Roy,R,R,PHA,P,Roy Mahaffey,1932,"AL,Philadelphia,Athletics"
mcket101,McKeithan,Tim,R,R,PHA,P,Tim McKeithan,1932,"AL,Philadelphia,Athletics"
mcnae101,McNair,Eric,R,R,PHA,SS,Eric McNair,1932,"AL,Philadelphia,Athletics"
millb110,Miller,Bing,R,R,PHA,OF,Bing Miller,1932,"AL,Philadelphia,Athletics"
reisa101,Reiss,Al,B,R,PHA,SS,Al Reiss,1932,"AL,Philadelphia,Athletics"
roeto101,Roettger,Oscar,R,R,PHA,1B,Oscar Roettger,1932,"AL,Philadelphia,Athletics"
romme101,Rommel,Eddie,R,R,PHA,P,Eddie Rommel,1932,"AL,Philadelphia,Athletics"
simma101,Simmons,Al,R,R,PHA,OF,Al Simmons,1932,"AL,Philadelphia,Athletics"
steii101,Stein,Irv,R,R,PHA,P,Irv Stein,1932,"AL,Philadelphia,Athletics"
walbr101,Walberg,Rube,L,L,PHA,P,Rube Walberg,1932,"AL,Philadelphia,Athletics"
willd107,Williams,Dib,R,R,PHA,2B,Dib Williams,1932,"AL,Philadelphia,Athletics"
barbd101,Barbee,Dave,R,R,PIT,OF,Dave Barbee,1932,"NL,Pittsburgh,Pirates"
brame101,Brame,Erv,L,R,PIT,P,Erv Brame,1932,"NL,Pittsburgh,Pirates"
brenb101,Brenzel,Bill,R,R,PIT,C,Bill Brenzel,1932,"NL,Pittsburgh,Pirates"
brubb101,Brubaker,Bill,R,R,PIT,3B,Bill Brubaker,1932,"NL,Pittsburgh,Pirates"
chagl101,Chagnon,Leon,R,R,PIT,P,Leon Chagnon,1932,"NL,Pittsburgh,Pirates"
comoa101,Comorosky,Adam,R,R,PIT,OF,Adam Comorosky,1932,"NL,Pittsburgh,Pirates"
dugag101,Dugas,Gus,L,L,PIT,OF,Gus Dugas,1932,"NL,Pittsburgh,Pirates"
finnh101,Finney,Hal,R,R,PIT,C,Hal Finney,1932,"NL,Pittsburgh,Pirates"
frenl101,French,Larry,R,L,PIT,P,Larry French,1932,"NL,Pittsburgh,Pirates"
grace101,Grace,Earl,L,R,PIT,C,Earl Grace,1932,"NL,Pittsburgh,Pirates"
grosh102,Groskloss,Howdy,R,R,PIT,SS,Howdy Groskloss,1932,"NL,Pittsburgh,Pirates"
harrb105,Harris,Bill,R,R,PIT,P,Bill Harris,1932,"NL,Pittsburgh,Pirates"
jensw102,Jensen,Woody,L,L,PIT,OF,Woody Jensen,1932,"NL,Pittsburgh,Pirates"
kremr101,Kremer,Ray,R,R,PIT,P,Ray Kremer,1932,"NL,Pittsburgh,Pirates"
meinh101,Meine,Heinie,R,R,PIT,P,Heinie Meine,1932,"NL,Pittsburgh,Pirates"
paddt101,Padden,Tom,R,R,PIT,C,Tom Padden,1932,"NL,Pittsburgh,Pirates"
piett101,Piet,Tony,R,R,PIT,2B,Tony Piet,1932,"NL,Pittsburgh,Pirates"
smith109,Smith,Hal,R,R,PIT,P,Hal Smith,1932,"NL,Pittsburgh,Pirates"
speng101,Spencer,Glenn,R,R,PIT,P,Glenn Spencer,1932,"NL,Pittsburgh,Pirates"
suhrg101,Suhr,Gus,L,R,PIT,1B,Gus Suhr,1932,"NL,Pittsburgh,Pirates"
swets101,Swetonic,Steve,R,R,PIT,P,Steve Swetonic,1932,"NL,Pittsburgh,Pirates"
swifb101,Swift,Bill,R,R,PIT,P,Bill Swift,1932,"NL,Pittsburgh,Pirates"
thevt101,Thevenow,Tommy,R,R,PIT,SS,Tommy Thevenow,1932,"NL,Pittsburgh,Pirates"
trayp101,Traynor,Pie,R,R,PIT,3B,Pie Traynor,1932,"NL,Pittsburgh,Pirates"
vauga101,Vaughan,Arky,L,R,PIT,SS,Arky Vaughan,1932,"NL,Pittsburgh,Pirates"
wanel101,Waner,Lloyd,L,R,PIT,OF,Lloyd Waner,1932,"NL,Pittsburgh,Pirates"
wanep101,Waner,Paul,L,L,PIT,OF,Paul Waner,1932,"NL,Pittsburgh,Pirates"
booni101,Boone,Ike,L,R,BRO,OF,Ike Boone,1932,"NL,Brooklyn,Dodgers"
caldb101,Caldwell,Bruce,R,R,BRO,1B,Bruce Caldwell,1932,"NL,Brooklyn,Dodgers"
clanb101,Clancy,Bud,L,L,BRO,1B,Bud Clancy,1932,"NL,Brooklyn,Dodgers"
clarw101,Clark,Watty,L,L,BRO,P,Watty Clark,1932,"NL,Brooklyn,Dodgers"
cohea102,Cohen,Alta,L,L,BRO,OF,Alta Cohen,1932,"NL,Brooklyn,Dodgers"
cucct101,Cuccinello,Tony,R,R,BRO,2B,Tony Cuccinello,1932,"NL,Brooklyn,Dodgers"
finnn101,Finn,Neal,R,R,BRO,3B,Neal Finn,1932,"NL,Brooklyn,Dodgers"
fredj101,Frederick,Johnny,L,L,BRO,OF,Johnny Frederick,1932,"NL,Brooklyn,Dodgers"
heimf101,Heimach,Fred,L,L,BRO,P,Fred Heimach,1932,"NL,Brooklyn,Dodgers"
hoytw101,Hoyt,Waite,R,R,BRO,P,Waite Hoyt,1932,"NL,Brooklyn,Dodgers"
jonea101,Jones,Art,R,R,BRO,P,Art Jones,1932,"NL,Brooklyn,Dodgers"
kellg101,Kelly,High Pockets,R,R,BRO,1B,High Pockets Kelly,1932,"NL,Brooklyn,Dodgers"
lopea102,Lopez,Al,R,R,BRO,C,Al Lopez,1932,"NL,Brooklyn,Dodgers"
moorc101,Moore,Cy,R,R,BRO,P,Cy Moore,1932,"NL,Brooklyn,Dodgers"
mungv101,Mungo,Van,R,R,BRO,P,Van Mungo,1932,"NL,Brooklyn,Dodgers"
odoul101,O'Doul,Lefty,L,L,BRO,OF,Lefty O'Doul,1932,"NL,Brooklyn,Dodgers"
phelr101,Phelps,Ray,R,R,BRO,P,Ray Phelps,1932,"NL,Brooklyn,Dodgers"
piciv101,Picinich,Val,R,R,BRO,C,Val Picinich,1932,"NL,Brooklyn,Dodgers"
pipge101,Pipgras,Ed,R,R,BRO,P,Ed Pipgras,1932,"NL,Brooklyn,Dodgers"
quinj102,Quinn,Jack,R,R,BRO,P,Jack Quinn,1932,"NL,Brooklyn,Dodgers"
reisb102,Reis,Bobby,R,R,BRO,3B,Bobby Reis,1932,"NL,Brooklyn,Dodgers"
richp101,Richards,Paul,R,R,BRO,C,Paul Richards,1932,"NL,Brooklyn,Dodgers"
rosem101,Rosenfeld,Max,R,R,BRO,OF,Max Rosenfeld,1932,"NL,Brooklyn,Dodgers"
shauj101,Shaute,Joe,L,L,BRO,P,Joe Shaute,1932,"NL,Brooklyn,Dodgers"
siebd102,Siebert,Dick,L,L,BRO,1B,Dick Siebert,1932,"NL,Brooklyn,Dodgers"
sladg101,Slade,Gordon,R,R,BRO,SS,Gordon Slade,1932,"NL,Brooklyn,Dodgers"
strij101,Stripp,Joe,R,R,BRO,3B,Joe Stripp,1932,"NL,Brooklyn,Dodgers"
sukec101,Sukeforth,Clyde,L,R,BRO,C,Clyde Sukeforth,1932,"NL,Brooklyn,Dodgers"
tayld101,Taylor,Danny,R,R,BRO,OF,Danny Taylor,1932,"NL,Brooklyn,Dodgers"
thomf105,Thomas,Fay,R,R,BRO,P,Fay Thomas,1932,"NL,Brooklyn,Dodgers"
thomf106,Thompson,Fresco,R,R,BRO,PR,Fresco Thompson,1932,"NL,Brooklyn,Dodgers"
thurs101,Thurston,Sloppy,R,R,BRO,P,Sloppy Thurston,1932,"NL,Brooklyn,Dodgers"
vancd101,Vance,Dazzy,R,R,BRO,P,Dazzy Vance,1932,"NL,Brooklyn,Dodgers"
wilsh102,Wilson,Hack,R,R,BRO,OF,Hack Wilson,1932,"NL,Brooklyn,Dodgers"
wrigg102,Wright,Glenn,R,R,BRO,SS,Glenn Wright,1932,"NL,Brooklyn,Dodgers"
allej102,Allen,Johnny,R,R,NYA,P,Johnny Allen,1932,"AL,New York,Yankees"
andri101,Andrews,Ivy,R,R,NYA,P,Ivy Andrews,1932,"AL,New York,Yankees"
browj110,Brown,Jumbo,R,R,NYA,P,Jumbo Brown,1932,"AL,New York,Yankees"
byrds101,Byrd,Samuel,R,R,NYA,OF,Samuel Byrd,1932,"AL,New York,Yankees"
chapb102,Chapman,Ben,R,R,NYA,OF,Ben Chapman,1932,"AL,New York,Yankees"
combe101,Combs,Earle,L,R,NYA,OF,Earle Combs,1932,"AL,New York,Yankees"
cookd102,Cooke,Dusty,L,R,NYA,PR,Dusty Cooke,1932,"AL,New York,Yankees"
crosf103,Crosetti,Frankie,R,R,NYA,SS,Frankie Crosetti,1932,"AL,New York,Yankees"
devec101,Devens,Charlie,R,R,NYA,P,Charlie Devens,1932,"AL,New York,Yankees"
dickb101,Dickey,Bill,L,R,NYA,C,Bill Dickey,1932,"AL,New York,Yankees"
farrd101,Farrell,Doc,R,R,NYA,2B,Doc Farrell,1932,"AL,New York,Yankees"
gehrl101,Gehrig,Lou,L,L,NYA,1B,Lou Gehrig,1932,"AL,New York,Yankees"
glenj101,Glenn,Joe,R,R,NYA,C,Joe Glenn,1932,"AL,New York,Yankees"
gomel102,Gomez,Lefty,L,L,NYA,P,Lefty Gomez,1932,"AL,New York,Yankees"
hoagm101,Hoag,Myril,R,R,NYA,OF,Myril Hoag,1932,"AL,New York,Yankees"
johnh101,Johnson,Hank,R,R,NYA,P,Hank Johnson,1932,"AL,New York,Yankees"
jorga101,Jorgens,Arndt,R,R,NYA,C,Arndt Jorgens,1932,"AL,New York,Yankees"
laryl101,Lary,Lyn,R,R,NYA,SS,Lyn Lary,1932,"AL,New York,Yankees"
lazzt101,Lazzeri,Tony,R,R,NYA,2B,Tony Lazzeri,1932,"AL,New York,Yankees"
macfd101,MacFayden,Danny,R,R,NYA,P,Danny MacFayden,1932,"AL,New York,Yankees"
moorw101,Moore,Wilcy,R,R,NYA,P,Wilcy Moore,1932,"AL,New York,Yankees"
murpj103,Murphy,Johnny,R,R,NYA,P,Johnny Murphy,1932,"AL,New York,Yankees"
pennh101,Pennock,Herb,B,L,NYA,P,Herb Pennock,1932,"AL,New York,Yankees"
phile102,Phillips,Eddie,R,R,NYA,C,Eddie Phillips,1932,"AL,New York,Yankees"
pipgg101,Pipgras,George,R,R,NYA,P,George Pipgras,1932,"AL,New York,Yankees"
rhodg101,Rhodes,Gordon,R,R,NYA,P,Gordon Rhodes,1932,"AL,New York,Yankees"
ruffr101,Ruffing,Red,R,R,NYA,P,Red Ruffing,1932,"AL,New York,Yankees"
ruthb101,Ruth,Babe,L,L,NYA,OF,Babe Ruth,1932,"AL,New York,Yankees"
saltj101,Saltzgaver,Jack,L,R,NYA,2B,Jack Saltzgaver,1932,"AL,New York,Yankees"
schar102,Schalk,Roy,R,R,NYA,2B,Roy Schalk,1932,"AL,New York,Yankees"
sewej101,Sewell,Joe,L,R,NYA,3B,Joe Sewell,1932,"AL,New York,Yankees"
welle101,Wells,Ed,L,L,NYA,P,Ed Wells,1932,"AL,New York,Yankees"
allee101,Allen,Ethan,R,R,NY1,OF,Ethan Allen,1932,"NL,New York,Giants"
bellh101,Bell,Hi,R,R,NY1,P,Hi Bell,1932,"NL,New York,Giants"
crith101,Critz,Hughie,R,R,NY1,2B,Hughie Critz,1932,"NL,New York,Giants"
englg101,English,Gil,R,R,NY1,3B,Gil English,1932,"NL,New York,Giants"
fitzf101,Fitzsimmons,Freddie,R,R,NY1,P,Freddie Fitzsimmons,1932,"NL,New York,Giants"
fullc101,Fullis,Chick,R,R,NY1,OF,Chick Fullis,1932,"NL,New York,Giants"
gibss101,Gibson,Sam,L,R,NY1,P,Sam Gibson,1932,"NL,New York,Giants"
healf101,Healy,Francis,R,R,NY1,C,Francis Healy,1932,"NL,New York,Giants"
hogas101,Hogan,Shanty,R,R,NY1,C,Shanty Hogan,1932,"NL,New York,Giants"
hoytw101,Hoyt,Waite,R,R,NY1,P,Waite Hoyt,1932,"NL,New York,Giants"
hubbc101,Hubbell,Carl,R,L,NY1,P,Carl Hubbell,1932,"NL,New York,Giants"
jackt101,Jackson,Travis,R,R,NY1,SS,Travis Jackson,1932,"NL,New York,Giants"
koenl101,Koenecke,Len,L,R,NY1,OF,Len Koenecke,1932,"NL,New York,Giants"
lesls101,Leslie,Sam,L,L,NY1,1B,Sam Leslie,1932,"NL,New York,Giants"
lindf101,Lindstrom,Freddie,R,R,NY1,OF,Freddie Lindstrom,1932,"NL,New York,Giants"
luqud101,Luque,Dolf,R,R,NY1,P,Dolf Luque,1932,"NL,New York,Giants"
marse101,Marshall,Doc,R,R,NY1,SS,Doc Marshall,1932,"NL,New York,Giants"
mclaa101,McLarney,Art,B,R,NY1,SS,Art McLarney,1932,"NL,New York,Giants"
mitcc102,Mitchell,Clarence,L,L,NY1,P,Clarence Mitchell,1932,"NL,New York,Giants"
moonj101,Mooney,Jim,R,L,NY1,P,Jim Mooney,1932,"NL,New York,Giants"
moore102,Moore,Eddie,R,R,NY1,SS,Eddie Moore,1932,"NL,New York,Giants"
moorj103,Moore,Jo-Jo,L,R,NY1,OF,Jo-Jo Moore,1932,"NL,New York,Giants"
ofarb101,O'Farrell,Bob,R,R,NY1,C,Bob O'Farrell,1932,"NL,New York,Giants"
ott-m101,Ott,Mel,L,R,NY1,OF,Mel Ott,1932,"NL,New York,Giants"
parmr101,Parmelee,Roy,R,R,NY1,P,Roy Parmelee,1932,"NL,New York,Giants"
schuh103,Schumacher,Hal,R,R,NY1,P,Hal Schumacher,1932,"NL,New York,Giants"
terrb101,Terry,Bill,L,L,NY1,1B,Bill Terry,1932,"NL,New York,Giants"
tobit101,Tobin,Tip,R,R,NY1,PH,Tip Tobin,1932,"NL,New York,Giants"
veltp101,Veltman,Pat,R,R,NY1,PH,Pat Veltman,1932,"NL,New York,Giants"
vergj101,Vergez,Johnny,R,R,NY1,3B,Johnny Vergez,1932,"NL,New York,Giants"
walkb101,Walker,Bill,R,L,NY1,P,Bill Walker,1932,"NL,New York,Giants"
adams101,Adams,Sparky,R,R,SLN,3B,Sparky Adams,1932,"NL,St.Louis,Cardinals"
bladr102,Blades,Ray,R,R,SLN,OF,Ray Blades,1932,"NL,St.Louis,Cardinals"
bottj101,Bottomley,Jim,L,L,SLN,1B,Jim Bottomley,1932,"NL,St.Louis,Cardinals"
bresr101,Bressler,Rube,R,L,SLN,OF,Rube Bressler,1932,"NL,St.Louis,Cardinals"
carlt101,Carleton,Tex,B,R,SLN,P,Tex Carleton,1932,"NL,St.Louis,Cardinals"
collr101,Collins,Ripper,B,L,SLN,1B,Ripper Collins,1932,"NL,St.Louis,Cardinals"
cunnr101,Cunningham,Ray,R,R,SLN,3B,Ray Cunningham,1932,"NL,St.Louis,Cardinals"
deand102,Dean,Dizzy,R,R,SLN,P,Dizzy Dean,1932,"NL,St.Louis,Cardinals"
delab102,DeLancey,Bill,L,R,SLN,C,Bill DeLancey,1932,"NL,St.Louis,Cardinals"
delke101,Delker,Eddie,R,R,SLN,2B,Eddie Delker,1932,"NL,St.Louis,Cardinals"
derrp101,Derringer,Paul,R,R,SLN,P,Paul Derringer,1932,"NL,St.Louis,Cardinals"
flowj101,Flowers,Jake,R,R,SLN,3B,Jake Flowers,1932,"NL,St.Louis,Cardinals"
fordh101,Ford,Hod,R,R,SLN,SS,Hod Ford,1932,"NL,St.Louis,Cardinals"
freyb101,Frey,Benny,R,R,SLN,P,Benny Frey,1932,"NL,St.Louis,Cardinals"
frisf101,Frisch,Frankie,B,R,SLN,2B,Frankie Frisch,1932,"NL,St.Louis,Cardinals"
gelbc101,Gelbert,Charlie,R,R,SLN,SS,Charlie Gelbert,1932,"NL,St.Louis,Cardinals"
gonzm101,Gonzalez,Mike,R,R,SLN,C,Mike Gonzalez,1932,"NL,St.Louis,Cardinals"
hainj101,Haines,Jesse,R,R,SLN,P,Jesse Haines,1932,"NL,St.Louis,Cardinals"
hallb104,Hallahan,Bill,R,L,SLN,P,Bill Hallahan,1932,"NL,St.Louis,Cardinals"
hendh101,Hendrick,Harvey,L,R,SLN,3B,Harvey Hendrick,1932,"NL,St.Louis,Cardinals"
holmw101,Holm,Wattie,R,R,SLN,OF,Wattie Holm,1932,"NL,St.Louis,Cardinals"
huntj102,Hunt,Joel,R,R,SLN,OF,Joel Hunt,1932,"NL,St.Louis,Cardinals"
johns101,Johnson,Syl,R,R,SLN,P,Syl Johnson,1932,"NL,St.Louis,Cardinals"
lindj102,Lindsey,Jim,R,R,SLN,P,Jim Lindsey,1932,"NL,St.Louis,Cardinals"
mancg101,Mancuso,Gus,R,R,SLN,C,Gus Mancuso,1932,"NL,St.Louis,Cardinals"
martp103,Martin,Pepper,R,R,SLN,OF,Pepper Martin,1932,"NL,St.Louis,Cardinals"
medwj101,Medwick,Joe,R,R,SLN,OF,Joe Medwick,1932,"NL,St.Louis,Cardinals"
orsae101,Orsatti,Ernie,L,L,SLN,OF,Ernie Orsatti,1932,"NL,St.Louis,Cardinals"
peppr101,Pepper,Ray,R,R,SLN,OF,Ray Pepper,1932,"NL,St.Louis,Cardinals"
puccg101,Puccinelli,George,R,R,SLN,OF,George Puccinelli,1932,"NL,St.Louis,Cardinals"
reesj101,Reese,Jimmie,L,R,SLN,2B,Jimmie Reese,1932,"NL,St.Louis,Cardinals"
rhemf101,Rhem,Flint,R,R,SLN,P,Flint Rhem,1932,"NL,St.Louis,Cardinals"
sherb101,Sherdel,Bill,L,L,SLN,P,Bill Sherdel,1932,"NL,St.Louis,Cardinals"
starr101,Starr,Ray,R,R,SLN,P,Ray Starr,1932,"NL,St.Louis,Cardinals"
stoua101,Stout,Allyn,R,R,SLN,P,Allyn Stout,1932,"NL,St.Louis,Cardinals"
teacb101,Teachout,Bud,R,L,SLN,P,Bud Teachout,1932,"NL,St.Louis,Cardinals"
terwd101,Terwilliger,Dick,R,R,SLN,P,Dick Terwilliger,1932,"NL,St.Louis,Cardinals"
watkg101,Watkins,George,L,R,SLN,OF,George Watkins,1932,"NL,St.Louis,Cardinals"
webbs101,Webb,Skeeter,R,R,SLN,SS,Skeeter Webb,1932,"NL,St.Louis,Cardinals"
wilsc101,Wilson,Charlie,B,R,SLN,SS,Charlie Wilson,1932,"NL,St.Louis,Cardinals"
wilsj105,Wilson,Jimmie,R,R,SLN,C,Jimmie Wilson,1932,"NL,St.Louis,Cardinals"
winfj101,Winford,Jim,R,R,SLN,P,Jim Winford,1932,"NL,St.Louis,Cardinals"
asbjc101,Asbjornson,Casper,R,R,CIN,C,Casper Asbjornson,1932,"NL,Cincinnati,Reds"
bentl101,Benton,Larry,R,R,CIN,P,Larry Benton,1932,"NL,Cincinnati,Reds"
blueo101,Bluege,Otto,R,R,CIN,PR,Otto Bluege,1932,"NL,Cincinnati,Reds"
carro101,Carroll,Ownie,R,R,CIN,P,Ownie Carroll,1932,"NL,Cincinnati,Reds"
crabe101,Crabtree,Estel,L,R,CIN,OF,Estel Crabtree,1932,"NL,Cincinnati,Reds"
doutt101,Douthit,Taylor,R,R,CIN,OF,Taylor Douthit,1932,"NL,Cincinnati,Reds"
durol101,Durocher,Leo,R,R,CIN,SS,Leo Durocher,1932,"NL,Cincinnati,Reds"
freyb101,Frey,Benny,R,R,CIN,P,Benny Frey,1932,"NL,Cincinnati,Reds"
gilbw101,Gilbert,Wally,R,R,CIN,3B,Wally Gilbert,1932,"NL,Cincinnati,Reds"
grang102,Grantham,George,L,R,CIN,2B,George Grantham,1932,"NL,Cincinnati,Reds"
hafec101,Hafey,Chick,R,R,CIN,OF,Chick Hafey,1932,"NL,Cincinnati,Reds"
heatc101,Heathcote,Cliff,L,L,CIN,PR,Cliff Heathcote,1932,"NL,Cincinnati,Reds"
heatm101,Heath,Mickey,L,L,CIN,1B,Mickey Heath,1932,"NL,Cincinnati,Reds"
heilh101,Heilmann,Harry,R,R,CIN,1B,Harry Heilmann,1932,"NL,Cincinnati,Reds"
hendh101,Hendrick,Harvey,L,R,CIN,1B,Harvey Hendrick,1932,"NL,Cincinnati,Reds"
hermb102,Herman,Babe,L,L,CIN,OF,Babe Herman,1932,"NL,Cincinnati,Reds"
higha101,High,Andy,L,R,CIN,3B,Andy High,1932,"NL,Cincinnati,Reds"
hilcw101,Hilcher,Whitey,R,R,CIN,P,Whitey Hilcher,1932,"NL,Cincinnati,Reds"
johns103,Johnson,Si,R,R,CIN,P,Si Johnson,1932,"NL,Cincinnati,Reds"
kolpr101,Kolp,Ray,R,R,CIN,P,Ray Kolp,1932,"NL,Cincinnati,Reds"
lombe101,Lombardi,Ernie,R,R,CIN,C,Ernie Lombardi,1932,"NL,Cincinnati,Reds"
lucar102,Lucas,Red,L,R,CIN,P,Red Lucas,1932,"NL,Cincinnati,Reds"
manic101,Manion,Clyde,R,R,CIN,C,Clyde Manion,1932,"NL,Cincinnati,Reds"
morrj102,Morrissey,Jo-Jo,R,R,CIN,SS,Jo-Jo Morrissey,1932,"NL,Cincinnati,Reds"
ogdej101,Ogden,Jack,R,R,CIN,P,Jack Ogden,1932,"NL,Cincinnati,Reds"
rixee101,Rixey,Eppa,R,L,CIN,P,Eppa Rixey,1932,"NL,Cincinnati,Reds"
roetw101,Roettger,Wally,R,R,CIN,OF,Wally Roettger,1932,"NL,Cincinnati,Reds"
shevj101,Shevlin,Jimmy,L,L,CIN,1B,Jimmy Shevlin,1932,"NL,Cincinnati,Reds"
wysob101,Wysong,Biff,L,L,CIN,P,Biff Wysong,1932,"NL,Cincinnati,Reds"
baece101,Baecht,Ed,R,R,CHN,P,Ed Baecht,1932,"NL,Chicago,Cubs"
bartv101,Barton,Vince,L,R,CHN,OF,Vince Barton,1932,"NL,Chicago,Cubs"
bushg101,Bush,Guy,R,R,CHN,P,Guy Bush,1932,"NL,Chicago,Cubs"
cuylk101,Cuyler,Kiki,R,R,CHN,OF,Kiki Cuyler,1932,"NL,Chicago,Cubs"
demaf102,Demaree,Frank,R,R,CHN,OF,Frank Demaree,1932,"NL,Chicago,Cubs"
englw101,English,Woody,R,R,CHN,3B,Woody English,1932,"NL,Chicago,Cubs"
grimb101,Grimes,Burleigh,R,R,CHN,P,Burleigh Grimes,1932,"NL,Chicago,Cubs"
grimc101,Grimm,Charlie,L,L,CHN,1B,Charlie Grimm,1932,"NL,Chicago,Cubs"
gudam101,Gudat,Marv,L,L,CHN,OF,Marv Gudat,1932,"NL,Chicago,Cubs"
hacks101,Hack,Stan,L,R,CHN,3B,Stan Hack,1932,"NL,Chicago,Cubs"
hartg103,Hartnett,Gabby,R,R,CHN,C,Gabby Hartnett,1932,"NL,Chicago,Cubs"
hemsr101,Hemsley,Rollie,R,R,CHN,C,Rollie Hemsley,1932,"NL,Chicago,Cubs"
hermb101,Herman,Billy,R,R,CHN,2B,Billy Herman,1932,"NL,Chicago,Cubs"
herrl101,Herrmann,Leroy,R,R,CHN,P,Leroy Herrmann,1932,"NL,Chicago,Cubs"
hornr101,Hornsby,Rogers,R,R,CHN,OF,Rogers Hornsby,1932,"NL,Chicago,Cubs"
jurgb101,Jurges,Billy,R,R,CHN,SS,Billy Jurges,1932,"NL,Chicago,Cubs"
koenm101,Koenig,Mark,B,R,CHN,SS,Mark Koenig,1932,"NL,Chicago,Cubs"
malop103,Malone,Pat,L,R,CHN,P,Pat Malone,1932,"NL,Chicago,Cubs"
may-j102,May,Jakie,R,L,CHN,P,Jakie May,1932,"NL,Chicago,Cubs"
moorj104,Moore,Johnny,L,R,CHN,OF,Johnny Moore,1932,"NL,Chicago,Cubs"
newsb101,Newsom,Bobo,R,R,CHN,P,Bobo Newsom,1932,"NL,Chicago,Cubs"
richl103,Richbourg,Lance,L,R,CHN,OF,Lance Richbourg,1932,"NL,Chicago,Cubs"
rootc101,Root,Charlie,R,R,CHN,P,Charlie Root,1932,"NL,Chicago,Cubs"
smitb110,Smith,Bob,R,R,CHN,P,Bob Smith,1932,"NL,Chicago,Cubs"
stepr101,Stephenson,Riggs,R,R,CHN,OF,Riggs Stephenson,1932,"NL,Chicago,Cubs"
tayld101,Taylor,Danny,R,R,CHN,OF,Danny Taylor,1932,"NL,Chicago,Cubs"
taylh103,Taylor,Harry,L,L,CHN,1B,Harry Taylor,1932,"NL,Chicago,Cubs"
taylz101,Taylor,Zack,R,R,CHN,C,Zack Taylor,1932,"NL,Chicago,Cubs"
tinnb101,Tinning,Bud,B,R,CHN,P,Bud Tinning,1932,"NL,Chicago,Cubs"
warnl101,Warneke,Lon,R,R,CHN,P,Lon Warneke,1932,"NL,Chicago,Cubs"
yerkc101,Yerkes,Carroll,R,L,CHN,P,Carroll Yerkes,1932,"NL,Chicago,Cubs"
alexd101,Alexander,Dale,R,R,BOS,1B,Dale Alexander,1932,"AL,Boston,Red Sox"
andri101,Andrews,Ivy,R,R,BOS,P,Ivy Andrews,1932,"AL,Boston,Red Sox"
applp101,Appleton,Pete,R,R,BOS,P,Pete Appleton,1932,"AL,Boston,Red Sox"
berrc103,Berry,Charlie,R,R,BOS,C,Charlie Berry,1932,"AL,Boston,Red Sox"
boerl101,Boerner,Larry,R,R,BOS,P,Larry Boerner,1932,"AL,Boston,Red Sox"
conne101,Connolly,Ed,R,R,BOS,C,Ed Connolly,1932,"AL,Boston,Red Sox"
donop102,Donohue,Pete,R,R,BOS,P,Pete Donohue,1932,"AL,Boston,Red Sox"
durhe101,Durham,Ed,L,R,BOS,P,Ed Durham,1932,"AL,Boston,Red Sox"
galle101,Gallagher,Ed,B,L,BOS,P,Ed Gallagher,1932,"AL,Boston,Red Sox"
johnr102,Johnson,Roy,L,R,BOS,OF,Roy Johnson,1932,"AL,Boston,Red Sox"
jolls101,Jolley,Smead,L,R,BOS,OF,Smead Jolley,1932,"AL,Boston,Red Sox"
klinb103,Kline,Bob,R,R,BOS,P,Bob Kline,1932,"AL,Boston,Red Sox"
leher101,Leheny,Regis,L,L,BOS,P,Regis Leheny,1932,"AL,Boston,Red Sox"
liseh101,Lisenbee,Hod,R,R,BOS,P,Hod Lisenbee,1932,"AL,Boston,Red Sox"
lucaj101,Lucas,Johnny,R,L,BOS,PH,Johnny Lucas,1932,"AL,Boston,Red Sox"
macfd101,MacFayden,Danny,R,R,BOS,P,Danny MacFayden,1932,"AL,Boston,Red Sox"
mclaj101,McLaughlin,Jud,L,L,BOS,P,Jud McLaughlin,1932,"AL,Boston,Red Sox"
mcmam101,McManus,Marty,R,R,BOS,2B,Marty McManus,1932,"AL,Boston,Red Sox"
mcnag102,McNaughton,Gordon,R,R,BOS,P,Gordon McNaughton,1932,"AL,Boston,Red Sox"
michj102,Michaels,John,L,L,BOS,P,John Michaels,1932,"AL,Boston,Red Sox"
millo102,Miller,Otis,R,R,BOS,PH,Otis Miller,1932,"AL,Boston,Red Sox"
moorw101,Moore,Wilcy,R,R,BOS,P,Wilcy Moore,1932,"AL,Boston,Red Sox"
olivt101,Oliver,Tom,R,R,BOS,OF,Tom Oliver,1932,"AL,Boston,Red Sox"
olsom101,Olson,Marv,R,R,BOS,2B,Marv Olson,1932,"AL,Boston,Red Sox"
patth101,Patterson,Hank,R,R,BOS,C,Hank Patterson,1932,"AL,Boston,Red Sox"
picku101,Pickering,Urbane,R,R,BOS,3B,Urbane Pickering,1932,"AL,Boston,Red Sox"
redej101,Reder,Johnny,R,R,BOS,1B,Johnny Reder,1932,"AL,Boston,Red Sox"
rhodg101,Rhodes,Gordon,R,R,BOS,P,Gordon Rhodes,1932,"AL,Boston,Red Sox"
rhynh101,Rhyne,Hal,R,R,BOS,SS,Hal Rhyne,1932,"AL,Boston,Red Sox"
rothj101,Rothrock,Jack,B,R,BOS,OF,Jack Rothrock,1932,"AL,Boston,Red Sox"
russj103,Russell,Jack,R,R,BOS,P,Jack Russell,1932,"AL,Boston,Red Sox"
spoga101,Spognardi,Andy,R,R,BOS,2B,Andy Spognardi,1932,"AL,Boston,Red Sox"
storh101,Storie,Howie,R,R,BOS,C,Howie Storie,1932,"AL,Boston,Red Sox"
stumg101,Stumpf,George,L,L,BOS,OF,George Stumpf,1932,"AL,Boston,Red Sox"
tateb101,Tate,Bennie,L,R,BOS,C,Bennie Tate,1932,"AL,Boston,Red Sox"
vanca101,Van Camp,Al,R,R,BOS,1B,Al Van Camp,1932,"AL,Boston,Red Sox"
warsr101,Warstler,Rabbit,R,R,BOS,SS,Rabbit Warstler,1932,"AL,Boston,Red Sox"
watwj101,Watwood,Johnny,L,L,BOS,OF,Johnny Watwood,1932,"AL,Boston,Red Sox"
webbe101,Webb,Earl,L,R,BOS,OF,Earl Webb,1932,"AL,Boston,Red Sox"
weilb101,Weiland,Bob,L,L,BOS,P,Bob Weiland,1932,"AL,Boston,Red Sox"
welcj101,Welch,Johnny,L,R,BOS,P,Johnny Welch,1932,"AL,Boston,Red Sox"
bergm103,Berg,Moe,R,R,WS1,C,Moe Berg,1932,"AL,Washington,Senators"
blueo102,Bluege,Ossie,R,R,WS1,3B,Ossie Bluege,1932,"AL,Washington,Senators"
browl101,Brown,Lloyd,L,L,WS1,P,Lloyd Brown,1932,"AL,Washington,Senators"
burkb102,Burke,Bobby,L,L,WS1,P,Bobby Burke,1932,"AL,Washington,Senators"
coffd101,Coffman,Dick,R,R,WS1,P,Dick Coffman,1932,"AL,Washington,Senators"
cronj101,Cronin,Joe,R,R,WS1,SS,Joe Cronin,1932,"AL,Washington,Senators"
crowg102,Crowder,General,L,R,WS1,P,General Crowder,1932,"AL,Washington,Senators"
edele101,Edelen,Ed,R,R,WS1,P,Ed Edelen,1932,"AL,Washington,Senators"
fiscc101,Fischer,Carl,R,L,WS1,P,Carl Fischer,1932,"AL,Washington,Senators"
frieb104,Friedrichs,Bob,R,R,WS1,P,Bob Friedrichs,1932,"AL,Washington,Senators"
harrd101,Harris,Dave,R,R,WS1,OF,Dave Harris,1932,"AL,Washington,Senators"
judgj101,Judge,Joe,L,L,WS1,1B,Joe Judge,1932,"AL,Washington,Senators"
kerrj102,Kerr,John,R,R,WS1,2B,John Kerr,1932,"AL,Washington,Senators"
kingw101,Kingdon,Wes,R,R,WS1,3B,Wes Kingdon,1932,"AL,Washington,Senators"
kuhej101,Kuhel,Joe,L,L,WS1,1B,Joe Kuhel,1932,"AL,Washington,Senators"
manuh101,Manush,Heinie,L,L,WS1,OF,Heinie Manush,1932,"AL,Washington,Senators"
maplh101,Maple,Howard,L,R,WS1,C,Howard Maple,1932,"AL,Washington,Senators"
marbf101,Marberry,Firpo,R,R,WS1,P,Firpo Marberry,1932,"AL,Washington,Senators"
mcafb101,McAfee,Bill,R,R,WS1,P,Bill McAfee,1932,"AL,Washington,Senators"
mclej101,McLeod,Jim,R,R,WS1,SS,Jim McLeod,1932,"AL,Washington,Senators"
mussd101,Musser,Danny,L,R,WS1,3B,Danny Musser,1932,"AL,Washington,Senators"
myerb103,Myer,Buddy,L,R,WS1,2B,Buddy Myer,1932,"AL,Washington,Senators"
raglf101,Ragland,Frank,R,R,WS1,P,Frank Ragland,1932,"AL,Washington,Senators"
reync102,Reynolds,Carl,R,R,WS1,OF,Carl Reynolds,1932,"AL,Washington,Senators"
rices101,Rice,Sam,L,R,WS1,OF,Sam Rice,1932,"AL,Washington,Senators"
spenr101,Spencer,Roy,R,R,WS1,C,Roy Spencer,1932,"AL,Washington,Senators"
thomb102,Thomas,Bud,R,R,WS1,P,Bud Thomas,1932,"AL,Washington,Senators"
thomt103,Thomas,Tommy,R,R,WS1,P,Tommy Thomas,1932,"AL,Washington,Senators"
weavm101,Weaver,Monte,L,R,WS1,P,Monte Weaver,1932,"AL,Washington,Senators"
wests101,West,Sam,L,L,WS1,OF,Sam West,1932,"AL,Washington,Senators"
