player_id,last,first,bats,throws,team_id,pos,player_name,year,team_name
austj101,Austin,Jimmy,B,R,SLA,SS,Jimmy Austin,1921,"AL,St.Louis,Browns"
baynb101,Bayne,Bill,L,L,SLA,P,Bill Bayne,1921,"AL,St.Louis,Browns"
billj103,Billings,Josh,R,R,SLA,C,Josh Billings,1921,"AL,St.Louis,Browns"
boehg101,Boehler,George,R,R,SLA,P,George Boehler,1921,"AL,St.Louis,Browns"
bolab101,Boland,Bernie,R,R,SLA,P,Bernie Boland,1921,"AL,St.Louis,Browns"
burwb101,Burwell,Bill,L,R,SLA,P,Bill Burwell,1921,"AL,St.Louis,Browns"
collp101,Collins,Pat,R,R,SLA,C,Pat Collins,1921,"AL,St.Louis,Browns"
culln101,Cullop,Nick,L,L,SLA,P,Nick Cullop,1921,"AL,St.Louis,Browns"
david102,Davis,Dixie,R,R,SLA,P,Dixie Davis,1921,"AL,St.Louis,Browns"
debej101,DeBerry,Joe,L,R,SLA,P,Joe DeBerry,1921,"AL,St.Louis,Browns"
ellef101,Ellerbe,Frank,R,R,SLA,3B,Frank Ellerbe,1921,"AL,St.Louis,Browns"
gerbw101,Gerber,Wally,R,R,SLA,SS,Wally Gerber,1921,"AL,St.Louis,Browns"
gleab101,Gleason,Billy,R,R,SLA,2B,Billy Gleason,1921,"AL,St.Louis,Browns"
henrd101,Henry,Dutch,L,L,SLA,P,Dutch Henry,1921,"AL,St.Louis,Browns"
jacow101,Jacobson,Baby Doll,R,R,SLA,OF,Baby Doll Jacobson,1921,"AL,St.Louis,Browns"
kolpr101,Kolp,Ray,R,R,SLA,P,Ray Kolp,1921,"AL,St.Louis,Browns"
lambl101,Lamb,Lyman,R,R,SLA,3B,Lyman Lamb,1921,"AL,St.Louis,Browns"
lee-d101,Lee,Dud,L,R,SLA,SS,Dud Lee,1921,"AL,St.Louis,Browns"
mcmam101,McManus,Marty,R,R,SLA,2B,Marty McManus,1921,"AL,St.Louis,Browns"
morrb103,Bennett,Bugs,R,R,SLA,P,Bugs Bennett,1921,"AL,St.Louis,Browns"
mullb101,Mullen,Billy,R,R,SLA,3B,Billy Mullen,1921,"AL,St.Louis,Browns"
palme102,Palmero,Emilio,L,L,SLA,P,Emilio Palmero,1921,"AL,St.Louis,Browns"
richr102,Richmond,Ray,R,R,SLA,P,Ray Richmond,1921,"AL,St.Louis,Browns"
rilej101,Riley,Jim,L,R,SLA,2B,Jim Riley,1921,"AL,St.Louis,Browns"
seveh101,Severeid,Hank,R,R,SLA,C,Hank Severeid,1921,"AL,St.Louis,Browns"
shocu101,Shocker,Urban,R,R,SLA,P,Urban Shocker,1921,"AL,St.Louis,Browns"
sislg101,Sisler,George,L,L,SLA,1B,George Sisler,1921,"AL,St.Louis,Browns"
smite107,Smith,Earl,B,R,SLA,3B,Earl Smith,1921,"AL,St.Louis,Browns"
sotha101,Sothoron,Allen,B,R,SLA,P,Allen Sothoron,1921,"AL,St.Louis,Browns"
stual101,Stuart,Luke,R,R,SLA,2B,Luke Stuart,1921,"AL,St.Louis,Browns"
tobij101,Tobin,Jack,L,L,SLA,OF,Jack Tobin,1921,"AL,St.Louis,Browns"
vange101,Vangilder,Elam,R,R,SLA,P,Elam Vangilder,1921,"AL,St.Louis,Browns"
wetzd101,Wetzel,Dutch,R,R,SLA,OF,Dutch Wetzel,1921,"AL,St.Louis,Browns"
willk101,Williams,Ken,L,R,SLA,OF,Ken Williams,1921,"AL,St.Louis,Browns"
bails101,Bailey,Sweetbread,R,R,BRO,P,Sweetbread Bailey,1921,"NL,Brooklyn,Dodgers"
cadol101,Cadore,Leon,R,R,BRO,P,Leon Cadore,1921,"NL,Brooklyn,Dodgers"
eayre101,Eayrs,Eddie,L,L,BRO,OF,Eddie Eayrs,1921,"NL,Brooklyn,Dodgers"
gordr101,Gordinier,Ray,B,R,BRO,P,Ray Gordinier,1921,"NL,Brooklyn,Dodgers"
grift102,Griffith,Tommy,L,R,BRO,OF,Tommy Griffith,1921,"NL,Brooklyn,Dodgers"
grimb101,Grimes,Burleigh,R,R,BRO,P,Burleigh Grimes,1921,"NL,Brooklyn,Dodgers"
hoodw101,Hood,Wally,R,R,BRO,OF,Wally Hood,1921,"NL,Brooklyn,Dodgers"
janvh101,Janvrin,Hal,R,R,BRO,SS,Hal Janvrin,1921,"NL,Brooklyn,Dodgers"
johnj107,Johnston,Jimmy,R,R,BRO,3B,Jimmy Johnston,1921,"NL,Brooklyn,Dodgers"
kildp101,Kilduff,Pete,R,R,BRO,2B,Pete Kilduff,1921,"NL,Brooklyn,Dodgers"
konee101,Konetchy,Ed,R,R,BRO,1B,Ed Konetchy,1921,"NL,Brooklyn,Dodgers"
kruee101,Krueger,Ernie,R,R,BRO,C,Ernie Krueger,1921,"NL,Brooklyn,Dodgers"
lamab101,Lamar,Bill,L,R,BRO,OF,Bill Lamar,1921,"NL,Brooklyn,Dodgers"
mamaa101,Mamaux,Al,R,R,BRO,P,Al Mamaux,1921,"NL,Brooklyn,Dodgers"
miljj101,Miljus,Johnny,R,R,BRO,P,Johnny Miljus,1921,"NL,Brooklyn,Dodgers"
millo103,Miller,Otto,R,R,BRO,C,Otto Miller,1921,"NL,Brooklyn,Dodgers"
mitcc102,Mitchell,Clarence,L,L,BRO,P,Clarence Mitchell,1921,"NL,Brooklyn,Dodgers"
mohag101,Mohart,George,R,R,BRO,P,George Mohart,1921,"NL,Brooklyn,Dodgers"
myerh102,Myers,Hi,R,R,BRO,OF,Hi Myers,1921,"NL,Brooklyn,Dodgers"
neisb101,Neis,Bernie,R,R,BRO,OF,Bernie Neis,1921,"NL,Brooklyn,Dodgers"
olsoi101,Olson,Ivy,R,R,BRO,SS,Ivy Olson,1921,"NL,Brooklyn,Dodgers"
pfefj101,Pfeffer,Jeff,R,R,BRO,P,Jeff Pfeffer,1921,"NL,Brooklyn,Dodgers"
ruetd101,Ruether,Dutch,L,L,BRO,P,Dutch Ruether,1921,"NL,Brooklyn,Dodgers"
schmr101,Schmandt,Ray,R,R,BRO,1B,Ray Schmandt,1921,"NL,Brooklyn,Dodgers"
schuf102,Schupp,Ferdie,R,L,BRO,P,Ferdie Schupp,1921,"NL,Brooklyn,Dodgers"
sheej101,Sheehan,Jack,B,R,BRO,2B,Jack Sheehan,1921,"NL,Brooklyn,Dodgers"
smits102,Smith,Sherry,R,L,BRO,P,Sherry Smith,1921,"NL,Brooklyn,Dodgers"
taylz101,Taylor,Zack,R,R,BRO,C,Zack Taylor,1921,"NL,Brooklyn,Dodgers"
wardc102,Ward,Chuck,R,R,BRO,SS,Chuck Ward,1921,"NL,Brooklyn,Dodgers"
wheaz101,Wheat,Zack,L,R,BRO,OF,Zack Wheat,1921,"NL,Brooklyn,Dodgers"
adamb104,Adams,Babe,L,R,PIT,P,Babe Adams,1921,"NL,Pittsburgh,Pirates"
barnc102,Barnhart,Clyde,R,R,PIT,3B,Clyde Barnhart,1921,"NL,Pittsburgh,Pirates"
bigbc101,Bigbee,Carson,L,R,PIT,OF,Carson Bigbee,1921,"NL,Pittsburgh,Pirates"
bigbl101,Bigbee,Lyle,L,R,PIT,P,Lyle Bigbee,1921,"NL,Pittsburgh,Pirates"
brott101,Brottem,Tony,R,R,PIT,C,Tony Brottem,1921,"NL,Pittsburgh,Pirates"
carem101,Carey,Max,B,R,PIT,OF,Max Carey,1921,"NL,Pittsburgh,Pirates"
carlh101,Carlson,Hal,R,R,PIT,P,Hal Carlson,1921,"NL,Pittsburgh,Pirates"
coopw101,Cooper,Wilbur,R,L,PIT,P,Wilbur Cooper,1921,"NL,Pittsburgh,Pirates"
cutsg101,Cutshaw,George,R,R,PIT,2B,George Cutshaw,1921,"NL,Pittsburgh,Pirates"
cuylk101,Cuyler,Kiki,R,R,PIT,OF,Kiki Cuyler,1921,"NL,Pittsburgh,Pirates"
glazw101,Glazner,Whitey,R,R,PIT,P,Whitey Glazner,1921,"NL,Pittsburgh,Pirates"
goocj101,Gooch,Johnny,B,R,PIT,C,Johnny Gooch,1921,"NL,Pittsburgh,Pirates"
grimc101,Grimm,Charlie,L,L,PIT,1B,Charlie Grimm,1921,"NL,Pittsburgh,Pirates"
hamie101,Hamilton,Earl,L,L,PIT,P,Earl Hamilton,1921,"NL,Pittsburgh,Pirates"
hughb102,Hughes,Bill,R,R,PIT,P,Bill Hughes,1921,"NL,Pittsburgh,Pirates"
marar101,Maranville,Rabbit,R,R,PIT,SS,Rabbit Maranville,1921,"NL,Pittsburgh,Pirates"
mokaj101,Mokan,Johnny,R,R,PIT,OF,Johnny Mokan,1921,"NL,Pittsburgh,Pirates"
morrj105,Morrison,Johnny,R,R,PIT,P,Johnny Morrison,1921,"NL,Pittsburgh,Pirates"
morrp101,Morrison,Phil,B,R,PIT,P,Phil Morrison,1921,"NL,Pittsburgh,Pirates"
ponde101,Ponder,Elmer,R,R,PIT,P,Elmer Ponder,1921,"NL,Pittsburgh,Pirates"
raded102,Rader,Drew,R,L,PIT,P,Drew Rader,1921,"NL,Pittsburgh,Pirates"
robed103,Robertson,Dave,L,L,PIT,OF,Dave Robertson,1921,"NL,Pittsburgh,Pirates"
rohwr101,Rohwer,Ray,L,L,PIT,OF,Ray Rohwer,1921,"NL,Pittsburgh,Pirates"
schmw102,Schmidt,Walter,R,R,PIT,C,Walter Schmidt,1921,"NL,Pittsburgh,Pirates"
skifb101,Skiff,Bill,R,R,PIT,C,Bill Skiff,1921,"NL,Pittsburgh,Pirates"
tierc101,Tierney,Cotton,R,R,PIT,2B,Cotton Tierney,1921,"NL,Pittsburgh,Pirates"
trayp101,Traynor,Pie,R,R,PIT,3B,Pie Traynor,1921,"NL,Pittsburgh,Pirates"
warwb101,Warwick,Bill,R,R,PIT,C,Bill Warwick,1921,"NL,Pittsburgh,Pirates"
wheer101,Wheeler,Rip,R,R,PIT,P,Rip Wheeler,1921,"NL,Pittsburgh,Pirates"
whitp102,Whitted,Possum,R,R,PIT,OF,Possum Whitted,1921,"NL,Pittsburgh,Pirates"
wilsm103,Wilson,Mike,R,R,PIT,C,Mike Wilson,1921,"NL,Pittsburgh,Pirates"
yellc101,Yellow Horse,Chief,R,R,PIT,P,Chief Yellow Horse,1921,"NL,Pittsburgh,Pirates"
zinnj101,Zinn,Jimmy,L,R,PIT,P,Jimmy Zinn,1921,"NL,Pittsburgh,Pirates"
barrb105,Barrett,Bill,R,R,PHA,SS,Bill Barrett,1921,"AL,Philadelphia,Athletics"
bishb102,Bishop,Bill,L,L,PHA,P,Bill Bishop,1921,"AL,Philadelphia,Athletics"
brazf101,Brazill,Frank,L,R,PHA,1B,Frank Brazill,1921,"AL,Philadelphia,Athletics"
callf101,Callaway,Frank,R,R,PHA,SS,Frank Callaway,1921,"AL,Philadelphia,Athletics"
collz101,Collins,Zip,L,L,PHA,OF,Zip Collins,1921,"AL,Philadelphia,Athletics"
dugaj101,Dugan,Joe,R,R,PHA,3B,Joe Dugan,1921,"AL,Philadelphia,Athletics"
dykej101,Dykes,Jimmy,R,R,PHA,2B,Jimmy Dykes,1921,"AL,Philadelphia,Athletics"
freeh102,Freeman,Harvey,R,R,PHA,P,Harvey Freeman,1921,"AL,Philadelphia,Athletics"
fulgd101,Fulghum,Dot,R,R,PHA,SS,Dot Fulghum,1921,"AL,Philadelphia,Athletics"
gallc101,Galloway,Chick,R,R,PHA,SS,Chick Galloway,1921,"AL,Philadelphia,Athletics"
grifi101,Griffin,Ivy,L,R,PHA,1B,Ivy Griffin,1921,"AL,Philadelphia,Athletics"
harrs101,Harriss,Slim,R,R,PHA,P,Slim Harriss,1921,"AL,Philadelphia,Athletics"
hastb101,Hasty,Bob,R,R,PHA,P,Bob Hasty,1921,"AL,Philadelphia,Athletics"
heimf101,Heimach,Fred,L,L,PHA,P,Fred Heimach,1921,"AL,Philadelphia,Athletics"
johnp102,Johnson,Paul,R,R,PHA,OF,Paul Johnson,1921,"AL,Philadelphia,Athletics"
keefd101,Keefe,Dave,L,R,PHA,P,Dave Keefe,1921,"AL,Philadelphia,Athletics"
mallb101,Mallonee,Ben,L,L,PHA,OF,Ben Mallonee,1921,"AL,Philadelphia,Athletics"
mccae101,McCann,Emmet,R,R,PHA,SS,Emmet McCann,1921,"AL,Philadelphia,Athletics"
miner101,Miner,Ray,R,L,PHA,P,Ray Miner,1921,"AL,Philadelphia,Athletics"
moorr102,Moore,Roy,B,L,PHA,P,Roy Moore,1921,"AL,Philadelphia,Athletics"
myatg101,Myatt,Glenn,L,R,PHA,C,Glenn Myatt,1921,"AL,Philadelphia,Athletics"
naylr101,Naylor,Rollie,R,R,PHA,P,Rollie Naylor,1921,"AL,Philadelphia,Athletics"
perkc101,Perkins,Cy,R,R,PHA,C,Cy Perkins,1921,"AL,Philadelphia,Athletics"
perrs101,Perry,Scott,L,R,PHA,P,Scott Perry,1921,"AL,Philadelphia,Athletics"
romme101,Rommel,Eddie,R,R,PHA,P,Eddie Rommel,1921,"AL,Philadelphia,Athletics"
shanr101,Shannon,Red,B,R,PHA,PH,Red Shannon,1921,"AL,Philadelphia,Athletics"
styll101,Styles,Lena,R,R,PHA,C,Lena Styles,1921,"AL,Philadelphia,Athletics"
sullj108,Sullivan,Jim,R,R,PHA,P,Jim Sullivan,1921,"AL,Philadelphia,Athletics"
tayla101,Taylor,Arlas,R,L,PHA,P,Arlas Taylor,1921,"AL,Philadelphia,Athletics"
walkf102,Walker,Frank,R,R,PHA,OF,Frank Walker,1921,"AL,Philadelphia,Athletics"
walkj103,Walker,Johnny,R,R,PHA,1B,Johnny Walker,1921,"AL,Philadelphia,Athletics"
walkt101,Walker,Tillie,R,R,PHA,OF,Tillie Walker,1921,"AL,Philadelphia,Athletics"
welcf101,Welch,Frank,R,R,PHA,OF,Frank Welch,1921,"AL,Philadelphia,Athletics"
wittw101,Witt,Whitey,L,R,PHA,OF,Whitey Witt,1921,"AL,Philadelphia,Athletics"
wolfl102,Wolf,Lefty,R,L,PHA,P,Lefty Wolf,1921,"AL,Philadelphia,Athletics"
yotee101,Yoter,Elmer,R,R,PHA,PH,Elmer Yoter,1921,"AL,Philadelphia,Athletics"
barbw101,Barbare,Walter,R,R,BSN,SS,Walter Barbare,1921,"NL,Boston,Braves"
boect101,Boeckel,Tony,R,R,BSN,3B,Tony Boeckel,1921,"NL,Boston,Braves"
braxg101,Braxton,Garland,B,L,BSN,P,Garland Braxton,1921,"NL,Boston,Braves"
chril103,Christenbury,Lloyd,L,R,BSN,2B,Lloyd Christenbury,1921,"NL,Boston,Braves"
coonj101,Cooney,Johnny,R,L,BSN,P,Johnny Cooney,1921,"NL,Boston,Braves"
cruiw101,Cruise,Walton,L,R,BSN,OF,Walton Cruise,1921,"NL,Boston,Braves"
eayre101,Eayrs,Eddie,L,L,BSN,P,Eddie Eayrs,1921,"NL,Boston,Braves"
filld101,Fillingim,Dana,L,R,BSN,P,Dana Fillingim,1921,"NL,Boston,Braves"
fordh101,Ford,Hod,R,R,BSN,2B,Hod Ford,1921,"NL,Boston,Braves"
gibsf101,Gibson,Frank,B,R,BSN,C,Frank Gibson,1921,"NL,Boston,Braves"
gowdh101,Gowdy,Hank,R,R,BSN,C,Hank Gowdy,1921,"NL,Boston,Braves"
holkw101,Holke,Walter,B,L,BSN,1B,Walter Holke,1921,"NL,Boston,Braves"
mcquh101,McQuillan,Hugh,R,R,BSN,P,Hugh McQuillan,1921,"NL,Boston,Braves"
morgc101,Morgan,Cy,R,R,BSN,P,Cy Morgan,1921,"NL,Boston,Braves"
nichf101,Nicholson,Fred,R,R,BSN,OF,Fred Nicholson,1921,"NL,Boston,Braves"
nixoa101,Nixon,Al,R,L,BSN,OF,Al Nixon,1921,"NL,Boston,Braves"
oescj101,Oeschger,Joe,R,R,BSN,P,Joe Oeschger,1921,"NL,Boston,Braves"
oneim102,O'Neil,Mickey,R,R,BSN,C,Mickey O'Neil,1921,"NL,Boston,Braves"
piera101,Pierotti,Al,R,R,BSN,P,Al Pierotti,1921,"NL,Boston,Braves"
power101,Powell,Ray,L,R,BSN,OF,Ray Powell,1921,"NL,Boston,Braves"
scotj101,Scott,Jack,L,R,BSN,P,Jack Scott,1921,"NL,Boston,Braves"
soutb101,Southworth,Billy,L,R,BSN,OF,Billy Southworth,1921,"NL,Boston,Braves"
sullj105,Sullivan,John,R,R,BSN,PH,John Sullivan,1921,"NL,Boston,Braves"
towni101,Townsend,Ira,R,R,BSN,P,Ira Townsend,1921,"NL,Boston,Braves"
townl101,Townsend,Leo,L,L,BSN,P,Leo Townsend,1921,"NL,Boston,Braves"
watsm103,Watson,Mule,R,R,BSN,P,Mule Watson,1921,"NL,Boston,Braves"
ainse101,Ainsmith,Eddie,R,R,DET,C,Eddie Ainsmith,1921,"AL,Detroit,Tigers"
ayerd101,Ayers,Doc,R,R,DET,P,Doc Ayers,1921,"AL,Detroit,Tigers"
barns101,Barnes,Sam,L,R,DET,2B,Sam Barnes,1921,"AL,Detroit,Tigers"
bassj102,Bassler,Johnny,L,R,DET,C,Johnny Bassler,1921,"AL,Detroit,Tigers"
bluel101,Blue,Lu,B,L,DET,1B,Lu Blue,1921,"AL,Detroit,Tigers"
boond102,Boone,Dan,R,R,DET,P,Dan Boone,1921,"AL,Detroit,Tigers"
bushd102,Bush,Donie,B,R,DET,SS,Donie Bush,1921,"AL,Detroit,Tigers"
cobbt101,Cobb,Ty,L,R,DET,OF,Ty Cobb,1921,"AL,Detroit,Tigers"
coleb101,Cole,Bert,L,L,DET,P,Bert Cole,1921,"AL,Detroit,Tigers"
cunng101,Cunningham,George,R,R,DET,OF,George Cunningham,1921,"AL,Detroit,Tigers"
daush101,Dauss,Hooks,R,R,DET,P,Hooks Dauss,1921,"AL,Detroit,Tigers"
ehmkh101,Ehmke,Howard,R,R,DET,P,Howard Ehmke,1921,"AL,Detroit,Tigers"
flagi101,Flagstead,Ira,R,R,DET,SS,Ira Flagstead,1921,"AL,Detroit,Tigers"
hales101,Hale,Sammy,R,R,DET,PR,Sammy Hale,1921,"AL,Detroit,Tigers"
heilh101,Heilmann,Harry,R,R,DET,OF,Harry Heilmann,1921,"AL,Detroit,Tigers"
hollc102,Holling,Carl,R,R,DET,P,Carl Holling,1921,"AL,Detroit,Tigers"
hubec101,Huber,Clarence,R,R,DET,3B,Clarence Huber,1921,"AL,Detroit,Tigers"
joneb103,Jones,Bob,L,R,DET,3B,Bob Jones,1921,"AL,Detroit,Tigers"
leond102,Leonard,Dutch,L,L,DET,P,Dutch Leonard,1921,"AL,Detroit,Tigers"
manic101,Manion,Clyde,R,R,DET,C,Clyde Manion,1921,"AL,Detroit,Tigers"
merrh101,Merritt,Herm,R,R,DET,SS,Herm Merritt,1921,"AL,Detroit,Tigers"
middj102,Middleton,Jim,R,R,DET,P,Jim Middleton,1921,"AL,Detroit,Tigers"
oldhr101,Oldham,Red,B,L,DET,P,Red Oldham,1921,"AL,Detroit,Tigers"
parks101,Parks,Slicker,R,R,DET,P,Slicker Parks,1921,"AL,Detroit,Tigers"
perrp101,Perritt,Pol,R,R,DET,P,Pol Perritt,1921,"AL,Detroit,Tigers"
sargj101,Sargent,Joe,R,R,DET,2B,Joe Sargent,1921,"AL,Detroit,Tigers"
shorc101,Shorten,Chick,L,L,DET,OF,Chick Shorten,1921,"AL,Detroit,Tigers"
stewl101,Stewart,Lefty,R,L,DET,P,Lefty Stewart,1921,"AL,Detroit,Tigers"
suths101,Sutherland,Suds,R,R,DET,P,Suds Sutherland,1921,"AL,Detroit,Tigers"
tavej101,Tavener,Jackie,L,R,DET,SS,Jackie Tavener,1921,"AL,Detroit,Tigers"
veacb101,Veach,Bobby,L,R,DET,OF,Bobby Veach,1921,"AL,Detroit,Tigers"
walsj106,Walsh,Jim,L,L,DET,P,Jim Walsh,1921,"AL,Detroit,Tigers"
woodl101,Woodall,Larry,R,R,DET,C,Larry Woodall,1921,"AL,Detroit,Tigers"
younr103,Young,Ralph,B,R,DET,2B,Ralph Young,1921,"AL,Detroit,Tigers"
bagbj101,Bagby,Jim,B,R,CLE,P,Jim Bagby,1921,"AL,Cleveland,Indians"
burng102,Burns,George,R,R,CLE,1B,George Burns,1921,"AL,Cleveland,Indians"
caldr101,Caldwell,Ray,L,R,CLE,P,Ray Caldwell,1921,"AL,Cleveland,Indians"
clarb105,Clark,Bob,R,R,CLE,P,Bob Clark,1921,"AL,Cleveland,Indians"
coves101,Coveleski,Stan,R,R,CLE,P,Stan Coveleski,1921,"AL,Cleveland,Indians"
evanj101,Evans,Joe,R,R,CLE,OF,Joe Evans,1921,"AL,Cleveland,Indians"
gardl101,Gardner,Larry,L,R,CLE,3B,Larry Gardner,1921,"AL,Cleveland,Indians"
granj104,Graney,Jack,L,L,CLE,OF,Jack Graney,1921,"AL,Cleveland,Indians"
guisl101,Guisto,Lou,R,R,CLE,1B,Lou Guisto,1921,"AL,Cleveland,Indians"
hendb103,Henderson,Bernie,R,R,CLE,P,Bernie Henderson,1921,"AL,Cleveland,Indians"
jamic101,Jamieson,Charlie,L,L,CLE,OF,Charlie Jamieson,1921,"AL,Cleveland,Indians"
jeant101,Jeanes,Tex,R,R,CLE,OF,Tex Jeanes,1921,"AL,Cleveland,Indians"
johnd107,Johnston,Doc,L,L,CLE,1B,Doc Johnston,1921,"AL,Cleveland,Indians"
mailw101,Mails,Duster,L,L,CLE,P,Duster Mails,1921,"AL,Cleveland,Indians"
mortg101,Morton,Guy,R,R,CLE,P,Guy Morton,1921,"AL,Cleveland,Indians"
nunal101,Nunamaker,Les,R,R,CLE,C,Les Nunamaker,1921,"AL,Cleveland,Indians"
odent101,Odenwald,Ted,R,L,CLE,P,Ted Odenwald,1921,"AL,Cleveland,Indians"
oneis101,O'Neill,Steve,R,R,CLE,C,Steve O'Neill,1921,"AL,Cleveland,Indians"
pettj103,Petty,Jesse,R,L,CLE,P,Jesse Petty,1921,"AL,Cleveland,Indians"
sewej101,Sewell,Joe,L,R,CLE,SS,Joe Sewell,1921,"AL,Cleveland,Indians"
sewel101,Sewell,Luke,R,R,CLE,C,Luke Sewell,1921,"AL,Cleveland,Indians"
shing101,Shinault,Ginger,R,R,CLE,C,Ginger Shinault,1921,"AL,Cleveland,Indians"
smite104,Smith,Elmer,L,R,CLE,OF,Elmer Smith,1921,"AL,Cleveland,Indians"
sotha101,Sothoron,Allen,B,R,CLE,P,Allen Sothoron,1921,"AL,Cleveland,Indians"
speat101,Speaker,Tris,L,L,CLE,OF,Tris Speaker,1921,"AL,Cleveland,Indians"
stepr101,Stephenson,Riggs,R,R,CLE,2B,Riggs Stephenson,1921,"AL,Cleveland,Indians"
thomp101,Thomas,Pinch,L,R,CLE,C,Pinch Thomas,1921,"AL,Cleveland,Indians"
uhleg101,Uhle,George,R,R,CLE,P,George Uhle,1921,"AL,Cleveland,Indians"
wambb101,Wambsganss,Bill,R,R,CLE,2B,Bill Wambsganss,1921,"AL,Cleveland,Indians"
wilsa102,Wilson,Art,R,R,CLE,C,Art Wilson,1921,"AL,Cleveland,Indians"
woodj108,Wood,Smoky Joe,R,R,CLE,OF,Smoky Joe Wood,1921,"AL,Cleveland,Indians"
baums101,Baumgartner,Stan,L,L,PHI,P,Stan Baumgartner,1921,"NL,Philadelphia,Phillies"
behap101,Behan,Petie,R,R,PHI,P,Petie Behan,1921,"NL,Philadelphia,Phillies"
betth101,Betts,Huck,R,R,PHI,P,Huck Betts,1921,"NL,Philadelphia,Phillies"
brugf101,Bruggy,Frank,R,R,PHI,C,Frank Bruggy,1921,"NL,Philadelphia,Phillies"
causr101,Causey,Red,R,R,PHI,P,Red Causey,1921,"NL,Philadelphia,Phillies"
henlb101,Henline,Butch,R,R,PHI,C,Butch Henline,1921,"NL,Philadelphia,Phillies"
hubbb101,Hubbell,Bill,R,R,PHI,P,Bill Hubbell,1921,"NL,Philadelphia,Phillies"
keenj103,Keenan,Jimmie,L,L,PHI,P,Jimmie Keenan,1921,"NL,Philadelphia,Phillies"
kingl103,King,Lee,R,R,PHI,OF,Lee King,1921,"NL,Philadelphia,Phillies"
konee101,Konetchy,Ed,R,R,PHI,1B,Ed Konetchy,1921,"NL,Philadelphia,Phillies"
lebob101,LeBourveau,Bevo,L,R,PHI,OF,Bevo LeBourveau,1921,"NL,Philadelphia,Phillies"
lee-c101,Lee,Cliff,R,R,PHI,1B,Cliff Lee,1921,"NL,Philadelphia,Phillies"
meadl101,Meadows,Lee,B,R,PHI,P,Lee Meadows,1921,"NL,Philadelphia,Phillies"
meusi101,Meusel,Irish,R,R,PHI,OF,Irish Meusel,1921,"NL,Philadelphia,Phillies"
milld102,Miller,Dots,R,R,PHI,3B,Dots Miller,1921,"NL,Philadelphia,Phillies"
millr101,Miller,Ralph,R,R,PHI,SS,Ralph Miller,1921,"NL,Philadelphia,Phillies"
monrj101,Monroe,John,L,R,PHI,2B,John Monroe,1921,"NL,Philadelphia,Phillies"
nealg101,Neale,Greasy,L,R,PHI,OF,Greasy Neale,1921,"NL,Philadelphia,Phillies"
parkf101,Parkinson,Frank,R,R,PHI,SS,Frank Parkinson,1921,"NL,Philadelphia,Phillies"
petej102,Peters,John,R,R,PHI,C,John Peters,1921,"NL,Philadelphia,Phillies"
raded104,Rader,Don,L,R,PHI,SS,Don Rader,1921,"NL,Philadelphia,Phillies"
rappg101,Rapp,Goldie,B,R,PHI,3B,Goldie Rapp,1921,"NL,Philadelphia,Phillies"
rawlj101,Rawlings,Johnny,R,R,PHI,2B,Johnny Rawlings,1921,"NL,Philadelphia,Phillies"
richl103,Richbourg,Lance,L,R,PHI,2B,Lance Richbourg,1921,"NL,Philadelphia,Phillies"
ringj101,Ring,Jimmy,R,R,PHI,P,Jimmy Ring,1921,"NL,Philadelphia,Phillies"
sedgd101,Sedgwick,Duke,R,R,PHI,P,Duke Sedgwick,1921,"NL,Philadelphia,Phillies"
smitg104,Smith,George,R,R,PHI,P,George Smith,1921,"NL,Philadelphia,Phillies"
smitj107,Smith,Jimmy,B,R,PHI,2B,Jimmy Smith,1921,"NL,Philadelphia,Phillies"
stenc101,Stengel,Casey,L,L,PHI,OF,Casey Stengel,1921,"NL,Philadelphia,Phillies"
walkc101,Walker,Curt,L,R,PHI,OF,Curt Walker,1921,"NL,Philadelphia,Phillies"
weinl101,Weinert,Lefty,L,L,PHI,P,Lefty Weinert,1921,"NL,Philadelphia,Phillies"
wheam101,Wheat,Mack,R,R,PHI,C,Mack Wheat,1921,"NL,Philadelphia,Phillies"
wilhk101,Wilhelm,Kaiser,R,R,PHI,P,Kaiser Wilhelm,1921,"NL,Philadelphia,Phillies"
willc103,Williams,Cy,L,L,PHI,OF,Cy Williams,1921,"NL,Philadelphia,Phillies"
wintj101,Winters,Jesse,R,R,PHI,P,Jesse Winters,1921,"NL,Philadelphia,Phillies"
wrigr102,Wrightstone,Russ,L,R,PHI,3B,Russ Wrightstone,1921,"NL,Philadelphia,Phillies"
blacc101,Blackburn,Charlie,R,R,CHA,P,Charlie Blackburn,1921,"AL,Chicago,White Sox"
bratf101,Bratschi,Fred,R,R,CHA,OF,Fred Bratschi,1921,"AL,Chicago,White Sox"
colle101,Collins,Eddie,L,R,CHA,2B,Eddie Collins,1921,"AL,Chicago,White Sox"
conns101,Connally,Sarge,R,R,CHA,P,Sarge Connally,1921,"AL,Chicago,White Sox"
davel101,Davenport,Lum,L,L,CHA,P,Lum Davenport,1921,"AL,Chicago,White Sox"
faber101,Faber,Red,B,R,CHA,P,Red Faber,1921,"AL,Chicago,White Sox"
falkb101,Falk,Bibb,L,L,CHA,OF,Bibb Falk,1921,"AL,Chicago,White Sox"
fennh101,Fenner,Hod,R,R,CHA,P,Hod Fenner,1921,"AL,Chicago,White Sox"
hodgs101,Hodge,Shovel,L,R,CHA,P,Shovel Hodge,1921,"AL,Chicago,White Sox"
hooph101,Hooper,Harry,L,R,CHA,OF,Harry Hooper,1921,"AL,Chicago,White Sox"
johne102,Johnson,Ernie,L,R,CHA,SS,Ernie Johnson,1921,"AL,Chicago,White Sox"
kerrd101,Kerr,Dickey,L,L,CHA,P,Dickey Kerr,1921,"AL,Chicago,White Sox"
leesg101,Lees,George,R,R,CHA,C,George Lees,1921,"AL,Chicago,White Sox"
leife101,Leifer,Elmer,L,R,CHA,3B,Elmer Leifer,1921,"AL,Chicago,White Sox"
mcclh103,McClellan,Hervey,R,R,CHA,2B,Hervey McClellan,1921,"AL,Chicago,White Sox"
mcwed101,McWeeny,Doug,R,R,CHA,P,Doug McWeeny,1921,"AL,Chicago,White Sox"
michj101,Michaelson,John,R,R,CHA,P,John Michaelson,1921,"AL,Chicago,White Sox"
morrb103,Bennett,Bugs,R,R,CHA,P,Bugs Bennett,1921,"AL,Chicago,White Sox"
mostj101,Mostil,Johnny,R,R,CHA,OF,Johnny Mostil,1921,"AL,Chicago,White Sox"
mullj103,Mulligan,Eddie,R,R,CHA,3B,Eddie Mulligan,1921,"AL,Chicago,White Sox"
mulrd101,Mulrenan,Dominic,R,R,CHA,P,Dominic Mulrenan,1921,"AL,Chicago,White Sox"
murpe102,Murphy,Eddie,L,R,CHA,PH,Eddie Murphy,1921,"AL,Chicago,White Sox"
oster101,Ostergard,Red,R,R,CHA,PH,Red Ostergard,1921,"AL,Chicago,White Sox"
pencr101,Pence,Rusty,R,R,CHA,P,Rusty Pence,1921,"AL,Chicago,White Sox"
pratf101,Pratt,Frank,L,R,CHA,PH,Frank Pratt,1921,"AL,Chicago,White Sox"
russj101,Russell,John,L,L,CHA,P,John Russell,1921,"AL,Chicago,White Sox"
schar103,Schalk,Ray,R,R,CHA,C,Ray Schalk,1921,"AL,Chicago,White Sox"
sheee101,Sheely,Earl,R,R,CHA,1B,Earl Sheely,1921,"AL,Chicago,White Sox"
strua102,Strunk,Amos,L,L,CHA,OF,Amos Strunk,1921,"AL,Chicago,White Sox"
thoml101,Thompson,Lee,L,L,CHA,P,Lee Thompson,1921,"AL,Chicago,White Sox"
twomc101,Twombly,Cy,R,R,CHA,P,Cy Twombly,1921,"AL,Chicago,White Sox"
wienj101,Wieneke,Jack,R,L,CHA,P,Jack Wieneke,1921,"AL,Chicago,White Sox"
wilkr101,Wilkinson,Roy,R,R,CHA,P,Roy Wilkinson,1921,"AL,Chicago,White Sox"
yaryy101,Yaryan,Yam,R,R,CHA,C,Yam Yaryan,1921,"AL,Chicago,White Sox"
bakef102,Baker,Home Run,L,R,NYA,3B,Home Run Baker,1921,"AL,New York,Yankees"
bodip101,Bodie,Ping,R,R,NYA,OF,Ping Bodie,1921,"AL,New York,Yankees"
collr104,Collins,Rip,B,R,NYA,P,Rip Collins,1921,"AL,New York,Yankees"
connt102,Connelly,Tom,L,R,NYA,OF,Tom Connelly,1921,"AL,New York,Yankees"
devoa101,DeVormer,Al,R,R,NYA,C,Al DeVormer,1921,"AL,New York,Yankees"
ferga101,Ferguson,Alex,R,R,NYA,P,Alex Ferguson,1921,"AL,New York,Yankees"
fewsc101,Fewster,Chick,R,R,NYA,OF,Chick Fewster,1921,"AL,New York,Yankees"
harph101,Harper,Harry,L,L,NYA,P,Harry Harper,1921,"AL,New York,Yankees"
hawkc101,Hawks,Chicken,L,L,NYA,OF,Chicken Hawks,1921,"AL,New York,Yankees"
hofmf101,Hofmann,Fred,R,R,NYA,C,Fred Hofmann,1921,"AL,New York,Yankees"
hoytw101,Hoyt,Waite,R,R,NYA,P,Waite Hoyt,1921,"AL,New York,Yankees"
maysc101,Mays,Carl,L,R,NYA,P,Carl Mays,1921,"AL,New York,Yankees"
mcnam101,McNally,Mike,R,R,NYA,3B,Mike McNally,1921,"AL,New York,Yankees"
meusb101,Meusel,Bob,R,R,NYA,OF,Bob Meusel,1921,"AL,New York,Yankees"
mille102,Miller,Elmer,R,R,NYA,OF,Elmer Miller,1921,"AL,New York,Yankees"
mitcj101,Mitchell,Johnny,B,R,NYA,SS,Johnny Mitchell,1921,"AL,New York,Yankees"
peckr101,Peckinpaugh,Roger,R,R,NYA,SS,Roger Peckinpaugh,1921,"AL,New York,Yankees"
pierb103,Piercy,Bill,R,R,NYA,P,Bill Piercy,1921,"AL,New York,Yankees"
pippw101,Pipp,Wally,L,L,NYA,1B,Wally Pipp,1921,"AL,New York,Yankees"
quinj102,Quinn,Jack,R,R,NYA,P,Jack Quinn,1921,"AL,New York,Yankees"
roget101,Rogers,Tom,R,R,NYA,P,Tom Rogers,1921,"AL,New York,Yankees"
rothb102,Roth,Braggo,R,R,NYA,OF,Braggo Roth,1921,"AL,New York,Yankees"
ruthb101,Ruth,Babe,L,L,NYA,OF,Babe Ruth,1921,"AL,New York,Yankees"
schaw101,Schang,Wally,B,R,NYA,C,Wally Schang,1921,"AL,New York,Yankees"
shawb102,Shawkey,Bob,R,R,NYA,P,Bob Shawkey,1921,"AL,New York,Yankees"
sheet102,Sheehan,Tom,R,R,NYA,P,Tom Sheehan,1921,"AL,New York,Yankees"
warda101,Ward,Aaron,R,R,NYA,2B,Aaron Ward,1921,"AL,New York,Yankees"
bushj102,Bush,Bullet Joe,R,R,BOS,P,Bullet Joe Bush,1921,"AL,Boston,Red Sox"
chape102,Chaplin,Ed,L,R,BOS,C,Ed Chaplin,1921,"AL,Boston,Red Sox"
colls101,Collins,Shano,R,R,BOS,OF,Shano Collins,1921,"AL,Boston,Red Sox"
dodgs101,Dodge,Sam,R,R,BOS,P,Sam Dodge,1921,"AL,Boston,Red Sox"
foste103,Foster,Eddie,R,R,BOS,3B,Eddie Foster,1921,"AL,Boston,Red Sox"
fullc102,Fullerton,Curt,L,R,BOS,P,Curt Fullerton,1921,"AL,Boston,Red Sox"
hendt101,Hendryx,Tim,R,R,BOS,OF,Tim Hendryx,1921,"AL,Boston,Red Sox"
hillh106,Hiller,Hob,R,R,BOS,PH,Hob Hiller,1921,"AL,Boston,Red Sox"
jones104,Jones,Sad Sam,R,R,BOS,P,Sad Sam Jones,1921,"AL,Boston,Red Sox"
karrb101,Karr,Benn,L,R,BOS,P,Benn Karr,1921,"AL,Boston,Red Sox"
leibn101,Leibold,Nemo,L,R,BOS,OF,Nemo Leibold,1921,"AL,Boston,Red Sox"
mcins101,McInnis,Stuffy,R,R,BOS,1B,Stuffy McInnis,1921,"AL,Boston,Red Sox"
menom101,Menosky,Mike,L,R,BOS,OF,Mike Menosky,1921,"AL,Boston,Red Sox"
myere101,Myers,Elmer,R,R,BOS,P,Elmer Myers,1921,"AL,Boston,Red Sox"
neite101,Neitzke,Ernie,R,R,BOS,OF,Ernie Neitzke,1921,"AL,Boston,Red Sox"
pennh101,Pennock,Herb,B,L,BOS,P,Herb Pennock,1921,"AL,Boston,Red Sox"
perrj101,Perrin,John,L,R,BOS,OF,John Perrin,1921,"AL,Boston,Red Sox"
pittp101,Pittenger,Pinky,R,R,BOS,OF,Pinky Pittenger,1921,"AL,Boston,Red Sox"
pratd101,Pratt,Del,R,R,BOS,2B,Del Pratt,1921,"AL,Boston,Red Sox"
ruelm101,Ruel,Muddy,R,R,BOS,C,Muddy Ruel,1921,"AL,Boston,Red Sox"
russa101,Russell,Allen,B,R,BOS,P,Allen Russell,1921,"AL,Boston,Red Sox"
scote101,Scott,Everett,R,R,BOS,SS,Everett Scott,1921,"AL,Boston,Red Sox"
sotha101,Sothoron,Allen,B,R,BOS,P,Allen Sothoron,1921,"AL,Boston,Red Sox"
thorh101,Thormahlen,Hank,L,L,BOS,P,Hank Thormahlen,1921,"AL,Boston,Red Sox"
vicks101,Vick,Sammy,R,R,BOS,OF,Sammy Vick,1921,"AL,Boston,Red Sox"
vitto101,Vitt,Ossie,R,R,BOS,3B,Ossie Vitt,1921,"AL,Boston,Red Sox"
waltr102,Walters,Roxy,R,R,BOS,C,Roxy Walters,1921,"AL,Boston,Red Sox"
alexg102,Alexander,Pete,R,R,CHN,P,Pete Alexander,1921,"NL,Chicago,Cubs"
bails101,Bailey,Sweetbread,R,R,CHN,P,Sweetbread Bailey,1921,"NL,Chicago,Cubs"
barbt101,Barber,Turner,L,R,CHN,OF,Turner Barber,1921,"NL,Chicago,Cubs"
cheev101,Cheeves,Virgil,R,R,CHN,P,Virgil Cheeves,1921,"NL,Chicago,Cubs"
dalyt102,Daly,Tom,R,R,CHN,C,Tom Daly,1921,"NL,Chicago,Cubs"
dealc102,Deal,Charlie,R,R,CHN,3B,Charlie Deal,1921,"NL,Chicago,Cubs"
ellic102,Elliott,Carter,L,R,CHN,SS,Carter Elliott,1921,"NL,Chicago,Cubs"
flacm101,Flack,Max,L,L,CHN,OF,Max Flack,1921,"NL,Chicago,Cubs"
freeb101,Freeman,Buck,B,R,CHN,P,Buck Freeman,1921,"NL,Chicago,Cubs"
fuhro102,Fuhr,Oscar,L,L,CHN,P,Oscar Fuhr,1921,"NL,Chicago,Cubs"
grimr103,Grimes,Ray,R,R,CHN,1B,Ray Grimes,1921,"NL,Chicago,Cubs"
hanso101,Hanson,Ollie,R,R,CHN,P,Ollie Hanson,1921,"NL,Chicago,Cubs"
hollc101,Hollocher,Charlie,L,R,CHN,SS,Charlie Hollocher,1921,"NL,Chicago,Cubs"
jonep101,Jones,Percy,R,L,CHN,P,Percy Jones,1921,"NL,Chicago,Cubs"
kauft101,Kaufmann,Tony,R,R,CHN,P,Tony Kaufmann,1921,"NL,Chicago,Cubs"
keenv101,Keen,Vic,R,R,CHN,P,Vic Keen,1921,"NL,Chicago,Cubs"
kellj107,Kelleher,John,R,R,CHN,3B,John Kelleher,1921,"NL,Chicago,Cubs"
killb101,Killefer,Bill,R,R,CHN,C,Bill Killefer,1921,"NL,Chicago,Cubs"
klugj101,Klugmann,Joe,R,R,CHN,2B,Joe Klugmann,1921,"NL,Chicago,Cubs"
maisg101,Maisel,George,R,R,CHN,OF,George Maisel,1921,"NL,Chicago,Cubs"
marrw101,Marriott,William,L,R,CHN,2B,William Marriott,1921,"NL,Chicago,Cubs"
marts102,Martin,Speed,R,R,CHN,P,Speed Martin,1921,"NL,Chicago,Cubs"
ofarb101,O'Farrell,Bob,R,R,CHN,C,Bob O'Farrell,1921,"NL,Chicago,Cubs"
ponde101,Ponder,Elmer,R,R,CHN,P,Elmer Ponder,1921,"NL,Chicago,Cubs"
robed103,Robertson,Dave,L,L,CHN,OF,Dave Robertson,1921,"NL,Chicago,Cubs"
stueg101,Stueland,George,B,R,CHN,P,George Stueland,1921,"NL,Chicago,Cubs"
sullj105,Sullivan,John,R,R,CHN,OF,John Sullivan,1921,"NL,Chicago,Cubs"
terrz101,Terry,Zeb,R,R,CHN,2B,Zeb Terry,1921,"NL,Chicago,Cubs"
thomr102,Thomas,Red,R,R,CHN,OF,Red Thomas,1921,"NL,Chicago,Cubs"
twomb101,Twombly,Babe,L,R,CHN,OF,Babe Twombly,1921,"NL,Chicago,Cubs"
tylel101,Tyler,Lefty,L,L,CHN,P,Lefty Tyler,1921,"NL,Chicago,Cubs"
vaugh101,Vaughn,Hippo,B,L,CHN,P,Hippo Vaughn,1921,"NL,Chicago,Cubs"
warnh102,Warner,Hooks,L,R,CHN,3B,Hooks Warner,1921,"NL,Chicago,Cubs"
wirtk101,Wirts,Kettle,R,R,CHN,C,Kettle Wirts,1921,"NL,Chicago,Cubs"
yorkl101,York,Lefty,L,L,CHN,P,Lefty York,1921,"NL,Chicago,Cubs"
bohns101,Bohne,Sam,R,R,CIN,2B,Sam Bohne,1921,"NL,Cincinnati,Reds"
brenl101,Brenton,Lynn,R,R,CIN,P,Lynn Brenton,1921,"NL,Cincinnati,Reds"
bresr101,Bressler,Rube,R,L,CIN,OF,Rube Bressler,1921,"NL,Cincinnati,Reds"
clarl101,Clarke,Lefty,B,L,CIN,P,Lefty Clarke,1921,"NL,Cincinnati,Reds"
coumf101,Coumbe,Fritz,L,L,CIN,P,Fritz Coumbe,1921,"NL,Cincinnati,Reds"
crans102,Crane,Sam,R,R,CIN,SS,Sam Crane,1921,"NL,Cincinnati,Reds"
daubj101,Daubert,Jake,L,L,CIN,1B,Jake Daubert,1921,"NL,Cincinnati,Reds"
donop102,Donohue,Pete,R,R,CIN,P,Pete Donohue,1921,"NL,Cincinnati,Reds"
douga101,Douglass,Astyanax,L,R,CIN,C,Astyanax Douglass,1921,"NL,Cincinnati,Reds"
duncp101,Duncan,Pat,R,R,CIN,OF,Pat Duncan,1921,"NL,Cincinnati,Reds"
elleh101,Eller,Hod,R,R,CIN,P,Hod Eller,1921,"NL,Cincinnati,Reds"
fonsl101,Fonseca,Lew,R,R,CIN,2B,Lew Fonseca,1921,"NL,Cincinnati,Reds"
gearb101,Geary,Bob,R,R,CIN,P,Bob Geary,1921,"NL,Cincinnati,Reds"
grohh101,Groh,Heinie,R,R,CIN,3B,Heinie Groh,1921,"NL,Cincinnati,Reds"
hargb101,Hargrave,Bubbles,R,R,CIN,C,Bubbles Hargrave,1921,"NL,Cincinnati,Reds"
hogak101,Hogan,Kenny,L,R,CIN,OF,Kenny Hogan,1921,"NL,Cincinnati,Reds"
kimmw101,Kimmick,Wally,R,R,CIN,3B,Wally Kimmick,1921,"NL,Cincinnati,Reds"
kopfl101,Kopf,Larry,B,R,CIN,SS,Larry Kopf,1921,"NL,Cincinnati,Reds"
luqud101,Luque,Dolf,R,R,CIN,P,Dolf Luque,1921,"NL,Cincinnati,Reds"
markc101,Markle,Cliff,R,R,CIN,P,Cliff Markle,1921,"NL,Cincinnati,Reds"
marqr102,Marquard,Rube,B,L,CIN,P,Rube Marquard,1921,"NL,Cincinnati,Reds"
napib101,Napier,Buddy,R,R,CIN,P,Buddy Napier,1921,"NL,Cincinnati,Reds"
nealg101,Neale,Greasy,L,R,CIN,OF,Greasy Neale,1921,"NL,Cincinnati,Reds"
paskd101,Paskert,Dode,R,R,CIN,OF,Dode Paskert,1921,"NL,Cincinnati,Reds"
rixee101,Rixey,Eppa,R,L,CIN,P,Eppa Rixey,1921,"NL,Cincinnati,Reds"
roggc101,Rogge,Clint,L,R,CIN,P,Clint Rogge,1921,"NL,Cincinnati,Reds"
rouse101,Roush,Edd,L,L,CIN,OF,Edd Roush,1921,"NL,Cincinnati,Reds"
see-c101,See,Charlie,L,R,CIN,OF,Charlie See,1921,"NL,Cincinnati,Reds"
willd105,Williams,Denny,L,R,CIN,OF,Denny Williams,1921,"NL,Cincinnati,Reds"
wingi101,Wingo,Ivey,L,R,CIN,C,Ivey Wingo,1921,"NL,Cincinnati,Reds"
ainse101,Ainsmith,Eddie,R,R,SLN,,Eddie Ainsmith,1921,"NL,St.Louis,Cardinals"
bailb101,Bailey,Bill,L,L,SLN,,Bill Bailey,1921,"NL,St.Louis,Cardinals"
clemv101,Clemons,Verne,R,R,SLN,,Verne Clemons,1921,"NL,St.Louis,Cardinals"
dillp101,Dillhoefer,Pickles,R,R,SLN,,Pickles Dillhoefer,1921,"NL,St.Louis,Cardinals"
doakb101,Doak,Bill,R,R,SLN,,Bill Doak,1921,"NL,St.Louis,Cardinals"
ewinr101,Ewing,Reuben,R,R,SLN,,Reuben Ewing,1921,"NL,St.Louis,Cardinals"
fourj101,Fournier,Jack,L,R,SLN,,Jack Fournier,1921,"NL,St.Louis,Cardinals"
gilhg101,Gilham,George,R,R,SLN,,George Gilham,1921,"NL,St.Louis,Cardinals"
goodm102,Goodwin,Marv,R,R,SLN,,Marv Goodwin,1921,"NL,St.Louis,Cardinals"
hainj101,Haines,Jesse,R,R,SLN,,Jesse Haines,1921,"NL,St.Louis,Cardinals"
heatc101,Heathcote,Cliff,L,L,SLN,,Cliff Heathcote,1921,"NL,St.Louis,Cardinals"
hornr101,Hornsby,Rogers,R,R,SLN,,Rogers Hornsby,1921,"NL,St.Louis,Cardinals"
hunth101,Hunter,Herb,L,R,SLN,,Herb Hunter,1921,"NL,St.Louis,Cardinals"
irwiw101,Irwin,Walt,R,R,SLN,,Walt Irwin,1921,"NL,St.Louis,Cardinals"
janvh101,Janvrin,Hal,R,R,SLN,,Hal Janvrin,1921,"NL,St.Louis,Cardinals"
joneh101,Jones,Howie,L,L,SLN,,Howie Jones,1921,"NL,St.Louis,Cardinals"
kircm101,Kircher,Mike,B,R,SLN,,Mike Kircher,1921,"NL,St.Louis,Cardinals"
lavad101,Lavan,Doc,R,R,SLN,,Doc Lavan,1921,"NL,St.Louis,Cardinals"
mannl101,Mann,Les,R,R,SLN,,Les Mann,1921,"NL,St.Louis,Cardinals"
may-j102,May,Jakie,R,L,SLN,,Jakie May,1921,"NL,St.Louis,Cardinals"
mccal102,McCarty,Lew,R,R,SLN,,Lew McCarty,1921,"NL,St.Louis,Cardinals"
mchea101,McHenry,Austin,R,R,SLN,,Austin McHenry,1921,"NL,St.Louis,Cardinals"
muelh102,Mueller,Heinie,L,L,SLN,,Heinie Mueller,1921,"NL,St.Louis,Cardinals"
niebc101,Niebergall,Charlie,R,R,SLN,,Charlie Niebergall,1921,"NL,St.Louis,Cardinals"
nortl101,North,Lou,R,R,SLN,,Lou North,1921,"NL,St.Louis,Cardinals"
pertb101,Pertica,Bill,R,R,SLN,,Bill Pertica,1921,"NL,St.Louis,Cardinals"
pfefj101,Pfeffer,Jeff,R,R,SLN,,Jeff Pfeffer,1921,"NL,St.Louis,Cardinals"
rivit101,Riviere,Tink,R,R,SLN,,Tink Riviere,1921,"NL,St.Louis,Cardinals"
schuf102,Schupp,Ferdie,R,L,SLN,,Ferdie Schupp,1921,"NL,St.Louis,Cardinals"
schuj101,Schultz,Joe,R,R,SLN,,Joe Schultz,1921,"NL,St.Louis,Cardinals"
sherb101,Sherdel,Bill,L,L,SLN,,Bill Sherdel,1921,"NL,St.Louis,Cardinals"
shotb101,Shotton,Burt,L,R,SLN,,Burt Shotton,1921,"NL,St.Louis,Cardinals"
smitj106,Smith,Jack,L,L,SLN,,Jack Smith,1921,"NL,St.Louis,Cardinals"
stocm101,Stock,Milt,R,R,SLN,,Milt Stock,1921,"NL,St.Louis,Cardinals"
topos101,Toporcer,Specs,L,R,SLN,,Specs Toporcer,1921,"NL,St.Louis,Cardinals"
walkr102,Walker,Roy,R,R,SLN,,Roy Walker,1921,"NL,St.Louis,Cardinals"
