player_id,last,first,bats,throws,team_id,pos,player_name,year,team_name
allej001,Allensworth,Jermaine,R,R,PIT,OF,Jermaine Allensworth,1996,"N,Pittsburgh,Pirates"
auder001,Aude,Rich,R,R,PIT,1B,Rich Aude,1996,"N,Pittsburgh,Pirates"
beamt001,Beamon,Trey,L,R,PIT,OF,Trey Beamon,1996,"N,Pittsburgh,Pirates"
bellj001,Bell,Jay,R,R,PIT,SS,Jay Bell,1996,"N,Pittsburgh,Pirates"
boevj001,Boever,Joe,R,R,PIT,P,Joe Boever,1996,"N,Pittsburgh,Pirates"
brumj001,Brumfield,Jacob,R,R,PIT,OF,Jacob Brumfield,1996,"N,Pittsburgh,Pirates"
chrij002,Christiansen,Jason,R,L,PIT,P,Jason Christiansen,1996,"N,Pittsburgh,Pirates"
clard001,Clark,Dave,L,R,PIT,OF,Dave Clark,1996,"N,Pittsburgh,Pirates"
cooks001,Cooke,Steve,R,L,PIT,P,Steve Cooke,1996,"N,Pittsburgh,Pirates"
cordf001,Cordova,Francisco,R,R,PIT,P,Francisco Cordova,1996,"N,Pittsburgh,Pirates"
cummm001,Cummings,Midre,L,R,PIT,OF,Midre Cummings,1996,"N,Pittsburgh,Pirates"
darwd001,Darwin,Danny,R,R,PIT,P,Danny Darwin,1996,"N,Pittsburgh,Pirates"
desse001,Dessens,Elmer,R,R,PIT,P,Elmer Dessens,1996,"N,Pittsburgh,Pirates"
encaa001,Encarnacion,Angelo,R,R,PIT,C,Angelo Encarnacion,1996,"N,Pittsburgh,Pirates"
ericj001,Ericks,John,R,R,PIT,P,John Ericks,1996,"N,Pittsburgh,Pirates"
garcc001,Garcia,Carlos,R,R,PIT,2B,Carlos Garcia,1996,"N,Pittsburgh,Pirates"
hancl001,Hancock,Lee,L,L,PIT,P,Lee Hancock,1996,"N,Pittsburgh,Pirates"
hayec001,Hayes,Charlie,R,R,PIT,3B,Charlie Hayes,1996,"N,Pittsburgh,Pirates"
hopej001,Hope,John,R,R,PIT,P,John Hope,1996,"N,Pittsburgh,Pirates"
johnm001,Johnson,Mark,L,L,PIT,1B,Mark Johnson,1996,"N,Pittsburgh,Pirates"
kendj001,Kendall,Jason,R,R,PIT,C,Jason Kendall,1996,"N,Pittsburgh,Pirates"
kingj001,King,Jeff,R,R,PIT,1B,Jeff King,1996,"N,Pittsburgh,Pirates"
kingm001,Kingery,Mike,L,L,PIT,OF,Mike Kingery,1996,"N,Pittsburgh,Pirates"
liebj001,Lieber,Jon,L,R,PIT,P,Jon Lieber,1996,"N,Pittsburgh,Pirates"
lirin001,Liriano,Nelson,B,R,PIT,2B,Nelson Liriano,1996,"N,Pittsburgh,Pirates"
loaie001,Loaiza,Esteban,R,R,PIT,P,Esteban Loaiza,1996,"N,Pittsburgh,Pirates"
loisr001,Loiselle,Rich,R,R,PIT,P,Rich Loiselle,1996,"N,Pittsburgh,Pirates"
marta001,Martin,Al,L,L,PIT,OF,Al Martin,1996,"N,Pittsburgh,Pirates"
may-d002,May,Darrell,L,L,PIT,P,Darrell May,1996,"N,Pittsburgh,Pirates"
merco002,Merced,Orlando,B,R,PIT,OF,Orlando Merced,1996,"N,Pittsburgh,Pirates"
miced001,Miceli,Dan,R,R,PIT,P,Dan Miceli,1996,"N,Pittsburgh,Pirates"
morer001,Morel,Ramon,R,R,PIT,P,Ramon Morel,1996,"N,Pittsburgh,Pirates"
neagd001,Neagle,Denny,L,L,PIT,P,Denny Neagle,1996,"N,Pittsburgh,Pirates"
osikk001,Osik,Keith,R,R,PIT,C,Keith Osik,1996,"N,Pittsburgh,Pirates"
parrs001,Parris,Steve,R,R,PIT,P,Steve Parris,1996,"N,Pittsburgh,Pirates"
petec001,Peters,Chris,L,L,PIT,P,Chris Peters,1996,"N,Pittsburgh,Pirates"
plesd001,Plesac,Dan,L,L,PIT,P,Dan Plesac,1996,"N,Pittsburgh,Pirates"
ruebm001,Ruebel,Matt,L,L,PIT,P,Matt Ruebel,1996,"N,Pittsburgh,Pirates"
schmj001,Schmidt,Jason,R,R,PIT,P,Jason Schmidt,1996,"N,Pittsburgh,Pirates"
smitz001,Smith,Zane,L,L,PIT,P,Zane Smith,1996,"N,Pittsburgh,Pirates"
sveud001,Sveum,Dale,B,R,PIT,3B,Dale Sveum,1996,"N,Pittsburgh,Pirates"
wagnp001,Wagner,Paul,R,R,PIT,P,Paul Wagner,1996,"N,Pittsburgh,Pirates"
waind001,Wainhouse,Dave,L,R,PIT,P,Dave Wainhouse,1996,"N,Pittsburgh,Pirates"
wehnj001,Wehner,John,R,R,PIT,OF,John Wehner,1996,"N,Pittsburgh,Pirates"
wilkm001,Wilkins,Marc,R,R,PIT,P,Marc Wilkins,1996,"N,Pittsburgh,Pirates"
womat001,Womack,Tony,L,R,PIT,OF,Tony Womack,1996,"N,Pittsburgh,Pirates"
ashba002,Ashby,Andy,R,R,SDN,P,Andy Ashby,1996,"N,San Diego,Padres"
ausmb001,Ausmus,Brad,R,R,SDN,C,Brad Ausmus,1996,"N,San Diego,Padres"
bergs001,Bergman,Sean,R,R,SDN,P,Sean Bergman,1996,"N,San Diego,Padres"
berua001,Berumen,Andres,R,R,SDN,P,Andres Berumen,1996,"N,San Diego,Padres"
blaiw001,Blair,Willie,R,R,SDN,P,Willie Blair,1996,"N,San Diego,Padres"
bochd001,Bochtler,Doug,R,R,SDN,P,Doug Bochtler,1996,"N,San Diego,Padres"
camik001,Caminiti,Ken,B,R,SDN,3B,Ken Caminiti,1996,"N,San Diego,Padres"
cedea001,Cedeno,Andujar,R,R,SDN,SS,Andujar Cedeno,1996,"N,San Diego,Padres"
ciana001,Cianfrocco,Archi,R,R,SDN,1B,Archi Cianfrocco,1996,"N,San Diego,Padres"
dascd001,Dascenzo,Doug,B,L,SDN,OF,Doug Dascenzo,1996,"N,San Diego,Padres"
deerr001,Deer,Rob,R,R,SDN,OF,Rob Deer,1996,"N,San Diego,Padres"
dishg001,Dishman,Glenn,R,L,SDN,P,Glenn Dishman,1996,"N,San Diego,Padres"
finls001,Finley,Steve,L,L,SDN,OF,Steve Finley,1996,"N,San Diego,Padres"
flahj001,Flaherty,John,R,R,SDN,C,John Flaherty,1996,"N,San Diego,Padres"
florb001,Florie,Bryce,R,R,SDN,P,Bryce Florie,1996,"N,San Diego,Padres"
gomec001,Gomez,Chris,R,R,SDN,SS,Chris Gomez,1996,"N,San Diego,Padres"
gwync001,Gwynn,Chris,L,L,SDN,OF,Chris Gwynn,1996,"N,San Diego,Padres"
gwynt001,Gwynn,Tony,L,L,SDN,OF,Tony Gwynn,1996,"N,San Diego,Padres"
hamij002,Hamilton,Joey,R,R,SDN,P,Joey Hamilton,1996,"N,San Diego,Padres"
hendr001,Henderson,Rickey,R,L,SDN,OF,Rickey Henderson,1996,"N,San Diego,Padres"
hermd001,Hermanson,Dustin,R,R,SDN,P,Dustin Hermanson,1996,"N,San Diego,Padres"
hofft001,Hoffman,Trevor,R,R,SDN,P,Trevor Hoffman,1996,"N,San Diego,Padres"
johnb002,Johnson,Brian,R,R,SDN,C,Brian Johnson,1996,"N,San Diego,Padres"
joynw001,Joyner,Wally,L,L,SDN,1B,Wally Joyner,1996,"N,San Diego,Padres"
livis001,Livingstone,Scott,L,R,SDN,1B,Scott Livingstone,1996,"N,San Diego,Padres"
lopel002,Lopez,Luis,B,R,SDN,SS,Luis Lopez,1996,"N,San Diego,Padres"
mulls001,Mulligan,Sean,R,R,SDN,PH,Sean Mulligan,1996,"N,San Diego,Padres"
newfm001,Newfield,Marc,R,R,SDN,OF,Marc Newfield,1996,"N,San Diego,Padres"
oquim001,Oquist,Mike,R,R,SDN,P,Mike Oquist,1996,"N,San Diego,Padres"
osuna001,Osuna,Al,R,L,SDN,P,Al Osuna,1996,"N,San Diego,Padres"
reedj003,Reed,Jody,R,R,SDN,2B,Jody Reed,1996,"N,San Diego,Padres"
sands002,Sanders,Scott,R,R,SDN,P,Scott Sanders,1996,"N,San Diego,Padres"
shipc001,Shipley,Craig,R,R,SDN,2B,Craig Shipley,1996,"N,San Diego,Padres"
stevt001,Steverson,Todd,R,R,SDN,PH,Todd Steverson,1996,"N,San Diego,Padres"
tatuj001,Tatum,Jim,R,R,SDN,3B,Jim Tatum,1996,"N,San Diego,Padres"
tewkb001,Tewksbury,Bob,R,R,SDN,P,Bob Tewksbury,1996,"N,San Diego,Padres"
thomj004,Thompson,Jason,L,L,SDN,1B,Jason Thompson,1996,"N,San Diego,Padres"
valef001,Valenzuela,Fernando,L,L,SDN,P,Fernando Valenzuela,1996,"N,San Diego,Padres"
vaugg001,Vaughn,Greg,R,R,SDN,OF,Greg Vaughn,1996,"N,San Diego,Padres"
verad001,Veras,Dario,R,R,SDN,P,Dario Veras,1996,"N,San Diego,Padres"
villr001,Villone,Ron,L,L,SDN,P,Ron Villone,1996,"N,San Diego,Padres"
walkp001,Walker,Pete,R,R,SDN,P,Pete Walker,1996,"N,San Diego,Padres"
worrt002,Worrell,Tim,R,R,SDN,P,Tim Worrell,1996,"N,San Diego,Padres"
alexm001,Alexander,Manny,R,R,BAL,SS,Manny Alexander,1996,"A,Baltimore,Orioles"
alomr001,Alomar,Roberto,B,R,BAL,2B,Roberto Alomar,1996,"A,Baltimore,Orioles"
andeb001,Anderson,Brady,L,L,BAL,OF,Brady Anderson,1996,"A,Baltimore,Orioles"
benia001,Benitez,Armando,R,R,BAL,P,Armando Benitez,1996,"A,Baltimore,Orioles"
bonib001,Bonilla,Bobby,B,R,BAL,OF,Bobby Bonilla,1996,"A,Baltimore,Orioles"
boweb001,Bowers,Brent,L,R,BAL,OF,Brent Bowers,1996,"A,Baltimore,Orioles"
coppr001,Coppinger,Rocky,R,R,BAL,P,Rocky Coppinger,1996,"A,Baltimore,Orioles"
corba001,Corbin,Archie,R,R,BAL,P,Archie Corbin,1996,"A,Baltimore,Orioles"
devac001,Devarez,Cesar,R,R,BAL,C,Cesar Devarez,1996,"A,Baltimore,Orioles"
devem001,Devereaux,Mike,R,R,BAL,OF,Mike Devereaux,1996,"A,Baltimore,Orioles"
erics001,Erickson,Scott,R,R,BAL,P,Scott Erickson,1996,"A,Baltimore,Orioles"
hammj001,Hammonds,Jeffrey,R,R,BAL,OF,Jeffrey Hammonds,1996,"A,Baltimore,Orioles"
haynj001,Haynes,Jimmy,R,R,BAL,P,Jimmy Haynes,1996,"A,Baltimore,Orioles"
hoilc001,Hoiles,Chris,R,R,BAL,C,Chris Hoiles,1996,"A,Baltimore,Orioles"
husoj001,Huson,Jeff,L,R,BAL,2B,Jeff Huson,1996,"A,Baltimore,Orioles"
incap001,Incaviglia,Pete,R,R,BAL,OF,Pete Incaviglia,1996,"A,Baltimore,Orioles"
kingg001,Kingsale,Gene,B,R,BAL,OF,Gene Kingsale,1996,"A,Baltimore,Orioles"
krivr001,Krivda,Rick,R,L,BAL,P,Rick Krivda,1996,"A,Baltimore,Orioles"
matht001,Mathews,Terry,L,R,BAL,P,Terry Mathews,1996,"A,Baltimore,Orioles"
mcdor001,McDowell,Roger,R,R,BAL,P,Roger McDowell,1996,"A,Baltimore,Orioles"
merck001,Mercker,Kent,L,L,BAL,P,Kent Mercker,1996,"A,Baltimore,Orioles"
milcm001,Milchin,Mike,L,L,BAL,P,Mike Milchin,1996,"A,Baltimore,Orioles"
milla001,Mills,Alan,R,R,BAL,P,Alan Mills,1996,"A,Baltimore,Orioles"
murre001,Murray,Eddie,B,R,BAL,DH,Eddie Murray,1996,"A,Baltimore,Orioles"
mussm001,Mussina,Mike,L,R,BAL,P,Mike Mussina,1996,"A,Baltimore,Orioles"
myerj001,Myers,Jimmy,R,R,BAL,P,Jimmy Myers,1996,"A,Baltimore,Orioles"
myerr001,Myers,Randy,L,L,BAL,P,Randy Myers,1996,"A,Baltimore,Orioles"
orosj001,Orosco,Jesse,R,L,BAL,P,Jesse Orosco,1996,"A,Baltimore,Orioles"
palmr001,Palmeiro,Rafael,L,L,BAL,1B,Rafael Palmeiro,1996,"A,Baltimore,Orioles"
parem001,Parent,Mark,R,R,BAL,C,Mark Parent,1996,"A,Baltimore,Orioles"
polol001,Polonia,Luis,L,L,BAL,OF,Luis Polonia,1996,"A,Baltimore,Orioles"
rhoda001,Rhodes,Arthur,L,L,BAL,P,Arthur Rhodes,1996,"A,Baltimore,Orioles"
ripkb001,Ripken,Billy,R,R,BAL,2B,Billy Ripken,1996,"A,Baltimore,Orioles"
ripkc001,Ripken,Cal,R,R,BAL,SS,Cal Ripken,1996,"A,Baltimore,Orioles"
rodrn001,Rodriguez,Nerio,R,R,BAL,P,Nerio Rodriguez,1996,"A,Baltimore,Orioles"
sackb001,Sackinsky,Brian,R,R,BAL,P,Brian Sackinsky,1996,"A,Baltimore,Orioles"
shepk001,Shepherd,Keith,R,R,BAL,P,Keith Shepherd,1996,"A,Baltimore,Orioles"
smitm004,Smith,Mark,R,R,BAL,OF,Mark Smith,1996,"A,Baltimore,Orioles"
stepg001,Stephenson,Garrett,R,R,BAL,P,Garrett Stephenson,1996,"A,Baltimore,Orioles"
surhb001,Surhoff,B.J.,L,R,BAL,3B,B.J. Surhoff,1996,"A,Baltimore,Orioles"
tarat001,Tarasco,Tony,L,R,BAL,OF,Tony Tarasco,1996,"A,Baltimore,Orioles"
welld001,Wells,David,L,L,BAL,P,David Wells,1996,"A,Baltimore,Orioles"
yan-e001,Yan,Esteban,R,R,BAL,P,Esteban Yan,1996,"A,Baltimore,Orioles"
zaung001,Zaun,Gregg,B,R,BAL,C,Gregg Zaun,1996,"A,Baltimore,Orioles"
zeilt001,Zeile,Todd,R,R,BAL,3B,Todd Zeile,1996,"A,Baltimore,Orioles"
amarr002,Amaro,Ruben,B,R,PHI,OF,Ruben Amaro,1996,"N,Philadelphia,Phillies"
batth001,Battle,Howard,R,R,PHI,3B,Howard Battle,1996,"N,Philadelphia,Phillies"
beecm001,Beech,Matt,L,L,PHI,P,Matt Beech,1996,"N,Philadelphia,Phillies"
benjm001,Benjamin,Mike,R,R,PHI,SS,Mike Benjamin,1996,"N,Philadelphia,Phillies"
benng001,Bennett,Gary,R,R,PHI,C,Gary Bennett,1996,"N,Philadelphia,Phillies"
blazr001,Blazier,Ron,R,R,PHI,P,Ron Blazier,1996,"N,Philadelphia,Phillies"
borlt001,Borland,Toby,R,R,PHI,P,Toby Borland,1996,"N,Philadelphia,Phillies"
bottr001,Bottalico,Ricky,L,R,PHI,P,Ricky Bottalico,1996,"N,Philadelphia,Phillies"
crawc001,Crawford,Carlos,R,R,PHI,P,Carlos Crawford,1996,"N,Philadelphia,Phillies"
dauld001,Daulton,Darren,L,R,PHI,OF,Darren Daulton,1996,"N,Philadelphia,Phillies"
dishg001,Dishman,Glenn,R,L,PHI,P,Glenn Dishman,1996,"N,Philadelphia,Phillies"
dostd001,Doster,David,R,R,PHI,2B,David Doster,1996,"N,Philadelphia,Phillies"
dyksl001,Dykstra,Lenny,L,L,PHI,OF,Lenny Dykstra,1996,"N,Philadelphia,Phillies"
eisej001,Eisenreich,Jim,L,L,PHI,OF,Jim Eisenreich,1996,"N,Philadelphia,Phillies"
estab001,Estalella,Bobby,R,R,PHI,C,Bobby Estalella,1996,"N,Philadelphia,Phillies"
ferns001,Fernandez,Sid,L,L,PHI,P,Sid Fernandez,1996,"N,Philadelphia,Phillies"
freys001,Frey,Steve,R,L,PHI,P,Steve Frey,1996,"N,Philadelphia,Phillies"
gracm002,Grace,Mike,R,R,PHI,P,Mike Grace,1996,"N,Philadelphia,Phillies"
heflb001,Heflin,Bronson,R,R,PHI,P,Bronson Heflin,1996,"N,Philadelphia,Phillies"
huntr002,Hunter,Rich,R,R,PHI,P,Rich Hunter,1996,"N,Philadelphia,Phillies"
incap001,Incaviglia,Pete,R,R,PHI,OF,Pete Incaviglia,1996,"N,Philadelphia,Phillies"
jeffg001,Jefferies,Gregg,B,R,PHI,1B,Gregg Jefferies,1996,"N,Philadelphia,Phillies"
jordk001,Jordan,Kevin,R,R,PHI,1B,Kevin Jordan,1996,"N,Philadelphia,Phillies"
jordr002,Jordan,Ricardo,L,L,PHI,P,Ricardo Jordan,1996,"N,Philadelphia,Phillies"
leipd001,Leiper,Dave,L,L,PHI,P,Dave Leiper,1996,"N,Philadelphia,Phillies"
liebm001,Lieberthal,Mike,R,R,PHI,C,Mike Lieberthal,1996,"N,Philadelphia,Phillies"
maduc001,Maduro,Calvin,R,R,PHI,P,Calvin Maduro,1996,"N,Philadelphia,Phillies"
magew001,Magee,Wendell,R,R,PHI,OF,Wendell Magee,1996,"N,Philadelphia,Phillies"
martm002,Martinez,Manny,R,R,PHI,OF,Manny Martinez,1996,"N,Philadelphia,Phillies"
mimbm001,Mimbs,Mike,L,L,PHI,P,Mike Mimbs,1996,"N,Philadelphia,Phillies"
mitcl001,Mitchell,Larry,R,R,PHI,P,Larry Mitchell,1996,"N,Philadelphia,Phillies"
moram001,Morandini,Mickey,L,R,PHI,2B,Mickey Morandini,1996,"N,Philadelphia,Phillies"
mulht001,Mulholland,Terry,R,L,PHI,P,Terry Mulholland,1996,"N,Philadelphia,Phillies"
munob001,Munoz,Bobby,R,R,PHI,P,Bobby Munoz,1996,"N,Philadelphia,Phillies"
murrg001,Murray,Glenn,R,R,PHI,OF,Glenn Murray,1996,"N,Philadelphia,Phillies"
oterr001,Otero,Ricky,B,L,PHI,OF,Ricky Otero,1996,"N,Philadelphia,Phillies"
parrj001,Parrett,Jeff,R,R,PHI,P,Jeff Parrett,1996,"N,Philadelphia,Phillies"
philj001,Phillips,J.R.,L,L,PHI,OF,J.R. Phillips,1996,"N,Philadelphia,Phillies"
quirr001,Quirico,Rafael,L,L,PHI,P,Rafael Quirico,1996,"N,Philadelphia,Phillies"
relad001,Relaford,Desi,B,R,PHI,SS,Desi Relaford,1996,"N,Philadelphia,Phillies"
roles001,Rolen,Scott,R,R,PHI,3B,Scott Rolen,1996,"N,Philadelphia,Phillies"
ryank001,Ryan,Ken,R,R,PHI,P,Ken Ryan,1996,"N,Philadelphia,Phillies"
santb001,Santiago,Benito,R,R,PHI,C,Benito Santiago,1996,"N,Philadelphia,Phillies"
schag001,Schall,Gene,R,R,PHI,1B,Gene Schall,1996,"N,Philadelphia,Phillies"
schic002,Schilling,Curt,R,R,PHI,P,Curt Schilling,1996,"N,Philadelphia,Phillies"
sefck001,Sefcik,Kevin,R,R,PHI,SS,Kevin Sefcik,1996,"N,Philadelphia,Phillies"
sprir001,Springer,Russ,R,R,PHI,P,Russ Springer,1996,"N,Philadelphia,Phillies"
stock001,Stocker,Kevin,B,R,PHI,SS,Kevin Stocker,1996,"N,Philadelphia,Phillies"
tinsl001,Tinsley,Lee,B,R,PHI,OF,Lee Tinsley,1996,"N,Philadelphia,Phillies"
westd001,West,David,L,L,PHI,P,David West,1996,"N,Philadelphia,Phillies"
whitm001,Whiten,Mark,B,R,PHI,OF,Mark Whiten,1996,"N,Philadelphia,Phillies"
willm005,Williams,Mike,R,R,PHI,P,Mike Williams,1996,"N,Philadelphia,Phillies"
zeilt001,Zeile,Todd,R,R,PHI,3B,Todd Zeile,1996,"N,Philadelphia,Phillies"
zubej001,Zuber,Jon,L,L,PHI,1B,Jon Zuber,1996,"N,Philadelphia,Phillies"
aloum001,Alou,Moises,R,R,MON,OF,Moises Alou,1996,"N,Montreal,Expos"
alvat001,Alvarez,Tavo,R,R,MON,P,Tavo Alvarez,1996,"N,Montreal,Expos"
andrs001,Andrews,Shane,R,R,MON,3B,Shane Andrews,1996,"N,Montreal,Expos"
aucod001,Aucoin,Derek,R,R,MON,P,Derek Aucoin,1996,"N,Montreal,Expos"
barrt003,Barron,Tony,R,R,MON,PH,Tony Barron,1996,"N,Montreal,Expos"
beniy001,Benitez,Yamil,R,R,MON,OF,Yamil Benitez,1996,"N,Montreal,Expos"
chavr001,Chavez,Raul,R,R,MON,C,Raul Chavez,1996,"N,Montreal,Expos"
cormr001,Cormier,Rheal,L,L,MON,P,Rheal Cormier,1996,"N,Montreal,Expos"
daalo001,Daal,Omar,L,L,MON,P,Omar Daal,1996,"N,Montreal,Expos"
dyerm001,Dyer,Mike,R,R,MON,P,Mike Dyer,1996,"N,Montreal,Expos"
fassj001,Fassero,Jeff,L,L,MON,P,Jeff Fassero,1996,"N,Montreal,Expos"
fletd001,Fletcher,Darrin,L,R,MON,C,Darrin Fletcher,1996,"N,Montreal,Expos"
floyc001,Floyd,Cliff,L,R,MON,OF,Cliff Floyd,1996,"N,Montreal,Expos"
grudm001,Grudzielanek,Mark,R,R,MON,SS,Mark Grudzielanek,1996,"N,Montreal,Expos"
guerv001,Guerrero,Vladimir,R,R,MON,OF,Vladimir Guerrero,1996,"N,Montreal,Expos"
judej001,Juden,Jeff,R,R,MON,P,Jeff Juden,1996,"N,Montreal,Expos"
lansm001,Lansing,Mike,R,R,MON,2B,Mike Lansing,1996,"N,Montreal,Expos"
leipd001,Leiper,Dave,L,L,MON,P,Dave Leiper,1996,"N,Montreal,Expos"
leitm001,Leiter,Mark,R,R,MON,P,Mark Leiter,1996,"N,Montreal,Expos"
lukar001,Lukachyk,Rob,L,R,MON,PH,Rob Lukachyk,1996,"N,Montreal,Expos"
manub001,Manuel,Barry,R,R,MON,P,Barry Manuel,1996,"N,Montreal,Expos"
martp001,Martinez,Pedro,R,R,MON,P,Pedro Martinez,1996,"N,Montreal,Expos"
obans001,Obando,Sherman,R,R,MON,OF,Sherman Obando,1996,"N,Montreal,Expos"
pacha001,Pacheco,Alex,R,R,MON,P,Alex Pacheco,1996,"N,Montreal,Expos"
panij001,Paniagua,Jose,R,R,MON,P,Jose Paniagua,1996,"N,Montreal,Expos"
rodrh001,Rodriguez,Henry,L,L,MON,OF,Henry Rodriguez,1996,"N,Montreal,Expos"
rojam001,Rojas,Mel,R,R,MON,P,Mel Rojas,1996,"N,Montreal,Expos"
ruetk001,Rueter,Kirk,L,L,MON,P,Kirk Rueter,1996,"N,Montreal,Expos"
santf001,Santangelo,F.P.,B,R,MON,OF,F.P. Santangelo,1996,"N,Montreal,Expos"
schur001,Schu,Rick,R,R,MON,3B,Rick Schu,1996,"N,Montreal,Expos"
scott002,Scott,Tim,R,R,MON,P,Tim Scott,1996,"N,Montreal,Expos"
segud001,Segui,David,B,L,MON,1B,David Segui,1996,"N,Montreal,Expos"
silvd001,Silvestri,Dave,R,R,MON,3B,Dave Silvestri,1996,"N,Montreal,Expos"
speht001,Spehr,Tim,R,R,MON,C,Tim Spehr,1996,"N,Montreal,Expos"
stana001,Stankiewicz,Andy,R,R,MON,2B,Andy Stankiewicz,1996,"N,Montreal,Expos"
urbiu001,Urbina,Ugueth,R,R,MON,P,Ugueth Urbina,1996,"N,Montreal,Expos"
vered001,Veres,Dave,R,R,MON,P,Dave Veres,1996,"N,Montreal,Expos"
websl001,Webster,Lenny,R,R,MON,C,Lenny Webster,1996,"N,Montreal,Expos"
whitr001,White,Rondell,R,R,MON,OF,Rondell White,1996,"N,Montreal,Expos"
bankb001,Banks,Brian,B,R,MIL,OF,Brian Banks,1996,"A,Milwaukee,Brewers"
boner001,Bones,Ricky,R,R,MIL,P,Ricky Bones,1996,"A,Milwaukee,Brewers"
bozem001,Boze,Marshall,R,R,MIL,P,Marshall Boze,1996,"A,Milwaukee,Brewers"
burnj001,Burnitz,Jeromy,L,R,MIL,OF,Jeromy Burnitz,1996,"A,Milwaukee,Brewers"
burrt001,Burrows,Terry,L,L,MIL,P,Terry Burrows,1996,"A,Milwaukee,Brewers"
carpc001,Carpenter,Cris,R,R,MIL,P,Cris Carpenter,1996,"A,Milwaukee,Brewers"
carrc001,Carr,Chuck,B,R,MIL,OF,Chuck Carr,1996,"A,Milwaukee,Brewers"
cirij001,Cirillo,Jeff,R,R,MIL,3B,Jeff Cirillo,1996,"A,Milwaukee,Brewers"
damij001,D'Amico,Jeff,R,R,MIL,P,Jeff D'Amico,1996,"A,Milwaukee,Brewers"
dunnt001,Dunn,Todd,R,R,MIL,OF,Todd Dunn,1996,"A,Milwaukee,Brewers"
eldrc001,Eldred,Cal,R,R,MIL,P,Cal Eldred,1996,"A,Milwaukee,Brewers"
fettm001,Fetters,Mike,R,R,MIL,P,Mike Fetters,1996,"A,Milwaukee,Brewers"
florb001,Florie,Bryce,R,R,MIL,P,Bryce Florie,1996,"A,Milwaukee,Brewers"
garcr002,Garcia,Ramon,R,R,MIL,P,Ramon Garcia,1996,"A,Milwaukee,Brewers"
giveb001,Givens,Brian,R,L,MIL,P,Brian Givens,1996,"A,Milwaukee,Brewers"
hulsd001,Hulse,David,L,L,MIL,OF,David Hulse,1996,"A,Milwaukee,Brewers"
jahaj001,Jaha,John,R,R,MIL,1B,John Jaha,1996,"A,Milwaukee,Brewers"
joned001,Jones,Doug,R,R,MIL,P,Doug Jones,1996,"A,Milwaukee,Brewers"
karls001,Karl,Scott,L,L,MIL,P,Scott Karl,1996,"A,Milwaukee,Brewers"
kiefm001,Kiefer,Mark,R,R,MIL,P,Mark Kiefer,1996,"A,Milwaukee,Brewers"
koslk001,Koslofski,Kevin,L,R,MIL,OF,Kevin Koslofski,1996,"A,Milwaukee,Brewers"
levij001,Levis,Jesse,L,R,MIL,C,Jesse Levis,1996,"A,Milwaukee,Brewers"
listp001,Listach,Pat,B,R,MIL,OF,Pat Listach,1996,"A,Milwaukee,Brewers"
lloyg001,Lloyd,Graeme,L,L,MIL,P,Graeme Lloyd,1996,"A,Milwaukee,Brewers"
lorem001,Loretta,Mark,R,R,MIL,2B,Mark Loretta,1996,"A,Milwaukee,Brewers"
mathm001,Matheny,Mike,R,R,MIL,C,Mike Matheny,1996,"A,Milwaukee,Brewers"
mcdob001,McDonald,Ben,R,R,MIL,P,Ben McDonald,1996,"A,Milwaukee,Brewers"
mercj001,Mercedes,Jose,R,R,MIL,P,Jose Mercedes,1996,"A,Milwaukee,Brewers"
miesm001,Mieske,Matt,R,R,MIL,OF,Matt Mieske,1996,"A,Milwaukee,Brewers"
miraa001,Miranda,Angel,L,L,MIL,P,Angel Miranda,1996,"A,Milwaukee,Brewers"
newfm001,Newfield,Marc,R,R,MIL,OF,Marc Newfield,1996,"A,Milwaukee,Brewers"
nilsd001,Nilsson,Dave,L,R,MIL,OF,Dave Nilsson,1996,"A,Milwaukee,Brewers"
pered001,Perez,Danny,R,R,MIL,OF,Danny Perez,1996,"A,Milwaukee,Brewers"
pottm001,Potts,Mike,L,L,MIL,P,Mike Potts,1996,"A,Milwaukee,Brewers"
reyea001,Reyes,Alberto,R,R,MIL,P,Alberto Reyes,1996,"A,Milwaukee,Brewers"
seitk001,Seitzer,Kevin,R,R,MIL,1B,Kevin Seitzer,1996,"A,Milwaukee,Brewers"
spars001,Sparks,Steve,R,R,MIL,P,Steve Sparks,1996,"A,Milwaukee,Brewers"
stink001,Stinnett,Kelly,R,R,MIL,C,Kelly Stinnett,1996,"A,Milwaukee,Brewers"
unrot001,Unroe,Tim,R,R,MIL,1B,Tim Unroe,1996,"A,Milwaukee,Brewers"
valej003,Valentin,Jose,B,R,MIL,SS,Jose Valentin,1996,"A,Milwaukee,Brewers"
vanet001,VanEgmond,Tim,R,R,MIL,P,Tim VanEgmond,1996,"A,Milwaukee,Brewers"
vaugg001,Vaughn,Greg,R,R,MIL,OF,Greg Vaughn,1996,"A,Milwaukee,Brewers"
villr001,Villone,Ron,L,L,MIL,P,Ron Villone,1996,"A,Milwaukee,Brewers"
vinaf001,Vina,Fernando,L,R,MIL,2B,Fernando Vina,1996,"A,Milwaukee,Brewers"
wardt001,Ward,Turner,B,R,MIL,OF,Turner Ward,1996,"A,Milwaukee,Brewers"
wickb001,Wickman,Bob,R,R,MIL,P,Bob Wickman,1996,"A,Milwaukee,Brewers"
wickk001,Wickander,Kevin,L,L,MIL,P,Kevin Wickander,1996,"A,Milwaukee,Brewers"
willg001,Williams,Gerald,R,R,MIL,OF,Gerald Williams,1996,"A,Milwaukee,Brewers"
alvaw001,Alvarez,Wilson,L,L,CHA,P,Wilson Alvarez,1996,"A,Chicago,White Sox"
andul001,Andujar,Luis,R,R,CHA,P,Luis Andujar,1996,"A,Chicago,White Sox"
bainh001,Baines,Harold,L,L,CHA,DH,Harold Baines,1996,"A,Chicago,White Sox"
baldj002,Baldwin,James,R,R,CHA,P,James Baldwin,1996,"A,Chicago,White Sox"
berej002,Bere,Jason,R,R,CHA,P,Jason Bere,1996,"A,Chicago,White Sox"
bertm001,Bertotti,Mike,L,L,CHA,P,Mike Bertotti,1996,"A,Chicago,White Sox"
bordp001,Borders,Pat,R,R,CHA,C,Pat Borders,1996,"A,Chicago,White Sox"
camem001,Cameron,Mike,R,R,CHA,OF,Mike Cameron,1996,"A,Chicago,White Sox"
castt001,Castillo,Tony,L,L,CHA,P,Tony Castillo,1996,"A,Chicago,White Sox"
ceded001,Cedeno,Domingo,B,R,CHA,2B,Domingo Cedeno,1996,"A,Chicago,White Sox"
darwj001,Darwin,Jeff,R,R,CHA,P,Jeff Darwin,1996,"A,Chicago,White Sox"
durhr001,Durham,Ray,B,R,CHA,2B,Ray Durham,1996,"A,Chicago,White Sox"
ferna001,Fernandez,Alex,R,R,CHA,P,Alex Fernandez,1996,"A,Chicago,White Sox"
freem001,Freeman,Marvin,R,R,CHA,P,Marvin Freeman,1996,"A,Chicago,White Sox"
guilo001,Guillen,Ozzie,L,R,CHA,SS,Ozzie Guillen,1996,"A,Chicago,White Sox"
hernr001,Hernandez,Roberto,R,R,CHA,P,Roberto Hernandez,1996,"A,Chicago,White Sox"
jones001,Jones,Stacy,R,R,CHA,P,Stacy Jones,1996,"A,Chicago,White Sox"
karcm001,Karchner,Matt,R,R,CHA,P,Matt Karchner,1996,"A,Chicago,White Sox"
karkr001,Karkovice,Ron,R,R,CHA,C,Ron Karkovice,1996,"A,Chicago,White Sox"
keysb001,Keyser,Brian,R,R,CHA,P,Brian Keyser,1996,"A,Chicago,White Sox"
kreuc001,Kreuter,Chad,B,R,CHA,C,Chad Kreuter,1996,"A,Chicago,White Sox"
levia001,Levine,Al,L,R,CHA,P,Al Levine,1996,"A,Chicago,White Sox"
lewid001,Lewis,Darren,R,R,CHA,OF,Darren Lewis,1996,"A,Chicago,White Sox"
machr001,Machado,Robert,R,R,CHA,C,Robert Machado,1996,"A,Chicago,White Sox"
magrj001,Magrane,Joe,R,L,CHA,P,Joe Magrane,1996,"A,Chicago,White Sox"
martd002,Martinez,Dave,L,L,CHA,OF,Dave Martinez,1996,"A,Chicago,White Sox"
martn001,Martin,Norberto,R,R,CHA,SS,Norberto Martin,1996,"A,Chicago,White Sox"
mccak001,McCaskill,Kirk,R,R,CHA,P,Kirk McCaskill,1996,"A,Chicago,White Sox"
moutl001,Mouton,Lyle,R,R,CHA,OF,Lyle Mouton,1996,"A,Chicago,White Sox"
munoj001,Munoz,Jose,B,R,CHA,2B,Jose Munoz,1996,"A,Chicago,White Sox"
nortg001,Norton,Greg,B,R,CHA,SS,Greg Norton,1996,"A,Chicago,White Sox"
philt001,Phillips,Tony,B,R,CHA,OF,Tony Phillips,1996,"A,Chicago,White Sox"
robem001,Robertson,Mike,L,L,CHA,1B,Mike Robertson,1996,"A,Chicago,White Sox"
ruffs001,Ruffcorn,Scott,R,R,CHA,P,Scott Ruffcorn,1996,"A,Chicago,White Sox"
sauvr001,Sauveur,Rich,L,L,CHA,P,Rich Sauveur,1996,"A,Chicago,White Sox"
simab001,Simas,Bill,L,R,CHA,P,Bill Simas,1996,"A,Chicago,White Sox"
sirom001,Sirotka,Mike,L,L,CHA,P,Mike Sirotka,1996,"A,Chicago,White Sox"
slaud001,Slaught,Don,R,R,CHA,C,Don Slaught,1996,"A,Chicago,White Sox"
snopc001,Snopek,Chris,R,R,CHA,3B,Chris Snopek,1996,"A,Chicago,White Sox"
tapak001,Tapani,Kevin,R,R,CHA,P,Kevin Tapani,1996,"A,Chicago,White Sox"
tartd001,Tartabull,Danny,R,R,CHA,OF,Danny Tartabull,1996,"A,Chicago,White Sox"
thomf001,Thomas,Frank,R,R,CHA,1B,Frank Thomas,1996,"A,Chicago,White Sox"
thoml001,Thomas,Larry,R,L,CHA,P,Larry Thomas,1996,"A,Chicago,White Sox"
ventr001,Ventura,Robin,L,R,CHA,3B,Robin Ventura,1996,"A,Chicago,White Sox"
aldrs001,Aldred,Scott,L,L,DET,P,Scott Aldred,1996,"A,Detroit,Tigers"
ausmb001,Ausmus,Brad,R,R,DET,C,Brad Ausmus,1996,"A,Detroit,Tigers"
bartk001,Bartee,Kimera,B,R,DET,OF,Kimera Bartee,1996,"A,Detroit,Tigers"
bautd001,Bautista,Danny,R,R,DET,OF,Danny Bautista,1996,"A,Detroit,Tigers"
casar001,Casanova,Raul,B,R,DET,C,Raul Casanova,1996,"A,Detroit,Tigers"
cedea001,Cedeno,Andujar,R,R,DET,SS,Andujar Cedeno,1996,"A,Detroit,Tigers"
chrim001,Christopher,Mike,R,R,DET,P,Mike Christopher,1996,"A,Detroit,Tigers"
clart002,Clark,Tony,B,R,DET,1B,Tony Clark,1996,"A,Detroit,Tigers"
cruzf001,Cruz,Fausto,R,R,DET,2B,Fausto Cruz,1996,"A,Detroit,Tigers"
cummj001,Cummings,John,L,L,DET,P,John Cummings,1996,"A,Detroit,Tigers"
curtc001,Curtis,Chad,R,R,DET,OF,Chad Curtis,1996,"A,Detroit,Tigers"
easld001,Easley,Damion,R,R,DET,2B,Damion Easley,1996,"A,Detroit,Tigers"
eiscj001,Eischen,Joey,L,L,DET,P,Joey Eischen,1996,"A,Detroit,Tigers"
farrj001,Farrell,John,R,R,DET,P,John Farrell,1996,"A,Detroit,Tigers"
fielc001,Fielder,Cecil,R,R,DET,1B,Cecil Fielder,1996,"A,Detroit,Tigers"
flahj001,Flaherty,John,R,R,DET,C,John Flaherty,1996,"A,Detroit,Tigers"
frymt001,Fryman,Travis,R,R,DET,3B,Travis Fryman,1996,"A,Detroit,Tigers"
gohrg001,Gohr,Greg,R,R,DET,P,Greg Gohr,1996,"A,Detroit,Tigers"
gomec001,Gomez,Chris,R,R,DET,SS,Chris Gomez,1996,"A,Detroit,Tigers"
hiatp001,Hiatt,Phil,R,R,DET,3B,Phil Hiatt,1996,"A,Detroit,Tigers"
higgb001,Higginson,Bobby,L,R,DET,OF,Bobby Higginson,1996,"A,Detroit,Tigers"
hyert001,Hyers,Tim,L,L,DET,1B,Tim Hyers,1996,"A,Detroit,Tigers"
keagg001,Keagle,Greg,R,R,DET,P,Greg Keagle,1996,"A,Detroit,Tigers"
lewim001,Lewis,Mark,R,R,DET,2B,Mark Lewis,1996,"A,Detroit,Tigers"
lewir001,Lewis,Richie,R,R,DET,P,Richie Lewis,1996,"A,Detroit,Tigers"
limaj001,Lima,Jose,R,R,DET,P,Jose Lima,1996,"A,Detroit,Tigers"
liraf001,Lira,Felipe,R,R,DET,P,Felipe Lira,1996,"A,Detroit,Tigers"
maxcb001,Maxcy,Brian,R,R,DET,P,Brian Maxcy,1996,"A,Detroit,Tigers"
mccuj001,McCurry,Jeff,R,R,DET,P,Jeff McCurry,1996,"A,Detroit,Tigers"
millt002,Miller,Trever,R,L,DET,P,Trever Miller,1996,"A,Detroit,Tigers"
moehb001,Moehler,Brian,R,R,DET,P,Brian Moehler,1996,"A,Detroit,Tigers"
myerm001,Myers,Mike,L,L,DET,P,Mike Myers,1996,"A,Detroit,Tigers"
nevip001,Nevin,Phil,R,R,DET,3B,Phil Nevin,1996,"A,Detroit,Tigers"
nievm001,Nieves,Melvin,B,R,DET,OF,Melvin Nieves,1996,"A,Detroit,Tigers"
nitkc001,Nitkowski,C.J.,L,L,DET,P,C.J. Nitkowski,1996,"A,Detroit,Tigers"
olivo001,Olivares,Omar,R,R,DET,P,Omar Olivares,1996,"A,Detroit,Tigers"
olsog001,Olson,Gregg,R,R,DET,P,Gregg Olson,1996,"A,Detroit,Tigers"
parem001,Parent,Mark,R,R,DET,C,Mark Parent,1996,"A,Detroit,Tigers"
penns001,Penn,Shannon,B,R,DET,DH,Shannon Penn,1996,"A,Detroit,Tigers"
pridc001,Pride,Curtis,L,R,DET,OF,Curtis Pride,1996,"A,Detroit,Tigers"
sagea001,Sager,A.J.,R,R,DET,P,A.J. Sager,1996,"A,Detroit,Tigers"
scanb001,Scanlan,Bob,R,R,DET,P,Bob Scanlan,1996,"A,Detroit,Tigers"
sierr001,Sierra,Ruben,B,R,DET,OF,Ruben Sierra,1996,"A,Detroit,Tigers"
singd001,Singleton,Duane,L,R,DET,OF,Duane Singleton,1996,"A,Detroit,Tigers"
sodoc001,Sodowsky,Clint,L,R,DET,P,Clint Sodowsky,1996,"A,Detroit,Tigers"
thomj003,Thompson,Justin,L,L,DET,P,Justin Thompson,1996,"A,Detroit,Tigers"
trama001,Trammell,Alan,R,R,DET,SS,Alan Trammell,1996,"A,Detroit,Tigers"
urbat001,Urbani,Tom,L,L,DET,P,Tom Urbani,1996,"A,Detroit,Tigers"
vanpt001,Van Poppel,Todd,R,R,DET,P,Todd Van Poppel,1996,"A,Detroit,Tigers"
verer001,Veres,Randy,R,R,DET,P,Randy Veres,1996,"A,Detroit,Tigers"
walkm001,Walker,Mike,R,R,DET,P,Mike Walker,1996,"A,Detroit,Tigers"
willb001,Williams,Brian,R,R,DET,P,Brian Williams,1996,"A,Detroit,Tigers"
wille001,Williams,Eddie,R,R,DET,DH,Eddie Williams,1996,"A,Detroit,Tigers"
albej001,Alberro,Jose,R,R,TEX,P,Jose Alberro,1996,"A,Texas,Rangers"
branm002,Brandenburg,Mark,R,R,TEX,P,Mark Brandenburg,1996,"A,Texas,Rangers"
browk004,Brown,Kevin,R,R,TEX,C,Kevin Brown,1996,"A,Texas,Rangers"
bufod001,Buford,Damon,R,R,TEX,OF,Damon Buford,1996,"A,Texas,Rangers"
burkj001,Burkett,John,R,R,TEX,P,John Burkett,1996,"A,Texas,Rangers"
clarw001,Clark,Will,L,L,TEX,1B,Will Clark,1996,"A,Texas,Rangers"
cookd001,Cook,Dennis,L,L,TEX,P,Dennis Cook,1996,"A,Texas,Rangers"
elstk001,Elster,Kevin,R,R,TEX,SS,Kevin Elster,1996,"A,Texas,Rangers"
faner001,Faneyte,Rikkert,R,R,TEX,OF,Rikkert Faneyte,1996,"A,Texas,Rangers"
frazl001,Frazier,Lou,B,R,TEX,OF,Lou Frazier,1996,"A,Texas,Rangers"
gil-b001,Gil,Benji,R,R,TEX,SS,Benji Gil,1996,"A,Texas,Rangers"
gonzj002,Gonzalez,Juan,R,R,TEX,OF,Juan Gonzalez,1996,"A,Texas,Rangers"
gonzr001,Gonzales,Rene,R,R,TEX,1B,Rene Gonzales,1996,"A,Texas,Rangers"
greer001,Greer,Rusty,L,L,TEX,OF,Rusty Greer,1996,"A,Texas,Rangers"
grosk001,Gross,Kevin,R,R,TEX,P,Kevin Gross,1996,"A,Texas,Rangers"
hamid001,Hamilton,Darryl,L,R,TEX,OF,Darryl Hamilton,1996,"A,Texas,Rangers"
hellr001,Helling,Rick,R,R,TEX,P,Rick Helling,1996,"A,Texas,Rangers"
hennm001,Henneman,Mike,R,R,TEX,P,Mike Henneman,1996,"A,Texas,Rangers"
hereg001,Heredia,Gil,R,R,TEX,P,Gil Heredia,1996,"A,Texas,Rangers"
hillk001,Hill,Ken,R,R,TEX,P,Ken Hill,1996,"A,Texas,Rangers"
mclem001,McLemore,Mark,B,R,TEX,2B,Mark McLemore,1996,"A,Texas,Rangers"
newsw001,Newson,Warren,L,L,TEX,OF,Warren Newson,1996,"A,Texas,Rangers"
olivd001,Oliver,Darren,R,L,TEX,P,Darren Oliver,1996,"A,Texas,Rangers"
ortil001,Ortiz,Luis,R,R,TEX,DH,Luis Ortiz,1996,"A,Texas,Rangers"
palmd002,Palmer,Dean,R,R,TEX,3B,Dean Palmer,1996,"A,Texas,Rangers"
pattd001,Patterson,Danny,R,R,TEX,P,Danny Patterson,1996,"A,Texas,Rangers"
pavlr001,Pavlik,Roger,R,R,TEX,P,Roger Pavlik,1996,"A,Texas,Rangers"
rodri001,Rodriguez,Ivan,R,R,TEX,C,Ivan Rodriguez,1996,"A,Texas,Rangers"
russj001,Russell,Jeff,R,R,TEX,P,Jeff Russell,1996,"A,Texas,Rangers"
stanm003,Stanton,Mike,L,L,TEX,P,Mike Stanton,1996,"A,Texas,Rangers"
stevl001,Stevens,Lee,L,L,TEX,1B,Lee Stevens,1996,"A,Texas,Rangers"
stilk001,Stillwell,Kurt,B,R,TEX,2B,Kurt Stillwell,1996,"A,Texas,Rangers"
tettm001,Tettleton,Mickey,B,R,TEX,DH,Mickey Tettleton,1996,"A,Texas,Rangers"
valld001,Valle,Dave,R,R,TEX,C,Dave Valle,1996,"A,Texas,Rangers"
voigj001,Voigt,Jack,R,R,TEX,OF,Jack Voigt,1996,"A,Texas,Rangers"
vosbe001,Vosberg,Ed,L,L,TEX,P,Ed Vosberg,1996,"A,Texas,Rangers"
whitm002,Whiteside,Matt,R,R,TEX,P,Matt Whiteside,1996,"A,Texas,Rangers"
wittb001,Witt,Bobby,R,R,TEX,P,Bobby Witt,1996,"A,Texas,Rangers"
wortc001,Worthington,Craig,R,R,TEX,3B,Craig Worthington,1996,"A,Texas,Rangers"
aloms001,Alomar,Sandy,R,R,CLE,C,Sandy Alomar,1996,"A,Cleveland,Indians"
andeb002,Anderson,Brian,L,L,CLE,P,Brian Anderson,1996,"A,Cleveland,Indians"
assep001,Assenmacher,Paul,L,L,CLE,P,Paul Assenmacher,1996,"A,Cleveland,Indians"
baerc001,Baerga,Carlos,B,R,CLE,2B,Carlos Baerga,1996,"A,Cleveland,Indians"
bellj002,Belle,Albert,R,R,CLE,OF,Albert Belle,1996,"A,Cleveland,Indians"
burnj001,Burnitz,Jeromy,L,R,CLE,OF,Jeromy Burnitz,1996,"A,Cleveland,Indians"
candc001,Candaele,Casey,B,R,CLE,2B,Casey Candaele,1996,"A,Cleveland,Indians"
carrm001,Carreon,Mark,R,L,CLE,1B,Mark Carreon,1996,"A,Cleveland,Indians"
diaze002,Diaz,Einar,R,R,CLE,C,Einar Diaz,1996,"A,Cleveland,Indians"
embra001,Embree,Alan,L,L,CLE,P,Alan Embree,1996,"A,Cleveland,Indians"
espia001,Espinoza,Alvaro,R,R,CLE,3B,Alvaro Espinoza,1996,"A,Cleveland,Indians"
franj002,Franco,Julio,R,R,CLE,1B,Julio Franco,1996,"A,Cleveland,Indians"
gileb002,Giles,Brian,L,L,CLE,DH,Brian Giles,1996,"A,Cleveland,Indians"
gravd001,Graves,Danny,R,R,CLE,P,Danny Graves,1996,"A,Cleveland,Indians"
herso001,Hershiser,Orel,R,R,CLE,P,Orel Hershiser,1996,"A,Cleveland,Indians"
jackd003,Jackson,Damian,R,R,CLE,SS,Damian Jackson,1996,"A,Cleveland,Indians"
kentj001,Kent,Jeff,R,R,CLE,1B,Jeff Kent,1996,"A,Cleveland,Indians"
kirbw001,Kirby,Wayne,L,R,CLE,OF,Wayne Kirby,1996,"A,Cleveland,Indians"
leius001,Leius,Scott,R,R,CLE,3B,Scott Leius,1996,"A,Cleveland,Indians"
loftk001,Lofton,Kenny,L,L,CLE,OF,Kenny Lofton,1996,"A,Cleveland,Indians"
lopea002,Lopez,Albie,R,R,CLE,P,Albie Lopez,1996,"A,Cleveland,Indians"
martd001,Martinez,Dennis,R,R,CLE,P,Dennis Martinez,1996,"A,Cleveland,Indians"
mcdoj001,McDowell,Jack,R,R,CLE,P,Jack McDowell,1996,"A,Cleveland,Indians"
merck001,Mercker,Kent,L,L,CLE,P,Kent Mercker,1996,"A,Cleveland,Indians"
mesaj001,Mesa,Jose,R,R,CLE,P,Jose Mesa,1996,"A,Cleveland,Indians"
murre001,Murray,Eddie,B,R,CLE,DH,Eddie Murray,1996,"A,Cleveland,Indians"
nagyc001,Nagy,Charles,L,R,CLE,P,Charles Nagy,1996,"A,Cleveland,Indians"
ogeac001,Ogea,Chad,R,R,CLE,P,Chad Ogea,1996,"A,Cleveland,Indians"
penag001,Pena,Geronimo,B,R,CLE,3B,Geronimo Pena,1996,"A,Cleveland,Indians"
penat001,Pena,Tony,R,R,CLE,C,Tony Pena,1996,"A,Cleveland,Indians"
perrh001,Perry,Herbert,R,R,CLE,1B,Herbert Perry,1996,"A,Cleveland,Indians"
plune001,Plunk,Eric,R,R,CLE,P,Eric Plunk,1996,"A,Cleveland,Indians"
poolj001,Poole,Jim,L,L,CLE,P,Jim Poole,1996,"A,Cleveland,Indians"
ramim002,Ramirez,Manny,R,R,CLE,OF,Manny Ramirez,1996,"A,Cleveland,Indians"
roa-j001,Roa,Joe,R,R,CLE,P,Joe Roa,1996,"A,Cleveland,Indians"
seitk001,Seitzer,Kevin,R,R,CLE,DH,Kevin Seitzer,1996,"A,Cleveland,Indians"
shuep001,Shuey,Paul,R,R,CLE,P,Paul Shuey,1996,"A,Cleveland,Indians"
swing001,Swindell,Greg,R,L,CLE,P,Greg Swindell,1996,"A,Cleveland,Indians"
tavaj001,Tavarez,Julian,L,R,CLE,P,Julian Tavarez,1996,"A,Cleveland,Indians"
thomj002,Thome,Jim,L,R,CLE,3B,Jim Thome,1996,"A,Cleveland,Indians"
thomr004,Thompson,Ryan,R,R,CLE,OF,Ryan Thompson,1996,"A,Cleveland,Indians"
vizcj001,Vizcaino,Jose,B,R,CLE,2B,Jose Vizcaino,1996,"A,Cleveland,Indians"
vizqo001,Vizquel,Omar,B,R,CLE,SS,Omar Vizquel,1996,"A,Cleveland,Indians"
wilsn001,Wilson,Nigel,L,L,CLE,DH,Nigel Wilson,1996,"A,Cleveland,Indians"
aguir001,Aguilera,Rick,R,R,MIN,P,Rick Aguilera,1996,"A,Minnesota,Twins"
aldrs001,Aldred,Scott,L,L,MIN,P,Scott Aldred,1996,"A,Minnesota,Twins"
beckr002,Becker,Rich,L,L,MIN,OF,Rich Becker,1996,"A,Minnesota,Twins"
benne001,Bennett,Erik,R,R,MIN,P,Erik Bennett,1996,"A,Minnesota,Twins"
bredb001,Brede,Brent,L,L,MIN,OF,Brent Brede,1996,"A,Minnesota,Twins"
coomr001,Coomer,Ron,R,R,MIN,1B,Ron Coomer,1996,"A,Minnesota,Twins"
cordm001,Cordova,Marty,R,R,MIN,OF,Marty Cordova,1996,"A,Minnesota,Twins"
duram001,Durant,Mike,R,R,MIN,C,Mike Durant,1996,"A,Minnesota,Twins"
guare001,Guardado,Eddie,R,L,MIN,P,Eddie Guardado,1996,"A,Minnesota,Twins"
halec001,Hale,Chip,L,R,MIN,2B,Chip Hale,1996,"A,Minnesota,Twins"
hansg001,Hansell,Greg,R,R,MIN,P,Greg Hansell,1996,"A,Minnesota,Twins"
hawkl001,Hawkins,LaTroy,R,R,MIN,P,LaTroy Hawkins,1996,"A,Minnesota,Twins"
hockd001,Hocking,Denny,B,R,MIN,OF,Denny Hocking,1996,"A,Minnesota,Twins"
holld001,Hollins,Dave,B,R,MIN,3B,Dave Hollins,1996,"A,Minnesota,Twins"
kellb002,Kelly,Roberto,R,R,MIN,OF,Roberto Kelly,1996,"A,Minnesota,Twins"
klins001,Klingenbeck,Scott,R,R,MIN,P,Scott Klingenbeck,1996,"A,Minnesota,Twins"
knobc001,Knoblauch,Chuck,R,R,MIN,2B,Chuck Knoblauch,1996,"A,Minnesota,Twins"
lawtm002,Lawton,Matt,L,R,MIN,OF,Matt Lawton,1996,"A,Minnesota,Twins"
mahop001,Mahomes,Pat,R,R,MIN,P,Pat Mahomes,1996,"A,Minnesota,Twins"
mearp001,Meares,Pat,R,R,MIN,SS,Pat Meares,1996,"A,Minnesota,Twins"
milcm001,Milchin,Mike,L,L,MIN,P,Mike Milchin,1996,"A,Minnesota,Twins"
millt001,Miller,Travis,R,L,MIN,P,Travis Miller,1996,"A,Minnesota,Twins"
molip001,Molitor,Paul,R,R,MIN,DH,Paul Molitor,1996,"A,Minnesota,Twins"
myerg001,Myers,Greg,L,R,MIN,C,Greg Myers,1996,"A,Minnesota,Twins"
nauld001,Naulty,Dan,R,R,MIN,P,Dan Naulty,1996,"A,Minnesota,Twins"
parrj002,Parra,Jose,R,R,MIN,P,Jose Parra,1996,"A,Minnesota,Twins"
quint001,Quinlan,Tom,R,R,MIN,3B,Tom Quinlan,1996,"A,Minnesota,Twins"
raabb001,Raabe,Brian,R,R,MIN,3B,Brian Raabe,1996,"A,Minnesota,Twins"
radkb001,Radke,Brad,R,R,MIN,P,Brad Radke,1996,"A,Minnesota,Twins"
reboj001,Reboulet,Jeff,R,R,MIN,SS,Jeff Reboulet,1996,"A,Minnesota,Twins"
rober001,Robertson,Rich,L,L,MIN,P,Rich Robertson,1996,"A,Minnesota,Twins"
rodrf001,Rodriguez,Frankie,R,R,MIN,P,Frankie Rodriguez,1996,"A,Minnesota,Twins"
serad001,Serafini,Dan,B,L,MIN,P,Dan Serafini,1996,"A,Minnesota,Twins"
stahs001,Stahoviak,Scott,L,R,MIN,1B,Scott Stahoviak,1996,"A,Minnesota,Twins"
stevd001,Stevens,Dave,R,R,MIN,P,Dave Stevens,1996,"A,Minnesota,Twins"
tromm001,Trombley,Mike,R,R,MIN,P,Mike Trombley,1996,"A,Minnesota,Twins"
walbm001,Walbeck,Matt,B,R,MIN,C,Matt Walbeck,1996,"A,Minnesota,Twins"
walkt002,Walker,Todd,L,R,MIN,3B,Todd Walker,1996,"A,Minnesota,Twins"
abreb001,Abreu,Bobby,L,R,HOU,OF,Bobby Abreu,1996,"N,Houston,Astros"
bagwj001,Bagwell,Jeff,R,R,HOU,1B,Jeff Bagwell,1996,"N,Houston,Astros"
belld001,Bell,Derek,R,R,HOU,OF,Derek Bell,1996,"N,Houston,Astros"
berrs001,Berry,Sean,R,R,HOU,3B,Sean Berry,1996,"N,Houston,Astros"
biggc001,Biggio,Craig,R,R,HOU,2B,Craig Biggio,1996,"N,Houston,Astros"
brocd001,Brocail,Doug,L,R,HOU,P,Doug Brocail,1996,"N,Houston,Astros"
cangj001,Cangelosi,John,B,L,HOU,OF,John Cangelosi,1996,"N,Houston,Astros"
cedea001,Cedeno,Andujar,R,R,HOU,SS,Andujar Cedeno,1996,"N,Houston,Astros"
clart001,Clark,Terry,R,R,HOU,P,Terry Clark,1996,"N,Houston,Astros"
darwd001,Darwin,Danny,R,R,HOU,P,Danny Darwin,1996,"N,Houston,Astros"
dougj001,Dougherty,Jim,R,R,HOU,P,Jim Dougherty,1996,"N,Houston,Astros"
drabd001,Drabek,Doug,R,R,HOU,P,Doug Drabek,1996,"N,Houston,Astros"
euset001,Eusebio,Tony,R,R,HOU,C,Tony Eusebio,1996,"N,Houston,Astros"
goffj001,Goff,Jerry,L,R,HOU,C,Jerry Goff,1996,"N,Houston,Astros"
gutir001,Gutierrez,Ricky,R,R,HOU,SS,Ricky Gutierrez,1996,"N,Houston,Astros"
hajed001,Hajek,Dave,R,R,HOU,3B,Dave Hajek,1996,"N,Houston,Astros"
hampm001,Hampton,Mike,R,L,HOU,P,Mike Hampton,1996,"N,Houston,Astros"
hartd001,Hartgraves,Dean,R,L,HOU,P,Dean Hartgraves,1996,"N,Houston,Astros"
hernx001,Hernandez,Xavier,L,R,HOU,P,Xavier Hernandez,1996,"N,Houston,Astros"
holtc001,Holt,Chris,R,R,HOU,P,Chris Holt,1996,"N,Houston,Astros"
hudej001,Hudek,John,B,R,HOU,P,John Hudek,1996,"N,Houston,Astros"
huntb002,Hunter,Brian,R,R,HOU,OF,Brian Hunter,1996,"N,Houston,Astros"
johnj006,Johnstone,John,R,R,HOU,P,John Johnstone,1996,"N,Houston,Astros"
jonet003,Jones,Todd,L,R,HOU,P,Todd Jones,1996,"N,Houston,Astros"
kiled001,Kile,Darryl,R,R,HOU,P,Darryl Kile,1996,"N,Houston,Astros"
knorr001,Knorr,Randy,R,R,HOU,C,Randy Knorr,1996,"N,Houston,Astros"
manwk001,Manwaring,Kirt,R,R,HOU,C,Kirt Manwaring,1996,"N,Houston,Astros"
may-d001,May,Derrick,L,R,HOU,OF,Derrick May,1996,"N,Houston,Astros"
millo001,Miller,Orlando,R,R,HOU,SS,Orlando Miller,1996,"N,Houston,Astros"
montr003,Montgomery,Ray,R,R,HOU,OF,Ray Montgomery,1996,"N,Houston,Astros"
morma001,Morman,Alvin,L,L,HOU,P,Alvin Morman,1996,"N,Houston,Astros"
moutj001,Mouton,James,R,R,HOU,OF,James Mouton,1996,"N,Houston,Astros"
olsog001,Olson,Gregg,R,R,HOU,P,Gregg Olson,1996,"N,Houston,Astros"
reyns001,Reynolds,Shane,R,R,HOU,P,Shane Reynolds,1996,"N,Houston,Astros"
simmm001,Simms,Mike,R,R,HOU,OF,Mike Simms,1996,"N,Houston,Astros"
smalm001,Small,Mark,R,R,HOU,P,Mark Small,1996,"N,Houston,Astros"
spieb001,Spiers,Bill,L,R,HOU,3B,Bill Spiers,1996,"N,Houston,Astros"
swing001,Swindell,Greg,R,L,HOU,P,Greg Swindell,1996,"N,Houston,Astros"
tabaj001,Tabaka,Jeff,R,L,HOU,P,Jeff Tabaka,1996,"N,Houston,Astros"
wagnb001,Wagner,Billy,L,L,HOU,P,Billy Wagner,1996,"N,Houston,Astros"
walld002,Wall,Donne,R,R,HOU,P,Donne Wall,1996,"N,Houston,Astros"
wilkr001,Wilkins,Rick,L,R,HOU,C,Rick Wilkins,1996,"N,Houston,Astros"
youna001,Young,Anthony,R,R,HOU,P,Anthony Young,1996,"N,Houston,Astros"
abboj001,Abbott,Jim,L,L,CAL,P,Jim Abbott,1996,"A,California,Angels"
abbok001,Abbott,Kyle,L,L,CAL,P,Kyle Abbott,1996,"A,California,Angels"
aldrm001,Aldrete,Mike,L,L,CAL,DH,Mike Aldrete,1996,"A,California,Angels"
andeg001,Anderson,Garret,L,L,CAL,OF,Garret Anderson,1996,"A,California,Angels"
ariag001,Arias,George,R,R,CAL,3B,George Arias,1996,"A,California,Angels"
bordp001,Borders,Pat,R,R,CAL,C,Pat Borders,1996,"A,California,Angels"
bosks001,Boskie,Shawn,R,R,CAL,P,Shawn Boskie,1996,"A,California,Angels"
davic001,Davis,Chili,B,R,CAL,DH,Chili Davis,1996,"A,California,Angels"
dickj001,Dickson,Jason,L,R,CAL,P,Jason Dickson,1996,"A,California,Angels"
disag001,Disarcina,Gary,R,R,CAL,SS,Gary Disarcina,1996,"A,California,Angels"
easld001,Easley,Damion,R,R,CAL,SS,Damion Easley,1996,"A,California,Angels"
edenk001,Edenfield,Ken,R,R,CAL,P,Ken Edenfield,1996,"A,California,Angels"
edmoj001,Edmonds,Jim,L,L,CAL,OF,Jim Edmonds,1996,"A,California,Angels"
eenhr001,Eenhoorn,Robert,R,R,CAL,SS,Robert Eenhoorn,1996,"A,California,Angels"
eichm001,Eichhorn,Mark,R,R,CAL,P,Mark Eichhorn,1996,"A,California,Angels"
ellir001,Ellis,Robert,R,R,CAL,P,Robert Ellis,1996,"A,California,Angels"
erstd001,Erstad,Darin,L,L,CAL,OF,Darin Erstad,1996,"A,California,Angels"
fabrj001,Fabregas,Jorge,L,R,CAL,C,Jorge Fabregas,1996,"A,California,Angels"
finlc001,Finley,Chuck,L,L,CAL,P,Chuck Finley,1996,"A,California,Angels"
froht001,Frohwirth,Todd,R,R,CAL,P,Todd Frohwirth,1996,"A,California,Angels"
gohrg001,Gohr,Greg,R,R,CAL,P,Greg Gohr,1996,"A,California,Angels"
greet003,Greene,Todd,R,R,CAL,C,Todd Greene,1996,"A,California,Angels"
grimj001,Grimsley,Jason,R,R,CAL,P,Jason Grimsley,1996,"A,California,Angels"
hancr001,Hancock,Ryan,R,R,CAL,P,Ryan Hancock,1996,"A,California,Angels"
harrp001,Harris,Pep,R,R,CAL,P,Pep Harris,1996,"A,California,Angels"
holtm001,Holtz,Mike,L,L,CAL,P,Mike Holtz,1996,"A,California,Angels"
holzm001,Holzemer,Mark,L,L,CAL,P,Mark Holzemer,1996,"A,California,Angels"
howej002,Howell,Jack,L,R,CAL,3B,Jack Howell,1996,"A,California,Angels"
hudlr001,Hudler,Rex,R,R,CAL,2B,Rex Hudler,1996,"A,California,Angels"
jamem001,James,Mike,R,R,CAL,P,Mike James,1996,"A,California,Angels"
langm001,Langston,Mark,R,L,CAL,P,Mark Langston,1996,"A,California,Angels"
leftp001,Leftwich,Phil,R,R,CAL,P,Phil Leftwich,1996,"A,California,Angels"
may-d002,May,Darrell,L,L,CAL,P,Darrell May,1996,"A,California,Angels"
mcelc001,McElroy,Chuck,L,L,CAL,P,Chuck McElroy,1996,"A,California,Angels"
montr002,Monteleone,Rich,R,R,CAL,P,Rich Monteleone,1996,"A,California,Angels"
palmo001,Palmeiro,Orlando,L,L,CAL,OF,Orlando Palmeiro,1996,"A,California,Angels"
pennb001,Pennington,Brad,L,L,CAL,P,Brad Pennington,1996,"A,California,Angels"
perct001,Percival,Troy,R,R,CAL,P,Troy Percival,1996,"A,California,Angels"
pritc001,Pritchett,Chris,L,R,CAL,1B,Chris Pritchett,1996,"A,California,Angels"
salmt001,Salmon,Tim,R,R,CAL,OF,Tim Salmon,1996,"A,California,Angels"
sands001,Sanderson,Scott,R,R,CAL,P,Scott Sanderson,1996,"A,California,Angels"
schmj002,Schmidt,Jeff,R,R,CAL,P,Jeff Schmidt,1996,"A,California,Angels"
schod001,Schofield,Dick,R,R,CAL,SS,Dick Schofield,1996,"A,California,Angels"
slaud001,Slaught,Don,R,R,CAL,C,Don Slaught,1996,"A,California,Angels"
smitl001,Smith,Lee,R,R,CAL,P,Lee Smith,1996,"A,California,Angels"
snowj001,Snow,J.T.,B,L,CAL,1B,J.T. Snow,1996,"A,California,Angels"
sprid001,Springer,Dennis,R,R,CAL,P,Dennis Springer,1996,"A,California,Angels"
turnc001,Turner,Chris,R,R,CAL,C,Chris Turner,1996,"A,California,Angels"
vanrb001,VanRyn,Ben,L,L,CAL,P,Ben VanRyn,1996,"A,California,Angels"
velar001,Velarde,Randy,R,R,CAL,2B,Randy Velarde,1996,"A,California,Angels"
wallt001,Wallach,Tim,R,R,CAL,3B,Tim Wallach,1996,"A,California,Angels"
wills001,Williams,Shad,R,R,CAL,P,Shad Williams,1996,"A,California,Angels"
andul001,Andujar,Luis,R,R,TOR,P,Luis Andujar,1996,"A,Toronto,Blue Jays"
bohab001,Bohanon,Brian,L,L,TOR,P,Brian Bohanon,1996,"A,Toronto,Blue Jays"
britt001,Brito,Tilson,R,R,TOR,2B,Tilson Brito,1996,"A,Toronto,Blue Jays"
brows002,Brow,Scott,R,R,TOR,P,Scott Brow,1996,"A,Toronto,Blue Jays"
brumj001,Brumfield,Jacob,R,R,TOR,OF,Jacob Brumfield,1996,"A,Toronto,Blue Jays"
cairm001,Cairo,Miguel,R,R,TOR,2B,Miguel Cairo,1996,"A,Toronto,Blue Jays"
carrg001,Carrara,Giovanni,R,R,TOR,P,Giovanni Carrara,1996,"A,Toronto,Blue Jays"
cartj001,Carter,Joe,R,R,TOR,OF,Joe Carter,1996,"A,Toronto,Blue Jays"
castt001,Castillo,Tony,L,L,TOR,P,Tony Castillo,1996,"A,Toronto,Blue Jays"
ceded001,Cedeno,Domingo,B,R,TOR,2B,Domingo Cedeno,1996,"A,Toronto,Blue Jays"
crabt001,Crabtree,Tim,R,R,TOR,P,Tim Crabtree,1996,"A,Toronto,Blue Jays"
cresf001,Crespo,Felipe,B,R,TOR,2B,Felipe Crespo,1996,"A,Toronto,Blue Jays"
delgc001,Delgado,Carlos,L,R,TOR,DH,Carlos Delgado,1996,"A,Toronto,Blue Jays"
flenh001,Flener,Huck,B,L,TOR,P,Huck Flener,1996,"A,Toronto,Blue Jays"
gonza001,Gonzalez,Alex,R,R,TOR,SS,Alex Gonzalez,1996,"A,Toronto,Blue Jays"
grees001,Green,Shawn,L,L,TOR,OF,Shawn Green,1996,"A,Toronto,Blue Jays"
guzmj003,Guzman,Juan,R,R,TOR,P,Juan Guzman,1996,"A,Toronto,Blue Jays"
hanse001,Hanson,Erik,R,R,TOR,P,Erik Hanson,1996,"A,Toronto,Blue Jays"
hentp001,Hentgen,Pat,R,R,TOR,P,Pat Hentgen,1996,"A,Toronto,Blue Jays"
huffm001,Huff,Mike,R,R,TOR,OF,Mike Huff,1996,"A,Toronto,Blue Jays"
janzm001,Janzen,Marty,R,R,TOR,P,Marty Janzen,1996,"A,Toronto,Blue Jays"
johnd002,Johnson,Dane,R,R,TOR,P,Dane Johnson,1996,"A,Toronto,Blue Jays"
marta002,Martinez,Sandy,L,R,TOR,C,Sandy Martinez,1996,"A,Toronto,Blue Jays"
mosqj001,Mosquera,Julio,R,R,TOR,C,Julio Mosquera,1996,"A,Toronto,Blue Jays"
nixoo001,Nixon,Otis,B,R,TOR,OF,Otis Nixon,1996,"A,Toronto,Blue Jays"
obric001,O'Brien,Charlie,R,R,TOR,C,Charlie O'Brien,1996,"A,Toronto,Blue Jays"
olerj001,Olerud,John,L,L,TOR,1B,John Olerud,1996,"A,Toronto,Blue Jays"
perer001,Perez,Robert,R,R,TOR,OF,Robert Perez,1996,"A,Toronto,Blue Jays"
peret003,Perez,Tomas,B,R,TOR,2B,Tomas Perez,1996,"A,Toronto,Blue Jays"
quanp001,Quantrill,Paul,L,R,TOR,P,Paul Quantrill,1996,"A,Toronto,Blue Jays"
rislb001,Risley,Bill,R,R,TOR,P,Bill Risley,1996,"A,Toronto,Blue Jays"
samuj001,Samuel,Juan,R,R,TOR,DH,Juan Samuel,1996,"A,Toronto,Blue Jays"
silvj001,Silva,Jose,R,R,TOR,P,Jose Silva,1996,"A,Toronto,Blue Jays"
spolp001,Spoljaric,Paul,R,L,TOR,P,Paul Spoljaric,1996,"A,Toronto,Blue Jays"
sprae001,Sprague,Ed,R,R,TOR,3B,Ed Sprague,1996,"A,Toronto,Blue Jays"
stews002,Stewart,Shannon,R,R,TOR,OF,Shannon Stewart,1996,"A,Toronto,Blue Jays"
timlm001,Timlin,Mike,R,R,TOR,P,Mike Timlin,1996,"A,Toronto,Blue Jays"
violf001,Viola,Frank,L,L,TOR,P,Frank Viola,1996,"A,Toronto,Blue Jays"
warej001,Ware,Jeff,R,R,TOR,P,Jeff Ware,1996,"A,Toronto,Blue Jays"
willw001,Williams,Woody,R,R,TOR,P,Woody Williams,1996,"A,Toronto,Blue Jays"
alfoe001,Alfonzo,Edgardo,R,R,NYN,2B,Edgardo Alfonzo,1996,"N,New York,Mets"
baerc001,Baerga,Carlos,B,R,NYN,1B,Carlos Baerga,1996,"N,New York,Mets"
bogat001,Bogar,Tim,R,R,NYN,1B,Tim Bogar,1996,"N,New York,Mets"
brogr001,Brogna,Rico,L,L,NYN,1B,Rico Brogna,1996,"N,New York,Mets"
byrdp001,Byrd,Paul,R,R,NYN,P,Paul Byrd,1996,"N,New York,Mets"
casta001,Castillo,Alberto,R,R,NYN,C,Alberto Castillo,1996,"N,New York,Mets"
clarm002,Clark,Mark,R,R,NYN,P,Mark Clark,1996,"N,New York,Mets"
dipoj001,DiPoto,Jerry,R,R,NYN,P,Jerry DiPoto,1996,"N,New York,Mets"
espia001,Espinoza,Alvaro,R,R,NYN,3B,Alvaro Espinoza,1996,"N,New York,Mets"
everc001,Everett,Carl,B,R,NYN,OF,Carl Everett,1996,"N,New York,Mets"
franj001,Franco,John,L,L,NYN,P,John Franco,1996,"N,New York,Mets"
franm001,Franco,Matt,L,R,NYN,3B,Matt Franco,1996,"N,New York,Mets"
fyhrm001,Fyhrie,Mike,R,R,NYN,P,Mike Fyhrie,1996,"N,New York,Mets"
gilkb001,Gilkey,Bernard,R,R,NYN,OF,Bernard Gilkey,1996,"N,New York,Mets"
greec002,Greene,Charlie,R,R,NYN,C,Charlie Greene,1996,"N,New York,Mets"
hardj002,Hardtke,Jason,B,R,NYN,2B,Jason Hardtke,1996,"N,New York,Mets"
harnp001,Harnisch,Pete,B,R,NYN,P,Pete Harnisch,1996,"N,New York,Mets"
henrd002,Henry,Doug,R,R,NYN,P,Doug Henry,1996,"N,New York,Mets"
hundt001,Hundley,Todd,B,R,NYN,C,Todd Hundley,1996,"N,New York,Mets"
huskb001,Huskey,Butch,R,R,NYN,1B,Butch Huskey,1996,"N,New York,Mets"
isrij001,Isringhausen,Jason,R,R,NYN,P,Jason Isringhausen,1996,"N,New York,Mets"
johnl001,Johnson,Lance,L,L,NYN,OF,Lance Johnson,1996,"N,New York,Mets"
joneb003,Jones,Bobby,R,R,NYN,P,Bobby Jones,1996,"N,New York,Mets"
jonec002,Jones,Chris,R,R,NYN,OF,Chris Jones,1996,"N,New York,Mets"
kentj001,Kent,Jeff,R,R,NYN,3B,Jeff Kent,1996,"N,New York,Mets"
macdr001,Macdonald,Bob,L,L,NYN,P,Bob Macdonald,1996,"N,New York,Mets"
martp002,Martinez,Pedro,L,L,NYN,P,Pedro Martinez,1996,"N,New York,Mets"
maynb001,Mayne,Brent,L,R,NYN,C,Brent Mayne,1996,"N,New York,Mets"
minob001,Minor,Blas,R,R,NYN,P,Blas Minor,1996,"N,New York,Mets"
mlicd001,Mlicki,Dave,R,R,NYN,P,Dave Mlicki,1996,"N,New York,Mets"
ochoa001,Ochoa,Alex,R,R,NYN,OF,Alex Ochoa,1996,"N,New York,Mets"
ordor001,Ordonez,Rey,R,R,NYN,SS,Rey Ordonez,1996,"N,New York,Mets"
persr001,Person,Robert,R,R,NYN,P,Robert Person,1996,"N,New York,Mets"
petar001,Petagine,Roberto,L,L,NYN,1B,Roberto Petagine,1996,"N,New York,Mets"
robek001,Roberson,Kevin,B,R,NYN,OF,Kevin Roberson,1996,"N,New York,Mets"
tomba001,Tomberlin,Andy,L,L,NYN,OF,Andy Tomberlin,1996,"N,New York,Mets"
trlir001,Trlicek,Ricky,R,R,NYN,P,Ricky Trlicek,1996,"N,New York,Mets"
vizcj001,Vizcaino,Jose,B,R,NYN,2B,Jose Vizcaino,1996,"N,New York,Mets"
walld003,Wallace,Derek,R,R,NYN,P,Derek Wallace,1996,"N,New York,Mets"
wilsp001,Wilson,Paul,R,R,NYN,P,Paul Wilson,1996,"N,New York,Mets"
acrem001,Acre,Mark,R,R,OAK,P,Mark Acre,1996,"A,Oakland,Athletics"
adamw001,Adams,Willie,R,R,OAK,P,Willie Adams,1996,"A,Oakland,Athletics"
batit001,Batista,Tony,R,R,OAK,2B,Tony Batista,1996,"A,Oakland,Athletics"
batta001,Battle,Allen,R,R,OAK,OF,Allen Battle,1996,"A,Oakland,Athletics"
berrg001,Berroa,Geronimo,R,R,OAK,DH,Geronimo Berroa,1996,"A,Oakland,Athletics"
bordm001,Bordick,Mike,R,R,OAK,SS,Mike Bordick,1996,"A,Oakland,Athletics"
bourr001,Bournigal,Rafael,R,R,OAK,2B,Rafael Bournigal,1996,"A,Oakland,Athletics"
brisj001,Briscoe,John,R,R,OAK,P,John Briscoe,1996,"A,Oakland,Athletics"
bross001,Brosius,Scott,R,R,OAK,3B,Scott Brosius,1996,"A,Oakland,Athletics"
choub001,Chouinard,Bobby,R,R,OAK,P,Bobby Chouinard,1996,"A,Oakland,Athletics"
corsj001,Corsi,Jim,R,R,OAK,P,Jim Corsi,1996,"A,Oakland,Athletics"
fletp001,Fletcher,Paul,R,R,OAK,P,Paul Fletcher,1996,"A,Oakland,Athletics"
garrw001,Garrison,Webster,R,R,OAK,2B,Webster Garrison,1996,"A,Oakland,Athletics"
gateb001,Gates,Brent,B,R,OAK,2B,Brent Gates,1996,"A,Oakland,Athletics"
giamj001,Giambi,Jason,L,R,OAK,1B,Jason Giambi,1996,"A,Oakland,Athletics"
groob001,Groom,Buddy,L,L,OAK,P,Buddy Groom,1996,"A,Oakland,Athletics"
herrj001,Herrera,Jose,L,L,OAK,OF,Jose Herrera,1996,"A,Oakland,Athletics"
johnd003,Johns,Doug,R,L,OAK,P,Doug Johns,1996,"A,Oakland,Athletics"
leshb001,Lesher,Brian,R,L,OAK,OF,Brian Lesher,1996,"A,Oakland,Athletics"
lovut001,Lovullo,Torey,B,R,OAK,1B,Torey Lovullo,1996,"A,Oakland,Athletics"
mashd001,Mashore,Damon,R,R,OAK,OF,Damon Mashore,1996,"A,Oakland,Athletics"
mcgwm001,McGwire,Mark,R,R,OAK,1B,Mark McGwire,1996,"A,Oakland,Athletics"
mohlm001,Mohler,Mike,R,L,OAK,P,Mike Mohler,1996,"A,Oakland,Athletics"
molii001,Molina,Izzy,R,R,OAK,C,Izzy Molina,1996,"A,Oakland,Athletics"
monts001,Montgomery,Steve,R,R,OAK,P,Steve Montgomery,1996,"A,Oakland,Athletics"
moork001,Moore,Kerwin,B,R,OAK,OF,Kerwin Moore,1996,"A,Oakland,Athletics"
munop001,Munoz,Pedro,R,R,OAK,DH,Pedro Munoz,1996,"A,Oakland,Athletics"
planp001,Plantier,Phil,L,R,OAK,OF,Phil Plantier,1996,"A,Oakland,Athletics"
priea001,Prieto,Ariel,R,R,OAK,P,Ariel Prieto,1996,"A,Oakland,Athletics"
reyec001,Reyes,Carlos,R,R,OAK,P,Carlos Reyes,1996,"A,Oakland,Athletics"
smala001,Small,Aaron,R,R,OAK,P,Aaron Small,1996,"A,Oakland,Athletics"
spies001,Spiezio,Scott,B,R,OAK,3B,Scott Spiezio,1996,"A,Oakland,Athletics"
staim001,Stairs,Matt,L,R,OAK,OF,Matt Stairs,1996,"A,Oakland,Athletics"
steit001,Steinbach,Terry,R,R,OAK,C,Terry Steinbach,1996,"A,Oakland,Athletics"
taylb001,Taylor,Billy,R,R,OAK,P,Billy Taylor,1996,"A,Oakland,Athletics"
telgd001,Telgheder,Dave,R,R,OAK,P,Dave Telgheder,1996,"A,Oakland,Athletics"
vanpt001,Van Poppel,Todd,R,R,OAK,P,Todd Van Poppel,1996,"A,Oakland,Athletics"
wasdj001,Wasdin,John,R,R,OAK,P,John Wasdin,1996,"A,Oakland,Athletics"
wengd001,Wengert,Don,R,R,OAK,P,Don Wengert,1996,"A,Oakland,Athletics"
willg002,Williams,George,B,R,OAK,C,George Williams,1996,"A,Oakland,Athletics"
witaj001,Witasick,Jay,R,R,OAK,P,Jay Witasick,1996,"A,Oakland,Athletics"
wojcs001,Wojciechowski,Steve,L,L,OAK,P,Steve Wojciechowski,1996,"A,Oakland,Athletics"
youne002,Young,Ernie,R,R,OAK,OF,Ernie Young,1996,"A,Oakland,Athletics"
belis001,Belinda,Stan,R,R,BOS,P,Stan Belinda,1996,"A,Boston,Red Sox"
belte001,Beltre,Esteban,R,R,BOS,3B,Esteban Beltre,1996,"A,Boston,Red Sox"
bragd001,Bragg,Darren,L,R,BOS,OF,Darren Bragg,1996,"A,Boston,Red Sox"
branm002,Brandenburg,Mark,R,R,BOS,P,Mark Brandenburg,1996,"A,Boston,Red Sox"
cansj001,Canseco,Jose,R,R,BOS,DH,Jose Canseco,1996,"A,Boston,Red Sox"
clarp001,Clark,Phil,R,R,BOS,1B,Phil Clark,1996,"A,Boston,Red Sox"
clemr001,Clemens,Roger,R,R,BOS,P,Roger Clemens,1996,"A,Boston,Red Sox"
colea001,Cole,Alex,L,L,BOS,OF,Alex Cole,1996,"A,Boston,Red Sox"
cordw001,Cordero,Wil,R,R,BOS,2B,Wil Cordero,1996,"A,Boston,Red Sox"
cuylm001,Cuyler,Milt,B,R,BOS,OF,Milt Cuyler,1996,"A,Boston,Red Sox"
delga001,Delgado,Alex,R,R,BOS,C,Alex Delgado,1996,"A,Boston,Red Sox"
dohej001,Doherty,John,R,R,BOS,P,John Doherty,1996,"A,Boston,Red Sox"
eshev001,Eshelman,Vaughn,L,L,BOS,P,Vaughn Eshelman,1996,"A,Boston,Red Sox"
fryej001,Frye,Jeff,R,R,BOS,2B,Jeff Frye,1996,"A,Boston,Red Sox"
garcn001,Garciaparra,Nomar,R,R,BOS,SS,Nomar Garciaparra,1996,"A,Boston,Red Sox"
garcr001,Garces,Rich,R,R,BOS,P,Rich Garces,1996,"A,Boston,Red Sox"
gordt001,Gordon,Tom,R,R,BOS,P,Tom Gordon,1996,"A,Boston,Red Sox"
greem001,Greenwell,Mike,L,R,BOS,OF,Mike Greenwell,1996,"A,Boston,Red Sox"
grunk001,Grundt,Ken,L,L,BOS,P,Ken Grundt,1996,"A,Boston,Red Sox"
gunde001,Gunderson,Eric,R,L,BOS,P,Eric Gunderson,1996,"A,Boston,Red Sox"
harrr001,Harris,Reggie,R,R,BOS,P,Reggie Harris,1996,"A,Boston,Red Sox"
haseb001,Haselman,Bill,R,R,BOS,C,Bill Haselman,1996,"A,Boston,Red Sox"
hatts001,Hatteberg,Scott,L,R,BOS,C,Scott Hatteberg,1996,"A,Boston,Red Sox"
hosed001,Hosey,Dwayne,B,R,BOS,OF,Dwayne Hosey,1996,"A,Boston,Red Sox"
hudsj001,Hudson,Joe,R,R,BOS,P,Joe Hudson,1996,"A,Boston,Red Sox"
jeffr001,Jefferson,Reggie,L,L,BOS,DH,Reggie Jefferson,1996,"A,Boston,Red Sox"
knacb001,Knackert,Brent,R,R,BOS,P,Brent Knackert,1996,"A,Boston,Red Sox"
lacyk001,Lacy,Kerry,R,R,BOS,P,Kerry Lacy,1996,"A,Boston,Red Sox"
maddm002,Maddux,Mike,L,R,BOS,P,Mike Maddux,1996,"A,Boston,Red Sox"
mahop001,Mahomes,Pat,R,R,BOS,P,Pat Mahomes,1996,"A,Boston,Red Sox"
malaj001,Malave,Jose,R,R,BOS,OF,Jose Malave,1996,"A,Boston,Red Sox"
mantj001,Manto,Jeff,R,R,BOS,3B,Jeff Manto,1996,"A,Boston,Red Sox"
mckew001,McKeel,Walt,R,R,BOS,C,Walt McKeel,1996,"A,Boston,Red Sox"
mincn001,Minchey,Nate,R,R,BOS,P,Nate Minchey,1996,"A,Boston,Red Sox"
mitck001,Mitchell,Kevin,R,R,BOS,OF,Kevin Mitchell,1996,"A,Boston,Red Sox"
moyej001,Moyer,Jamie,L,L,BOS,P,Jamie Moyer,1996,"A,Boston,Red Sox"
naeht001,Naehring,Tim,R,R,BOS,3B,Tim Naehring,1996,"A,Boston,Red Sox"
nixot001,Nixon,Trot,L,L,BOS,OF,Trot Nixon,1996,"A,Boston,Red Sox"
oleat001,O'Leary,Troy,L,L,BOS,OF,Troy O'Leary,1996,"A,Boston,Red Sox"
pembr001,Pemberton,Rudy,R,R,BOS,OF,Rudy Pemberton,1996,"A,Boston,Red Sox"
pennb001,Pennington,Brad,L,L,BOS,P,Brad Pennington,1996,"A,Boston,Red Sox"
pirkg001,Pirkl,Greg,R,R,BOS,PH,Greg Pirkl,1996,"A,Boston,Red Sox"
pozoa001,Pozo,Arquimedez,R,R,BOS,2B,Arquimedez Pozo,1996,"A,Boston,Red Sox"
rodrt001,Rodriguez,Tony,R,R,BOS,SS,Tony Rodriguez,1996,"A,Boston,Red Sox"
selbb001,Selby,Bill,L,R,BOS,2B,Bill Selby,1996,"A,Boston,Red Sox"
selea001,Sele,Aaron,R,R,BOS,P,Aaron Sele,1996,"A,Boston,Red Sox"
sloch001,Slocumb,Heathcliff,R,R,BOS,P,Heathcliff Slocumb,1996,"A,Boston,Red Sox"
stanm002,Stanley,Mike,R,R,BOS,C,Mike Stanley,1996,"A,Boston,Red Sox"
stanm003,Stanton,Mike,L,L,BOS,P,Mike Stanton,1996,"A,Boston,Red Sox"
suppj001,Suppan,Jeff,R,R,BOS,P,Jeff Suppan,1996,"A,Boston,Red Sox"
tatuj001,Tatum,Jim,R,R,BOS,3B,Jim Tatum,1996,"A,Boston,Red Sox"
tinsl001,Tinsley,Lee,B,R,BOS,OF,Lee Tinsley,1996,"A,Boston,Red Sox"
valej002,Valentin,John,R,R,BOS,SS,John Valentin,1996,"A,Boston,Red Sox"
vaugm001,Vaughn,Mo,L,R,BOS,1B,Mo Vaughn,1996,"A,Boston,Red Sox"
waket001,Wakefield,Tim,R,R,BOS,P,Tim Wakefield,1996,"A,Boston,Red Sox"
abbok002,Abbott,Kurt,R,R,FLO,SS,Kurt Abbott,1996,"N,Florida,Marlins"
adamj001,Adamson,Joel,L,L,FLO,P,Joel Adamson,1996,"N,Florida,Marlins"
ariaa001,Arias,Alex,R,R,FLO,3B,Alex Arias,1996,"N,Florida,Marlins"
batim001,Batista,Miguel,R,R,FLO,P,Miguel Batista,1996,"N,Florida,Marlins"
bootj001,Booty,Josh,R,R,FLO,3B,Josh Booty,1996,"N,Florida,Marlins"
brooj001,Brooks,Jerry,R,R,FLO,OF,Jerry Brooks,1996,"N,Florida,Marlins"
browk001,Brown,Kevin,R,R,FLO,P,Kevin Brown,1996,"N,Florida,Marlins"
burkj001,Burkett,John,R,R,FLO,P,John Burkett,1996,"N,Florida,Marlins"
castl001,Castillo,Luis,B,R,FLO,2B,Luis Castillo,1996,"N,Florida,Marlins"
colbg001,Colbrunn,Greg,R,R,FLO,1B,Greg Colbrunn,1996,"N,Florida,Marlins"
conij001,Conine,Jeff,R,R,FLO,OF,Jeff Conine,1996,"N,Florida,Marlins"
dawsa001,Dawson,Andre,R,R,FLO,OF,Andre Dawson,1996,"N,Florida,Marlins"
grebc001,Grebeck,Craig,R,R,FLO,2B,Craig Grebeck,1996,"N,Florida,Marlins"
hammc001,Hammond,Chris,L,L,FLO,P,Chris Hammond,1996,"N,Florida,Marlins"
hellr001,Helling,Rick,R,R,FLO,P,Rick Helling,1996,"N,Florida,Marlins"
heref001,Heredia,Felix,L,L,FLO,P,Felix Heredia,1996,"N,Florida,Marlins"
hernl003,Hernandez,Livan,R,R,FLO,P,Livan Hernandez,1996,"N,Florida,Marlins"
hursb002,Hurst,Bill,R,R,FLO,P,Bill Hurst,1996,"N,Florida,Marlins"
huttm001,Hutton,Mark,R,R,FLO,P,Mark Hutton,1996,"N,Florida,Marlins"
johnc002,Johnson,Charles,R,R,FLO,C,Charles Johnson,1996,"N,Florida,Marlins"
larka001,Larkin,Andy,R,R,FLO,P,Andy Larkin,1996,"N,Florida,Marlins"
leita001,Leiter,Al,L,L,FLO,P,Al Leiter,1996,"N,Florida,Marlins"
mantm001,Mantei,Matt,R,R,FLO,P,Matt Mantei,1996,"N,Florida,Marlins"
matht001,Mathews,Terry,L,R,FLO,P,Terry Mathews,1996,"N,Florida,Marlins"
mcmib001,McMillon,Billy,L,L,FLO,OF,Billy McMillon,1996,"N,Florida,Marlins"
millk003,Miller,Kurt,R,R,FLO,P,Kurt Miller,1996,"N,Florida,Marlins"
millr003,Milliard,Ralph,R,R,FLO,2B,Ralph Milliard,1996,"N,Florida,Marlins"
mormr001,Morman,Russ,R,R,FLO,1B,Russ Morman,1996,"N,Florida,Marlins"
natab001,Natal,Rob,R,R,FLO,C,Rob Natal,1996,"N,Florida,Marlins"
nen-r001,Nen,Robb,R,R,FLO,P,Robb Nen,1996,"N,Florida,Marlins"
orsuj001,Orsulak,Joe,L,L,FLO,OF,Joe Orsulak,1996,"N,Florida,Marlins"
palld001,Pall,Donn,R,R,FLO,P,Donn Pall,1996,"N,Florida,Marlins"
penaa001,Pena,Alejandro,R,R,FLO,P,Alejandro Pena,1996,"N,Florida,Marlins"
pendt001,Pendleton,Terry,B,R,FLO,3B,Terry Pendleton,1996,"N,Florida,Marlins"
perey001,Perez,Yorkis,L,L,FLO,P,Yorkis Perez,1996,"N,Florida,Marlins"
powej001,Powell,Jay,R,R,FLO,P,Jay Powell,1996,"N,Florida,Marlins"
rappp001,Rapp,Pat,R,R,FLO,P,Pat Rapp,1996,"N,Florida,Marlins"
rente001,Renteria,Edgar,R,R,FLO,SS,Edgar Renteria,1996,"N,Florida,Marlins"
shefg001,Sheffield,Gary,R,R,FLO,OF,Gary Sheffield,1996,"N,Florida,Marlins"
siddj001,Siddall,Joe,L,R,FLO,C,Joe Siddall,1996,"N,Florida,Marlins"
tavaj002,Tavarez,Jesus,B,R,FLO,OF,Jesus Tavarez,1996,"N,Florida,Marlins"
valdm001,Valdes,Marc,R,R,FLO,P,Marc Valdes,1996,"N,Florida,Marlins"
veraq001,Veras,Quilvio,B,R,FLO,2B,Quilvio Veras,1996,"N,Florida,Marlins"
weatd001,Weathers,David,R,R,FLO,P,David Weathers,1996,"N,Florida,Marlins"
whitd001,White,Devon,B,R,FLO,OF,Devon White,1996,"N,Florida,Marlins"
zaung001,Zaun,Gregg,B,R,FLO,C,Gregg Zaun,1996,"N,Florida,Marlins"
alstg001,Alston,Garvin,R,R,COL,P,Garvin Alston,1996,"N,Colorado,Rockies"
anthe001,Anthony,Eric,L,L,COL,OF,Eric Anthony,1996,"N,Colorado,Rockies"
bailr001,Bailey,Roger,R,R,COL,P,Roger Bailey,1996,"N,Colorado,Rockies"
batej001,Bates,Jason,B,R,COL,2B,Jason Bates,1996,"N,Colorado,Rockies"
beckr003,Beckett,Robbie,R,L,COL,P,Robbie Beckett,1996,"N,Colorado,Rockies"
bichd001,Bichette,Dante,R,R,COL,OF,Dante Bichette,1996,"N,Colorado,Rockies"
britj001,Brito,Jorge,R,R,COL,C,Jorge Brito,1996,"N,Colorado,Rockies"
burke001,Burks,Ellis,R,R,COL,OF,Ellis Burks,1996,"N,Colorado,Rockies"
burkj002,Burke,John,B,R,COL,P,John Burke,1996,"N,Colorado,Rockies"
castp001,Castellano,Pedro,R,R,COL,2B,Pedro Castellano,1996,"N,Colorado,Rockies"
castv001,Castilla,Vinny,R,R,COL,3B,Vinny Castilla,1996,"N,Colorado,Rockies"
cocka001,Cockrell,Alan,R,R,COL,OF,Alan Cockrell,1996,"N,Colorado,Rockies"
decks001,Decker,Steve,R,R,COL,C,Steve Decker,1996,"N,Colorado,Rockies"
echea001,Echevarria,Angel,R,R,COL,OF,Angel Echevarria,1996,"N,Colorado,Rockies"
farmm001,Farmer,Mike,B,L,COL,P,Mike Farmer,1996,"N,Colorado,Rockies"
freem001,Freeman,Marvin,R,R,COL,P,Marvin Freeman,1996,"N,Colorado,Rockies"
galaa001,Galarraga,Andres,R,R,COL,1B,Andres Galarraga,1996,"N,Colorado,Rockies"
habyj001,Habyan,John,R,R,COL,P,John Habyan,1996,"N,Colorado,Rockies"
hawbr001,Hawblitzel,Ryan,R,R,COL,P,Ryan Hawblitzel,1996,"N,Colorado,Rockies"
holmd001,Holmes,Darren,R,R,COL,P,Darren Holmes,1996,"N,Colorado,Rockies"
hubbt001,Hubbard,Trent,R,R,COL,OF,Trent Hubbard,1996,"N,Colorado,Rockies"
jonet004,Jones,Terry,B,R,COL,OF,Terry Jones,1996,"N,Colorado,Rockies"
leskc001,Leskanic,Curt,R,R,COL,P,Curt Leskanic,1996,"N,Colorado,Rockies"
mccrq001,McCracken,Quinton,B,R,COL,OF,Quinton McCracken,1996,"N,Colorado,Rockies"
munom001,Munoz,Mike,L,L,COL,P,Mike Munoz,1996,"N,Colorado,Rockies"
niedd001,Nied,David,R,R,COL,P,David Nied,1996,"N,Colorado,Rockies"
owenj001,Owens,Jayhawk,R,R,COL,C,Jayhawk Owens,1996,"N,Colorado,Rockies"
painl001,Painter,Lance,L,L,COL,P,Lance Painter,1996,"N,Colorado,Rockies"
peren001,Perez,Neifi,B,R,COL,SS,Neifi Perez,1996,"N,Colorado,Rockies"
pullh001,Pulliam,Harvey,R,R,COL,OF,Harvey Pulliam,1996,"N,Colorado,Rockies"
reedj001,Reed,Jeff,L,R,COL,C,Jeff Reed,1996,"N,Colorado,Rockies"
reeds001,Reed,Steve,R,R,COL,P,Steve Reed,1996,"N,Colorado,Rockies"
rekab001,Rekar,Bryan,R,R,COL,P,Bryan Rekar,1996,"N,Colorado,Rockies"
reyna001,Reynoso,Armando,R,R,COL,P,Armando Reynoso,1996,"N,Colorado,Rockies"
ritzk001,Ritz,Kevin,R,R,COL,P,Kevin Ritz,1996,"N,Colorado,Rockies"
ruffb001,Ruffin,Bruce,B,L,COL,P,Bruce Ruffin,1996,"N,Colorado,Rockies"
swifb001,Swift,Bill,R,R,COL,P,Bill Swift,1996,"N,Colorado,Rockies"
thomm001,Thompson,Milt,L,R,COL,OF,Milt Thompson,1996,"N,Colorado,Rockies"
thomm002,Thompson,Mark,R,R,COL,P,Mark Thompson,1996,"N,Colorado,Rockies"
vandj001,Vander Wal,John,L,L,COL,OF,John Vander Wal,1996,"N,Colorado,Rockies"
walkl001,Walker,Larry,L,R,COL,OF,Larry Walker,1996,"N,Colorado,Rockies"
weisw001,Weiss,Walt,B,R,COL,SS,Walt Weiss,1996,"N,Colorado,Rockies"
wrigj001,Wright,Jamey,R,R,COL,P,Jamey Wright,1996,"N,Colorado,Rockies"
youne001,Young,Eric,R,R,COL,2B,Eric Young,1996,"N,Colorado,Rockies"
adamt001,Adams,Terry,R,R,CHN,P,Terry Adams,1996,"N,Chicago,Cubs"
barbb001,Barberie,Bret,B,R,CHN,2B,Bret Barberie,1996,"N,Chicago,Cubs"
bottk001,Bottenfield,Kent,R,R,CHN,P,Kent Bottenfield,1996,"N,Chicago,Cubs"
browb003,Brown,Brant,L,L,CHN,1B,Brant Brown,1996,"N,Chicago,Cubs"
bullj001,Bullinger,Jim,R,R,CHN,P,Jim Bullinger,1996,"N,Chicago,Cubs"
bulls001,Bullett,Scott,L,L,CHN,OF,Scott Bullett,1996,"N,Chicago,Cubs"
campm001,Campbell,Mike,R,R,CHN,P,Mike Campbell,1996,"N,Chicago,Cubs"
casil001,Casian,Larry,R,L,CHN,P,Larry Casian,1996,"N,Chicago,Cubs"
castf001,Castillo,Frank,R,R,CHN,P,Frank Castillo,1996,"N,Chicago,Cubs"
dorsb001,Dorsett,Brian,R,R,CHN,C,Brian Dorsett,1996,"N,Chicago,Cubs"
fermf001,Fermin,Felix,R,R,CHN,2B,Felix Fermin,1996,"N,Chicago,Cubs"
fostk001,Foster,Kevin,R,R,CHN,P,Kevin Foster,1996,"N,Chicago,Cubs"
gland001,Glanville,Doug,R,R,CHN,OF,Doug Glanville,1996,"N,Chicago,Cubs"
gomel001,Gomez,Leo,R,R,CHN,3B,Leo Gomez,1996,"N,Chicago,Cubs"
gonzl001,Gonzalez,Luis,L,R,CHN,OF,Luis Gonzalez,1996,"N,Chicago,Cubs"
gracm001,Grace,Mark,L,L,CHN,1B,Mark Grace,1996,"N,Chicago,Cubs"
hanet001,Haney,Todd,R,R,CHN,2B,Todd Haney,1996,"N,Chicago,Cubs"
hernj001,Hernandez,Jose,R,R,CHN,SS,Jose Hernandez,1996,"N,Chicago,Cubs"
houst001,Houston,Tyler,L,R,CHN,C,Tyler Houston,1996,"N,Chicago,Cubs"
hubbm001,Hubbard,Mike,R,R,CHN,C,Mike Hubbard,1996,"N,Chicago,Cubs"
jennr001,Jennings,Robin,L,L,CHN,OF,Robin Jennings,1996,"N,Chicago,Cubs"
joned001,Jones,Doug,R,R,CHN,P,Doug Jones,1996,"N,Chicago,Cubs"
kiesb001,Kieschnick,Brooks,L,R,CHN,OF,Brooks Kieschnick,1996,"N,Chicago,Cubs"
magad001,Magadan,Dave,L,R,CHN,3B,Dave Magadan,1996,"N,Chicago,Cubs"
mcrab001,McRae,Brian,B,R,CHN,OF,Brian McRae,1996,"N,Chicago,Cubs"
myerr002,Myers,Rodney,R,R,CHN,P,Rodney Myers,1996,"N,Chicago,Cubs"
navaj001,Navarro,Jaime,R,R,CHN,P,Jaime Navarro,1996,"N,Chicago,Cubs"
pattb001,Patterson,Bob,R,L,CHN,P,Bob Patterson,1996,"N,Chicago,Cubs"
perem002,Perez,Mike,R,R,CHN,P,Mike Perez,1996,"N,Chicago,Cubs"
sancr001,Sanchez,Rey,R,R,CHN,SS,Rey Sanchez,1996,"N,Chicago,Cubs"
sandr001,Sandberg,Ryne,R,R,CHN,2B,Ryne Sandberg,1996,"N,Chicago,Cubs"
servs002,Servais,Scott,R,R,CHN,C,Scott Servais,1996,"N,Chicago,Cubs"
shumt001,Shumpert,Terry,R,R,CHN,3B,Terry Shumpert,1996,"N,Chicago,Cubs"
sosas001,Sosa,Sammy,R,R,CHN,OF,Sammy Sosa,1996,"N,Chicago,Cubs"
sturt001,Sturtze,Tanyon,R,R,CHN,P,Tanyon Sturtze,1996,"N,Chicago,Cubs"
sward001,Swartzbaugh,Dave,R,R,CHN,P,Dave Swartzbaugh,1996,"N,Chicago,Cubs"
telea001,Telemaco,Amaury,R,R,CHN,P,Amaury Telemaco,1996,"N,Chicago,Cubs"
timmo001,Timmons,Ozzie,R,R,CHN,OF,Ozzie Timmons,1996,"N,Chicago,Cubs"
tracs001,Trachsel,Steve,R,R,CHN,P,Steve Trachsel,1996,"N,Chicago,Cubs"
valdp001,Valdes,Pedro,L,L,CHN,OF,Pedro Valdes,1996,"N,Chicago,Cubs"
wendt001,Wendell,Turk,B,R,CHN,P,Turk Wendell,1996,"N,Chicago,Cubs"
anthe001,Anthony,Eric,L,L,CIN,OF,Eric Anthony,1996,"N,Cincinnati,Reds"
belkt001,Belk,Tim,R,R,CIN,1B,Tim Belk,1996,"N,Cincinnati,Reds"
boonb002,Boone,Bret,R,R,CIN,2B,Bret Boone,1996,"N,Cincinnati,Reds"
branj001,Brantley,Jeff,R,R,CIN,P,Jeff Brantley,1996,"N,Cincinnati,Reds"
branj002,Branson,Jeff,L,R,CIN,3B,Jeff Branson,1996,"N,Cincinnati,Reds"
burbd001,Burba,Dave,R,R,CIN,P,Dave Burba,1996,"N,Cincinnati,Reds"
carrg001,Carrara,Giovanni,R,R,CIN,P,Giovanni Carrara,1996,"N,Cincinnati,Reds"
carrh001,Carrasco,Hector,R,R,CIN,P,Hector Carrasco,1996,"N,Cincinnati,Reds"
colev001,Coleman,Vince,B,R,CIN,OF,Vince Coleman,1996,"N,Cincinnati,Reds"
davie001,Davis,Eric,R,R,CIN,OF,Eric Davis,1996,"N,Cincinnati,Reds"
fordb001,Fordyce,Brook,R,R,CIN,C,Brook Fordyce,1996,"N,Cincinnati,Reds"
gibrs001,Gibralter,Steve,R,R,CIN,OF,Steve Gibralter,1996,"N,Cincinnati,Reds"
goodc001,Goodwin,Curtis,L,L,CIN,OF,Curtis Goodwin,1996,"N,Cincinnati,Reds"
greew001,Greene,Willie,L,R,CIN,3B,Willie Greene,1996,"N,Cincinnati,Reds"
harrl001,Harris,Lenny,L,R,CIN,OF,Lenny Harris,1996,"N,Cincinnati,Reds"
hernx001,Hernandez,Xavier,L,R,CIN,P,Xavier Hernandez,1996,"N,Cincinnati,Reds"
howat001,Howard,Thomas,B,R,CIN,OF,Thomas Howard,1996,"N,Cincinnati,Reds"
jarvk001,Jarvis,Kevin,L,R,CIN,P,Kevin Jarvis,1996,"N,Cincinnati,Reds"
kellm001,Kelly,Mike,R,R,CIN,OF,Mike Kelly,1996,"N,Cincinnati,Reds"
larkb001,Larkin,Barry,R,R,CIN,SS,Barry Larkin,1996,"N,Cincinnati,Reds"
lilld001,Lilliquist,Derek,L,L,CIN,P,Derek Lilliquist,1996,"N,Cincinnati,Reds"
lyonc001,Lyons,Curt,R,R,CIN,P,Curt Lyons,1996,"N,Cincinnati,Reds"
martp002,Martinez,Pedro,L,L,CIN,P,Pedro Martinez,1996,"N,Cincinnati,Reds"
mcelc001,McElroy,Chuck,L,L,CIN,P,Chuck McElroy,1996,"N,Cincinnati,Reds"
mitck001,Mitchell,Kevin,R,R,CIN,OF,Kevin Mitchell,1996,"N,Cincinnati,Reds"
mitck002,Mitchell,Keith,R,R,CIN,OF,Keith Mitchell,1996,"N,Cincinnati,Reds"
moorm002,Moore,Marcus,B,R,CIN,P,Marcus Moore,1996,"N,Cincinnati,Reds"
morgm001,Morgan,Mike,R,R,CIN,P,Mike Morgan,1996,"N,Cincinnati,Reds"
morrh001,Morris,Hal,L,L,CIN,1B,Hal Morris,1996,"N,Cincinnati,Reds"
mottc001,Mottola,Chad,R,R,CIN,OF,Chad Mottola,1996,"N,Cincinnati,Reds"
olivj001,Oliver,Joe,R,R,CIN,C,Joe Oliver,1996,"N,Cincinnati,Reds"
owene001,Owens,Eric,R,R,CIN,OF,Eric Owens,1996,"N,Cincinnati,Reds"
peree001,Perez,Eduardo,R,R,CIN,1B,Eduardo Perez,1996,"N,Cincinnati,Reds"
portm001,Portugal,Mark,R,R,CIN,P,Mark Portugal,1996,"N,Cincinnati,Reds"
pught001,Pugh,Tim,R,R,CIN,P,Tim Pugh,1996,"N,Cincinnati,Reds"
remlm001,Remlinger,Mike,L,L,CIN,P,Mike Remlinger,1996,"N,Cincinnati,Reds"
ruffj001,Ruffin,Johnny,R,R,CIN,P,Johnny Ruffin,1996,"N,Cincinnati,Reds"
saboc001,Sabo,Chris,R,R,CIN,3B,Chris Sabo,1996,"N,Cincinnati,Reds"
salkr001,Salkeld,Roger,R,R,CIN,P,Roger Salkeld,1996,"N,Cincinnati,Reds"
sandr002,Sanders,Reggie,R,R,CIN,OF,Reggie Sanders,1996,"N,Cincinnati,Reds"
schop001,Schourek,Pete,L,L,CIN,P,Pete Schourek,1996,"N,Cincinnati,Reds"
servs001,Service,Scott,R,R,CIN,P,Scott Service,1996,"N,Cincinnati,Reds"
shawj001,Shaw,Jeff,R,R,CIN,P,Jeff Shaw,1996,"N,Cincinnati,Reds"
smilj001,Smiley,John,L,L,CIN,P,John Smiley,1996,"N,Cincinnati,Reds"
smitl001,Smith,Lee,R,R,CIN,P,Lee Smith,1996,"N,Cincinnati,Reds"
spraj001,Spradlin,Jerry,B,R,CIN,P,Jerry Spradlin,1996,"N,Cincinnati,Reds"
sulls001,Sullivan,Scott,R,R,CIN,P,Scott Sullivan,1996,"N,Cincinnati,Reds"
taube001,Taubensee,Ed,L,R,CIN,C,Ed Taubensee,1996,"N,Cincinnati,Reds"
alicl001,Alicea,Luis,B,R,SLN,2B,Luis Alicea,1996,"N,St. Louis,Cardinals"
bailc001,Bailey,Cory,R,R,SLN,P,Cory Bailey,1996,"N,St. Louis,Cardinals"
barbb002,Barber,Brian,R,R,SLN,P,Brian Barber,1996,"N,St. Louis,Cardinals"
batcr001,Batchelor,Rich,R,R,SLN,P,Rich Batchelor,1996,"N,St. Louis,Cardinals"
belld002,Bell,David,R,R,SLN,3B,David Bell,1996,"N,St. Louis,Cardinals"
benea001,Benes,Andy,R,R,SLN,P,Andy Benes,1996,"N,St. Louis,Cardinals"
benea002,Benes,Alan,R,R,SLN,P,Alan Benes,1996,"N,St. Louis,Cardinals"
bordp001,Borders,Pat,R,R,SLN,C,Pat Borders,1996,"N,St. Louis,Cardinals"
bradt001,Bradshaw,Terry,L,R,SLN,OF,Terry Bradshaw,1996,"N,St. Louis,Cardinals"
busbm001,Busby,Mike,R,R,SLN,P,Mike Busby,1996,"N,St. Louis,Cardinals"
clayr001,Clayton,Royce,R,R,SLN,SS,Royce Clayton,1996,"N,St. Louis,Cardinals"
difem001,Difelice,Mike,R,R,SLN,C,Mike Difelice,1996,"N,St. Louis,Cardinals"
ecked001,Eckersley,Dennis,R,R,SLN,P,Dennis Eckersley,1996,"N,St. Louis,Cardinals"
fosst001,Fossas,Tony,L,L,SLN,P,Tony Fossas,1996,"N,St. Louis,Cardinals"
gaetg001,Gaetti,Gary,R,R,SLN,3B,Gary Gaetti,1996,"N,St. Louis,Cardinals"
gallm001,Gallego,Mike,R,R,SLN,2B,Mike Gallego,1996,"N,St. Louis,Cardinals"
gantr001,Gant,Ron,R,R,SLN,OF,Ron Gant,1996,"N,St. Louis,Cardinals"
holba001,Holbert,Aaron,R,R,SLN,2B,Aaron Holbert,1996,"N,St. Louis,Cardinals"
honer001,Honeycutt,Rick,L,L,SLN,P,Rick Honeycutt,1996,"N,St. Louis,Cardinals"
jackd001,Jackson,Danny,R,L,SLN,P,Danny Jackson,1996,"N,St. Louis,Cardinals"
jordb001,Jordan,Brian,R,R,SLN,OF,Brian Jordan,1996,"N,St. Louis,Cardinals"
lankr001,Lankford,Ray,L,L,SLN,OF,Ray Lankford,1996,"N,St. Louis,Cardinals"
ludwe001,Ludwick,Eric,R,R,SLN,P,Eric Ludwick,1996,"N,St. Louis,Cardinals"
mabrj001,Mabry,John,L,R,SLN,1B,John Mabry,1996,"N,St. Louis,Cardinals"
matht002,Mathews,T.J.,R,R,SLN,P,T.J. Mathews,1996,"N,St. Louis,Cardinals"
mcgew001,McGee,Willie,B,R,SLN,OF,Willie McGee,1996,"N,St. Louis,Cardinals"
mejim001,Mejia,Miguel,R,R,SLN,OF,Miguel Mejia,1996,"N,St. Louis,Cardinals"
morgm001,Morgan,Mike,R,R,SLN,P,Mike Morgan,1996,"N,St. Louis,Cardinals"
osbod001,Osborne,Donovan,B,L,SLN,P,Donovan Osborne,1996,"N,St. Louis,Cardinals"
pagnt001,Pagnozzi,Tom,R,R,SLN,C,Tom Pagnozzi,1996,"N,St. Louis,Cardinals"
parrj001,Parrett,Jeff,R,R,SLN,P,Jeff Parrett,1996,"N,St. Louis,Cardinals"
petkm001,Petkovsek,Mark,R,R,SLN,P,Mark Petkovsek,1996,"N,St. Louis,Cardinals"
shead001,Sheaffer,Danny,R,R,SLN,C,Danny Sheaffer,1996,"N,St. Louis,Cardinals"
smito001,Smith,Ozzie,B,R,SLN,SS,Ozzie Smith,1996,"N,St. Louis,Cardinals"
stott001,Stottlemyre,Todd,L,R,SLN,P,Todd Stottlemyre,1996,"N,St. Louis,Cardinals"
sweem001,Sweeney,Mark,L,L,SLN,OF,Mark Sweeney,1996,"N,St. Louis,Cardinals"
urbat001,Urbani,Tom,L,L,SLN,P,Tom Urbani,1996,"N,St. Louis,Cardinals"
yound001,Young,Dmitri,B,R,SLN,1B,Dmitri Young,1996,"N,St. Louis,Cardinals"
ashlb001,Ashley,Billy,R,R,LAN,OF,Billy Ashley,1996,"N,Los Angeles,Dodgers"
astap001,Astacio,Pedro,R,R,LAN,P,Pedro Astacio,1996,"N,Los Angeles,Dodgers"
blowm001,Blowers,Mike,R,R,LAN,3B,Mike Blowers,1996,"N,Los Angeles,Dodgers"
brusj001,Bruske,Jim,R,R,LAN,P,Jim Bruske,1996,"N,Los Angeles,Dodgers"
buscm001,Busch,Mike,R,R,LAN,3B,Mike Busch,1996,"N,Los Angeles,Dodgers"
butlb001,Butler,Brett,L,L,LAN,OF,Brett Butler,1996,"N,Los Angeles,Dodgers"
candt001,Candiotti,Tom,R,R,LAN,P,Tom Candiotti,1996,"N,Los Angeles,Dodgers"
castj004,Castro,Juan,R,R,LAN,SS,Juan Castro,1996,"N,Los Angeles,Dodgers"
ceder001,Cedeno,Roger,B,R,LAN,OF,Roger Cedeno,1996,"N,Los Angeles,Dodgers"
clard001,Clark,Dave,L,R,LAN,OF,Dave Clark,1996,"N,Los Angeles,Dodgers"
cummj001,Cummings,John,L,L,LAN,P,John Cummings,1996,"N,Los Angeles,Dodgers"
curtc001,Curtis,Chad,R,R,LAN,OF,Chad Curtis,1996,"N,Los Angeles,Dodgers"
deshd001,DeShields,Delino,L,R,LAN,2B,Delino DeShields,1996,"N,Los Angeles,Dodgers"
dreid001,Dreifort,Darren,R,R,LAN,P,Darren Dreifort,1996,"N,Los Angeles,Dodgers"
eiscj001,Eischen,Joey,L,L,LAN,P,Joey Eischen,1996,"N,Los Angeles,Dodgers"
fonvc001,Fonville,Chad,B,R,LAN,OF,Chad Fonville,1996,"N,Los Angeles,Dodgers"
gagng001,Gagne,Greg,R,R,LAN,SS,Greg Gagne,1996,"N,Los Angeles,Dodgers"
garck002,Garcia,Karim,L,L,LAN,PH,Karim Garcia,1996,"N,Los Angeles,Dodgers"
guerw001,Guerrero,Wilton,B,R,LAN,PR,Wilton Guerrero,1996,"N,Los Angeles,Dodgers"
guthm001,Guthrie,Mark,R,L,LAN,P,Mark Guthrie,1996,"N,Los Angeles,Dodgers"
halld002,Hall,Darren,R,R,LAN,P,Darren Hall,1996,"N,Los Angeles,Dodgers"
hansd001,Hansen,Dave,L,R,LAN,3B,Dave Hansen,1996,"N,Los Angeles,Dodgers"
hernc001,Hernandez,Carlos,R,R,LAN,C,Carlos Hernandez,1996,"N,Los Angeles,Dodgers"
hollt001,Hollandsworth,Todd,L,L,LAN,OF,Todd Hollandsworth,1996,"N,Los Angeles,Dodgers"
karre001,Karros,Eric,R,R,LAN,1B,Eric Karros,1996,"N,Los Angeles,Dodgers"
kirbw001,Kirby,Wayne,L,R,LAN,OF,Wayne Kirby,1996,"N,Los Angeles,Dodgers"
marro001,Marrero,Oreste,L,L,LAN,1B,Oreste Marrero,1996,"N,Los Angeles,Dodgers"
martr002,Martinez,Ramon,L,R,LAN,P,Ramon Martinez,1996,"N,Los Angeles,Dodgers"
mondr002,Mondesi,Raul,R,R,LAN,OF,Raul Mondesi,1996,"N,Los Angeles,Dodgers"
nomoh001,Nomo,Hideo,R,R,LAN,P,Hideo Nomo,1996,"N,Los Angeles,Dodgers"
osuna002,Osuna,Antonio,R,R,LAN,P,Antonio Osuna,1996,"N,Los Angeles,Dodgers"
parkc002,Park,Chan Ho,R,R,LAN,P,Chan Ho Park,1996,"N,Los Angeles,Dodgers"
parkr001,Parker,Rick,R,R,LAN,OF,Rick Parker,1996,"N,Los Angeles,Dodgers"
piazm001,Piazza,Mike,R,R,LAN,C,Mike Piazza,1996,"N,Los Angeles,Dodgers"
print001,Prince,Tom,R,R,LAN,C,Tom Prince,1996,"N,Los Angeles,Dodgers"
radis001,Radinsky,Scott,L,L,LAN,P,Scott Radinsky,1996,"N,Los Angeles,Dodgers"
thomm001,Thompson,Milt,L,R,LAN,OF,Milt Thompson,1996,"N,Los Angeles,Dodgers"
valdi001,Valdez,Ismael,R,R,LAN,P,Ismael Valdez,1996,"N,Los Angeles,Dodgers"
wallt001,Wallach,Tim,R,R,LAN,3B,Tim Wallach,1996,"N,Los Angeles,Dodgers"
worrt001,Worrell,Todd,R,R,LAN,P,Todd Worrell,1996,"N,Los Angeles,Dodgers"
aurir001,Aurilia,Rich,R,R,SFN,SS,Rich Aurilia,1996,"N,San Francisco,Giants"
barts001,Barton,Shawn,R,L,SFN,P,Shawn Barton,1996,"N,San Francisco,Giants"
batik002,Batiste,Kim,R,R,SFN,3B,Kim Batiste,1996,"N,San Francisco,Giants"
bautj001,Bautista,Jose,R,R,SFN,P,Jose Bautista,1996,"N,San Francisco,Giants"
beckr001,Beck,Rod,R,R,SFN,P,Rod Beck,1996,"N,San Francisco,Giants"
benam001,Benard,Marvin,L,L,SFN,OF,Marvin Benard,1996,"N,San Francisco,Giants"
bondb001,Bonds,Barry,L,L,SFN,OF,Barry Bonds,1996,"N,San Francisco,Giants"
bours001,Bourgeois,Steve,R,R,SFN,P,Steve Bourgeois,1996,"N,San Francisco,Giants"
canij001,Canizaro,Jay,R,R,SFN,2B,Jay Canizaro,1996,"N,San Francisco,Giants"
carld001,Carlson,Dan,R,R,SFN,P,Dan Carlson,1996,"N,San Francisco,Giants"
carrm001,Carreon,Mark,R,L,SFN,1B,Mark Carreon,1996,"N,San Francisco,Giants"
creed001,Creek,Doug,L,L,SFN,P,Doug Creek,1996,"N,San Francisco,Giants"
cruzj003,Cruz,Jacob,L,L,SFN,OF,Jacob Cruz,1996,"N,San Francisco,Giants"
decks001,Decker,Steve,R,R,SFN,C,Steve Decker,1996,"N,San Francisco,Giants"
delgw001,Delgado,Wilson,B,R,SFN,SS,Wilson Delgado,1996,"N,San Francisco,Giants"
delur001,DeLucia,Rich,R,R,SFN,P,Rich DeLucia,1996,"N,San Francisco,Giants"
dewem001,Dewey,Mark,R,R,SFN,P,Mark Dewey,1996,"N,San Francisco,Giants"
dunss001,Dunston,Shawon,R,R,SFN,SS,Shawon Dunston,1996,"N,San Francisco,Giants"
estes001,Estes,Shawn,R,L,SFN,P,Shawn Estes,1996,"N,San Francisco,Giants"
ferno001,Fernandez,Osvaldo,R,R,SFN,P,Osvaldo Fernandez,1996,"N,San Francisco,Giants"
gardm001,Gardner,Mark,R,R,SFN,P,Mark Gardner,1996,"N,San Francisco,Giants"
hallm001,Hall,Mel,L,L,SFN,OF,Mel Hall,1996,"N,San Francisco,Giants"
hillg001,Hill,Glenallen,R,R,SFN,OF,Glenallen Hill,1996,"N,San Francisco,Giants"
hookc001,Hook,Chris,R,R,SFN,P,Chris Hook,1996,"N,San Francisco,Giants"
hubbt001,Hubbard,Trent,R,R,SFN,OF,Trent Hubbard,1996,"N,San Francisco,Giants"
javis001,Javier,Stan,B,R,SFN,OF,Stan Javier,1996,"N,San Francisco,Giants"
jensm001,Jensen,Marcus,B,R,SFN,C,Marcus Jensen,1996,"N,San Francisco,Giants"
joned002,Jones,Dax,R,R,SFN,OF,Dax Jones,1996,"N,San Francisco,Giants"
judej001,Juden,Jeff,R,R,SFN,P,Jeff Juden,1996,"N,San Francisco,Giants"
lampt001,Lampkin,Tom,L,R,SFN,C,Tom Lampkin,1996,"N,San Francisco,Giants"
leitm001,Leiter,Mark,R,R,SFN,P,Mark Leiter,1996,"N,San Francisco,Giants"
manwk001,Manwaring,Kirt,R,R,SFN,C,Kirt Manwaring,1996,"N,San Francisco,Giants"
mccad001,McCarty,Dave,R,L,SFN,1B,Dave McCarty,1996,"N,San Francisco,Giants"
mirad001,Mirabelli,Doug,R,R,SFN,C,Doug Mirabelli,1996,"N,San Francisco,Giants"
muelb001,Mueller,Bill,B,R,SFN,3B,Bill Mueller,1996,"N,San Francisco,Giants"
peltd001,Peltier,Dan,L,L,SFN,1B,Dan Peltier,1996,"N,San Francisco,Giants"
philj001,Phillips,J.R.,L,L,SFN,1B,J.R. Phillips,1996,"N,San Francisco,Giants"
poolj001,Poole,Jim,L,L,SFN,P,Jim Poole,1996,"N,San Francisco,Giants"
ruetk001,Rueter,Kirk,L,L,SFN,P,Kirk Rueter,1996,"N,San Francisco,Giants"
scars001,Scarsone,Steve,R,R,SFN,2B,Steve Scarsone,1996,"N,San Francisco,Giants"
scott002,Scott,Tim,R,R,SFN,P,Tim Scott,1996,"N,San Francisco,Giants"
sodes001,Soderstrom,Steve,R,R,SFN,P,Steve Soderstrom,1996,"N,San Francisco,Giants"
thomr003,Thompson,Robby,R,R,SFN,2B,Robby Thompson,1996,"N,San Francisco,Giants"
vanlb001,VanLandingham,William,R,R,SFN,P,William VanLandingham,1996,"N,San Francisco,Giants"
watsa001,Watson,Allen,L,L,SFN,P,Allen Watson,1996,"N,San Francisco,Giants"
wilkr001,Wilkins,Rick,L,R,SFN,C,Rick Wilkins,1996,"N,San Francisco,Giants"
willk002,Williams,Keith,R,R,SFN,OF,Keith Williams,1996,"N,San Francisco,Giants"
willm003,Williams,Matt,R,R,SFN,3B,Matt Williams,1996,"N,San Francisco,Giants"
wilsd002,Wilson,Desi,L,L,SFN,1B,Desi Wilson,1996,"N,San Francisco,Giants"
amarr001,Amaral,Rich,R,R,SEA,OF,Rich Amaral,1996,"A,Seattle,Mariners"
ayalb002,Ayala,Bobby,R,R,SEA,P,Bobby Ayala,1996,"A,Seattle,Mariners"
bosic001,Bosio,Chris,R,R,SEA,P,Chris Bosio,1996,"A,Seattle,Mariners"
bragd001,Bragg,Darren,L,R,SEA,OF,Darren Bragg,1996,"A,Seattle,Mariners"
buhnj001,Buhner,Jay,R,R,SEA,OF,Jay Buhner,1996,"A,Seattle,Mariners"
carmr001,Carmona,Rafael,L,R,SEA,P,Rafael Carmona,1996,"A,Seattle,Mariners"
charn001,Charlton,Norm,B,L,SEA,P,Norm Charlton,1996,"A,Seattle,Mariners"
coraj001,Cora,Joey,B,R,SEA,2B,Joey Cora,1996,"A,Seattle,Mariners"
davir002,Davis,Russ,R,R,SEA,3B,Russ Davis,1996,"A,Seattle,Mariners"
davis003,Davison,Scott,R,R,SEA,P,Scott Davison,1996,"A,Seattle,Mariners"
davit002,Davis,Tim,L,L,SEA,P,Tim Davis,1996,"A,Seattle,Mariners"
diaza001,Diaz,Alex,B,R,SEA,OF,Alex Diaz,1996,"A,Seattle,Mariners"
grifk002,Griffey,Ken,L,L,SEA,OF,Ken Griffey,1996,"A,Seattle,Mariners"
guetl001,Guetterman,Lee,L,L,SEA,P,Lee Guetterman,1996,"A,Seattle,Mariners"
harit001,Harikkala,Tim,R,R,SEA,P,Tim Harikkala,1996,"A,Seattle,Mariners"
hitcs001,Hitchcock,Sterling,L,L,SEA,P,Sterling Hitchcock,1996,"A,Seattle,Mariners"
holld001,Hollins,Dave,B,R,SEA,3B,Dave Hollins,1996,"A,Seattle,Mariners"
huntb001,Hunter,Brian,R,L,SEA,1B,Brian Hunter,1996,"A,Seattle,Mariners"
hurte001,Hurtado,Edwin,R,R,SEA,P,Edwin Hurtado,1996,"A,Seattle,Mariners"
ibanr001,Ibanez,Raul,L,R,SEA,DH,Raul Ibanez,1996,"A,Seattle,Mariners"
jackm001,Jackson,Michael,R,R,SEA,P,Michael Jackson,1996,"A,Seattle,Mariners"
johnr005,Johnson,Randy,R,L,SEA,P,Randy Johnson,1996,"A,Seattle,Mariners"
jordr001,Jordan,Ricky,R,R,SEA,1B,Ricky Jordan,1996,"A,Seattle,Mariners"
klinj001,Klink,Joe,L,L,SEA,P,Joe Klink,1996,"A,Seattle,Mariners"
mantj001,Manto,Jeff,R,R,SEA,3B,Jeff Manto,1996,"A,Seattle,Mariners"
marte001,Martinez,Edgar,R,R,SEA,DH,Edgar Martinez,1996,"A,Seattle,Mariners"
martm002,Martinez,Manny,R,R,SEA,OF,Manny Martinez,1996,"A,Seattle,Mariners"
marzj001,Marzano,John,R,R,SEA,C,John Marzano,1996,"A,Seattle,Mariners"
mccag001,McCarthy,Greg,L,L,SEA,P,Greg McCarthy,1996,"A,Seattle,Mariners"
meacr001,Meacham,Rusty,R,R,SEA,P,Rusty Meacham,1996,"A,Seattle,Mariners"
menhp001,Menhart,Paul,R,R,SEA,P,Paul Menhart,1996,"A,Seattle,Mariners"
milab001,Milacki,Bob,R,R,SEA,P,Bob Milacki,1996,"A,Seattle,Mariners"
minob001,Minor,Blas,R,R,SEA,P,Blas Minor,1996,"A,Seattle,Mariners"
moyej001,Moyer,Jamie,L,L,SEA,P,Jamie Moyer,1996,"A,Seattle,Mariners"
mulht001,Mulholland,Terry,R,L,SEA,P,Terry Mulholland,1996,"A,Seattle,Mariners"
pirkg001,Pirkl,Greg,R,R,SEA,DH,Greg Pirkl,1996,"A,Seattle,Mariners"
rodra001,Rodriguez,Alex,R,R,SEA,SS,Alex Rodriguez,1996,"A,Seattle,Mariners"
sheea001,Sheets,Andy,R,R,SEA,3B,Andy Sheets,1996,"A,Seattle,Mariners"
sojol001,Sojo,Luis,R,R,SEA,3B,Luis Sojo,1996,"A,Seattle,Mariners"
sorrp001,Sorrento,Paul,L,R,SEA,1B,Paul Sorrento,1996,"A,Seattle,Mariners"
strad002,Strange,Doug,B,R,SEA,3B,Doug Strange,1996,"A,Seattle,Mariners"
suzum001,Suzuki,Mac,R,R,SEA,P,Mac Suzuki,1996,"A,Seattle,Mariners"
torrs001,Torres,Salomon,R,R,SEA,P,Salomon Torres,1996,"A,Seattle,Mariners"
wagnm002,Wagner,Matt,R,R,SEA,P,Matt Wagner,1996,"A,Seattle,Mariners"
wellb002,Wells,Bob,R,R,SEA,P,Bob Wells,1996,"A,Seattle,Mariners"
whitm001,Whiten,Mark,B,R,SEA,OF,Mark Whiten,1996,"A,Seattle,Mariners"
widgc001,Widger,Chris,R,R,SEA,C,Chris Widger,1996,"A,Seattle,Mariners"
wilsd001,Wilson,Dan,R,R,SEA,C,Dan Wilson,1996,"A,Seattle,Mariners"
wolcb001,Wolcott,Bob,R,R,SEA,P,Bob Wolcott,1996,"A,Seattle,Mariners"
appik001,Appier,Kevin,R,R,KCA,P,Kevin Appier,1996,"A,Kansas City,Royals"
belct001,Belcher,Tim,R,R,KCA,P,Tim Belcher,1996,"A,Kansas City,Royals"
bevib001,Bevil,Brian,R,R,KCA,P,Brian Bevil,1996,"A,Kansas City,Royals"
blumj001,Bluma,Jaime,R,R,KCA,P,Jaime Bluma,1996,"A,Kansas City,Royals"
clart001,Clark,Terry,R,R,KCA,P,Terry Clark,1996,"A,Kansas City,Royals"
damoj001,Damon,Johnny,L,L,KCA,OF,Johnny Damon,1996,"A,Kansas City,Royals"
fasas001,Fasano,Sal,R,R,KCA,C,Sal Fasano,1996,"A,Kansas City,Royals"
goodt001,Goodwin,Tom,L,R,KCA,OF,Tom Goodwin,1996,"A,Kansas City,Royals"
granj001,Granger,Jeff,R,L,KCA,P,Jeff Granger,1996,"A,Kansas City,Royals"
gubim001,Gubicza,Mark,R,R,KCA,P,Mark Gubicza,1996,"A,Kansas City,Royals"
hameb001,Hamelin,Bob,L,L,KCA,DH,Bob Hamelin,1996,"A,Kansas City,Royals"
hanec001,Haney,Chris,L,L,KCA,P,Chris Haney,1996,"A,Kansas City,Royals"
howad001,Howard,David,B,R,KCA,SS,David Howard,1996,"A,Kansas City,Royals"
huisr001,Huisman,Rick,R,R,KCA,P,Rick Huisman,1996,"A,Kansas City,Royals"
jacoj001,Jacome,Jason,L,L,KCA,P,Jason Jacome,1996,"A,Kansas City,Royals"
lennp001,Lennon,Pat,R,R,KCA,OF,Pat Lennon,1996,"A,Kansas City,Royals"
lintd001,Linton,Doug,R,R,KCA,P,Doug Linton,1996,"A,Kansas City,Royals"
lockk001,Lockhart,Keith,L,R,KCA,2B,Keith Lockhart,1996,"A,Kansas City,Royals"
macfm001,Macfarlane,Mike,R,R,KCA,C,Mike Macfarlane,1996,"A,Kansas City,Royals"
magnm001,Magnante,Mike,L,L,KCA,P,Mike Magnante,1996,"A,Kansas City,Royals"
merch001,Mercedes,Henry,R,R,KCA,C,Henry Mercedes,1996,"A,Kansas City,Royals"
montj002,Montgomery,Jeff,R,R,KCA,P,Jeff Montgomery,1996,"A,Kansas City,Royals"
myerr003,Myers,Rod,L,L,KCA,OF,Rod Myers,1996,"A,Kansas City,Royals"
norml001,Norman,Les,R,R,KCA,OF,Les Norman,1996,"A,Kansas City,Royals"
nunnj001,Nunnally,Jon,L,R,KCA,OF,Jon Nunnally,1996,"A,Kansas City,Royals"
offej001,Offerman,Jose,B,R,KCA,1B,Jose Offerman,1996,"A,Kansas City,Royals"
paquc001,Paquette,Craig,R,R,KCA,3B,Craig Paquette,1996,"A,Kansas City,Royals"
pichh001,Pichardo,Hipolito,R,R,KCA,P,Hipolito Pichardo,1996,"A,Kansas City,Royals"
pught001,Pugh,Tim,R,R,KCA,P,Tim Pugh,1996,"A,Kansas City,Royals"
randj002,Randa,Joe,R,R,KCA,3B,Joe Randa,1996,"A,Kansas City,Royals"
robeb002,Roberts,Bip,B,R,KCA,2B,Bip Roberts,1996,"A,Kansas City,Royals"
robik001,Robinson,Ken,R,R,KCA,P,Ken Robinson,1996,"A,Kansas City,Royals"
rosaj001,Rosado,Jose,L,L,KCA,P,Jose Rosado,1996,"A,Kansas City,Royals"
scanb001,Scanlan,Bob,R,R,KCA,P,Bob Scanlan,1996,"A,Kansas City,Royals"
stync001,Stynes,Chris,R,R,KCA,OF,Chris Stynes,1996,"A,Kansas City,Royals"
sweem002,Sweeney,Mike,R,R,KCA,C,Mike Sweeney,1996,"A,Kansas City,Royals"
tuckm001,Tucker,Michael,L,R,KCA,OF,Michael Tucker,1996,"A,Kansas City,Royals"
valej001,Valera,Julio,R,R,KCA,P,Julio Valera,1996,"A,Kansas City,Royals"
vitij001,Vitiello,Joe,R,R,KCA,DH,Joe Vitiello,1996,"A,Kansas City,Royals"
younk001,Young,Kevin,R,R,KCA,1B,Kevin Young,1996,"A,Kansas City,Royals"
aldrm001,Aldrete,Mike,L,L,NYA,DH,Mike Aldrete,1996,"A,New York,Yankees"
boehb001,Boehringer,Brian,B,R,NYA,P,Brian Boehringer,1996,"A,New York,Yankees"
boggw001,Boggs,Wade,L,R,NYA,3B,Wade Boggs,1996,"A,New York,Yankees"
boner001,Bones,Ricky,R,R,NYA,P,Ricky Bones,1996,"A,New York,Yankees"
brewb001,Brewer,Billy,L,L,NYA,P,Billy Brewer,1996,"A,New York,Yankees"
coned001,Cone,David,L,R,NYA,P,David Cone,1996,"A,New York,Yankees"
duncm001,Duncan,Mariano,R,R,NYA,2B,Mariano Duncan,1996,"A,New York,Yankees"
eenhr001,Eenhoorn,Robert,R,R,NYA,2B,Robert Eenhoorn,1996,"A,New York,Yankees"
fielc001,Fielder,Cecil,R,R,NYA,DH,Cecil Fielder,1996,"A,New York,Yankees"
fox-a001,Fox,Andy,L,R,NYA,2B,Andy Fox,1996,"A,New York,Yankees"
gibsp001,Gibson,Paul,R,L,NYA,P,Paul Gibson,1996,"A,New York,Yankees"
giraj001,Girardi,Joe,R,R,NYA,C,Joe Girardi,1996,"A,New York,Yankees"
goodd001,Gooden,Dwight,R,R,NYA,P,Dwight Gooden,1996,"A,New York,Yankees"
hayec001,Hayes,Charlie,R,R,NYA,3B,Charlie Hayes,1996,"A,New York,Yankees"
howam001,Howard,Matt,R,R,NYA,2B,Matt Howard,1996,"A,New York,Yankees"
howes001,Howe,Steve,L,L,NYA,P,Steve Howe,1996,"A,New York,Yankees"
huttm001,Hutton,Mark,R,R,NYA,P,Mark Hutton,1996,"A,New York,Yankees"
jamed001,James,Dion,L,L,NYA,OF,Dion James,1996,"A,New York,Yankees"
jeted001,Jeter,Derek,R,R,NYA,SS,Derek Jeter,1996,"A,New York,Yankees"
kamis001,Kamieniecki,Scott,R,R,NYA,P,Scott Kamieniecki,1996,"A,New York,Yankees"
kellp001,Kelly,Pat,R,R,NYA,2B,Pat Kelly,1996,"A,New York,Yankees"
key-j001,Key,Jimmy,R,L,NYA,P,Jimmy Key,1996,"A,New York,Yankees"
leyrj001,Leyritz,Jim,R,R,NYA,C,Jim Leyritz,1996,"A,New York,Yankees"
lloyg001,Lloyd,Graeme,L,L,NYA,P,Graeme Lloyd,1996,"A,New York,Yankees"
lukem001,Luke,Matt,L,L,NYA,DH,Matt Luke,1996,"A,New York,Yankees"
martt002,Martinez,Tino,L,R,NYA,1B,Tino Martinez,1996,"A,New York,Yankees"
mcint001,McIntosh,Tim,R,R,NYA,1B,Tim McIntosh,1996,"A,New York,Yankees"
mecij001,Mecir,Jim,B,R,NYA,P,Jim Mecir,1996,"A,New York,Yankees"
mendr001,Mendoza,Ramiro,R,R,NYA,P,Ramiro Mendoza,1996,"A,New York,Yankees"
nelsj001,Nelson,Jeff,R,R,NYA,P,Jeff Nelson,1996,"A,New York,Yankees"
oneip001,O'Neill,Paul,L,L,NYA,OF,Paul O'Neill,1996,"A,New York,Yankees"
pavld001,Pavlas,Dave,R,R,NYA,P,Dave Pavlas,1996,"A,New York,Yankees"
petta001,Pettitte,Andy,L,L,NYA,P,Andy Pettitte,1996,"A,New York,Yankees"
polld001,Polley,Dale,R,L,NYA,P,Dale Polley,1996,"A,New York,Yankees"
posaj001,Posada,Jorge,B,R,NYA,C,Jorge Posada,1996,"A,New York,Yankees"
raint001,Raines,Tim,B,R,NYA,OF,Tim Raines,1996,"A,New York,Yankees"
rivem002,Rivera,Mariano,R,R,NYA,P,Mariano Rivera,1996,"A,New York,Yankees"
river002,Rivera,Ruben,R,R,NYA,OF,Ruben Rivera,1996,"A,New York,Yankees"
rogek001,Rogers,Kenny,L,L,NYA,P,Kenny Rogers,1996,"A,New York,Yankees"
sierr001,Sierra,Ruben,B,R,NYA,DH,Ruben Sierra,1996,"A,New York,Yankees"
sojol001,Sojo,Luis,R,R,NYA,2B,Luis Sojo,1996,"A,New York,Yankees"
strad001,Strawberry,Darryl,L,L,NYA,OF,Darryl Strawberry,1996,"A,New York,Yankees"
weatd001,Weathers,David,R,R,NYA,P,David Weathers,1996,"A,New York,Yankees"
wettj001,Wetteland,John,R,R,NYA,P,John Wetteland,1996,"A,New York,Yankees"
whitw001,Whitehurst,Wally,R,R,NYA,P,Wally Whitehurst,1996,"A,New York,Yankees"
wickb001,Wickman,Bob,R,R,NYA,P,Bob Wickman,1996,"A,New York,Yankees"
willb002,Williams,Bernie,B,R,NYA,OF,Bernie Williams,1996,"A,New York,Yankees"
willg001,Williams,Gerald,R,R,NYA,OF,Gerald Williams,1996,"A,New York,Yankees"
avers001,Avery,Steve,L,L,ATL,P,Steve Avery,1996,"N,Atlanta,Braves"
ayraj001,Ayrault,Joe,R,R,ATL,C,Joe Ayrault,1996,"N,Atlanta,Braves"
bautd001,Bautista,Danny,R,R,ATL,OF,Danny Bautista,1996,"N,Atlanta,Braves"
bellr001,Belliard,Rafael,R,R,ATL,SS,Rafael Belliard,1996,"N,Atlanta,Braves"
bielm001,Bielecki,Mike,R,R,ATL,P,Mike Bielecki,1996,"N,Atlanta,Braves"
blauj001,Blauser,Jeff,R,R,ATL,SS,Jeff Blauser,1996,"N,Atlanta,Braves"
borbp001,Borbon,Pedro,R,L,ATL,P,Pedro Borbon,1996,"N,Atlanta,Braves"
boroj001,Borowski,Joe,R,R,ATL,P,Joe Borowski,1996,"N,Atlanta,Braves"
clonb001,Clontz,Brad,R,R,ATL,P,Brad Clontz,1996,"N,Atlanta,Braves"
dye-j001,Dye,Jermaine,R,R,ATL,OF,Jermaine Dye,1996,"N,Atlanta,Braves"
giove001,Giovanola,Ed,L,R,ATL,SS,Ed Giovanola,1996,"N,Atlanta,Braves"
glavt001,Glavine,Tom,L,L,ATL,P,Tom Glavine,1996,"N,Atlanta,Braves"
graft001,Graffanino,Tony,R,R,ATL,2B,Tony Graffanino,1996,"N,Atlanta,Braves"
grism001,Grissom,Marquis,R,R,ATL,OF,Marquis Grissom,1996,"N,Atlanta,Braves"
hartd001,Hartgraves,Dean,R,L,ATL,P,Dean Hartgraves,1996,"N,Atlanta,Braves"
houst001,Houston,Tyler,L,R,ATL,1B,Tyler Houston,1996,"N,Atlanta,Braves"
jonea002,Jones,Andruw,R,R,ATL,OF,Andruw Jones,1996,"N,Atlanta,Braves"
jonec004,Jones,Chipper,B,R,ATL,3B,Chipper Jones,1996,"N,Atlanta,Braves"
justd001,Justice,David,L,L,ATL,OF,David Justice,1996,"N,Atlanta,Braves"
klesr001,Klesko,Ryan,L,L,ATL,OF,Ryan Klesko,1996,"N,Atlanta,Braves"
lemkm001,Lemke,Mark,B,R,ATL,2B,Mark Lemke,1996,"N,Atlanta,Braves"
lomok001,Lomon,Kevin,R,R,ATL,P,Kevin Lomon,1996,"N,Atlanta,Braves"
lopej001,Lopez,Javy,R,R,ATL,C,Javy Lopez,1996,"N,Atlanta,Braves"
maddg002,Maddux,Greg,R,R,ATL,P,Greg Maddux,1996,"N,Atlanta,Braves"
martp003,Martinez,Pablo,B,R,ATL,SS,Pablo Martinez,1996,"N,Atlanta,Braves"
mcgrf001,McGriff,Fred,L,L,ATL,1B,Fred McGriff,1996,"N,Atlanta,Braves"
mcmig001,McMichael,Greg,R,R,ATL,P,Greg McMichael,1996,"N,Atlanta,Braves"
mordm001,Mordecai,Mike,R,R,ATL,2B,Mike Mordecai,1996,"N,Atlanta,Braves"
neagd001,Neagle,Denny,L,L,ATL,P,Denny Neagle,1996,"N,Atlanta,Braves"
pendt001,Pendleton,Terry,B,R,ATL,3B,Terry Pendleton,1996,"N,Atlanta,Braves"
peree002,Perez,Eddie,R,R,ATL,C,Eddie Perez,1996,"N,Atlanta,Braves"
polol001,Polonia,Luis,L,L,ATL,OF,Luis Polonia,1996,"N,Atlanta,Braves"
schmj001,Schmidt,Jason,R,R,ATL,P,Jason Schmidt,1996,"N,Atlanta,Braves"
schuc001,Schutz,Carl,L,L,ATL,P,Carl Schutz,1996,"N,Atlanta,Braves"
smitd003,Smith,Dwight,L,R,ATL,OF,Dwight Smith,1996,"N,Atlanta,Braves"
smolj001,Smoltz,John,R,R,ATL,P,John Smoltz,1996,"N,Atlanta,Braves"
thobt001,Thobe,Tom,L,L,ATL,P,Tom Thobe,1996,"N,Atlanta,Braves"
wadet001,Wade,Terrell,L,L,ATL,P,Terrell Wade,1996,"N,Atlanta,Braves"
waltj001,Walton,Jerome,R,R,ATL,OF,Jerome Walton,1996,"N,Atlanta,Braves"
whitm001,Whiten,Mark,B,R,ATL,OF,Mark Whiten,1996,"N,Atlanta,Braves"
wohlm001,Wohlers,Mark,R,R,ATL,P,Mark Wohlers,1996,"N,Atlanta,Braves"
woodb002,Woodall,Brad,B,L,ATL,P,Brad Woodall,1996,"N,Atlanta,Braves"
