player_id,last,first,bats,throws,team_id,pos,player_name,year,team_name
amblw101,Ambler,Wayne,R,R,PHA,2B,Wayne Ambler,1937,"AL,Philadelphia,Athletics"
archf101,Archer,Fred,L,L,PHA,P,Fred Archer,1937,"AL,Philadelphia,Athletics"
barnb102,Barna,Babe,L,R,PHA,OF,Babe Barna,1937,"AL,Philadelphia,Athletics"
bruce101,Brucker,Earle,R,R,PHA,C,Earle Brucker,1937,"AL,Philadelphia,Athletics"
castg101,Caster,George,R,R,PHA,P,George Caster,1937,"AL,Philadelphia,Athletics"
cissb101,Cissell,Bill,R,R,PHA,2B,Bill Cissell,1937,"AL,Philadelphia,Athletics"
conrb101,Conroy,Bill,R,R,PHA,C,Bill Conroy,1937,"AL,Philadelphia,Athletics"
deanc101,Dean,Chubby,L,L,PHA,1B,Chubby Dean,1937,"AL,Philadelphia,Athletics"
finkh101,Fink,Herman,R,R,PHA,P,Herman Fink,1937,"AL,Philadelphia,Athletics"
finnl101,Finney,Lou,L,R,PHA,1B,Lou Finney,1937,"AL,Philadelphia,Athletics"
gumpr101,Gumpert,Randy,R,R,PHA,P,Randy Gumpert,1937,"AL,Philadelphia,Athletics"
hassg101,Hasson,Gene,L,L,PHA,1B,Gene Hasson,1937,"AL,Philadelphia,Athletics"
hayef101,Hayes,Frankie,R,R,PHA,C,Frankie Hayes,1937,"AL,Philadelphia,Athletics"
hillj102,Hill,Jesse,R,R,PHA,OF,Jesse Hill,1937,"AL,Philadelphia,Athletics"
hustw101,Huston,Warren,R,R,PHA,2B,Warren Huston,1937,"AL,Philadelphia,Athletics"
johnb102,Johnson,Bob,R,R,PHA,OF,Bob Johnson,1937,"AL,Philadelphia,Athletics"
kalfb101,Kalfass,Bill,R,L,PHA,P,Bill Kalfass,1937,"AL,Philadelphia,Athletics"
kellh101,Kelley,Harry,R,R,PHA,P,Harry Kelley,1937,"AL,Philadelphia,Athletics"
morrd101,Morris,Doyt,R,R,PHA,OF,Doyt Morris,1937,"AL,Philadelphia,Athletics"
mosew101,Moses,Wally,L,L,PHA,OF,Wally Moses,1937,"AL,Philadelphia,Athletics"
nelsl101,Nelson,Lynn,L,R,PHA,P,Lynn Nelson,1937,"AL,Philadelphia,Athletics"
newss101,Newsome,Skeeter,R,R,PHA,SS,Skeeter Newsome,1937,"AL,Philadelphia,Athletics"
parka102,Parker,Ace,R,R,PHA,SS,Ace Parker,1937,"AL,Philadelphia,Athletics"
peter101,Peters,Rusty,R,R,PHA,2B,Rusty Peters,1937,"AL,Philadelphia,Athletics"
rossb102,Ross,Buck,R,R,PHA,P,Buck Ross,1937,"AL,Philadelphia,Athletics"
rothj101,Rothrock,Jack,B,R,PHA,OF,Jack Rothrock,1937,"AL,Philadelphia,Athletics"
smite105,Smith,Eddie,B,L,PHA,P,Eddie Smith,1937,"AL,Philadelphia,Athletics"
thomb102,Thomas,Bud,R,R,PHA,P,Bud Thomas,1937,"AL,Philadelphia,Athletics"
turbg101,Turbeville,George,R,L,PHA,P,George Turbeville,1937,"AL,Philadelphia,Athletics"
wagnh102,Wagner,Hal,L,R,PHA,C,Hal Wagner,1937,"AL,Philadelphia,Athletics"
werbb101,Werber,Billy,R,R,PHA,3B,Billy Werber,1937,"AL,Philadelphia,Athletics"
willa101,Williams,Al,R,R,PHA,P,Al Williams,1937,"AL,Philadelphia,Athletics"
youne101,Yount,Eddie,R,R,PHA,OF,Eddie Yount,1937,"AL,Philadelphia,Athletics"
bauer101,Bauers,Russ,L,R,PIT,P,Russ Bauers,1937,"NL,Pittsburgh,Pirates"
berrr101,Berres,Ray,R,R,PIT,C,Ray Berres,1937,"NL,Pittsburgh,Pirates"
blanc101,Blanton,Cy,L,R,PIT,P,Cy Blanton,1937,"NL,Pittsburgh,Pirates"
bowmj101,Bowman,Joe,L,R,PIT,P,Joe Bowman,1937,"NL,Pittsburgh,Pirates"
brane101,Brandt,Ed,L,L,PIT,P,Ed Brandt,1937,"NL,Pittsburgh,Pirates"
browm103,Brown,Mace,R,R,PIT,P,Mace Brown,1937,"NL,Pittsburgh,Pirates"
brubb101,Brubaker,Bill,R,R,PIT,3B,Bill Brubaker,1937,"NL,Pittsburgh,Pirates"
dickj102,Dickshot,Johnny,R,R,PIT,OF,Johnny Dickshot,1937,"NL,Pittsburgh,Pirates"
handl101,Handley,Lee,R,R,PIT,2B,Lee Handley,1937,"NL,Pittsburgh,Pirates"
heink101,Heintzelman,Ken,R,L,PIT,P,Ken Heintzelman,1937,"NL,Pittsburgh,Pirates"
hoytw101,Hoyt,Waite,R,R,PIT,P,Waite Hoyt,1937,"NL,Pittsburgh,Pirates"
jensw102,Jensen,Woody,L,L,PIT,OF,Woody Jensen,1937,"NL,Pittsburgh,Pirates"
lucar102,Lucas,Red,L,R,PIT,P,Red Lucas,1937,"NL,Pittsburgh,Pirates"
paddt101,Padden,Tom,R,R,PIT,C,Tom Padden,1937,"NL,Pittsburgh,Pirates"
schub102,Schuster,Bill,R,R,PIT,SS,Bill Schuster,1937,"NL,Pittsburgh,Pirates"
schuf101,Schulte,Fred,R,R,PIT,OF,Fred Schulte,1937,"NL,Pittsburgh,Pirates"
suhrg101,Suhr,Gus,L,R,PIT,1B,Gus Suhr,1937,"NL,Pittsburgh,Pirates"
swifb101,Swift,Bill,R,R,PIT,P,Bill Swift,1937,"NL,Pittsburgh,Pirates"
tobij103,Tobin,Jim,R,R,PIT,P,Jim Tobin,1937,"NL,Pittsburgh,Pirates"
todda101,Todd,Al,R,R,PIT,C,Al Todd,1937,"NL,Pittsburgh,Pirates"
trayp101,Traynor,Pie,R,R,PIT,3B,Pie Traynor,1937,"NL,Pittsburgh,Pirates"
vauga101,Vaughan,Arky,L,R,PIT,SS,Arky Vaughan,1937,"NL,Pittsburgh,Pirates"
wanel101,Waner,Lloyd,L,R,PIT,OF,Lloyd Waner,1937,"NL,Pittsburgh,Pirates"
wanep101,Waner,Paul,L,L,PIT,OF,Paul Waner,1937,"NL,Pittsburgh,Pirates"
weavj101,Weaver,Jim,R,R,PIT,P,Jim Weaver,1937,"NL,Pittsburgh,Pirates"
younp101,Young,Pep,R,R,PIT,SS,Pep Young,1937,"NL,Pittsburgh,Pirates"
baket103,Baker,Tom,R,R,BRO,P,Tom Baker,1937,"NL,Brooklyn,Dodgers"
birkr101,Birkofer,Ralph,L,L,BRO,P,Ralph Birkofer,1937,"NL,Brooklyn,Dodgers"
bracg101,Brack,Gibby,R,R,BRO,OF,Gibby Brack,1937,"NL,Brooklyn,Dodgers"
browl105,Brown,Lindsay,R,R,BRO,SS,Lindsay Brown,1937,"NL,Brooklyn,Dodgers"
buchj101,Bucher,Jim,L,R,BRO,2B,Jim Bucher,1937,"NL,Brooklyn,Dodgers"
butcm101,Butcher,Max,R,R,BRO,P,Max Butcher,1937,"NL,Brooklyn,Dodgers"
cantb102,Cantwell,Ben,R,R,BRO,P,Ben Cantwell,1937,"NL,Brooklyn,Dodgers"
cherp101,Chervinko,Paul,R,R,BRO,C,Paul Chervinko,1937,"NL,Brooklyn,Dodgers"
cisag101,Cisar,George,R,R,BRO,OF,George Cisar,1937,"NL,Brooklyn,Dodgers"
clarw101,Clark,Watty,L,L,BRO,P,Watty Clark,1937,"NL,Brooklyn,Dodgers"
coonj101,Cooney,Johnny,R,L,BRO,OF,Johnny Cooney,1937,"NL,Brooklyn,Dodgers"
danij101,Daniel,Jake,L,L,BRO,1B,Jake Daniel,1937,"NL,Brooklyn,Dodgers"
eiseh101,Eisenstat,Harry,L,L,BRO,P,Harry Eisenstat,1937,"NL,Brooklyn,Dodgers"
englw101,English,Woody,R,R,BRO,SS,Woody English,1937,"NL,Brooklyn,Dodgers"
fallg101,Fallon,George,R,R,BRO,2B,George Fallon,1937,"NL,Brooklyn,Dodgers"
fitzf101,Fitzsimmons,Freddie,R,R,BRO,P,Freddie Fitzsimmons,1937,"NL,Brooklyn,Dodgers"
franf101,Frankhouse,Fred,R,R,BRO,P,Fred Frankhouse,1937,"NL,Brooklyn,Dodgers"
gauts101,Gautreaux,Sid,B,R,BRO,PH,Sid Gautreaux,1937,"NL,Brooklyn,Dodgers"
haasb102,Haas,Bert,R,R,BRO,OF,Bert Haas,1937,"NL,Brooklyn,Dodgers"
hamll101,Hamlin,Luke,L,R,BRO,P,Luke Hamlin,1937,"NL,Brooklyn,Dodgers"
hassb101,Hassett,Buddy,L,L,BRO,1B,Buddy Hassett,1937,"NL,Brooklyn,Dodgers"
hensr101,Henshaw,Roy,R,L,BRO,P,Roy Henshaw,1937,"NL,Brooklyn,Dodgers"
hoytw101,Hoyt,Waite,R,R,BRO,P,Waite Hoyt,1937,"NL,Brooklyn,Dodgers"
hudsj101,Hudson,Johnny,R,R,BRO,SS,Johnny Hudson,1937,"NL,Brooklyn,Dodgers"
jeffg101,Jeffcoat,George,R,R,BRO,P,George Jeffcoat,1937,"NL,Brooklyn,Dodgers"
klume101,Klumpp,Elmer,R,R,BRO,C,Elmer Klumpp,1937,"NL,Brooklyn,Dodgers"
lavac101,Lavagetto,Cookie,R,R,BRO,2B,Cookie Lavagetto,1937,"NL,Brooklyn,Dodgers"
lindj102,Lindsey,Jim,R,R,BRO,P,Jim Lindsey,1937,"NL,Brooklyn,Dodgers"
malit101,Malinosky,Tony,R,R,BRO,3B,Tony Malinosky,1937,"NL,Brooklyn,Dodgers"
manuh101,Manush,Heinie,L,L,BRO,OF,Heinie Manush,1937,"NL,Brooklyn,Dodgers"
marrb101,Marrow,Buck,R,R,BRO,P,Buck Marrow,1937,"NL,Brooklyn,Dodgers"
moorr103,Moore,Randy,L,R,BRO,C,Randy Moore,1937,"NL,Brooklyn,Dodgers"
morge101,Morgan,Eddie,L,L,BRO,1B,Eddie Morgan,1937,"NL,Brooklyn,Dodgers"
mungv101,Mungo,Van,R,R,BRO,P,Van Mungo,1937,"NL,Brooklyn,Dodgers"
parka101,Parks,Art,L,R,BRO,OF,Art Parks,1937,"NL,Brooklyn,Dodgers"
petej101,Peterson,Jim,R,R,BRO,P,Jim Peterson,1937,"NL,Brooklyn,Dodgers"
phelb101,Phelps,Babe,L,R,BRO,C,Babe Phelps,1937,"NL,Brooklyn,Dodgers"
polln101,Polly,Nick,R,R,BRO,3B,Nick Polly,1937,"NL,Brooklyn,Dodgers"
roseg101,Rosen,Goody,L,L,BRO,OF,Goody Rosen,1937,"NL,Brooklyn,Dodgers"
spenr101,Spencer,Roy,R,R,BRO,C,Roy Spencer,1937,"NL,Brooklyn,Dodgers"
strij101,Stripp,Joe,R,R,BRO,3B,Joe Stripp,1937,"NL,Brooklyn,Dodgers"
wilse101,Wilson,Eddie,L,L,BRO,OF,Eddie Wilson,1937,"NL,Brooklyn,Dodgers"
winst101,Winsett,Tom,L,R,BRO,OF,Tom Winsett,1937,"NL,Brooklyn,Dodgers"
allee101,Allen,Ethan,R,R,SLA,OF,Ethan Allen,1937,"AL,St.Louis,Browns"
baece101,Baecht,Ed,R,R,SLA,P,Ed Baecht,1937,"AL,St.Louis,Browns"
barkr101,Barkley,Red,R,R,SLA,2B,Red Barkley,1937,"AL,St.Louis,Browns"
bellb102,Bell,Beau,R,R,SLA,OF,Beau Bell,1937,"AL,St.Louis,Browns"
bilde101,Bildilli,Emil,R,L,SLA,P,Emil Bildilli,1937,"AL,St.Louis,Browns"
blaks101,Blake,Sheriff,B,R,SLA,P,Sheriff Blake,1937,"AL,St.Louis,Browns"
bonej101,Bonetti,Julio,R,R,SLA,P,Julio Bonetti,1937,"AL,St.Louis,Browns"
bottj101,Bottomley,Jim,L,L,SLA,1B,Jim Bottomley,1937,"AL,St.Louis,Browns"
cafet101,Cafego,Tom,L,R,SLA,OF,Tom Cafego,1937,"AL,St.Louis,Browns"
calde101,Caldwell,Earl,R,R,SLA,P,Earl Caldwell,1937,"AL,St.Louis,Browns"
caret102,Carey,Tom,R,R,SLA,2B,Tom Carey,1937,"AL,St.Louis,Browns"
clifh101,Clift,Harlond,R,R,SLA,3B,Harlond Clift,1937,"AL,St.Louis,Browns"
davih103,Davis,Harry,L,L,SLA,1B,Harry Davis,1937,"AL,St.Louis,Browns"
giult101,Giuliani,Tony,R,R,SLA,C,Tony Giuliani,1937,"AL,St.Louis,Browns"
harss101,Harshaney,Sam,R,R,SLA,C,Sam Harshaney,1937,"AL,St.Louis,Browns"
heatt101,Heath,Tommy,R,R,SLA,C,Tommy Heath,1937,"AL,St.Louis,Browns"
hemsr101,Hemsley,Rollie,R,R,SLA,C,Rollie Hemsley,1937,"AL,St.Louis,Browns"
henng101,Hennessey,George,R,R,SLA,P,George Hennessey,1937,"AL,St.Louis,Browns"
hildo101,Hildebrand,Oral,R,R,SLA,P,Oral Hildebrand,1937,"AL,St.Louis,Browns"
hogsc101,Hogsett,Chief,L,L,SLA,P,Chief Hogsett,1937,"AL,St.Louis,Browns"
hornr101,Hornsby,Rogers,R,R,SLA,2B,Rogers Hornsby,1937,"AL,St.Louis,Browns"
huffb101,Huffman,Bennie,L,R,SLA,C,Bennie Huffman,1937,"AL,St.Louis,Browns"
kimbh101,Kimberlin,Harry,R,R,SLA,P,Harry Kimberlin,1937,"AL,St.Louis,Browns"
knicb101,Knickerbocker,Bill,R,R,SLA,SS,Bill Knickerbocker,1937,"AL,St.Louis,Browns"
knotj102,Knott,Jack,R,R,SLA,P,Jack Knott,1937,"AL,St.Louis,Browns"
koupl101,Koupal,Lou,R,R,SLA,P,Lou Koupal,1937,"AL,St.Louis,Browns"
lipsn101,Lipscomb,Nig,R,R,SLA,2B,Nig Lipscomb,1937,"AL,St.Louis,Browns"
mazzm101,Mazzera,Mel,L,L,SLA,PH,Mel Mazzera,1937,"AL,St.Louis,Browns"
millb112,Miller,Bill,R,R,SLA,P,Bill Miller,1937,"AL,St.Louis,Browns"
milll102,Mills,Lefty,L,L,SLA,P,Lefty Mills,1937,"AL,St.Louis,Browns"
muncb101,Muncrief,Bob,R,R,SLA,P,Bob Muncrief,1937,"AL,St.Louis,Browns"
silbe101,Silber,Eddie,R,R,SLA,OF,Eddie Silber,1937,"AL,St.Louis,Browns"
strib101,Strickland,Bill,R,R,SLA,P,Bill Strickland,1937,"AL,St.Louis,Browns"
thomt103,Thomas,Tommy,R,R,SLA,P,Tommy Thomas,1937,"AL,St.Louis,Browns"
tietl101,Tietje,Les,R,R,SLA,P,Les Tietje,1937,"AL,St.Louis,Browns"
trotb101,Trotter,Bill,R,R,SLA,P,Bill Trotter,1937,"AL,St.Louis,Browns"
vanar101,Van Atta,Russ,L,L,SLA,P,Russ Van Atta,1937,"AL,St.Louis,Browns"
vosmj101,Vosmik,Joe,R,R,SLA,OF,Joe Vosmik,1937,"AL,St.Louis,Browns"
walkj102,Walkup,Jim,R,R,SLA,P,Jim Walkup,1937,"AL,St.Louis,Browns"
wests101,West,Sam,L,L,SLA,OF,Sam West,1937,"AL,St.Louis,Browns"
appll101,Appling,Luke,R,R,CHA,SS,Luke Appling,1937,"AL,Chicago,White Sox"
bergb101,Berger,Boze,R,R,CHA,3B,Boze Berger,1937,"AL,Chicago,White Sox"
bonuz101,Bonura,Zeke,R,R,CHA,1B,Zeke Bonura,1937,"AL,Chicago,White Sox"
browc103,Brown,Clint,L,R,CHA,P,Clint Brown,1937,"AL,Chicago,White Sox"
cains101,Cain,Sugar,L,R,CHA,P,Sugar Cain,1937,"AL,Chicago,White Sox"
cheli101,Chelini,Italo,L,L,CHA,P,Italo Chelini,1937,"AL,Chicago,White Sox"
connm101,Connors,Merv,R,R,CHA,3B,Merv Connors,1937,"AL,Chicago,White Sox"
cox-b102,Cox,Bill,R,R,CHA,P,Bill Cox,1937,"AL,Chicago,White Sox"
dietb101,Dietrich,Bill,R,R,CHA,P,Bill Dietrich,1937,"AL,Chicago,White Sox"
dykej101,Dykes,Jimmy,R,R,CHA,1B,Jimmy Dykes,1937,"AL,Chicago,White Sox"
gickg101,Gick,George,B,R,CHA,P,George Gick,1937,"AL,Chicago,White Sox"
haasm101,Haas,Mule,L,R,CHA,1B,Mule Haas,1937,"AL,Chicago,White Sox"
hayej101,Hayes,Jackie,R,R,CHA,2B,Jackie Hayes,1937,"AL,Chicago,White Sox"
kennv101,Kennedy,Vern,L,R,CHA,P,Vern Kennedy,1937,"AL,Chicago,White Sox"
kreem101,Kreevich,Mike,R,R,CHA,OF,Mike Kreevich,1937,"AL,Chicago,White Sox"
lee-t101,Lee,Thornton,L,L,CHA,P,Thornton Lee,1937,"AL,Chicago,White Sox"
lyont102,Lyons,Ted,B,R,CHA,P,Ted Lyons,1937,"AL,Chicago,White Sox"
piett101,Piet,Tony,R,R,CHA,3B,Tony Piet,1937,"AL,Chicago,White Sox"
radcr101,Radcliff,Rip,L,L,CHA,OF,Rip Radcliff,1937,"AL,Chicago,White Sox"
renst101,Rensa,Tony,R,R,CHA,C,Tony Rensa,1937,"AL,Chicago,White Sox"
rignj101,Rigney,Johnny,R,R,CHA,P,Johnny Rigney,1937,"AL,Chicago,White Sox"
rosel101,Rosenthal,Larry,L,L,CHA,OF,Larry Rosenthal,1937,"AL,Chicago,White Sox"
sewel101,Sewell,Luke,R,R,CHA,C,Luke Sewell,1937,"AL,Chicago,White Sox"
sheam102,Shea,Merv,R,R,CHA,C,Merv Shea,1937,"AL,Chicago,White Sox"
steih102,Steinbacher,Hank,L,R,CHA,OF,Hank Steinbacher,1937,"AL,Chicago,White Sox"
stram102,Stratton,Monty,R,R,CHA,P,Monty Stratton,1937,"AL,Chicago,White Sox"
walkd101,Walker,Dixie,L,R,CHA,OF,Dixie Walker,1937,"AL,Chicago,White Sox"
whitj101,Whitehead,John,R,R,CHA,P,John Whitehead,1937,"AL,Chicago,White Sox"
alleb102,Allen,Bob,R,R,PHI,P,Bob Allen,1937,"NL,Philadelphia,Phillies"
andrb101,Andrus,Bill,R,R,PHI,3B,Bill Andrus,1937,"NL,Philadelphia,Phillies"
arnom101,Arnovich,Morrie,R,R,PHI,OF,Morrie Arnovich,1937,"NL,Philadelphia,Phillies"
atwob101,Atwood,Bill,R,R,PHI,C,Bill Atwood,1937,"NL,Philadelphia,Phillies"
browe104,Browne,Earl,L,L,PHI,OF,Earl Browne,1937,"NL,Philadelphia,Phillies"
burkb102,Burke,Bobby,L,L,PHI,P,Bobby Burke,1937,"NL,Philadelphia,Phillies"
burke102,Burkart,Elmer,R,R,PHI,P,Elmer Burkart,1937,"NL,Philadelphia,Phillies"
camid102,Camilli,Dolph,L,L,PHI,1B,Dolph Camilli,1937,"NL,Philadelphia,Phillies"
corbg101,Corbett,Gene,L,R,PHI,3B,Gene Corbett,1937,"NL,Philadelphia,Phillies"
crawl101,Crawford,Larry,L,L,PHI,P,Larry Crawford,1937,"NL,Philadelphia,Phillies"
gormh101,Gorman,Howie,L,L,PHI,OF,Howie Gorman,1937,"NL,Philadelphia,Phillies"
grace101,Grace,Earl,L,R,PHI,C,Earl Grace,1937,"NL,Philadelphia,Phillies"
johns101,Johnson,Syl,R,R,PHI,P,Syl Johnson,1937,"NL,Philadelphia,Phillies"
jorgo101,Jorgens,Orville,R,R,PHI,P,Orville Jorgens,1937,"NL,Philadelphia,Phillies"
kellh104,Kelleher,Hal,R,R,PHI,P,Hal Kelleher,1937,"NL,Philadelphia,Phillies"
kleic101,Klein,Chuck,L,R,PHI,OF,Chuck Klein,1937,"NL,Philadelphia,Phillies"
lamaw101,LaMaster,Wayne,L,L,PHI,P,Wayne LaMaster,1937,"NL,Philadelphia,Phillies"
marth101,Martin,Hersh,B,R,PHI,OF,Hersh Martin,1937,"NL,Philadelphia,Phillies"
mastw102,Masters,Walt,R,R,PHI,P,Walt Masters,1937,"NL,Philadelphia,Phillies"
moorj104,Moore,Johnny,L,R,PHI,OF,Johnny Moore,1937,"NL,Philadelphia,Phillies"
mulch101,Mulcahy,Hugh,R,R,PHI,P,Hugh Mulcahy,1937,"NL,Philadelphia,Phillies"
norrl101,Norris,Leo,R,R,PHI,2B,Leo Norris,1937,"NL,Philadelphia,Phillies"
passc101,Passeau,Claude,R,R,PHI,P,Claude Passeau,1937,"NL,Philadelphia,Phillies"
pettl101,Pettit,Leon,L,L,PHI,P,Leon Pettit,1937,"NL,Philadelphia,Phillies"
schag102,Scharein,George,R,R,PHI,SS,George Scharein,1937,"NL,Philadelphia,Phillies"
sivep101,Sivess,Pete,R,R,PHI,P,Pete Sivess,1937,"NL,Philadelphia,Phillies"
stepw101,Stephenson,Walter,R,R,PHI,C,Walter Stephenson,1937,"NL,Philadelphia,Phillies"
taubf101,Tauby,Fred,R,R,PHI,OF,Fred Tauby,1937,"NL,Philadelphia,Phillies"
waltb102,Walters,Bucky,R,R,PHI,P,Bucky Walters,1937,"NL,Philadelphia,Phillies"
whitp103,Whitney,Pinky,R,R,PHI,3B,Pinky Whitney,1937,"NL,Philadelphia,Phillies"
wilsj105,Wilson,Jimmie,R,R,PHI,C,Jimmie Wilson,1937,"NL,Philadelphia,Phillies"
yound105,Young,Del,B,R,PHI,2B,Del Young,1937,"NL,Philadelphia,Phillies"
alexh101,Alexander,Hugh,R,R,CLE,OF,Hugh Alexander,1937,"AL,Cleveland,Indians"
allej102,Allen,Johnny,R,R,CLE,P,Johnny Allen,1937,"AL,Cleveland,Indians"
andri101,Andrews,Ivy,R,R,CLE,P,Ivy Andrews,1937,"AL,Cleveland,Indians"
avere101,Averill,Earl,L,R,CLE,OF,Earl Averill,1937,"AL,Cleveland,Indians"
beckj102,Becker,Joe,R,R,CLE,C,Joe Becker,1937,"AL,Cleveland,Indians"
browl101,Brown,Lloyd,L,L,CLE,P,Lloyd Brown,1937,"AL,Cleveland,Indians"
campb102,Campbell,Bruce,L,R,CLE,OF,Bruce Campbell,1937,"AL,Cleveland,Indians"
fellb101,Feller,Bob,R,R,CLE,P,Bob Feller,1937,"AL,Cleveland,Indians"
fiscc101,Fischer,Carl,R,L,CLE,P,Carl Fischer,1937,"AL,Cleveland,Indians"
galed101,Galehouse,Denny,R,R,CLE,P,Denny Galehouse,1937,"AL,Cleveland,Indians"
haleo101,Hale,Odell,R,R,CLE,3B,Odell Hale,1937,"AL,Cleveland,Indians"
hardm101,Harder,Mel,R,R,CLE,P,Mel Harder,1937,"AL,Cleveland,Indians"
heatj101,Heath,Jeff,L,R,CLE,OF,Jeff Heath,1937,"AL,Cleveland,Indians"
hevij101,Heving,Joe,R,R,CLE,P,Joe Heving,1937,"AL,Cleveland,Indians"
hudlw101,Hudlin,Willis,R,R,CLE,P,Willis Hudlin,1937,"AL,Cleveland,Indians"
hughr101,Hughes,Roy,R,R,CLE,3B,Roy Hughes,1937,"AL,Cleveland,Indians"
jungk101,Jungels,Ken,R,R,CLE,P,Ken Jungels,1937,"AL,Cleveland,Indians"
keltk101,Keltner,Ken,R,R,CLE,3B,Ken Keltner,1937,"AL,Cleveland,Indians"
kronj101,Kroner,John,R,R,CLE,2B,John Kroner,1937,"AL,Cleveland,Indians"
laryl101,Lary,Lyn,R,R,CLE,SS,Lyn Lary,1937,"AL,Cleveland,Indians"
monab101,Monaco,Blas,B,R,CLE,2B,Blas Monaco,1937,"AL,Cleveland,Indians"
pytlf101,Pytlak,Frankie,R,R,CLE,C,Frankie Pytlak,1937,"AL,Cleveland,Indians"
soddb101,Sodd,Bill,R,R,CLE,PH,Bill Sodd,1937,"AL,Cleveland,Indians"
soltm101,Solters,Moose,R,R,CLE,OF,Moose Solters,1937,"AL,Cleveland,Indians"
sullb103,Sullivan,Billy,L,R,CLE,C,Billy Sullivan,1937,"AL,Cleveland,Indians"
trosh101,Trosky,Hal,L,R,CLE,1B,Hal Trosky,1937,"AL,Cleveland,Indians"
weatr101,Weatherly,Roy,L,R,CLE,OF,Roy Weatherly,1937,"AL,Cleveland,Indians"
white102,Whitehill,Earl,L,L,CLE,P,Earl Whitehill,1937,"AL,Cleveland,Indians"
wyatw101,Wyatt,Whit,R,R,CLE,P,Whit Wyatt,1937,"AL,Cleveland,Indians"
aukee101,Auker,Elden,R,R,DET,P,Elden Auker,1937,"AL,Detroit,Tigers"
boltc101,Bolton,Cliff,L,R,DET,C,Cliff Bolton,1937,"AL,Detroit,Tigers"
bridt101,Bridges,Tommy,R,R,DET,P,Tommy Bridges,1937,"AL,Detroit,Tigers"
cliff101,Clifton,Flea,R,R,DET,3B,Flea Clifton,1937,"AL,Detroit,Tigers"
cochm101,Cochrane,Mickey,L,R,DET,C,Mickey Cochrane,1937,"AL,Detroit,Tigers"
coffs101,Coffman,Slick,R,R,DET,P,Slick Coffman,1937,"AL,Detroit,Tigers"
englg101,English,Gil,R,R,DET,2B,Gil English,1937,"AL,Detroit,Tigers"
fox-p102,Fox,Pete,R,R,DET,OF,Pete Fox,1937,"AL,Detroit,Tigers"
gehrc101,Gehringer,Charlie,L,R,DET,2B,Charlie Gehringer,1937,"AL,Detroit,Tigers"
gelbc101,Gelbert,Charlie,R,R,DET,SS,Charlie Gelbert,1937,"AL,Detroit,Tigers"
gillg103,Gill,George,R,R,DET,P,George Gill,1937,"AL,Detroit,Tigers"
goslg101,Goslin,Goose,L,R,DET,OF,Goose Goslin,1937,"AL,Detroit,Tigers"
greeh102,Greenberg,Hank,R,R,DET,1B,Hank Greenberg,1937,"AL,Detroit,Tigers"
hattc101,Hatter,Clyde,R,L,DET,P,Clyde Hatter,1937,"AL,Detroit,Tigers"
haywr101,Hayworth,Ray,R,R,DET,C,Ray Hayworth,1937,"AL,Detroit,Tigers"
hermb102,Herman,Babe,L,L,DET,OF,Babe Herman,1937,"AL,Detroit,Tigers"
laabc101,Laabs,Chet,R,R,DET,OF,Chet Laabs,1937,"AL,Detroit,Tigers"
lawsr101,Lawson,Roxie,R,R,DET,P,Roxie Lawson,1937,"AL,Detroit,Tigers"
logab101,Logan,Bob,R,L,DET,P,Bob Logan,1937,"AL,Detroit,Tigers"
mclap102,McLaughlin,Pat,R,R,DET,P,Pat McLaughlin,1937,"AL,Detroit,Tigers"
owenm102,Owen,Marv,R,R,DET,3B,Marv Owen,1937,"AL,Detroit,Tigers"
poffb101,Poffenberger,Boots,R,R,DET,P,Boots Poffenberger,1937,"AL,Detroit,Tigers"
rogeb102,Rogell,Billy,B,R,DET,SS,Billy Rogell,1937,"AL,Detroit,Tigers"
rowes101,Rowe,Schoolboy,R,R,DET,P,Schoolboy Rowe,1937,"AL,Detroit,Tigers"
russj103,Russell,Jack,R,R,DET,P,Jack Russell,1937,"AL,Detroit,Tigers"
sorrv101,Sorrell,Vic,R,R,DET,P,Vic Sorrell,1937,"AL,Detroit,Tigers"
tebbb101,Tebbetts,Birdie,R,R,DET,C,Birdie Tebbetts,1937,"AL,Detroit,Tigers"
wadej101,Wade,Jake,L,L,DET,P,Jake Wade,1937,"AL,Detroit,Tigers"
walkg101,Walker,Gee,R,R,DET,OF,Gee Walker,1937,"AL,Detroit,Tigers"
whitj104,White,Jo-Jo,L,R,DET,OF,Jo-Jo White,1937,"AL,Detroit,Tigers"
yorkr101,York,Rudy,R,R,DET,C,Rudy York,1937,"AL,Detroit,Tigers"
bergw101,Berger,Wally,R,R,BSN,OF,Wally Berger,1937,"NL,Boston,Braves"
bushg101,Bush,Guy,R,R,BSN,P,Guy Bush,1937,"NL,Boston,Braves"
cucct101,Cuccinello,Tony,R,R,BSN,2B,Tony Cuccinello,1937,"NL,Boston,Braves"
dimav101,DiMaggio,Vince,R,R,BSN,OF,Vince DiMaggio,1937,"NL,Boston,Braves"
englg101,English,Gil,R,R,BSN,3B,Gil English,1937,"NL,Boston,Braves"
fettl101,Fette,Lou,R,R,BSN,P,Lou Fette,1937,"NL,Boston,Braves"
flete101,Fletcher,Elbie,L,L,BSN,1B,Elbie Fletcher,1937,"NL,Boston,Braves"
frasv101,Frazier,Vic,R,R,BSN,P,Vic Frazier,1937,"NL,Boston,Braves"
gablf101,Gabler,Frank,R,R,BSN,P,Frank Gabler,1937,"NL,Boston,Braves"
garmd101,Garms,Debs,L,R,BSN,OF,Debs Garms,1937,"NL,Boston,Braves"
hutci101,Hutchinson,Ira,R,R,BSN,P,Ira Hutchinson,1937,"NL,Boston,Braves"
johnr102,Johnson,Roy,L,R,BSN,OF,Roy Johnson,1937,"NL,Boston,Braves"
jordb101,Jordan,Buck,L,R,BSN,PH,Buck Jordan,1937,"NL,Boston,Braves"
lannj101,Lanning,Johnny,R,R,BSN,P,Johnny Lanning,1937,"NL,Boston,Braves"
lopea102,Lopez,Al,R,R,BSN,C,Al Lopez,1937,"NL,Boston,Braves"
macfd101,MacFayden,Danny,R,R,BSN,P,Danny MacFayden,1937,"NL,Boston,Braves"
mayoe101,Mayo,Eddie,L,R,BSN,3B,Eddie Mayo,1937,"NL,Boston,Braves"
mcgob101,McGowan,Beauty,L,R,BSN,OF,Beauty McGowan,1937,"NL,Boston,Braves"
moorg104,Moore,Gene,L,L,BSN,OF,Gene Moore,1937,"NL,Boston,Braves"
muelr101,Mueller,Ray,R,R,BSN,C,Ray Mueller,1937,"NL,Boston,Braves"
reisb102,Reis,Bobby,R,R,BSN,OF,Bobby Reis,1937,"NL,Boston,Braves"
riddj101,Riddle,Johnny,R,R,BSN,C,Johnny Riddle,1937,"NL,Boston,Braves"
shofm101,Shoffner,Milt,L,L,BSN,P,Milt Shoffner,1937,"NL,Boston,Braves"
smitb110,Smith,Bob,R,R,BSN,P,Bob Smith,1937,"NL,Boston,Braves"
thevt101,Thevenow,Tommy,R,R,BSN,SS,Tommy Thevenow,1937,"NL,Boston,Braves"
turnj102,Turner,Jim,L,R,BSN,P,Jim Turner,1937,"NL,Boston,Braves"
urbab101,Urbanski,Billy,R,R,BSN,PH,Billy Urbanski,1937,"NL,Boston,Braves"
warsr101,Warstler,Rabbit,R,R,BSN,SS,Rabbit Warstler,1937,"NL,Boston,Braves"
wasel101,Wasem,Link,R,R,BSN,C,Link Wasem,1937,"NL,Boston,Braves"
weirr101,Weir,Bill,L,L,BSN,P,Bill Weir,1937,"NL,Boston,Braves"
andri101,Andrews,Ivy,R,R,NYA,P,Ivy Andrews,1937,"AL,New York,Yankees"
broaj101,Broaca,Johnny,R,R,NYA,P,Johnny Broaca,1937,"AL,New York,Yankees"
chans101,Chandler,Spud,R,R,NYA,P,Spud Chandler,1937,"AL,New York,Yankees"
crosf103,Crosetti,Frankie,R,R,NYA,SS,Frankie Crosetti,1937,"AL,New York,Yankees"
dahlb101,Dahlgren,Babe,R,R,NYA,PH,Babe Dahlgren,1937,"AL,New York,Yankees"
dickb101,Dickey,Bill,L,R,NYA,C,Bill Dickey,1937,"AL,New York,Yankees"
dimaj101,DiMaggio,Joe,R,R,NYA,OF,Joe DiMaggio,1937,"AL,New York,Yankees"
gehrl101,Gehrig,Lou,L,L,NYA,1B,Lou Gehrig,1937,"AL,New York,Yankees"
glenj101,Glenn,Joe,R,R,NYA,C,Joe Glenn,1937,"AL,New York,Yankees"
gomel102,Gomez,Lefty,L,L,NYA,P,Lefty Gomez,1937,"AL,New York,Yankees"
hadlb101,Hadley,Bump,R,R,NYA,P,Bump Hadley,1937,"AL,New York,Yankees"
heffd101,Heffner,Don,R,R,NYA,2B,Don Heffner,1937,"AL,New York,Yankees"
henrt101,Henrich,Tommy,L,L,NYA,OF,Tommy Henrich,1937,"AL,New York,Yankees"
hoagm101,Hoag,Myril,R,R,NYA,OF,Myril Hoag,1937,"AL,New York,Yankees"
johnr102,Johnson,Roy,L,R,NYA,OF,Roy Johnson,1937,"AL,New York,Yankees"
jorga101,Jorgens,Arndt,R,R,NYA,C,Arndt Jorgens,1937,"AL,New York,Yankees"
lazzt101,Lazzeri,Tony,R,R,NYA,2B,Tony Lazzeri,1937,"AL,New York,Yankees"
makof101,Makosky,Frank,R,R,NYA,P,Frank Makosky,1937,"AL,New York,Yankees"
malop103,Malone,Pat,L,R,NYA,P,Pat Malone,1937,"AL,New York,Yankees"
murpj103,Murphy,Johnny,R,R,NYA,P,Johnny Murphy,1937,"AL,New York,Yankees"
pearm101,Pearson,Monte,R,R,NYA,P,Monte Pearson,1937,"AL,New York,Yankees"
powej106,Powell,Jake,R,R,NYA,OF,Jake Powell,1937,"AL,New York,Yankees"
rolfr101,Rolfe,Red,L,R,NYA,3B,Red Rolfe,1937,"AL,New York,Yankees"
ruffr101,Ruffing,Red,R,R,NYA,P,Red Ruffing,1937,"AL,New York,Yankees"
saltj101,Saltzgaver,Jack,L,R,NYA,1B,Jack Saltzgaver,1937,"AL,New York,Yankees"
selkg101,Selkirk,George,L,R,NYA,OF,George Selkirk,1937,"AL,New York,Yankees"
vancj102,Vance,Joe,R,R,NYA,P,Joe Vance,1937,"AL,New York,Yankees"
wickk101,Wicker,Kemp,R,L,NYA,P,Kemp Wicker,1937,"AL,New York,Yankees"
baket103,Baker,Tom,R,R,NY1,P,Tom Baker,1937,"NL,New York,Giants"
bartd101,Bartell,Dick,R,R,NY1,SS,Dick Bartell,1937,"NL,New York,Giants"
bergw101,Berger,Wally,R,R,NY1,OF,Wally Berger,1937,"NL,New York,Giants"
brend101,Brennan,Don,R,R,NY1,P,Don Brennan,1937,"NL,New York,Giants"
browj110,Brown,Jumbo,R,R,NY1,P,Jumbo Brown,1937,"NL,New York,Giants"
cantb102,Cantwell,Ben,R,R,NY1,P,Ben Cantwell,1937,"NL,New York,Giants"
casts101,Castleman,Slick,R,R,NY1,P,Slick Castleman,1937,"NL,New York,Giants"
chiol101,Chiozza,Lou,L,R,NY1,3B,Lou Chiozza,1937,"NL,New York,Giants"
coffd101,Coffman,Dick,R,R,NY1,P,Dick Coffman,1937,"NL,New York,Giants"
dannh101,Danning,Harry,R,R,NY1,C,Harry Danning,1937,"NL,New York,Giants"
davik101,Davis,Kiddo,R,R,NY1,OF,Kiddo Davis,1937,"NL,New York,Giants"
fitzf101,Fitzsimmons,Freddie,R,R,NY1,P,Freddie Fitzsimmons,1937,"NL,New York,Giants"
gablf101,Gabler,Frank,R,R,NY1,P,Frank Gabler,1937,"NL,New York,Giants"
gumbh101,Gumbert,Harry,R,R,NY1,P,Harry Gumbert,1937,"NL,New York,Giants"
haslm101,Haslin,Mickey,R,R,NY1,SS,Mickey Haslin,1937,"NL,New York,Giants"
hubbc101,Hubbell,Carl,R,L,NY1,P,Carl Hubbell,1937,"NL,New York,Giants"
leibh101,Leiber,Hank,R,R,NY1,OF,Hank Leiber,1937,"NL,New York,Giants"
lesls101,Leslie,Sam,L,L,NY1,1B,Sam Leslie,1937,"NL,New York,Giants"
lohrb101,Lohrman,Bill,R,R,NY1,P,Bill Lohrman,1937,"NL,New York,Giants"
madje101,Madjeski,Ed,R,R,NY1,C,Ed Madjeski,1937,"NL,New York,Giants"
mancg101,Mancuso,Gus,R,R,NY1,C,Gus Mancuso,1937,"NL,New York,Giants"
mccaj104,McCarthy,Johnny,L,L,NY1,1B,Johnny McCarthy,1937,"NL,New York,Giants"
meltc101,Melton,Cliff,L,L,NY1,P,Cliff Melton,1937,"NL,New York,Giants"
moorj103,Moore,Jo-Jo,L,R,NY1,OF,Jo-Jo Moore,1937,"NL,New York,Giants"
ott-m101,Ott,Mel,L,R,NY1,OF,Mel Ott,1937,"NL,New York,Giants"
rippj101,Ripple,Jimmy,L,R,NY1,OF,Jimmy Ripple,1937,"NL,New York,Giants"
ryanb101,Ryan,Blondy,R,R,NY1,SS,Blondy Ryan,1937,"NL,New York,Giants"
schuh103,Schumacher,Hal,R,R,NY1,P,Hal Schumacher,1937,"NL,New York,Giants"
smita104,Smith,Al,L,L,NY1,P,Al Smith,1937,"NL,New York,Giants"
vandh101,Vandenberg,Hy,R,R,NY1,P,Hy Vandenberg,1937,"NL,New York,Giants"
weinp101,Weintraub,Phil,L,L,NY1,OF,Phil Weintraub,1937,"NL,New York,Giants"
whitb101,Whitehead,Burgess,R,R,NY1,2B,Burgess Whitehead,1937,"NL,New York,Giants"
barrr101,Barrett,Red,R,R,CIN,P,Red Barrett,1937,"NL,Cincinnati,Reds"
brend101,Brennan,Don,R,R,CIN,P,Don Brennan,1937,"NL,Cincinnati,Reds"
britg102,Brittain,Gus,R,R,CIN,C,Gus Brittain,1937,"NL,Cincinnati,Reds"
browj110,Brown,Jumbo,R,R,CIN,P,Jumbo Brown,1937,"NL,Cincinnati,Reds"
campg101,Campbell,Gilly,L,R,CIN,C,Gilly Campbell,1937,"NL,Cincinnati,Reds"
cascj101,Cascarella,Joe,R,R,CIN,P,Joe Cascarella,1937,"NL,Cincinnati,Reds"
chozh101,Chozen,Harry,R,R,CIN,C,Harry Chozen,1937,"NL,Cincinnati,Reds"
crafh101,Craft,Harry,R,R,CIN,OF,Harry Craft,1937,"NL,Cincinnati,Reds"
cuylk101,Cuyler,Kiki,R,R,CIN,OF,Kiki Cuyler,1937,"NL,Cincinnati,Reds"
davik101,Davis,Kiddo,R,R,CIN,OF,Kiddo Davis,1937,"NL,Cincinnati,Reds"
davip101,Davis,Peaches,L,R,CIN,P,Peaches Davis,1937,"NL,Cincinnati,Reds"
davis101,Davis,Spud,R,R,CIN,C,Spud Davis,1937,"NL,Cincinnati,Reds"
derrp101,Derringer,Paul,R,R,CIN,P,Paul Derringer,1937,"NL,Cincinnati,Reds"
dwyej101,Dwyer,Joe,L,L,CIN,PH,Joe Dwyer,1937,"NL,Cincinnati,Reds"
englc101,English,Charlie,R,R,CIN,3B,Charlie English,1937,"NL,Cincinnati,Reds"
gehrp101,Gehrman,Paul,R,R,CIN,P,Paul Gehrman,1937,"NL,Cincinnati,Reds"
gelbc101,Gelbert,Charlie,R,R,CIN,SS,Charlie Gelbert,1937,"NL,Cincinnati,Reds"
goodi101,Goodman,Ival,L,R,CIN,OF,Ival Goodman,1937,"NL,Cincinnati,Reds"
grisl101,Grissom,Lee,B,L,CIN,P,Lee Grissom,1937,"NL,Cincinnati,Reds"
hafec101,Hafey,Chick,R,R,CIN,OF,Chick Hafey,1937,"NL,Cincinnati,Reds"
hallb104,Hallahan,Bill,R,L,CIN,P,Bill Hallahan,1937,"NL,Cincinnati,Reds"
holla101,Hollingsworth,Al,L,L,CIN,P,Al Hollingsworth,1937,"NL,Cincinnati,Reds"
joose101,Joost,Eddie,R,R,CIN,2B,Eddie Joost,1937,"NL,Cincinnati,Reds"
jordb101,Jordan,Buck,L,R,CIN,1B,Buck Jordan,1937,"NL,Cincinnati,Reds"
jorgp101,Jorgensen,Pinky,R,R,CIN,OF,Pinky Jorgensen,1937,"NL,Cincinnati,Reds"
kampa101,Kampouris,Alex,R,R,CIN,2B,Alex Kampouris,1937,"NL,Cincinnati,Reds"
kleit101,Kleinhans,Ted,R,L,CIN,P,Ted Kleinhans,1937,"NL,Cincinnati,Reds"
lombe101,Lombardi,Ernie,R,R,CIN,C,Ernie Lombardi,1937,"NL,Cincinnati,Reds"
mccof101,McCormick,Frank,R,R,CIN,1B,Frank McCormick,1937,"NL,Cincinnati,Reds"
meled101,Mele,Dutch,L,L,CIN,OF,Dutch Mele,1937,"NL,Cincinnati,Reds"
mille104,Miller,Eddie,R,R,CIN,SS,Eddie Miller,1937,"NL,Cincinnati,Reds"
moord101,Moore,Dee,R,R,CIN,C,Dee Moore,1937,"NL,Cincinnati,Reds"
moorw102,Moore,Whitey,R,R,CIN,P,Whitey Moore,1937,"NL,Cincinnati,Reds"
mootj101,Mooty,Jake,R,R,CIN,P,Jake Mooty,1937,"NL,Cincinnati,Reds"
mosea101,Moser,Arnie,R,R,CIN,PH,Arnie Moser,1937,"NL,Cincinnati,Reds"
myerb101,Myers,Billy,R,R,CIN,SS,Billy Myers,1937,"NL,Cincinnati,Reds"
outlj101,Outlaw,Jimmy,R,R,CIN,3B,Jimmy Outlaw,1937,"NL,Cincinnati,Reds"
riggl101,Riggs,Lew,L,R,CIN,3B,Lew Riggs,1937,"NL,Cincinnati,Reds"
scarl101,Scarsella,Les,L,L,CIN,1B,Les Scarsella,1937,"NL,Cincinnati,Reds"
schog101,Schott,Gene,R,R,CIN,P,Gene Schott,1937,"NL,Cincinnati,Reds"
vandj101,Vander Meer,Johnny,B,L,CIN,P,Johnny Vander Meer,1937,"NL,Cincinnati,Reds"
walkh101,Walker,Hub,L,R,CIN,OF,Hub Walker,1937,"NL,Cincinnati,Reds"
weinp101,Weintraub,Phil,L,L,CIN,OF,Phil Weintraub,1937,"NL,Cincinnati,Reds"
bottj102,Bottarini,John,R,R,CHN,C,John Bottarini,1937,"NL,Chicago,Cubs"
bryac101,Bryant,Clay,R,R,CHN,P,Clay Bryant,1937,"NL,Chicago,Cubs"
carlt101,Carleton,Tex,B,R,CHN,P,Tex Carleton,1937,"NL,Chicago,Cubs"
cavap101,Cavarretta,Phil,L,L,CHN,OF,Phil Cavarretta,1937,"NL,Chicago,Cubs"
collr101,Collins,Ripper,B,L,CHN,1B,Ripper Collins,1937,"NL,Chicago,Cubs"
davic103,Davis,Curt,R,R,CHN,P,Curt Davis,1937,"NL,Chicago,Cubs"
demaf102,Demaree,Frank,R,R,CHN,OF,Frank Demaree,1937,"NL,Chicago,Cubs"
frenl101,French,Larry,R,L,CHN,P,Larry French,1937,"NL,Chicago,Cubs"
freyl101,Frey,Lonny,L,R,CHN,SS,Lonny Frey,1937,"NL,Chicago,Cubs"
galaa101,Galan,Augie,B,R,CHN,OF,Augie Galan,1937,"NL,Chicago,Cubs"
garbb102,Garbark,Bob,R,R,CHN,PH,Bob Garbark,1937,"NL,Chicago,Cubs"
hacks101,Hack,Stan,L,R,CHN,3B,Stan Hack,1937,"NL,Chicago,Cubs"
hartg103,Hartnett,Gabby,R,R,CHN,C,Gabby Hartnett,1937,"NL,Chicago,Cubs"
hermb101,Herman,Billy,R,R,CHN,2B,Billy Herman,1937,"NL,Chicago,Cubs"
higbk101,Higbe,Kirby,R,R,CHN,P,Kirby Higbe,1937,"NL,Chicago,Cubs"
jurgb101,Jurges,Billy,R,R,CHN,SS,Billy Jurges,1937,"NL,Chicago,Cubs"
kimbn101,Kimball,Newt,R,R,CHN,P,Newt Kimball,1937,"NL,Chicago,Cubs"
lee-b103,Lee,Bill,R,R,CHN,P,Bill Lee,1937,"NL,Chicago,Cubs"
logab101,Logan,Bob,R,L,CHN,P,Bob Logan,1937,"NL,Chicago,Cubs"
martj102,Marty,Joe,R,R,CHN,OF,Joe Marty,1937,"NL,Chicago,Cubs"
meyed101,Meyer,Dutch,R,R,CHN,PR,Dutch Meyer,1937,"NL,Chicago,Cubs"
odeak101,O'Dea,Ken,L,R,CHN,C,Ken O'Dea,1937,"NL,Chicago,Cubs"
parmr101,Parmelee,Roy,R,R,CHN,P,Roy Parmelee,1937,"NL,Chicago,Cubs"
reync102,Reynolds,Carl,R,R,CHN,OF,Carl Reynolds,1937,"NL,Chicago,Cubs"
rootc101,Root,Charlie,R,R,CHN,P,Charlie Root,1937,"NL,Chicago,Cubs"
shouc101,Shoun,Clyde,L,L,CHN,P,Clyde Shoun,1937,"NL,Chicago,Cubs"
stait101,Stainback,Tuck,R,R,CHN,OF,Tuck Stainback,1937,"NL,Chicago,Cubs"
almam101,Almada,Mel,L,L,BOS,OF,Mel Almada,1937,"AL,Boston,Red Sox"
bergm103,Berg,Moe,R,R,BOS,C,Moe Berg,1937,"AL,Boston,Red Sox"
bowes102,Bowers,Stew,B,R,BOS,PR,Stew Bowers,1937,"AL,Boston,Red Sox"
chapb102,Chapman,Ben,R,R,BOS,OF,Ben Chapman,1937,"AL,Boston,Red Sox"
cramd102,Cramer,Doc,L,R,BOS,OF,Doc Cramer,1937,"AL,Boston,Red Sox"
cronj101,Cronin,Joe,R,R,BOS,SS,Joe Cronin,1937,"AL,Boston,Red Sox"
dalld101,Dallessandro,Dom,L,L,BOS,OF,Dom Dallessandro,1937,"AL,Boston,Red Sox"
daugb101,Daughters,Bob,R,R,BOS,PR,Bob Daughters,1937,"AL,Boston,Red Sox"
desag101,Desautels,Gene,R,R,BOS,C,Gene Desautels,1937,"AL,Boston,Red Sox"
doerb101,Doerr,Bobby,R,R,BOS,2B,Bobby Doerr,1937,"AL,Boston,Red Sox"
ferrr101,Ferrell,Rick,R,R,BOS,C,Rick Ferrell,1937,"AL,Boston,Red Sox"
ferrw101,Ferrell,Wes,R,R,BOS,P,Wes Ferrell,1937,"AL,Boston,Red Sox"
foxxj101,Foxx,Jimmie,R,R,BOS,1B,Jimmie Foxx,1937,"AL,Boston,Red Sox"
gafff101,Gaffke,Fabian,R,R,BOS,OF,Fabian Gaffke,1937,"AL,Boston,Red Sox"
gonzj103,Gonzales,Joe,R,R,BOS,P,Joe Gonzales,1937,"AL,Boston,Red Sox"
grovl101,Grove,Lefty,L,L,BOS,P,Lefty Grove,1937,"AL,Boston,Red Sox"
henrj103,Henry,Jim,R,R,BOS,P,Jim Henry,1937,"AL,Boston,Red Sox"
higgm101,Higgins,Pinky,R,R,BOS,3B,Pinky Higgins,1937,"AL,Boston,Red Sox"
marcj101,Marcum,Johnny,L,R,BOS,P,Johnny Marcum,1937,"AL,Boston,Red Sox"
mckaa101,McKain,Archie,B,L,BOS,P,Archie McKain,1937,"AL,Boston,Red Sox"
mcnae101,McNair,Eric,R,R,BOS,2B,Eric McNair,1937,"AL,Boston,Red Sox"
melis101,Melillo,Ski,R,R,BOS,2B,Ski Melillo,1937,"AL,Boston,Red Sox"
millb108,Mills,Buster,R,R,BOS,OF,Buster Mills,1937,"AL,Boston,Red Sox"
newsb101,Newsom,Bobo,R,R,BOS,P,Bobo Newsom,1937,"AL,Boston,Red Sox"
olsot101,Olson,Ted,R,R,BOS,P,Ted Olson,1937,"AL,Boston,Red Sox"
ostef101,Ostermueller,Fritz,L,L,BOS,P,Fritz Ostermueller,1937,"AL,Boston,Red Sox"
peacj101,Peacock,Johnny,L,R,BOS,C,Johnny Peacock,1937,"AL,Boston,Red Sox"
thomt103,Thomas,Tommy,R,R,BOS,P,Tommy Thomas,1937,"AL,Boston,Red Sox"
walbr101,Walberg,Rube,L,L,BOS,P,Rube Walberg,1937,"AL,Boston,Red Sox"
wilsj103,Wilson,Jack,R,R,BOS,P,Jack Wilson,1937,"AL,Boston,Red Sox"
andrn101,Andrews,Nate,R,R,SLN,P,Nate Andrews,1937,"NL,St.Louis,Cardinals"
blaks101,Blake,Sheriff,B,R,SLN,P,Sheriff Blake,1937,"NL,St.Louis,Cardinals"
bordf101,Bordagaray,Frenchy,R,R,SLN,3B,Frenchy Bordagaray,1937,"NL,St.Louis,Cardinals"
bremh101,Bremer,Herb,R,R,SLN,C,Herb Bremer,1937,"NL,St.Louis,Cardinals"
browj107,Brown,Jimmy,B,R,SLN,2B,Jimmy Brown,1937,"NL,St.Louis,Cardinals"
chamj101,Chambers,Johnnie,L,R,SLN,P,Johnnie Chambers,1937,"NL,St.Louis,Cardinals"
deand102,Dean,Dizzy,R,R,SLN,P,Dizzy Dean,1937,"NL,St.Louis,Cardinals"
deanp101,Dean,Paul,R,R,SLN,P,Paul Dean,1937,"NL,St.Louis,Cardinals"
durol101,Durocher,Leo,R,R,SLN,SS,Leo Durocher,1937,"NL,St.Louis,Cardinals"
frisf101,Frisch,Frankie,B,R,SLN,2B,Frankie Frisch,1937,"NL,St.Louis,Cardinals"
guttd101,Gutteridge,Don,R,R,SLN,3B,Don Gutteridge,1937,"NL,St.Louis,Cardinals"
hainj101,Haines,Jesse,R,R,SLN,P,Jesse Haines,1937,"NL,St.Louis,Cardinals"
harrr103,Harrell,Ray,R,R,SLN,P,Ray Harrell,1937,"NL,St.Louis,Cardinals"
johns103,Johnson,Si,R,R,SLN,P,Si Johnson,1937,"NL,St.Louis,Cardinals"
klein101,Kleinke,Nub,R,R,SLN,P,Nub Kleinke,1937,"NL,St.Louis,Cardinals"
krish101,Krist,Howie,L,R,SLN,P,Howie Krist,1937,"NL,St.Louis,Cardinals"
martp103,Martin,Pepper,R,R,SLN,OF,Pepper Martin,1937,"NL,St.Louis,Cardinals"
marts103,Martin,Stu,L,R,SLN,2B,Stu Martin,1937,"NL,St.Louis,Cardinals"
mcgeb101,McGee,Bill,R,R,SLN,P,Bill McGee,1937,"NL,St.Louis,Cardinals"
medwj101,Medwick,Joe,R,R,SLN,OF,Joe Medwick,1937,"NL,St.Louis,Cardinals"
mizej101,Mize,Johnny,L,R,SLN,1B,Johnny Mize,1937,"NL,St.Louis,Cardinals"
moorr103,Moore,Randy,L,R,SLN,OF,Randy Moore,1937,"NL,St.Louis,Cardinals"
moort102,Moore,Terry,R,R,SLN,OF,Terry Moore,1937,"NL,St.Louis,Cardinals"
ogrob101,Ogrodowski,Bruce,R,R,SLN,C,Bruce Ogrodowski,1937,"NL,St.Louis,Cardinals"
owenm101,Owen,Mickey,R,R,SLN,C,Mickey Owen,1937,"NL,St.Louis,Cardinals"
padgd101,Padgett,Don,L,R,SLN,OF,Don Padgett,1937,"NL,St.Louis,Cardinals"
rybam101,Ryba,Mike,R,R,SLN,P,Mike Ryba,1937,"NL,St.Louis,Cardinals"
siebd102,Siebert,Dick,L,L,SLN,1B,Dick Siebert,1937,"NL,St.Louis,Cardinals"
sunkt101,Sunkel,Tom,L,L,SLN,P,Tom Sunkel,1937,"NL,St.Louis,Cardinals"
warnl101,Warneke,Lon,R,R,SLN,P,Lon Warneke,1937,"NL,St.Louis,Cardinals"
weilb101,Weiland,Bob,L,L,SLN,P,Bob Weiland,1937,"NL,St.Louis,Cardinals"
whita101,White,Abe,R,L,SLN,P,Abe White,1937,"NL,St.Louis,Cardinals"
winfj101,Winford,Jim,R,R,SLN,P,Jim Winford,1937,"NL,St.Louis,Cardinals"
almam101,Almada,Mel,L,L,WS1,OF,Mel Almada,1937,"AL,Washington,Senators"
ander102,Anderson,Red,R,R,WS1,P,Red Anderson,1937,"AL,Washington,Senators"
applp101,Appleton,Pete,R,R,WS1,P,Pete Appleton,1937,"AL,Washington,Senators"
blooj101,Bloodworth,Jimmy,R,R,WS1,2B,Jimmy Bloodworth,1937,"AL,Washington,Senators"
blueo102,Bluege,Ossie,R,R,WS1,SS,Ossie Bluege,1937,"AL,Washington,Senators"
cascj101,Cascarella,Joe,R,R,WS1,P,Joe Cascarella,1937,"AL,Washington,Senators"
caseg101,Case,George,R,R,WS1,OF,George Case,1937,"AL,Washington,Senators"
chapb102,Chapman,Ben,R,R,WS1,OF,Ben Chapman,1937,"AL,Washington,Senators"
chask101,Chase,Ken,L,L,WS1,P,Ken Chase,1937,"AL,Washington,Senators"
cohes101,Cohen,Syd,B,L,WS1,P,Syd Cohen,1937,"AL,Washington,Senators"
cromh101,Crompton,Herb,R,R,WS1,C,Herb Crompton,1937,"AL,Washington,Senators"
deshj101,DeShong,Jimmie,R,R,WS1,P,Jimmie DeShong,1937,"AL,Washington,Senators"
ferrr101,Ferrell,Rick,R,R,WS1,C,Rick Ferrell,1937,"AL,Washington,Senators"
ferrw101,Ferrell,Wes,R,R,WS1,P,Wes Ferrell,1937,"AL,Washington,Senators"
fiscc101,Fischer,Carl,R,L,WS1,P,Carl Fischer,1937,"AL,Washington,Senators"
graym101,Gray,Milt,R,R,WS1,C,Milt Gray,1937,"AL,Washington,Senators"
guerm102,Guerra,Mike,R,R,WS1,C,Mike Guerra,1937,"AL,Washington,Senators"
hillj102,Hill,Jesse,R,R,WS1,OF,Jesse Hill,1937,"AL,Washington,Senators"
hogas101,Hogan,Shanty,R,R,WS1,C,Shanty Hogan,1937,"AL,Washington,Senators"
jacob102,Jacobs,Bucky,R,R,WS1,P,Bucky Jacobs,1937,"AL,Washington,Senators"
kohlj101,Kohlman,Joe,R,R,WS1,P,Joe Kohlman,1937,"AL,Washington,Senators"
krakj101,Krakauskas,Joe,L,L,WS1,P,Joe Krakauskas,1937,"AL,Washington,Senators"
kuhej101,Kuhel,Joe,L,L,WS1,1B,Joe Kuhel,1937,"AL,Washington,Senators"
lanad101,Lanahan,Dick,L,L,WS1,P,Dick Lanahan,1937,"AL,Washington,Senators"
lewib103,Lewis,Buddy,L,R,WS1,3B,Buddy Lewis,1937,"AL,Washington,Senators"
linke101,Linke,Ed,R,R,WS1,P,Ed Linke,1937,"AL,Washington,Senators"
lynnj101,Lynn,Jerry,R,R,WS1,2B,Jerry Lynn,1937,"AL,Washington,Senators"
mihaj101,Mihalic,John,R,R,WS1,2B,John Mihalic,1937,"AL,Washington,Senators"
millw102,Millies,Wally,R,R,WS1,C,Wally Millies,1937,"AL,Washington,Senators"
myerb103,Myer,Buddy,L,R,WS1,2B,Buddy Myer,1937,"AL,Washington,Senators"
newsb101,Newsom,Bobo,R,R,WS1,P,Bobo Newsom,1937,"AL,Washington,Senators"
phebb101,Phebus,Bill,R,R,WS1,P,Bill Phebus,1937,"AL,Washington,Senators"
riddj101,Riddle,Johnny,R,R,WS1,C,Johnny Riddle,1937,"AL,Washington,Senators"
saboa101,Sabo,Alex,R,R,WS1,C,Alex Sabo,1937,"AL,Washington,Senators"
simma101,Simmons,Al,R,R,WS1,OF,Al Simmons,1937,"AL,Washington,Senators"
singf101,Sington,Fred,R,R,WS1,OF,Fred Sington,1937,"AL,Washington,Senators"
stonj102,Stone,John,L,R,WS1,OF,John Stone,1937,"AL,Washington,Senators"
travc101,Travis,Cecil,L,R,WS1,SS,Cecil Travis,1937,"AL,Washington,Senators"
trecf101,Trechock,Frank,R,R,WS1,SS,Frank Trechock,1937,"AL,Washington,Senators"
wasdj101,Wasdell,Jimmy,L,L,WS1,1B,Jimmy Wasdell,1937,"AL,Washington,Senators"
weavm101,Weaver,Monte,L,R,WS1,P,Monte Weaver,1937,"AL,Washington,Senators"
