player_id,last,first,bats,throws,team_id,pos,player_name,year,team_name
andeb001,Anderson,Brady,L,L,BAL,OF,Brady Anderson,1994,"A,Baltimore,Orioles"
bainh001,Baines,Harold,L,L,BAL,DH,Harold Baines,1994,"A,Baltimore,Orioles"
benia001,Benitez,Armando,R,R,BAL,P,Armando Benitez,1994,"A,Baltimore,Orioles"
boltt001,Bolton,Tom,L,L,BAL,P,Tom Bolton,1994,"A,Baltimore,Orioles"
bufod001,Buford,Damon,R,R,BAL,DH,Damon Buford,1994,"A,Baltimore,Orioles"
devem001,Devereaux,Mike,R,R,BAL,OF,Mike Devereaux,1994,"A,Baltimore,Orioles"
eichm001,Eichhorn,Mark,R,R,BAL,P,Mark Eichhorn,1994,"A,Baltimore,Orioles"
ferns001,Fernandez,Sid,L,L,BAL,P,Sid Fernandez,1994,"A,Baltimore,Orioles"
gomel001,Gomez,Leo,R,R,BAL,3B,Leo Gomez,1994,"A,Baltimore,Orioles"
hammj001,Hammonds,Jeffrey,R,R,BAL,OF,Jeffrey Hammonds,1994,"A,Baltimore,Orioles"
hoilc001,Hoiles,Chris,R,R,BAL,C,Chris Hoiles,1994,"A,Baltimore,Orioles"
hulet001,Hulett,Tim,R,R,BAL,2B,Tim Hulett,1994,"A,Baltimore,Orioles"
klins001,Klingenbeck,Scott,R,R,BAL,P,Scott Klingenbeck,1994,"A,Baltimore,Orioles"
mcdob001,McDonald,Ben,R,R,BAL,P,Ben McDonald,1994,"A,Baltimore,Orioles"
mclem001,McLemore,Mark,B,R,BAL,2B,Mark McLemore,1994,"A,Baltimore,Orioles"
milla001,Mills,Alan,R,R,BAL,P,Alan Mills,1994,"A,Baltimore,Orioles"
moyej001,Moyer,Jamie,L,L,BAL,P,Jamie Moyer,1994,"A,Baltimore,Orioles"
mussm001,Mussina,Mike,L,R,BAL,P,Mike Mussina,1994,"A,Baltimore,Orioles"
oquim001,Oquist,Mike,R,R,BAL,P,Mike Oquist,1994,"A,Baltimore,Orioles"
palmr001,Palmeiro,Rafael,L,L,BAL,1B,Rafael Palmeiro,1994,"A,Baltimore,Orioles"
pennb001,Pennington,Brad,L,L,BAL,P,Brad Pennington,1994,"A,Baltimore,Orioles"
poolj001,Poole,Jim,L,L,BAL,P,Jim Poole,1994,"A,Baltimore,Orioles"
rhoda001,Rhodes,Arthur,L,L,BAL,P,Arthur Rhodes,1994,"A,Baltimore,Orioles"
ripkc001,Ripken,Cal,R,R,BAL,SS,Cal Ripken,1994,"A,Baltimore,Orioles"
saboc001,Sabo,Chris,R,R,BAL,3B,Chris Sabo,1994,"A,Baltimore,Orioles"
smitd003,Smith,Dwight,L,R,BAL,OF,Dwight Smith,1994,"A,Baltimore,Orioles"
smitl001,Smith,Lee,R,R,BAL,P,Lee Smith,1994,"A,Baltimore,Orioles"
smitl002,Smith,Lonnie,R,R,BAL,DH,Lonnie Smith,1994,"A,Baltimore,Orioles"
smitm004,Smith,Mark,R,R,BAL,OF,Mark Smith,1994,"A,Baltimore,Orioles"
tackj001,Tackett,Jeff,R,R,BAL,C,Jeff Tackett,1994,"A,Baltimore,Orioles"
voigj001,Voigt,Jack,R,R,BAL,OF,Jack Voigt,1994,"A,Baltimore,Orioles"
willm004,Williamson,Mark,R,R,BAL,P,Mark Williamson,1994,"A,Baltimore,Orioles"
ashba002,Ashby,Andy,R,R,SDN,P,Andy Ashby,1994,"N,San Diego,Padres"
ausmb001,Ausmus,Brad,R,R,SDN,C,Brad Ausmus,1994,"N,San Diego,Padres"
beanb002,Bean,Bill,L,L,SDN,OF,Bill Bean,1994,"N,San Diego,Padres"
belld001,Bell,Derek,R,R,SDN,OF,Derek Bell,1994,"N,San Diego,Padres"
benea001,Benes,Andy,R,R,SDN,P,Andy Benes,1994,"N,San Diego,Padres"
brocd001,Brocail,Doug,L,R,SDN,P,Doug Brocail,1994,"N,San Diego,Padres"
campm001,Campbell,Mike,R,R,SDN,P,Mike Campbell,1994,"N,San Diego,Padres"
ciana001,Cianfrocco,Archi,R,R,SDN,3B,Archi Cianfrocco,1994,"N,San Diego,Padres"
clarp001,Clark,Phil,R,R,SDN,1B,Phil Clark,1994,"N,San Diego,Padres"
davim001,Davis,Mark,L,L,SDN,P,Mark Davis,1994,"N,San Diego,Padres"
ellid001,Elliott,Donnie,R,R,SDN,P,Donnie Elliott,1994,"N,San Diego,Padres"
florb001,Florie,Bryce,R,R,SDN,P,Bryce Florie,1994,"N,San Diego,Padres"
gutir001,Gutierrez,Ricky,R,R,SDN,SS,Ricky Gutierrez,1994,"N,San Diego,Padres"
gwynt001,Gwynn,Tony,L,L,SDN,OF,Tony Gwynn,1994,"N,San Diego,Padres"
hamij002,Hamilton,Joey,R,R,SDN,P,Joey Hamilton,1994,"N,San Diego,Padres"
harrg003,Harris,Gene,R,R,SDN,P,Gene Harris,1994,"N,San Diego,Padres"
hofft001,Hoffman,Trevor,R,R,SDN,P,Trevor Hoffman,1994,"N,San Diego,Padres"
holbr001,Holbert,Ray,R,R,SDN,SS,Ray Holbert,1994,"N,San Diego,Padres"
hyert001,Hyers,Tim,L,L,SDN,1B,Tim Hyers,1994,"N,San Diego,Padres"
johnb002,Johnson,Brian,R,R,SDN,C,Brian Johnson,1994,"N,San Diego,Padres"
krueb001,Krueger,Bill,L,L,SDN,P,Bill Krueger,1994,"N,San Diego,Padres"
livis001,Livingstone,Scott,L,R,SDN,3B,Scott Livingstone,1994,"N,San Diego,Padres"
lockk001,Lockhart,Keith,L,R,SDN,3B,Keith Lockhart,1994,"N,San Diego,Padres"
lopel002,Lopez,Luis,B,R,SDN,SS,Luis Lopez,1994,"N,San Diego,Padres"
martj002,Martinez,Jose,R,R,SDN,P,Jose Martinez,1994,"N,San Diego,Padres"
martp002,Martinez,Pedro,L,L,SDN,P,Pedro Martinez,1994,"N,San Diego,Padres"
maust001,Mauser,Tim,R,R,SDN,P,Tim Mauser,1994,"N,San Diego,Padres"
mcdar001,McDavid,Ray,L,R,SDN,OF,Ray McDavid,1994,"N,San Diego,Padres"
nievm001,Nieves,Melvin,B,R,SDN,OF,Melvin Nieves,1994,"N,San Diego,Padres"
planp001,Plantier,Phil,L,R,SDN,OF,Phil Plantier,1994,"N,San Diego,Padres"
robeb002,Roberts,Bip,B,R,SDN,2B,Bip Roberts,1994,"N,San Diego,Padres"
sagea001,Sager,A.J.,R,R,SDN,P,A.J. Sager,1994,"N,San Diego,Padres"
sands002,Sanders,Scott,R,R,SDN,P,Scott Sanders,1994,"N,San Diego,Padres"
shipc001,Shipley,Craig,R,R,SDN,3B,Craig Shipley,1994,"N,San Diego,Padres"
statd001,Staton,Dave,R,R,SDN,1B,Dave Staton,1994,"N,San Diego,Padres"
tabaj001,Tabaka,Jeff,R,L,SDN,P,Jeff Tabaka,1994,"N,San Diego,Padres"
taylk001,Taylor,Kerry,R,R,SDN,P,Kerry Taylor,1994,"N,San Diego,Padres"
whitw001,Whitehurst,Wally,R,R,SDN,P,Wally Whitehurst,1994,"N,San Diego,Padres"
wille001,Williams,Eddie,R,R,SDN,1B,Eddie Williams,1994,"N,San Diego,Padres"
worrt002,Worrell,Tim,R,R,SDN,P,Tim Worrell,1994,"N,San Diego,Padres"
ballj002,Ballard,Jeff,L,L,PIT,P,Jeff Ballard,1994,"N,Pittsburgh,Pirates"
bellj001,Bell,Jay,R,R,PIT,SS,Jay Bell,1994,"N,Pittsburgh,Pirates"
clard001,Clark,Dave,L,R,PIT,OF,Dave Clark,1994,"N,Pittsburgh,Pirates"
cooks001,Cooke,Steve,R,L,PIT,P,Steve Cooke,1994,"N,Pittsburgh,Pirates"
cummm001,Cummings,Midre,L,R,PIT,OF,Midre Cummings,1994,"N,Pittsburgh,Pirates"
dewem001,Dewey,Mark,R,R,PIT,P,Mark Dewey,1994,"N,Pittsburgh,Pirates"
dyerm001,Dyer,Mike,R,R,PIT,P,Mike Dyer,1994,"N,Pittsburgh,Pirates"
folet001,Foley,Tom,L,R,PIT,2B,Tom Foley,1994,"N,Pittsburgh,Pirates"
garcc001,Garcia,Carlos,R,R,PIT,2B,Carlos Garcia,1994,"N,Pittsburgh,Pirates"
goffj001,Goff,Jerry,L,R,PIT,C,Jerry Goff,1994,"N,Pittsburgh,Pirates"
hopej001,Hope,John,R,R,PIT,P,John Hope,1994,"N,Pittsburgh,Pirates"
huntb001,Hunter,Brian,R,L,PIT,1B,Brian Hunter,1994,"N,Pittsburgh,Pirates"
johnj005,Johnston,Joel,R,R,PIT,P,Joel Johnston,1994,"N,Pittsburgh,Pirates"
kingj001,King,Jeff,R,R,PIT,3B,Jeff King,1994,"N,Pittsburgh,Pirates"
liebj001,Lieber,Jon,L,R,PIT,P,Jon Lieber,1994,"N,Pittsburgh,Pirates"
manzr001,Manzanillo,Ravelo,L,L,PIT,P,Ravelo Manzanillo,1994,"N,Pittsburgh,Pirates"
marta001,Martin,Al,L,L,PIT,OF,Al Martin,1994,"N,Pittsburgh,Pirates"
mccll001,McClendon,Lloyd,R,R,PIT,OF,Lloyd McClendon,1994,"N,Pittsburgh,Pirates"
merco002,Merced,Orlando,B,R,PIT,OF,Orlando Merced,1994,"N,Pittsburgh,Pirates"
miced001,Miceli,Dan,R,R,PIT,P,Dan Miceli,1994,"N,Pittsburgh,Pirates"
minob001,Minor,Blas,R,R,PIT,P,Blas Minor,1994,"N,Pittsburgh,Pirates"
neagd001,Neagle,Denny,L,L,PIT,P,Denny Neagle,1994,"N,Pittsburgh,Pirates"
noboj001,Noboa,Junior,R,R,PIT,SS,Junior Noboa,1994,"N,Pittsburgh,Pirates"
parrl001,Parrish,Lance,R,R,PIT,C,Lance Parrish,1994,"N,Pittsburgh,Pirates"
pegus001,Pegues,Steve,R,R,PIT,OF,Steve Pegues,1994,"N,Pittsburgh,Pirates"
penaa001,Pena,Alejandro,R,R,PIT,P,Alejandro Pena,1994,"N,Pittsburgh,Pirates"
pennw001,Pennyfeather,Will,R,R,PIT,OF,Will Pennyfeather,1994,"N,Pittsburgh,Pirates"
rober001,Robertson,Rich,L,L,PIT,P,Rich Robertson,1994,"N,Pittsburgh,Pirates"
slaud001,Slaught,Don,R,R,PIT,C,Don Slaught,1994,"N,Pittsburgh,Pirates"
smitz001,Smith,Zane,L,L,PIT,P,Zane Smith,1994,"N,Pittsburgh,Pirates"
tabaj001,Tabaka,Jeff,R,L,PIT,P,Jeff Tabaka,1994,"N,Pittsburgh,Pirates"
tomlr001,Tomlin,Randy,L,L,PIT,P,Randy Tomlin,1994,"N,Pittsburgh,Pirates"
vansa001,Van Slyke,Andy,L,R,PIT,OF,Andy Van Slyke,1994,"N,Pittsburgh,Pirates"
varsg001,Varsho,Gary,L,R,PIT,OF,Gary Varsho,1994,"N,Pittsburgh,Pirates"
wagnp001,Wagner,Paul,R,R,PIT,P,Paul Wagner,1994,"N,Pittsburgh,Pirates"
wehnj001,Wehner,John,R,R,PIT,3B,John Wehner,1994,"N,Pittsburgh,Pirates"
whitr002,White,Rick,R,R,PIT,P,Rick White,1994,"N,Pittsburgh,Pirates"
womat001,Womack,Tony,L,R,PIT,2B,Tony Womack,1994,"N,Pittsburgh,Pirates"
younk001,Young,Kevin,R,R,PIT,1B,Kevin Young,1994,"N,Pittsburgh,Pirates"
aloms001,Alomar,Sandy,R,R,CLE,C,Sandy Alomar,1994,"A,Cleveland,Indians"
amarr002,Amaro,Ruben,B,R,CLE,OF,Ruben Amaro,1994,"A,Cleveland,Indians"
baerc001,Baerga,Carlos,B,R,CLE,2B,Carlos Baerga,1994,"A,Cleveland,Indians"
barnb001,Barnes,Brian,L,L,CLE,P,Brian Barnes,1994,"A,Cleveland,Indians"
bellj002,Belle,Albert,R,R,CLE,OF,Albert Belle,1994,"A,Cleveland,Indians"
casil001,Casian,Larry,R,L,CLE,P,Larry Casian,1994,"A,Cleveland,Indians"
clarm002,Clark,Mark,R,R,CLE,P,Mark Clark,1994,"A,Cleveland,Indians"
dipoj001,DiPoto,Jerry,R,R,CLE,P,Jerry DiPoto,1994,"A,Cleveland,Indians"
espia001,Espinoza,Alvaro,R,R,CLE,3B,Alvaro Espinoza,1994,"A,Cleveland,Indians"
farrs001,Farr,Steve,R,R,CLE,P,Steve Farr,1994,"A,Cleveland,Indians"
gonzr001,Gonzales,Rene,R,R,CLE,3B,Rene Gonzales,1994,"A,Cleveland,Indians"
grimj001,Grimsley,Jason,R,R,CLE,P,Jason Grimsley,1994,"A,Cleveland,Indians"
kirbw001,Kirby,Wayne,L,R,CLE,OF,Wayne Kirby,1994,"A,Cleveland,Indians"
levij001,Levis,Jesse,L,R,CLE,PH,Jesse Levis,1994,"A,Cleveland,Indians"
lewim001,Lewis,Mark,R,R,CLE,SS,Mark Lewis,1994,"A,Cleveland,Indians"
lilld001,Lilliquist,Derek,L,L,CLE,P,Derek Lilliquist,1994,"A,Cleveland,Indians"
loftk001,Lofton,Kenny,L,L,CLE,OF,Kenny Lofton,1994,"A,Cleveland,Indians"
lopea002,Lopez,Albie,R,R,CLE,P,Albie Lopez,1994,"A,Cleveland,Indians"
maldc001,Maldonado,Candy,R,R,CLE,DH,Candy Maldonado,1994,"A,Cleveland,Indians"
martd001,Martinez,Dennis,R,R,CLE,P,Dennis Martinez,1994,"A,Cleveland,Indians"
merum001,Merullo,Matt,L,R,CLE,C,Matt Merullo,1994,"A,Cleveland,Indians"
mesaj001,Mesa,Jose,R,R,CLE,P,Jose Mesa,1994,"A,Cleveland,Indians"
morrj001,Morris,Jack,R,R,CLE,P,Jack Morris,1994,"A,Cleveland,Indians"
murre001,Murray,Eddie,B,R,CLE,DH,Eddie Murray,1994,"A,Cleveland,Indians"
nabhc001,Nabholz,Chris,L,L,CLE,P,Chris Nabholz,1994,"A,Cleveland,Indians"
nagyc001,Nagy,Charles,L,R,CLE,P,Charles Nagy,1994,"A,Cleveland,Indians"
ogeac001,Ogea,Chad,R,R,CLE,P,Chad Ogea,1994,"A,Cleveland,Indians"
penat001,Pena,Tony,R,R,CLE,C,Tony Pena,1994,"A,Cleveland,Indians"
perrh001,Perry,Herbert,R,R,CLE,1B,Herbert Perry,1994,"A,Cleveland,Indians"
plune001,Plunk,Eric,R,R,CLE,P,Eric Plunk,1994,"A,Cleveland,Indians"
ramim002,Ramirez,Manny,R,R,CLE,OF,Manny Ramirez,1994,"A,Cleveland,Indians"
russj001,Russell,Jeff,R,R,CLE,P,Jeff Russell,1994,"A,Cleveland,Indians"
shuep001,Shuey,Paul,R,R,CLE,P,Paul Shuey,1994,"A,Cleveland,Indians"
sorrp001,Sorrento,Paul,L,R,CLE,1B,Paul Sorrento,1994,"A,Cleveland,Indians"
swanr001,Swan,Russ,L,L,CLE,P,Russ Swan,1994,"A,Cleveland,Indians"
tavaj001,Tavarez,Julian,L,R,CLE,P,Julian Tavarez,1994,"A,Cleveland,Indians"
thomj002,Thome,Jim,L,R,CLE,3B,Jim Thome,1994,"A,Cleveland,Indians"
turnm001,Turner,Matt,R,R,CLE,P,Matt Turner,1994,"A,Cleveland,Indians"
vizqo001,Vizquel,Omar,B,R,CLE,SS,Omar Vizquel,1994,"A,Cleveland,Indians"
wertb001,Wertz,Bill,R,R,CLE,P,Bill Wertz,1994,"A,Cleveland,Indians"
armsj001,Armstrong,Jack,R,R,TEX,P,Jack Armstrong,1994,"A,Texas,Rangers"
belte001,Beltre,Esteban,R,R,TEX,SS,Esteban Beltre,1994,"A,Texas,Rangers"
bohab001,Bohanon,Brian,L,L,TEX,P,Brian Bohanon,1994,"A,Texas,Rangers"
browk001,Brown,Kevin,R,R,TEX,P,Kevin Brown,1994,"A,Texas,Rangers"
brumd001,Brumley,Duff,R,R,TEX,P,Duff Brumley,1994,"A,Texas,Rangers"
burrt001,Burrows,Terry,L,L,TEX,P,Terry Burrows,1994,"A,Texas,Rangers"
cansj001,Canseco,Jose,R,R,TEX,DH,Jose Canseco,1994,"A,Texas,Rangers"
carpc001,Carpenter,Cris,R,R,TEX,P,Cris Carpenter,1994,"A,Texas,Rangers"
clarw001,Clark,Will,L,L,TEX,1B,Will Clark,1994,"A,Texas,Rangers"
davib001,Davis,Butch,R,R,TEX,OF,Butch Davis,1994,"A,Texas,Rangers"
dettj001,Dettmer,John,R,R,TEX,P,John Dettmer,1994,"A,Texas,Rangers"
dreys001,Dreyer,Steve,R,R,TEX,P,Steve Dreyer,1994,"A,Texas,Rangers"
duceb001,Ducey,Rob,L,R,TEX,OF,Rob Ducey,1994,"A,Texas,Rangers"
fajah001,Fajardo,Hector,R,R,TEX,P,Hector Fajardo,1994,"A,Texas,Rangers"
fryej001,Frye,Jeff,R,R,TEX,2B,Jeff Frye,1994,"A,Texas,Rangers"
gonzj002,Gonzalez,Juan,R,R,TEX,OF,Juan Gonzalez,1994,"A,Texas,Rangers"
greer001,Greer,Rusty,L,L,TEX,OF,Rusty Greer,1994,"A,Texas,Rangers"
hellr001,Helling,Rick,R,R,TEX,P,Rick Helling,1994,"A,Texas,Rangers"
henkt001,Henke,Tom,R,R,TEX,P,Tom Henke,1994,"A,Texas,Rangers"
honer001,Honeycutt,Rick,L,L,TEX,P,Rick Honeycutt,1994,"A,Texas,Rangers"
howej001,Howell,Jay,R,R,TEX,P,Jay Howell,1994,"A,Texas,Rangers"
hulsd001,Hulse,David,L,L,TEX,OF,David Hulse,1994,"A,Texas,Rangers"
hursb001,Hurst,Bruce,L,L,TEX,P,Bruce Hurst,1994,"A,Texas,Rangers"
hursj002,Hurst,James,L,L,TEX,P,James Hurst,1994,"A,Texas,Rangers"
jackc001,Jackson,Chuck,R,R,TEX,3B,Chuck Jackson,1994,"A,Texas,Rangers"
jamec001,James,Chris,R,R,TEX,OF,Chris James,1994,"A,Texas,Rangers"
leart001,Leary,Tim,R,R,TEX,P,Tim Leary,1994,"A,Texas,Rangers"
lee-m001,Lee,Manuel,B,R,TEX,SS,Manuel Lee,1994,"A,Texas,Rangers"
mcdoo001,McDowell,Oddibe,L,L,TEX,OF,Oddibe McDowell,1994,"A,Texas,Rangers"
olivd001,Oliver,Darren,R,L,TEX,P,Darren Oliver,1994,"A,Texas,Rangers"
ortij001,Ortiz,Junior,R,R,TEX,C,Junior Ortiz,1994,"A,Texas,Rangers"
palmd002,Palmer,Dean,R,R,TEX,3B,Dean Palmer,1994,"A,Texas,Rangers"
pavlr001,Pavlik,Roger,R,R,TEX,P,Roger Pavlik,1994,"A,Texas,Rangers"
redug001,Redus,Gary,R,R,TEX,OF,Gary Redus,1994,"A,Texas,Rangers"
reedr002,Reed,Rick,R,R,TEX,P,Rick Reed,1994,"A,Texas,Rangers"
ripkb001,Ripken,Billy,R,R,TEX,3B,Billy Ripken,1994,"A,Texas,Rangers"
rodri001,Rodriguez,Ivan,R,R,TEX,C,Ivan Rodriguez,1994,"A,Texas,Rangers"
rogek001,Rogers,Kenny,L,L,TEX,P,Kenny Rogers,1994,"A,Texas,Rangers"
smitd005,Smith,Dan,L,L,TEX,P,Dan Smith,1994,"A,Texas,Rangers"
strad002,Strange,Doug,B,R,TEX,2B,Doug Strange,1994,"A,Texas,Rangers"
whitm002,Whiteside,Matt,R,R,TEX,P,Matt Whiteside,1994,"A,Texas,Rangers"
barns001,Barnes,Skeeter,R,R,DET,1B,Skeeter Barnes,1994,"A,Detroit,Tigers"
bautd001,Bautista,Danny,R,R,DET,OF,Danny Bautista,1994,"A,Detroit,Tigers"
belct001,Belcher,Tim,R,R,DET,P,Tim Belcher,1994,"A,Detroit,Tigers"
bergs001,Bergman,Sean,R,R,DET,P,Sean Bergman,1994,"A,Detroit,Tigers"
boevj001,Boever,Joe,R,R,DET,P,Joe Boever,1994,"A,Detroit,Tigers"
cadag001,Cadaret,Greg,L,L,DET,P,Greg Cadaret,1994,"A,Detroit,Tigers"
cuylm001,Cuyler,Milt,B,R,DET,OF,Milt Cuyler,1994,"A,Detroit,Tigers"
davie001,Davis,Eric,R,R,DET,OF,Eric Davis,1994,"A,Detroit,Tigers"
davis001,Davis,Storm,R,R,DET,P,Storm Davis,1994,"A,Detroit,Tigers"
dohej001,Doherty,John,R,R,DET,P,John Doherty,1994,"A,Detroit,Tigers"
felij001,Felix,Junior,B,R,DET,OF,Junior Felix,1994,"A,Detroit,Tigers"
fielc001,Fielder,Cecil,R,R,DET,1B,Cecil Fielder,1994,"A,Detroit,Tigers"
flahj001,Flaherty,John,R,R,DET,C,John Flaherty,1994,"A,Detroit,Tigers"
frymt001,Fryman,Travis,R,R,DET,3B,Travis Fryman,1994,"A,Detroit,Tigers"
gardm002,Gardiner,Mike,B,R,DET,P,Mike Gardiner,1994,"A,Detroit,Tigers"
gibsk001,Gibson,Kirk,L,L,DET,DH,Kirk Gibson,1994,"A,Detroit,Tigers"
gohrg001,Gohr,Greg,R,R,DET,P,Greg Gohr,1994,"A,Detroit,Tigers"
gomec001,Gomez,Chris,R,R,DET,SS,Chris Gomez,1994,"A,Detroit,Tigers"
groob001,Groom,Buddy,L,L,DET,P,Buddy Groom,1994,"A,Detroit,Tigers"
gullb001,Gullickson,Bill,R,R,DET,P,Bill Gullickson,1994,"A,Detroit,Tigers"
harrg003,Harris,Gene,R,R,DET,P,Gene Harris,1994,"A,Detroit,Tigers"
hennm001,Henneman,Mike,R,R,DET,P,Mike Henneman,1994,"A,Detroit,Tigers"
ingrr001,Ingram,Riccardo,R,R,DET,OF,Riccardo Ingram,1994,"A,Detroit,Tigers"
knudk001,Knudsen,Kurt,R,R,DET,P,Kurt Knudsen,1994,"A,Detroit,Tigers"
kreuc001,Kreuter,Chad,B,R,DET,C,Chad Kreuter,1994,"A,Detroit,Tigers"
krueb001,Krueger,Bill,L,L,DET,P,Bill Krueger,1994,"A,Detroit,Tigers"
limaj001,Lima,Jose,R,R,DET,P,Jose Lima,1994,"A,Detroit,Tigers"
livis001,Livingstone,Scott,L,R,DET,1B,Scott Livingstone,1994,"A,Detroit,Tigers"
moorm001,Moore,Mike,R,R,DET,P,Mike Moore,1994,"A,Detroit,Tigers"
philt001,Phillips,Tony,B,R,DET,OF,Tony Phillips,1994,"A,Detroit,Tigers"
samuj001,Samuel,Juan,R,R,DET,OF,Juan Samuel,1994,"A,Detroit,Tigers"
stidp001,Stidham,Phil,R,R,DET,P,Phil Stidham,1994,"A,Detroit,Tigers"
tettm001,Tettleton,Mickey,B,R,DET,C,Mickey Tettleton,1994,"A,Detroit,Tigers"
trama001,Trammell,Alan,R,R,DET,SS,Alan Trammell,1994,"A,Detroit,Tigers"
welld001,Wells,David,L,L,DET,P,David Wells,1994,"A,Detroit,Tigers"
whitl001,Whitaker,Lou,L,R,DET,2B,Lou Whitaker,1994,"A,Detroit,Tigers"
alvaw001,Alvarez,Wilson,L,L,CHA,P,Wilson Alvarez,1994,"A,Chicago,White Sox"
assep001,Assenmacher,Paul,L,L,CHA,P,Paul Assenmacher,1994,"A,Chicago,White Sox"
berej002,Bere,Jason,R,R,CHA,P,Jason Bere,1994,"A,Chicago,White Sox"
cookd001,Cook,Dennis,L,L,CHA,P,Dennis Cook,1994,"A,Chicago,White Sox"
coraj001,Cora,Joey,B,R,CHA,2B,Joey Cora,1994,"A,Chicago,White Sox"
delej001,DeLeon,Jose,R,R,CHA,P,Jose DeLeon,1994,"A,Chicago,White Sox"
ferna001,Fernandez,Alex,R,R,CHA,P,Alex Fernandez,1994,"A,Chicago,White Sox"
franj002,Franco,Julio,R,R,CHA,DH,Julio Franco,1994,"A,Chicago,White Sox"
grebc001,Grebeck,Craig,R,R,CHA,2B,Craig Grebeck,1994,"A,Chicago,White Sox"
guilo001,Guillen,Ozzie,L,R,CHA,SS,Ozzie Guillen,1994,"A,Chicago,White Sox"
hallj001,Hall,Joe,R,R,CHA,OF,Joe Hall,1994,"A,Chicago,White Sox"
hamma001,Hammaker,Atlee,B,L,CHA,P,Atlee Hammaker,1994,"A,Chicago,White Sox"
hernr001,Hernandez,Roberto,R,R,CHA,P,Roberto Hernandez,1994,"A,Chicago,White Sox"
howid001,Howitt,Dann,L,R,CHA,OF,Dann Howitt,1994,"A,Chicago,White Sox"
jackd002,Jackson,Darrin,R,R,CHA,OF,Darrin Jackson,1994,"A,Chicago,White Sox"
johnd002,Johnson,Dane,R,R,CHA,P,Dane Johnson,1994,"A,Chicago,White Sox"
johnl001,Johnson,Lance,L,L,CHA,OF,Lance Johnson,1994,"A,Chicago,White Sox"
karkr001,Karkovice,Ron,R,R,CHA,C,Ron Karkovice,1994,"A,Chicago,White Sox"
lavam001,LaValliere,Mike,L,R,CHA,C,Mike LaValliere,1994,"A,Chicago,White Sox"
martn001,Martin,Norberto,R,R,CHA,2B,Norberto Martin,1994,"A,Chicago,White Sox"
mccak001,McCaskill,Kirk,R,R,CHA,P,Kirk McCaskill,1994,"A,Chicago,White Sox"
mcdoj001,McDowell,Jack,R,R,CHA,P,Jack McDowell,1994,"A,Chicago,White Sox"
melvb001,Melvin,Bob,R,R,CHA,C,Bob Melvin,1994,"A,Chicago,White Sox"
newsw001,Newson,Warren,L,L,CHA,OF,Warren Newson,1994,"A,Chicago,White Sox"
pasqd001,Pasqua,Dan,L,L,CHA,OF,Dan Pasqua,1994,"A,Chicago,White Sox"
raint001,Raines,Tim,B,R,CHA,OF,Tim Raines,1994,"A,Chicago,White Sox"
ruffs001,Ruffcorn,Scott,R,R,CHA,P,Scott Ruffcorn,1994,"A,Chicago,White Sox"
saeno001,Saenz,Olmedo,R,R,CHA,3B,Olmedo Saenz,1994,"A,Chicago,White Sox"
sands001,Sanderson,Scott,R,R,CHA,P,Scott Sanderson,1994,"A,Chicago,White Sox"
schwj001,Schwarz,Jeff,R,R,CHA,P,Jeff Schwarz,1994,"A,Chicago,White Sox"
thomf001,Thomas,Frank,R,R,CHA,1B,Frank Thomas,1994,"A,Chicago,White Sox"
tingr001,Tingley,Ron,R,R,CHA,C,Ron Tingley,1994,"A,Chicago,White Sox"
ventr001,Ventura,Robin,L,R,CHA,3B,Robin Ventura,1994,"A,Chicago,White Sox"
zupcb001,Zupcic,Bob,R,R,CHA,OF,Bob Zupcic,1994,"A,Chicago,White Sox"
boner001,Bones,Ricky,R,R,MIL,P,Ricky Bones,1994,"A,Milwaukee,Brewers"
bronj001,Bronkey,Jeff,R,R,MIL,P,Jeff Bronkey,1994,"A,Milwaukee,Brewers"
brunt001,Brunansky,Tom,R,R,MIL,OF,Tom Brunansky,1994,"A,Milwaukee,Brewers"
cirij001,Cirillo,Jeff,R,R,MIL,3B,Jeff Cirillo,1994,"A,Milwaukee,Brewers"
diaza001,Diaz,Alex,B,R,MIL,OF,Alex Diaz,1994,"A,Milwaukee,Brewers"
eldrc001,Eldred,Cal,R,R,MIL,P,Cal Eldred,1994,"A,Milwaukee,Brewers"
fettm001,Fetters,Mike,R,R,MIL,P,Mike Fetters,1994,"A,Milwaukee,Brewers"
hamid001,Hamilton,Darryl,L,R,MIL,OF,Darryl Hamilton,1994,"A,Milwaukee,Brewers"
harpb001,Harper,Brian,R,R,MIL,DH,Brian Harper,1994,"A,Milwaukee,Brewers"
henrd002,Henry,Doug,R,R,MIL,P,Doug Henry,1994,"A,Milwaukee,Brewers"
higut001,Higuera,Teddy,B,L,MIL,P,Teddy Higuera,1994,"A,Milwaukee,Brewers"
ignam001,Ignasiak,Mike,B,R,MIL,P,Mike Ignasiak,1994,"A,Milwaukee,Brewers"
jahaj001,Jaha,John,R,R,MIL,1B,John Jaha,1994,"A,Milwaukee,Brewers"
kiefm001,Kiefer,Mark,R,R,MIL,P,Mark Kiefer,1994,"A,Milwaukee,Brewers"
listp001,Listach,Pat,B,R,MIL,SS,Pat Listach,1994,"A,Milwaukee,Brewers"
lloyg001,Lloyd,Graeme,L,L,MIL,P,Graeme Lloyd,1994,"A,Milwaukee,Brewers"
mathm001,Matheny,Mike,R,R,MIL,C,Mike Matheny,1994,"A,Milwaukee,Brewers"
mercj001,Mercedes,Jose,R,R,MIL,P,Jose Mercedes,1994,"A,Milwaukee,Brewers"
miesm001,Mieske,Matt,R,R,MIL,OF,Matt Mieske,1994,"A,Milwaukee,Brewers"
miraa001,Miranda,Angel,L,L,MIL,P,Angel Miranda,1994,"A,Milwaukee,Brewers"
navaj001,Navarro,Jaime,R,R,MIL,P,Jaime Navarro,1994,"A,Milwaukee,Brewers"
nilsd001,Nilsson,Dave,L,R,MIL,C,Dave Nilsson,1994,"A,Milwaukee,Brewers"
oleat001,O'Leary,Troy,L,L,MIL,OF,Troy O'Leary,1994,"A,Milwaukee,Brewers"
orosj001,Orosco,Jesse,R,L,MIL,P,Jesse Orosco,1994,"A,Milwaukee,Brewers"
reedj003,Reed,Jody,R,R,MIL,2B,Jody Reed,1994,"A,Milwaukee,Brewers"
scanb001,Scanlan,Bob,R,R,MIL,P,Bob Scanlan,1994,"A,Milwaukee,Brewers"
seitk001,Seitzer,Kevin,R,R,MIL,3B,Kevin Seitzer,1994,"A,Milwaukee,Brewers"
singd001,Singleton,Duane,L,R,MIL,OF,Duane Singleton,1994,"A,Milwaukee,Brewers"
spieb001,Spiers,Bill,L,R,MIL,3B,Bill Spiers,1994,"A,Milwaukee,Brewers"
surhb001,Surhoff,B.J.,L,R,MIL,3B,B.J. Surhoff,1994,"A,Milwaukee,Brewers"
valej003,Valentin,Jose,B,R,MIL,SS,Jose Valentin,1994,"A,Milwaukee,Brewers"
valld001,Valle,Dave,R,R,MIL,C,Dave Valle,1994,"A,Milwaukee,Brewers"
vaugg001,Vaughn,Greg,R,R,MIL,OF,Greg Vaughn,1994,"A,Milwaukee,Brewers"
wardt001,Ward,Turner,B,R,MIL,OF,Turner Ward,1994,"A,Milwaukee,Brewers"
wegmb001,Wegman,Bill,R,R,MIL,P,Bill Wegman,1994,"A,Milwaukee,Brewers"
wronr001,Wrona,Rick,R,R,MIL,C,Rick Wrona,1994,"A,Milwaukee,Brewers"
aloum001,Alou,Moises,R,R,MON,OF,Moises Alou,1994,"N,Montreal,Expos"
bellj003,Bell,Juan,B,R,MON,2B,Juan Bell,1994,"N,Montreal,Expos"
benaf001,Benavides,Freddie,R,R,MON,2B,Freddie Benavides,1994,"N,Montreal,Expos"
berrs001,Berry,Sean,R,R,MON,3B,Sean Berry,1994,"N,Montreal,Expos"
boucd001,Boucher,Denis,R,L,MON,P,Denis Boucher,1994,"N,Montreal,Expos"
cordw001,Cordero,Wil,R,R,MON,SS,Wil Cordero,1994,"N,Montreal,Expos"
eiscj001,Eischen,Joey,L,L,MON,P,Joey Eischen,1994,"N,Montreal,Expos"
fassj001,Fassero,Jeff,L,L,MON,P,Jeff Fassero,1994,"N,Montreal,Expos"
fletd001,Fletcher,Darrin,L,R,MON,C,Darrin Fletcher,1994,"N,Montreal,Expos"
floyc001,Floyd,Cliff,L,R,MON,1B,Cliff Floyd,1994,"N,Montreal,Expos"
frazl001,Frazier,Lou,B,R,MON,OF,Lou Frazier,1994,"N,Montreal,Expos"
gardj001,Gardner,Jeff,L,R,MON,3B,Jeff Gardner,1994,"N,Montreal,Expos"
grism001,Grissom,Marquis,R,R,MON,OF,Marquis Grissom,1994,"N,Montreal,Expos"
haynh001,Haynes,Heath,R,R,MON,P,Heath Haynes,1994,"N,Montreal,Expos"
hendr002,Henderson,Rod,R,R,MON,P,Rod Henderson,1994,"N,Montreal,Expos"
henrb001,Henry,Butch,L,L,MON,P,Butch Henry,1994,"N,Montreal,Expos"
hereg001,Heredia,Gil,R,R,MON,P,Gil Heredia,1994,"N,Montreal,Expos"
hillk001,Hill,Ken,R,R,MON,P,Ken Hill,1994,"N,Montreal,Expos"
lansm001,Lansing,Mike,R,R,MON,2B,Mike Lansing,1994,"N,Montreal,Expos"
loonb001,Looney,Brian,L,L,MON,P,Brian Looney,1994,"N,Montreal,Expos"
martp001,Martinez,Pedro,R,R,MON,P,Pedro Martinez,1994,"N,Montreal,Expos"
millr002,Milligan,Randy,R,R,MON,1B,Randy Milligan,1994,"N,Montreal,Expos"
rojam001,Rojas,Mel,R,R,MON,P,Mel Rojas,1994,"N,Montreal,Expos"
ruetk001,Rueter,Kirk,L,L,MON,P,Kirk Rueter,1994,"N,Montreal,Expos"
scott002,Scott,Tim,R,R,MON,P,Tim Scott,1994,"N,Montreal,Expos"
shawj001,Shaw,Jeff,R,R,MON,P,Jeff Shaw,1994,"N,Montreal,Expos"
speht001,Spehr,Tim,R,R,MON,C,Tim Spehr,1994,"N,Montreal,Expos"
walkl001,Walker,Larry,L,R,MON,OF,Larry Walker,1994,"N,Montreal,Expos"
websl001,Webster,Lenny,R,R,MON,C,Lenny Webster,1994,"N,Montreal,Expos"
wettj001,Wetteland,John,R,R,MON,P,John Wetteland,1994,"N,Montreal,Expos"
whitg001,White,Gabe,L,L,MON,P,Gabe White,1994,"N,Montreal,Expos"
whitr001,White,Rondell,R,R,MON,OF,Rondell White,1994,"N,Montreal,Expos"
andel001,Andersen,Larry,R,R,PHI,P,Larry Andersen,1994,"N,Philadelphia,Phillies"
batik002,Batiste,Kim,R,R,PHI,3B,Kim Batiste,1994,"N,Philadelphia,Phillies"
borlt001,Borland,Toby,R,R,PHI,P,Toby Borland,1994,"N,Philadelphia,Phillies"
bosks001,Boskie,Shawn,R,R,PHI,P,Shawn Boskie,1994,"N,Philadelphia,Phillies"
bottr001,Bottalico,Ricky,L,R,PHI,P,Ricky Bottalico,1994,"N,Philadelphia,Phillies"
carta001,Carter,Andy,L,L,PHI,P,Andy Carter,1994,"N,Philadelphia,Phillies"
chamw001,Chamberlain,Wes,R,R,PHI,OF,Wes Chamberlain,1994,"N,Philadelphia,Phillies"
dauld001,Daulton,Darren,L,R,PHI,C,Darren Daulton,1994,"N,Philadelphia,Phillies"
duncm001,Duncan,Mariano,R,R,PHI,2B,Mariano Duncan,1994,"N,Philadelphia,Phillies"
dyksl001,Dykstra,Lenny,L,L,PHI,OF,Lenny Dykstra,1994,"N,Philadelphia,Phillies"
edent001,Edens,Tom,R,R,PHI,P,Tom Edens,1994,"N,Philadelphia,Phillies"
eisej001,Eisenreich,Jim,L,L,PHI,OF,Jim Eisenreich,1994,"N,Philadelphia,Phillies"
greet001,Greene,Tommy,R,R,PHI,P,Tommy Greene,1994,"N,Philadelphia,Phillies"
hatcb001,Hatcher,Billy,R,R,PHI,OF,Billy Hatcher,1994,"N,Philadelphia,Phillies"
holld001,Hollins,Dave,B,R,PHI,3B,Dave Hollins,1994,"N,Philadelphia,Phillies"
incap001,Incaviglia,Pete,R,R,PHI,OF,Pete Incaviglia,1994,"N,Philadelphia,Phillies"
jackd001,Jackson,Danny,R,L,PHI,P,Danny Jackson,1994,"N,Philadelphia,Phillies"
joned001,Jones,Doug,R,R,PHI,P,Doug Jones,1994,"N,Philadelphia,Phillies"
jordr001,Jordan,Ricky,R,R,PHI,1B,Ricky Jordan,1994,"N,Philadelphia,Phillies"
judej001,Juden,Jeff,R,R,PHI,P,Jeff Juden,1994,"N,Philadelphia,Phillies"
krukj001,Kruk,John,L,L,PHI,1B,John Kruk,1994,"N,Philadelphia,Phillies"
liebm001,Lieberthal,Mike,R,R,PHI,C,Mike Lieberthal,1994,"N,Philadelphia,Phillies"
longt001,Longmire,Tony,L,R,PHI,OF,Tony Longmire,1994,"N,Philadelphia,Phillies"
marst001,Marsh,Tom,R,R,PHI,OF,Tom Marsh,1994,"N,Philadelphia,Phillies"
masor001,Mason,Roger,R,R,PHI,P,Roger Mason,1994,"N,Philadelphia,Phillies"
moram001,Morandini,Mickey,L,R,PHI,2B,Mickey Morandini,1994,"N,Philadelphia,Phillies"
munob001,Munoz,Bobby,R,R,PHI,P,Bobby Munoz,1994,"N,Philadelphia,Phillies"
pratt001,Pratt,Todd,R,R,PHI,C,Todd Pratt,1994,"N,Philadelphia,Phillies"
quanp001,Quantrill,Paul,L,R,PHI,P,Paul Quantrill,1994,"N,Philadelphia,Phillies"
quint001,Quinlan,Tom,R,R,PHI,3B,Tom Quinlan,1994,"N,Philadelphia,Phillies"
readr001,Ready,Randy,R,R,PHI,2B,Randy Ready,1994,"N,Philadelphia,Phillies"
riveb001,Rivera,Ben,R,R,PHI,P,Ben Rivera,1994,"N,Philadelphia,Phillies"
schic002,Schilling,Curt,R,R,PHI,P,Curt Schilling,1994,"N,Philadelphia,Phillies"
sloch001,Slocumb,Heathcliff,R,R,PHI,P,Heathcliff Slocumb,1994,"N,Philadelphia,Phillies"
stock001,Stocker,Kevin,B,R,PHI,SS,Kevin Stocker,1994,"N,Philadelphia,Phillies"
thomm001,Thompson,Milt,L,R,PHI,OF,Milt Thompson,1994,"N,Philadelphia,Phillies"
valef001,Valenzuela,Fernando,L,L,PHI,P,Fernando Valenzuela,1994,"N,Philadelphia,Phillies"
wellb002,Wells,Bob,R,R,PHI,P,Bob Wells,1994,"N,Philadelphia,Phillies"
westd001,West,David,L,L,PHI,P,David West,1994,"N,Philadelphia,Phillies"
willm005,Williams,Mike,R,R,PHI,P,Mike Williams,1994,"N,Philadelphia,Phillies"
andeb002,Anderson,Brian,L,L,CAL,P,Brian Anderson,1994,"A,California,Angels"
andeg001,Anderson,Garret,L,L,CAL,OF,Garret Anderson,1994,"A,California,Angels"
butcm001,Butcher,Mike,R,R,CAL,P,Mike Butcher,1994,"A,California,Angels"
corrr001,Correia,Rod,R,R,CAL,2B,Rod Correia,1994,"A,California,Angels"
curtc001,Curtis,Chad,R,R,CAL,OF,Chad Curtis,1994,"A,California,Angels"
dalem001,Dalesandro,Mark,R,R,CAL,C,Mark Dalesandro,1994,"A,California,Angels"
davic001,Davis,Chili,B,R,CAL,DH,Chili Davis,1994,"A,California,Angels"
disag001,Disarcina,Gary,R,R,CAL,SS,Gary Disarcina,1994,"A,California,Angels"
dopsj001,Dopson,John,L,R,CAL,P,John Dopson,1994,"A,California,Angels"
easld001,Easley,Damion,R,R,CAL,3B,Damion Easley,1994,"A,California,Angels"
edmoj001,Edmonds,Jim,L,L,CAL,OF,Jim Edmonds,1994,"A,California,Angels"
fabrj001,Fabregas,Jorge,L,R,CAL,C,Jorge Fabregas,1994,"A,California,Angels"
farrj001,Farrell,John,R,R,CAL,P,John Farrell,1994,"A,California,Angels"
finlc001,Finley,Chuck,L,L,CAL,P,Chuck Finley,1994,"A,California,Angels"
grahj001,Grahe,Joe,R,R,CAL,P,Joe Grahe,1994,"A,California,Angels"
hudlr001,Hudler,Rex,R,R,CAL,2B,Rex Hudler,1994,"A,California,Angels"
jackb001,Jackson,Bo,R,R,CAL,OF,Bo Jackson,1994,"A,California,Angels"
langm001,Langston,Mark,R,L,CAL,P,Mark Langston,1994,"A,California,Angels"
leffc001,Lefferts,Craig,L,L,CAL,P,Craig Lefferts,1994,"A,California,Angels"
leftp001,Leftwich,Phil,R,R,CAL,P,Phil Leftwich,1994,"A,California,Angels"
leitm001,Leiter,Mark,R,R,CAL,P,Mark Leiter,1994,"A,California,Angels"
lewis001,Lewis,Scott,R,R,CAL,P,Scott Lewis,1994,"A,California,Angels"
lorra001,Lorraine,Andrew,L,L,CAL,P,Andrew Lorraine,1994,"A,California,Angels"
magrj001,Magrane,Joe,R,L,CAL,P,Joe Magrane,1994,"A,California,Angels"
myerg001,Myers,Greg,L,R,CAL,C,Greg Myers,1994,"A,California,Angels"
owens001,Owen,Spike,B,R,CAL,3B,Spike Owen,1994,"A,California,Angels"
pattb001,Patterson,Bob,R,L,CAL,P,Bob Patterson,1994,"A,California,Angels"
pattk001,Patterson,Ken,L,L,CAL,P,Ken Patterson,1994,"A,California,Angels"
peree001,Perez,Eduardo,R,R,CAL,1B,Eduardo Perez,1994,"A,California,Angels"
reynh001,Reynolds,Harold,B,R,CAL,2B,Harold Reynolds,1994,"A,California,Angels"
salmt001,Salmon,Tim,R,R,CAL,OF,Tim Salmon,1994,"A,California,Angels"
sampb002,Sampen,Bill,R,R,CAL,P,Bill Sampen,1994,"A,California,Angels"
schwj001,Schwarz,Jeff,R,R,CAL,P,Jeff Schwarz,1994,"A,California,Angels"
smitd003,Smith,Dwight,L,R,CAL,OF,Dwight Smith,1994,"A,California,Angels"
snowj001,Snow,J.T.,B,L,CAL,1B,J.T. Snow,1994,"A,California,Angels"
sprir001,Springer,Russ,R,R,CAL,P,Russ Springer,1994,"A,California,Angels"
turnc001,Turner,Chris,R,R,CAL,C,Chris Turner,1994,"A,California,Angels"
bagwj001,Bagwell,Jeff,R,R,HOU,1B,Jeff Bagwell,1994,"N,Houston,Astros"
bassk001,Bass,Kevin,B,R,HOU,OF,Kevin Bass,1994,"N,Houston,Astros"
biggc001,Biggio,Craig,R,R,HOU,2B,Craig Biggio,1994,"N,Houston,Astros"
breas001,Bream,Sid,L,L,HOU,1B,Sid Bream,1994,"N,Houston,Astros"
camik001,Caminiti,Ken,B,R,HOU,3B,Ken Caminiti,1994,"N,Houston,Astros"
cedea001,Cedeno,Andujar,R,R,HOU,SS,Andujar Cedeno,1994,"N,Houston,Astros"
donnc001,Donnels,Chris,L,R,HOU,3B,Chris Donnels,1994,"N,Houston,Astros"
drabd001,Drabek,Doug,R,R,HOU,P,Doug Drabek,1994,"N,Houston,Astros"
edent001,Edens,Tom,R,R,HOU,P,Tom Edens,1994,"N,Houston,Astros"
euset001,Eusebio,Tony,R,R,HOU,C,Tony Eusebio,1994,"N,Houston,Astros"
feldm001,Felder,Mike,B,R,HOU,OF,Mike Felder,1994,"N,Houston,Astros"
finls001,Finley,Steve,L,L,HOU,OF,Steve Finley,1994,"N,Houston,Astros"
gonzl001,Gonzalez,Luis,L,R,HOU,OF,Luis Gonzalez,1994,"N,Houston,Astros"
hampm001,Hampton,Mike,R,L,HOU,P,Mike Hampton,1994,"N,Houston,Astros"
harnp001,Harnisch,Pete,B,R,HOU,P,Pete Harnisch,1994,"N,Houston,Astros"
hudej001,Hudek,John,B,R,HOU,P,John Hudek,1994,"N,Houston,Astros"
huntb002,Hunter,Brian,R,R,HOU,OF,Brian Hunter,1994,"N,Houston,Astros"
jonet003,Jones,Todd,L,R,HOU,P,Todd Jones,1994,"N,Houston,Astros"
kiled001,Kile,Darryl,R,R,HOU,P,Darryl Kile,1994,"N,Houston,Astros"
millo001,Miller,Orlando,R,R,HOU,SS,Orlando Miller,1994,"N,Houston,Astros"
moutj001,Mouton,James,R,R,HOU,OF,James Mouton,1994,"N,Houston,Astros"
petar001,Petagine,Roberto,L,L,HOU,1B,Roberto Petagine,1994,"N,Houston,Astros"
power001,Powell,Ross,L,L,HOU,P,Ross Powell,1994,"N,Houston,Astros"
reyns001,Reynolds,Shane,R,R,HOU,P,Shane Reynolds,1994,"N,Houston,Astros"
servs002,Servais,Scott,R,R,HOU,C,Scott Servais,1994,"N,Houston,Astros"
simmm001,Simms,Mike,R,R,HOU,OF,Mike Simms,1994,"N,Houston,Astros"
stana001,Stankiewicz,Andy,R,R,HOU,SS,Andy Stankiewicz,1994,"N,Houston,Astros"
swing001,Swindell,Greg,R,L,HOU,P,Greg Swindell,1994,"N,Houston,Astros"
taube001,Taubensee,Ed,L,R,HOU,C,Ed Taubensee,1994,"N,Houston,Astros"
thomm001,Thompson,Milt,L,R,HOU,OF,Milt Thompson,1994,"N,Houston,Astros"
vered001,Veres,Dave,R,R,HOU,P,Dave Veres,1994,"N,Houston,Astros"
willb001,Williams,Brian,R,R,HOU,P,Brian Williams,1994,"N,Houston,Astros"
willm002,Williams,Mitch,L,L,HOU,P,Mitch Williams,1994,"N,Houston,Astros"
aguir001,Aguilera,Rick,R,R,MIN,P,Rick Aguilera,1994,"A,Minnesota,Twins"
beckr002,Becker,Rich,L,L,MIN,OF,Rich Becker,1994,"A,Minnesota,Twins"
campk001,Campbell,Kevin,R,R,MIN,P,Kevin Campbell,1994,"A,Minnesota,Twins"
casil001,Casian,Larry,R,L,MIN,P,Larry Casian,1994,"A,Minnesota,Twins"
colea001,Cole,Alex,L,L,MIN,OF,Alex Cole,1994,"A,Minnesota,Twins"
deshj001,Deshaies,Jim,L,L,MIN,P,Jim Deshaies,1994,"A,Minnesota,Twins"
dunns001,Dunn,Steve,L,L,MIN,1B,Steve Dunn,1994,"A,Minnesota,Twins"
erics001,Erickson,Scott,R,R,MIN,P,Scott Erickson,1994,"A,Minnesota,Twins"
garak001,Garagozzo,Keith,L,L,MIN,P,Keith Garagozzo,1994,"A,Minnesota,Twins"
guare001,Guardado,Eddie,R,L,MIN,P,Eddie Guardado,1994,"A,Minnesota,Twins"
guthm001,Guthrie,Mark,R,L,MIN,P,Mark Guthrie,1994,"A,Minnesota,Twins"
halec001,Hale,Chip,L,R,MIN,3B,Chip Hale,1994,"A,Minnesota,Twins"
hockd001,Hocking,Denny,B,R,MIN,SS,Denny Hocking,1994,"A,Minnesota,Twins"
hrbek001,Hrbek,Kent,L,R,MIN,1B,Kent Hrbek,1994,"A,Minnesota,Twins"
knobc001,Knoblauch,Chuck,R,R,MIN,2B,Chuck Knoblauch,1994,"A,Minnesota,Twins"
leius001,Leius,Scott,R,R,MIN,3B,Scott Leius,1994,"A,Minnesota,Twins"
macks001,Mack,Shane,R,R,MIN,OF,Shane Mack,1994,"A,Minnesota,Twins"
mahop001,Mahomes,Pat,R,R,MIN,P,Pat Mahomes,1994,"A,Minnesota,Twins"
mccad001,McCarty,Dave,R,L,MIN,1B,Dave McCarty,1994,"A,Minnesota,Twins"
mearp001,Meares,Pat,R,R,MIN,SS,Pat Meares,1994,"A,Minnesota,Twins"
merrb001,Merriman,Brett,R,R,MIN,P,Brett Merriman,1994,"A,Minnesota,Twins"
munop001,Munoz,Pedro,R,R,MIN,OF,Pedro Munoz,1994,"A,Minnesota,Twins"
parkd002,Parks,Derek,R,R,MIN,C,Derek Parks,1994,"A,Minnesota,Twins"
puckk001,Puckett,Kirby,R,R,MIN,OF,Kirby Puckett,1994,"A,Minnesota,Twins"
pulic001,Pulido,Carlos,L,L,MIN,P,Carlos Pulido,1994,"A,Minnesota,Twins"
reboj001,Reboulet,Jeff,R,R,MIN,SS,Jeff Reboulet,1994,"A,Minnesota,Twins"
schue001,Schullstrom,Erik,R,R,MIN,P,Erik Schullstrom,1994,"A,Minnesota,Twins"
stevd001,Stevens,Dave,R,R,MIN,P,Dave Stevens,1994,"A,Minnesota,Twins"
tapak001,Tapani,Kevin,R,R,MIN,P,Kevin Tapani,1994,"A,Minnesota,Twins"
tromm001,Trombley,Mike,R,R,MIN,P,Mike Trombley,1994,"A,Minnesota,Twins"
walbm001,Walbeck,Matt,B,R,MIN,C,Matt Walbeck,1994,"A,Minnesota,Twins"
willc001,Willis,Carl,L,R,MIN,P,Carl Willis,1994,"A,Minnesota,Twins"
winfd001,Winfield,Dave,R,R,MIN,DH,Dave Winfield,1994,"A,Minnesota,Twins"
bogat001,Bogar,Tim,R,R,NYN,3B,Tim Bogar,1994,"N,New York,Mets"
bonib001,Bonilla,Bobby,B,R,NYN,3B,Bobby Bonilla,1994,"N,New York,Mets"
brogr001,Brogna,Rico,L,L,NYN,1B,Rico Brogna,1994,"N,New York,Mets"
burnj001,Burnitz,Jeromy,L,R,NYN,OF,Jeromy Burnitz,1994,"N,New York,Mets"
cangj001,Cangelosi,John,B,L,NYN,OF,John Cangelosi,1994,"N,New York,Mets"
castj003,Castillo,Juan,R,R,NYN,P,Juan Castillo,1994,"N,New York,Mets"
franj001,Franco,John,L,L,NYN,P,John Franco,1994,"N,New York,Mets"
goodd001,Gooden,Dwight,R,R,NYN,P,Dwight Gooden,1994,"N,New York,Mets"
gozzm001,Gozzo,Mauro,R,R,NYN,P,Mauro Gozzo,1994,"N,New York,Mets"
gunde001,Gunderson,Eric,R,L,NYN,P,Eric Gunderson,1994,"N,New York,Mets"
hares001,Hare,Shawn,L,L,NYN,OF,Shawn Hare,1994,"N,New York,Mets"
hille001,Hillman,Eric,L,L,NYN,P,Eric Hillman,1994,"N,New York,Mets"
hundt001,Hundley,Todd,B,R,NYN,C,Todd Hundley,1994,"N,New York,Mets"
hursj001,Hurst,Jonathan,R,R,NYN,P,Jonathan Hurst,1994,"N,New York,Mets"
jacoj001,Jacome,Jason,L,L,NYN,P,Jason Jacome,1994,"N,New York,Mets"
joneb003,Jones,Bobby,R,R,NYN,P,Bobby Jones,1994,"N,New York,Mets"
kentj001,Kent,Jeff,R,R,NYN,2B,Jeff Kent,1994,"N,New York,Mets"
lindj001,Lindeman,Jim,R,R,NYN,OF,Jim Lindeman,1994,"N,New York,Mets"
lintd001,Linton,Doug,R,R,NYN,P,Doug Linton,1994,"N,New York,Mets"
maddm002,Maddux,Mike,L,R,NYN,P,Mike Maddux,1994,"N,New York,Mets"
manzj001,Manzanillo,Josias,R,R,NYN,P,Josias Manzanillo,1994,"N,New York,Mets"
masor001,Mason,Roger,R,R,NYN,P,Roger Mason,1994,"N,New York,Mets"
mcknj001,McKnight,Jeff,B,R,NYN,1B,Jeff McKnight,1994,"N,New York,Mets"
mcrek001,McReynolds,Kevin,R,R,NYN,OF,Kevin McReynolds,1994,"N,New York,Mets"
orsuj001,Orsulak,Joe,L,L,NYN,OF,Joe Orsulak,1994,"N,New York,Mets"
parkr001,Parker,Rick,R,R,NYN,OF,Rick Parker,1994,"N,New York,Mets"
remlm001,Remlinger,Mike,L,L,NYN,P,Mike Remlinger,1994,"N,New York,Mets"
rivel001,Rivera,Luis,R,R,NYN,SS,Luis Rivera,1994,"N,New York,Mets"
sabeb001,Saberhagen,Bret,R,R,NYN,P,Bret Saberhagen,1994,"N,New York,Mets"
segud001,Segui,David,B,L,NYN,1B,David Segui,1994,"N,New York,Mets"
semif001,Seminara,Frank,R,R,NYN,P,Frank Seminara,1994,"N,New York,Mets"
smitp001,Smith,Pete,R,R,NYN,P,Pete Smith,1994,"N,New York,Mets"
stink001,Stinnett,Kelly,R,R,NYN,C,Kelly Stinnett,1994,"N,New York,Mets"
telgd001,Telgheder,Dave,R,R,NYN,P,Dave Telgheder,1994,"N,New York,Mets"
thomr004,Thompson,Ryan,R,R,NYN,OF,Ryan Thompson,1994,"N,New York,Mets"
vinaf001,Vina,Fernando,L,R,NYN,2B,Fernando Vina,1994,"N,New York,Mets"
vizcj001,Vizcaino,Jose,B,R,NYN,SS,Jose Vizcaino,1994,"N,New York,Mets"
alomr001,Alomar,Roberto,B,R,TOR,2B,Roberto Alomar,1994,"A,Toronto,Blue Jays"
bordp001,Borders,Pat,R,R,TOR,C,Pat Borders,1994,"A,Toronto,Blue Jays"
brows002,Brow,Scott,R,R,TOR,P,Scott Brow,1994,"A,Toronto,Blue Jays"
butlr001,Butler,Rob,L,L,TOR,OF,Rob Butler,1994,"A,Toronto,Blue Jays"
cadag001,Cadaret,Greg,L,L,TOR,P,Greg Cadaret,1994,"A,Toronto,Blue Jays"
cartj001,Carter,Joe,R,R,TOR,OF,Joe Carter,1994,"A,Toronto,Blue Jays"
castt001,Castillo,Tony,L,L,TOR,P,Tony Castillo,1994,"A,Toronto,Blue Jays"
ceded001,Cedeno,Domingo,B,R,TOR,2B,Domingo Cedeno,1994,"A,Toronto,Blue Jays"
coled001,Coles,Darnell,R,R,TOR,OF,Darnell Coles,1994,"A,Toronto,Blue Jays"
cornb001,Cornett,Brad,R,R,TOR,P,Brad Cornett,1994,"A,Toronto,Blue Jays"
cox-d001,Cox,Danny,R,R,TOR,P,Danny Cox,1994,"A,Toronto,Blue Jays"
delgc001,Delgado,Carlos,L,R,TOR,OF,Carlos Delgado,1994,"A,Toronto,Blue Jays"
gonza001,Gonzalez,Alex,R,R,TOR,SS,Alex Gonzalez,1994,"A,Toronto,Blue Jays"
grees001,Green,Shawn,L,L,TOR,OF,Shawn Green,1994,"A,Toronto,Blue Jays"
guzmj003,Guzman,Juan,R,R,TOR,P,Juan Guzman,1994,"A,Toronto,Blue Jays"
halld002,Hall,Darren,R,R,TOR,P,Darren Hall,1994,"A,Toronto,Blue Jays"
hentp001,Hentgen,Pat,R,R,TOR,P,Pat Hentgen,1994,"A,Toronto,Blue Jays"
huffm001,Huff,Mike,R,R,TOR,OF,Mike Huff,1994,"A,Toronto,Blue Jays"
knorr001,Knorr,Randy,R,R,TOR,C,Randy Knorr,1994,"A,Toronto,Blue Jays"
leita001,Leiter,Al,L,L,TOR,P,Al Leiter,1994,"A,Toronto,Blue Jays"
molip001,Molitor,Paul,R,R,TOR,DH,Paul Molitor,1994,"A,Toronto,Blue Jays"
olerj001,Olerud,John,L,L,TOR,1B,John Olerud,1994,"A,Toronto,Blue Jays"
perer001,Perez,Robert,R,R,TOR,OF,Robert Perez,1994,"A,Toronto,Blue Jays"
righd001,Righetti,Dave,L,L,TOR,P,Dave Righetti,1994,"A,Toronto,Blue Jays"
schod001,Schofield,Dick,R,R,TOR,SS,Dick Schofield,1994,"A,Toronto,Blue Jays"
smala001,Small,Aaron,R,R,TOR,P,Aaron Small,1994,"A,Toronto,Blue Jays"
spolp001,Spoljaric,Paul,R,L,TOR,P,Paul Spoljaric,1994,"A,Toronto,Blue Jays"
sprae001,Sprague,Ed,R,R,TOR,3B,Ed Sprague,1994,"A,Toronto,Blue Jays"
stclr001,St. Claire,Randy,R,R,TOR,P,Randy St. Claire,1994,"A,Toronto,Blue Jays"
stewd001,Stewart,Dave,R,R,TOR,P,Dave Stewart,1994,"A,Toronto,Blue Jays"
stott001,Stottlemyre,Todd,L,R,TOR,P,Todd Stottlemyre,1994,"A,Toronto,Blue Jays"
timlm001,Timlin,Mike,R,R,TOR,P,Mike Timlin,1994,"A,Toronto,Blue Jays"
whitd001,White,Devon,B,R,TOR,OF,Devon White,1994,"A,Toronto,Blue Jays"
willw001,Williams,Woody,R,R,TOR,P,Woody Williams,1994,"A,Toronto,Blue Jays"
bankw001,Banks,Willie,R,R,CHN,P,Willie Banks,1994,"N,Chicago,Cubs"
bautj001,Bautista,Jose,R,R,CHN,P,Jose Bautista,1994,"N,Chicago,Cubs"
bosks001,Boskie,Shawn,R,R,CHN,P,Shawn Boskie,1994,"N,Chicago,Cubs"
buecs001,Buechele,Steve,R,R,CHN,3B,Steve Buechele,1994,"N,Chicago,Cubs"
bullj001,Bullinger,Jim,R,R,CHN,P,Jim Bullinger,1994,"N,Chicago,Cubs"
castf001,Castillo,Frank,R,R,CHN,P,Frank Castillo,1994,"N,Chicago,Cubs"
crimc001,Crim,Chuck,R,R,CHN,P,Chuck Crim,1994,"N,Chicago,Cubs"
dunss001,Dunston,Shawon,R,R,CHN,SS,Shawon Dunston,1994,"N,Chicago,Cubs"
fostk001,Foster,Kevin,R,R,CHN,P,Kevin Foster,1994,"N,Chicago,Cubs"
gracm001,Grace,Mark,L,L,CHN,1B,Mark Grace,1994,"N,Chicago,Cubs"
guzmj001,Guzman,Jose,R,R,CHN,P,Jose Guzman,1994,"N,Chicago,Cubs"
hanet001,Haney,Todd,R,R,CHN,2B,Todd Haney,1994,"N,Chicago,Cubs"
hernj001,Hernandez,Jose,R,R,CHN,3B,Jose Hernandez,1994,"N,Chicago,Cubs"
hillg001,Hill,Glenallen,R,R,CHN,OF,Glenallen Hill,1994,"N,Chicago,Cubs"
ilslb001,Ilsley,Blaise,L,L,CHN,P,Blaise Ilsley,1994,"N,Chicago,Cubs"
maksm001,Maksudian,Mike,L,R,CHN,1B,Mike Maksudian,1994,"N,Chicago,Cubs"
may-d001,May,Derrick,L,R,CHN,OF,Derrick May,1994,"N,Chicago,Cubs"
morgm001,Morgan,Mike,R,R,CHN,P,Mike Morgan,1994,"N,Chicago,Cubs"
myerr001,Myers,Randy,L,L,CHN,P,Randy Myers,1994,"N,Chicago,Cubs"
ottod001,Otto,Dave,L,L,CHN,P,Dave Otto,1994,"N,Chicago,Cubs"
palld001,Pall,Donn,R,R,CHN,P,Donn Pall,1994,"N,Chicago,Cubs"
parem001,Parent,Mark,R,R,CHN,C,Mark Parent,1994,"N,Chicago,Cubs"
plesd001,Plesac,Dan,L,L,CHN,P,Dan Plesac,1994,"N,Chicago,Cubs"
rhodk001,Rhodes,Tuffy,L,L,CHN,OF,Tuffy Rhodes,1994,"N,Chicago,Cubs"
robek001,Roberson,Kevin,B,R,CHN,OF,Kevin Roberson,1994,"N,Chicago,Cubs"
sancr001,Sanchez,Rey,R,R,CHN,2B,Rey Sanchez,1994,"N,Chicago,Cubs"
sandr001,Sandberg,Ryne,R,R,CHN,2B,Ryne Sandberg,1994,"N,Chicago,Cubs"
sosas001,Sosa,Sammy,R,R,CHN,OF,Sammy Sosa,1994,"N,Chicago,Cubs"
tracs001,Trachsel,Steve,R,R,CHN,P,Steve Trachsel,1994,"N,Chicago,Cubs"
verer001,Veres,Randy,R,R,CHN,P,Randy Veres,1994,"N,Chicago,Cubs"
wendt001,Wendell,Turk,B,R,CHN,P,Turk Wendell,1994,"N,Chicago,Cubs"
wilkr001,Wilkins,Rick,L,R,CHN,C,Rick Wilkins,1994,"N,Chicago,Cubs"
wilsw001,Wilson,Willie,B,R,CHN,OF,Willie Wilson,1994,"N,Chicago,Cubs"
youna001,Young,Anthony,R,R,CHN,P,Anthony Young,1994,"N,Chicago,Cubs"
zambe001,Zambrano,Eddie,R,R,CHN,OF,Eddie Zambrano,1994,"N,Chicago,Cubs"
boonb002,Boone,Bret,R,R,CIN,2B,Bret Boone,1994,"N,Cincinnati,Reds"
branj001,Brantley,Jeff,R,R,CIN,P,Jeff Brantley,1994,"N,Cincinnati,Reds"
branj002,Branson,Jeff,L,R,CIN,2B,Jeff Branson,1994,"N,Cincinnati,Reds"
browt001,Browning,Tom,L,L,CIN,P,Tom Browning,1994,"N,Cincinnati,Reds"
brumj001,Brumfield,Jacob,R,R,CIN,OF,Jacob Brumfield,1994,"N,Cincinnati,Reds"
carrh001,Carrasco,Hector,R,R,CIN,P,Hector Carrasco,1994,"N,Cincinnati,Reds"
delur001,DeLucia,Rich,R,R,CIN,P,Rich DeLucia,1994,"N,Cincinnati,Reds"
dorsb001,Dorsett,Brian,R,R,CIN,C,Brian Dorsett,1994,"N,Cincinnati,Reds"
fernt001,Fernandez,Tony,B,R,CIN,3B,Tony Fernandez,1994,"N,Cincinnati,Reds"
fortt001,Fortugno,Tim,L,L,CIN,P,Tim Fortugno,1994,"N,Cincinnati,Reds"
greew001,Greene,Willie,L,R,CIN,3B,Willie Greene,1994,"N,Cincinnati,Reds"
hanse001,Hanson,Erik,R,R,CIN,P,Erik Hanson,1994,"N,Cincinnati,Reds"
harrl001,Harris,Lenny,L,R,CIN,3B,Lenny Harris,1994,"N,Cincinnati,Reds"
howat001,Howard,Thomas,B,R,CIN,OF,Thomas Howard,1994,"N,Cincinnati,Reds"
huntb001,Hunter,Brian,R,L,CIN,OF,Brian Hunter,1994,"N,Cincinnati,Reds"
jarvk001,Jarvis,Kevin,L,R,CIN,P,Kevin Jarvis,1994,"N,Cincinnati,Reds"
kellb002,Kelly,Roberto,R,R,CIN,OF,Roberto Kelly,1994,"N,Cincinnati,Reds"
larkb001,Larkin,Barry,R,R,CIN,SS,Barry Larkin,1994,"N,Cincinnati,Reds"
mcelc001,McElroy,Chuck,L,L,CIN,P,Chuck McElroy,1994,"N,Cincinnati,Reds"
mitck001,Mitchell,Kevin,R,R,CIN,OF,Kevin Mitchell,1994,"N,Cincinnati,Reds"
morrh001,Morris,Hal,L,L,CIN,1B,Hal Morris,1994,"N,Cincinnati,Reds"
olivj001,Oliver,Joe,R,R,CIN,C,Joe Oliver,1994,"N,Cincinnati,Reds"
pegus001,Pegues,Steve,R,R,CIN,OF,Steve Pegues,1994,"N,Cincinnati,Reds"
pught001,Pugh,Tim,R,R,CIN,P,Tim Pugh,1994,"N,Cincinnati,Reds"
rijoj001,Rijo,Jose,R,R,CIN,P,Jose Rijo,1994,"N,Cincinnati,Reds"
ropej001,Roper,John,R,R,CIN,P,John Roper,1994,"N,Cincinnati,Reds"
ruffj001,Ruffin,Johnny,R,R,CIN,P,Johnny Ruffin,1994,"N,Cincinnati,Reds"
sandd001,Sanders,Deion,L,L,CIN,OF,Deion Sanders,1994,"N,Cincinnati,Reds"
sandr002,Sanders,Reggie,R,R,CIN,OF,Reggie Sanders,1994,"N,Cincinnati,Reds"
schop001,Schourek,Pete,L,L,CIN,P,Pete Schourek,1994,"N,Cincinnati,Reds"
servs001,Service,Scott,R,R,CIN,P,Scott Service,1994,"N,Cincinnati,Reds"
smilj001,Smiley,John,L,L,CIN,P,John Smiley,1994,"N,Cincinnati,Reds"
spraj001,Spradlin,Jerry,B,R,CIN,P,Jerry Spradlin,1994,"N,Cincinnati,Reds"
taube001,Taubensee,Ed,L,R,CIN,C,Ed Taubensee,1994,"N,Cincinnati,Reds"
waltj001,Walton,Jerome,R,R,CIN,OF,Jerome Walton,1994,"N,Cincinnati,Reds"
bichd001,Bichette,Dante,R,R,COL,OF,Dante Bichette,1994,"N,Colorado,Rockies"
blaiw001,Blair,Willie,R,R,COL,P,Willie Blair,1994,"N,Colorado,Rockies"
bottk001,Bottenfield,Kent,R,R,COL,P,Kent Bottenfield,1994,"N,Colorado,Rockies"
burke001,Burks,Ellis,R,R,COL,OF,Ellis Burks,1994,"N,Colorado,Rockies"
castv001,Castilla,Vinny,R,R,COL,SS,Vinny Castilla,1994,"N,Colorado,Rockies"
czajj001,Czajkowski,Jim,B,R,COL,P,Jim Czajkowski,1994,"N,Colorado,Rockies"
freem001,Freeman,Marvin,R,R,COL,P,Marvin Freeman,1994,"N,Colorado,Rockies"
galaa001,Galarraga,Andres,R,R,COL,1B,Andres Galarraga,1994,"N,Colorado,Rockies"
giraj001,Girardi,Joe,R,R,COL,C,Joe Girardi,1994,"N,Colorado,Rockies"
harkm001,Harkey,Mike,R,R,COL,P,Mike Harkey,1994,"N,Colorado,Rockies"
harrg002,Harris,Greg,R,R,COL,P,Greg Harris,1994,"N,Colorado,Rockies"
hayec001,Hayes,Charlie,R,R,COL,3B,Charlie Hayes,1994,"N,Colorado,Rockies"
holmd001,Holmes,Darren,R,R,COL,P,Darren Holmes,1994,"N,Colorado,Rockies"
hubbt001,Hubbard,Trent,R,R,COL,OF,Trent Hubbard,1994,"N,Colorado,Rockies"
johnh001,Johnson,Howard,B,R,COL,OF,Howard Johnson,1994,"N,Colorado,Rockies"
jonec002,Jones,Chris,R,R,COL,OF,Chris Jones,1994,"N,Colorado,Rockies"
kingm001,Kingery,Mike,L,L,COL,OF,Mike Kingery,1994,"N,Colorado,Rockies"
leskc001,Leskanic,Curt,R,R,COL,P,Curt Leskanic,1994,"N,Colorado,Rockies"
lirin001,Liriano,Nelson,B,R,COL,2B,Nelson Liriano,1994,"N,Colorado,Rockies"
mejir001,Mejia,Roberto,R,R,COL,2B,Roberto Mejia,1994,"N,Colorado,Rockies"
moorm002,Moore,Marcus,B,R,COL,P,Marcus Moore,1994,"N,Colorado,Rockies"
munom001,Munoz,Mike,L,L,COL,P,Mike Munoz,1994,"N,Colorado,Rockies"
niedd001,Nied,David,R,R,COL,P,David Nied,1994,"N,Colorado,Rockies"
owenj001,Owens,Jayhawk,R,R,COL,C,Jayhawk Owens,1994,"N,Colorado,Rockies"
painl001,Painter,Lance,L,L,COL,P,Lance Painter,1994,"N,Colorado,Rockies"
reeds001,Reed,Steve,R,R,COL,P,Steve Reed,1994,"N,Colorado,Rockies"
reyna001,Reynoso,Armando,R,R,COL,P,Armando Reynoso,1994,"N,Colorado,Rockies"
ritzk001,Ritz,Kevin,R,R,COL,P,Kevin Ritz,1994,"N,Colorado,Rockies"
ruffb001,Ruffin,Bruce,B,L,COL,P,Bruce Ruffin,1994,"N,Colorado,Rockies"
shead001,Sheaffer,Danny,R,R,COL,C,Danny Sheaffer,1994,"N,Colorado,Rockies"
thomm002,Thompson,Mark,R,R,COL,P,Mark Thompson,1994,"N,Colorado,Rockies"
vanbt001,Van Burkleo,Ty,L,L,COL,1B,Ty Van Burkleo,1994,"N,Colorado,Rockies"
vandj001,Vander Wal,John,L,L,COL,1B,John Vander Wal,1994,"N,Colorado,Rockies"
waltb001,Walton,Bruce,R,R,COL,P,Bruce Walton,1994,"N,Colorado,Rockies"
weisw001,Weiss,Walt,B,R,COL,SS,Walt Weiss,1994,"N,Colorado,Rockies"
youne001,Young,Eric,R,R,COL,OF,Eric Young,1994,"N,Colorado,Rockies"
abbok002,Abbott,Kurt,R,R,FLO,SS,Kurt Abbott,1994,"N,Florida,Marlins"
aquil001,Aquino,Luis,R,R,FLO,P,Luis Aquino,1994,"N,Florida,Marlins"
ariaa001,Arias,Alex,R,R,FLO,SS,Alex Arias,1994,"N,Florida,Marlins"
barbb001,Barberie,Bret,B,R,FLO,2B,Bret Barberie,1994,"N,Florida,Marlins"
bower001,Bowen,Ryan,R,R,FLO,P,Ryan Bowen,1994,"N,Florida,Marlins"
browj001,Browne,Jerry,B,R,FLO,3B,Jerry Browne,1994,"N,Florida,Marlins"
carrc001,Carr,Chuck,B,R,FLO,OF,Chuck Carr,1994,"N,Florida,Marlins"
carrm002,Carrillo,Matias,L,L,FLO,OF,Matias Carrillo,1994,"N,Florida,Marlins"
colbg001,Colbrunn,Greg,R,R,FLO,1B,Greg Colbrunn,1994,"N,Florida,Marlins"
conij001,Conine,Jeff,R,R,FLO,OF,Jeff Conine,1994,"N,Florida,Marlins"
desto001,Destrade,Orestes,B,R,FLO,1B,Orestes Destrade,1994,"N,Florida,Marlins"
diazm002,Diaz,Mario,R,R,FLO,3B,Mario Diaz,1994,"N,Florida,Marlins"
drahb001,Drahman,Brian,R,R,FLO,P,Brian Drahman,1994,"N,Florida,Marlins"
everc001,Everett,Carl,B,R,FLO,OF,Carl Everett,1994,"N,Florida,Marlins"
frasw001,Fraser,Willie,R,R,FLO,P,Willie Fraser,1994,"N,Florida,Marlins"
gardm001,Gardner,Mark,R,R,FLO,P,Mark Gardner,1994,"N,Florida,Marlins"
hammc001,Hammond,Chris,L,L,FLO,P,Chris Hammond,1994,"N,Florida,Marlins"
harvb001,Harvey,Bryan,R,R,FLO,P,Bryan Harvey,1994,"N,Florida,Marlins"
hernj002,Hernandez,Jeremy,R,R,FLO,P,Jeremy Hernandez,1994,"N,Florida,Marlins"
hougc001,Hough,Charlie,R,R,FLO,P,Charlie Hough,1994,"N,Florida,Marlins"
jeffm001,Jeffcoat,Mike,L,L,FLO,P,Mike Jeffcoat,1994,"N,Florida,Marlins"
johnc002,Johnson,Charles,R,R,FLO,C,Charles Johnson,1994,"N,Florida,Marlins"
johnj006,Johnstone,John,R,R,FLO,P,John Johnstone,1994,"N,Florida,Marlins"
lewir001,Lewis,Richie,R,R,FLO,P,Richie Lewis,1994,"N,Florida,Marlins"
magad001,Magadan,Dave,L,R,FLO,3B,Dave Magadan,1994,"N,Florida,Marlins"
matht001,Mathews,Terry,L,R,FLO,P,Terry Mathews,1994,"N,Florida,Marlins"
millk003,Miller,Kurt,R,R,FLO,P,Kurt Miller,1994,"N,Florida,Marlins"
mormr001,Morman,Russ,R,R,FLO,1B,Russ Morman,1994,"N,Florida,Marlins"
mutij001,Mutis,Jeff,L,L,FLO,P,Jeff Mutis,1994,"N,Florida,Marlins"
natab001,Natal,Rob,R,R,FLO,C,Rob Natal,1994,"N,Florida,Marlins"
nen-r001,Nen,Robb,R,R,FLO,P,Robb Nen,1994,"N,Florida,Marlins"
ohalg001,O'Halloran,Greg,L,R,FLO,C,Greg O'Halloran,1994,"N,Florida,Marlins"
perey001,Perez,Yorkis,L,L,FLO,P,Yorkis Perez,1994,"N,Florida,Marlins"
rappp001,Rapp,Pat,R,R,FLO,P,Pat Rapp,1994,"N,Florida,Marlins"
rentr001,Renteria,Rich,R,R,FLO,3B,Rich Renteria,1994,"N,Florida,Marlins"
santb001,Santiago,Benito,R,R,FLO,C,Benito Santiago,1994,"N,Florida,Marlins"
scher001,Scheid,Rich,L,L,FLO,P,Rich Scheid,1994,"N,Florida,Marlins"
shefg001,Sheffield,Gary,R,R,FLO,OF,Gary Sheffield,1994,"N,Florida,Marlins"
tavaj002,Tavarez,Jesus,B,R,FLO,OF,Jesus Tavarez,1994,"N,Florida,Marlins"
tingr001,Tingley,Ron,R,R,FLO,C,Ron Tingley,1994,"N,Florida,Marlins"
weatd001,Weathers,David,R,R,FLO,P,David Weathers,1994,"N,Florida,Marlins"
whitd002,Whitmore,Darrell,L,R,FLO,OF,Darrell Whitmore,1994,"N,Florida,Marlins"
bailc001,Bailey,Cory,R,R,BOS,P,Cory Bailey,1994,"A,Boston,Red Sox"
banks001,Bankhead,Scott,R,R,BOS,P,Scott Bankhead,1994,"A,Boston,Red Sox"
berrd002,Berryhill,Damon,B,R,BOS,C,Damon Berryhill,1994,"A,Boston,Red Sox"
blosg001,Blosser,Greg,L,L,BOS,OF,Greg Blosser,1994,"A,Boston,Red Sox"
brunt001,Brunansky,Tom,R,R,BOS,OF,Tom Brunansky,1994,"A,Boston,Red Sox"
chamw001,Chamberlain,Wes,R,R,BOS,OF,Wes Chamberlain,1994,"A,Boston,Red Sox"
clemr001,Clemens,Roger,R,R,BOS,P,Roger Clemens,1994,"A,Boston,Red Sox"
coops001,Cooper,Scott,L,R,BOS,3B,Scott Cooper,1994,"A,Boston,Red Sox"
darwd001,Darwin,Danny,R,R,BOS,P,Danny Darwin,1994,"A,Boston,Red Sox"
dawsa001,Dawson,Andre,R,R,BOS,DH,Andre Dawson,1994,"A,Boston,Red Sox"
farrs001,Farr,Steve,R,R,BOS,P,Steve Farr,1994,"A,Boston,Red Sox"
finng001,Finnvold,Gar,R,R,BOS,P,Gar Finnvold,1994,"A,Boston,Red Sox"
flets001,Fletcher,Scott,R,R,BOS,2B,Scott Fletcher,1994,"A,Boston,Red Sox"
fosst001,Fossas,Tony,L,L,BOS,P,Tony Fossas,1994,"A,Boston,Red Sox"
froht001,Frohwirth,Todd,R,R,BOS,P,Todd Frohwirth,1994,"A,Boston,Red Sox"
greem001,Greenwell,Mike,L,R,BOS,OF,Mike Greenwell,1994,"A,Boston,Red Sox"
harrg001,Harris,Greg,B,R,BOS,P,Greg Harris,1994,"A,Boston,Red Sox"
hatcb001,Hatcher,Billy,R,R,BOS,OF,Billy Hatcher,1994,"A,Boston,Red Sox"
heskj001,Hesketh,Joe,L,L,BOS,P,Joe Hesketh,1994,"A,Boston,Red Sox"
howac002,Howard,Chris,R,L,BOS,P,Chris Howard,1994,"A,Boston,Red Sox"
littg001,Litton,Greg,R,R,BOS,2B,Greg Litton,1994,"A,Boston,Red Sox"
melej001,Melendez,Jose,R,R,BOS,P,Jose Melendez,1994,"A,Boston,Red Sox"
mincn001,Minchey,Nate,R,R,BOS,P,Nate Minchey,1994,"A,Boston,Red Sox"
nabhc001,Nabholz,Chris,L,L,BOS,P,Chris Nabholz,1994,"A,Boston,Red Sox"
naeht001,Naehring,Tim,R,R,BOS,2B,Tim Naehring,1994,"A,Boston,Red Sox"
nixoo001,Nixon,Otis,B,R,BOS,OF,Otis Nixon,1994,"A,Boston,Red Sox"
ortil001,Ortiz,Luis,R,R,BOS,DH,Luis Ortiz,1994,"A,Boston,Red Sox"
quanp001,Quantrill,Paul,L,R,BOS,P,Paul Quantrill,1994,"A,Boston,Red Sox"
rodrc001,Rodriguez,Carlos,B,R,BOS,SS,Carlos Rodriguez,1994,"A,Boston,Red Sox"
rowlr001,Rowland,Rich,R,R,BOS,C,Rich Rowland,1994,"A,Boston,Red Sox"
royes001,Royer,Stan,R,R,BOS,3B,Stan Royer,1994,"A,Boston,Red Sox"
russj001,Russell,Jeff,R,R,BOS,P,Jeff Russell,1994,"A,Boston,Red Sox"
ryank001,Ryan,Ken,R,R,BOS,P,Ken Ryan,1994,"A,Boston,Red Sox"
selea001,Sele,Aaron,R,R,BOS,P,Aaron Sele,1994,"A,Boston,Red Sox"
tinsl001,Tinsley,Lee,B,R,BOS,OF,Lee Tinsley,1994,"A,Boston,Red Sox"
tomba001,Tomberlin,Andy,L,L,BOS,OF,Andy Tomberlin,1994,"A,Boston,Red Sox"
trlir001,Trlicek,Ricky,R,R,BOS,P,Ricky Trlicek,1994,"A,Boston,Red Sox"
valds001,Valdez,Sergio,R,R,BOS,P,Sergio Valdez,1994,"A,Boston,Red Sox"
valej002,Valentin,John,R,R,BOS,SS,John Valentin,1994,"A,Boston,Red Sox"
valld001,Valle,Dave,R,R,BOS,C,Dave Valle,1994,"A,Boston,Red Sox"
vanet001,VanEgmond,Tim,R,R,BOS,P,Tim VanEgmond,1994,"A,Boston,Red Sox"
vaugm001,Vaughn,Mo,L,R,BOS,1B,Mo Vaughn,1994,"A,Boston,Red Sox"
violf001,Viola,Frank,L,L,BOS,P,Frank Viola,1994,"A,Boston,Red Sox"
wedge001,Wedge,Eric,R,R,BOS,DH,Eric Wedge,1994,"A,Boston,Red Sox"
zupcb001,Zupcic,Bob,R,R,BOS,OF,Bob Zupcic,1994,"A,Boston,Red Sox"
acrem001,Acre,Mark,R,R,OAK,P,Mark Acre,1994,"A,Oakland,Athletics"
aldrm001,Aldrete,Mike,L,L,OAK,OF,Mike Aldrete,1994,"A,Oakland,Athletics"
berrg001,Berroa,Geronimo,R,R,OAK,DH,Geronimo Berroa,1994,"A,Oakland,Athletics"
bordm001,Bordick,Mike,R,R,OAK,SS,Mike Bordick,1994,"A,Oakland,Athletics"
bowij001,Bowie,Jim,L,L,OAK,1B,Jim Bowie,1994,"A,Oakland,Athletics"
brisj001,Briscoe,John,R,R,OAK,P,John Briscoe,1994,"A,Oakland,Athletics"
bross001,Brosius,Scott,R,R,OAK,3B,Scott Brosius,1994,"A,Oakland,Athletics"
brumm001,Brumley,Mike,B,R,OAK,2B,Mike Brumley,1994,"A,Oakland,Athletics"
cruzf001,Cruz,Fausto,R,R,OAK,SS,Fausto Cruz,1994,"A,Oakland,Athletics"
darlr001,Darling,Ron,R,R,OAK,P,Ron Darling,1994,"A,Oakland,Athletics"
ecked001,Eckersley,Dennis,R,R,OAK,P,Dennis Eckersley,1994,"A,Oakland,Athletics"
fox-e001,Fox,Eric,B,L,OAK,OF,Eric Fox,1994,"A,Oakland,Athletics"
gateb001,Gates,Brent,B,R,OAK,2B,Brent Gates,1994,"A,Oakland,Athletics"
helfe001,Helfand,Eric,L,R,OAK,C,Eric Helfand,1994,"A,Oakland,Athletics"
hemos001,Hemond,Scott,R,R,OAK,C,Scott Hemond,1994,"A,Oakland,Athletics"
hendr001,Henderson,Rickey,R,L,OAK,OF,Rickey Henderson,1994,"A,Oakland,Athletics"
horsv001,Horsman,Vince,R,L,OAK,P,Vince Horsman,1994,"A,Oakland,Athletics"
javis001,Javier,Stan,B,R,OAK,OF,Stan Javier,1994,"A,Oakland,Athletics"
jimem001,Jimenez,Miguel,R,R,OAK,P,Miguel Jimenez,1994,"A,Oakland,Athletics"
karss001,Karsay,Steve,R,R,OAK,P,Steve Karsay,1994,"A,Oakland,Athletics"
leipd001,Leiper,Dave,L,L,OAK,P,Dave Leiper,1994,"A,Oakland,Athletics"
matof001,Matos,Francisco,R,R,OAK,2B,Francisco Matos,1994,"A,Oakland,Athletics"
mcgwm001,McGwire,Mark,R,R,OAK,1B,Mark McGwire,1994,"A,Oakland,Athletics"
mohlm001,Mohler,Mike,R,L,OAK,P,Mike Mohler,1994,"A,Oakland,Athletics"
neelt001,Neel,Troy,L,R,OAK,1B,Troy Neel,1994,"A,Oakland,Athletics"
noboj001,Noboa,Junior,R,R,OAK,2B,Junior Noboa,1994,"A,Oakland,Athletics"
nunee001,Nunez,Ed,R,R,OAK,P,Ed Nunez,1994,"A,Oakland,Athletics"
ontis001,Ontiveros,Steve,R,R,OAK,P,Steve Ontiveros,1994,"A,Oakland,Athletics"
paquc001,Paquette,Craig,R,R,OAK,3B,Craig Paquette,1994,"A,Oakland,Athletics"
phoes001,Phoenix,Steve,R,R,OAK,P,Steve Phoenix,1994,"A,Oakland,Athletics"
reyec001,Reyes,Carlos,R,R,OAK,P,Carlos Reyes,1994,"A,Oakland,Athletics"
righd001,Righetti,Dave,L,L,OAK,P,Dave Righetti,1994,"A,Oakland,Athletics"
sax-s001,Sax,Steve,R,R,OAK,2B,Steve Sax,1994,"A,Oakland,Athletics"
schaj001,Schaefer,Jeff,R,R,OAK,3B,Jeff Schaefer,1994,"A,Oakland,Athletics"
sierr001,Sierra,Ruben,B,R,OAK,OF,Ruben Sierra,1994,"A,Oakland,Athletics"
smitr002,Smithberg,Roger,R,R,OAK,P,Roger Smithberg,1994,"A,Oakland,Athletics"
steit001,Steinbach,Terry,R,R,OAK,C,Terry Steinbach,1994,"A,Oakland,Athletics"
taylb001,Taylor,Billy,R,R,OAK,P,Billy Taylor,1994,"A,Oakland,Athletics"
vanpt001,Van Poppel,Todd,R,R,OAK,P,Todd Van Poppel,1994,"A,Oakland,Athletics"
vosbe001,Vosberg,Ed,L,L,OAK,P,Ed Vosberg,1994,"A,Oakland,Athletics"
welcb001,Welch,Bob,R,R,OAK,P,Bob Welch,1994,"A,Oakland,Athletics"
wittb001,Witt,Bobby,R,R,OAK,P,Bobby Witt,1994,"A,Oakland,Athletics"
youne002,Young,Ernie,R,R,OAK,OF,Ernie Young,1994,"A,Oakland,Athletics"
amarr001,Amaral,Rich,R,R,SEA,2B,Rich Amaral,1994,"A,Seattle,Mariners"
anthe001,Anthony,Eric,L,L,SEA,OF,Eric Anthony,1994,"A,Seattle,Mariners"
ayalb002,Ayala,Bobby,R,R,SEA,P,Bobby Ayala,1994,"A,Seattle,Mariners"
blowm001,Blowers,Mike,R,R,SEA,3B,Mike Blowers,1994,"A,Seattle,Mariners"
bosic001,Bosio,Chris,R,R,SEA,P,Chris Bosio,1994,"A,Seattle,Mariners"
bosks001,Boskie,Shawn,R,R,SEA,P,Shawn Boskie,1994,"A,Seattle,Mariners"
bragd001,Bragg,Darren,L,R,SEA,DH,Darren Bragg,1994,"A,Seattle,Mariners"
buhnj001,Buhner,Jay,R,R,SEA,OF,Jay Buhner,1994,"A,Seattle,Mariners"
convj001,Converse,Jim,L,R,SEA,P,Jim Converse,1994,"A,Seattle,Mariners"
cummj001,Cummings,John,L,L,SEA,P,John Cummings,1994,"A,Seattle,Mariners"
darwj001,Darwin,Jeff,R,R,SEA,P,Jeff Darwin,1994,"A,Seattle,Mariners"
davit002,Davis,Tim,L,L,SEA,P,Tim Davis,1994,"A,Seattle,Mariners"
fermf001,Fermin,Felix,R,R,SEA,SS,Felix Fermin,1994,"A,Seattle,Mariners"
flemd001,Fleming,Dave,L,L,SEA,P,Dave Fleming,1994,"A,Seattle,Mariners"
gling001,Glinatsis,George,R,R,SEA,P,George Glinatsis,1994,"A,Seattle,Mariners"
gossr001,Gossage,Rich,R,R,SEA,P,Rich Gossage,1994,"A,Seattle,Mariners"
grifk002,Griffey,Ken,L,L,SEA,OF,Ken Griffey,1994,"A,Seattle,Mariners"
haseb001,Haselman,Bill,R,R,SEA,C,Bill Haselman,1994,"A,Seattle,Mariners"
hibbg001,Hibbard,Greg,L,L,SEA,P,Greg Hibbard,1994,"A,Seattle,Mariners"
hillm002,Hill,Milt,R,R,SEA,P,Milt Hill,1994,"A,Seattle,Mariners"
howac001,Howard,Chris,R,R,SEA,C,Chris Howard,1994,"A,Seattle,Mariners"
jeffr001,Jefferson,Reggie,B,L,SEA,DH,Reggie Jefferson,1994,"A,Seattle,Mariners"
johnr005,Johnson,Randy,R,L,SEA,P,Randy Johnson,1994,"A,Seattle,Mariners"
kingk001,King,Kevin,L,L,SEA,P,Kevin King,1994,"A,Seattle,Mariners"
lovut001,Lovullo,Torey,B,R,SEA,2B,Torey Lovullo,1994,"A,Seattle,Mariners"
mackq001,Mack,Quinn,L,L,SEA,OF,Quinn Mack,1994,"A,Seattle,Mariners"
marte001,Martinez,Edgar,R,R,SEA,3B,Edgar Martinez,1994,"A,Seattle,Mariners"
martt002,Martinez,Tino,L,R,SEA,1B,Tino Martinez,1994,"A,Seattle,Mariners"
mitck002,Mitchell,Keith,R,R,SEA,OF,Keith Mitchell,1994,"A,Seattle,Mariners"
nelsj001,Nelson,Jeff,R,R,SEA,P,Jeff Nelson,1994,"A,Seattle,Mariners"
newfm001,Newfield,Marc,R,R,SEA,DH,Marc Newfield,1994,"A,Seattle,Mariners"
pirkg001,Pirkl,Greg,R,R,SEA,DH,Greg Pirkl,1994,"A,Seattle,Mariners"
plane001,Plantenberg,Erik,R,L,SEA,P,Erik Plantenberg,1994,"A,Seattle,Mariners"
rislb001,Risley,Bill,R,R,SEA,P,Bill Risley,1994,"A,Seattle,Mariners"
rodra001,Rodriguez,Alex,R,R,SEA,SS,Alex Rodriguez,1994,"A,Seattle,Mariners"
salkr001,Salkeld,Roger,R,R,SEA,P,Roger Salkeld,1994,"A,Seattle,Mariners"
sassm001,Sasser,Mackey,L,R,SEA,C,Mackey Sasser,1994,"A,Seattle,Mariners"
sojol001,Sojo,Luis,R,R,SEA,2B,Luis Sojo,1994,"A,Seattle,Mariners"
sveud001,Sveum,Dale,B,R,SEA,DH,Dale Sveum,1994,"A,Seattle,Mariners"
thigb001,Thigpen,Bobby,R,R,SEA,P,Bobby Thigpen,1994,"A,Seattle,Mariners"
turab001,Turang,Brian,R,R,SEA,OF,Brian Turang,1994,"A,Seattle,Mariners"
wellb002,Wells,Bob,R,R,SEA,P,Bob Wells,1994,"A,Seattle,Mariners"
willj001,Willard,Jerry,L,R,SEA,C,Jerry Willard,1994,"A,Seattle,Mariners"
wilsd001,Wilson,Dan,R,R,SEA,C,Dan Wilson,1994,"A,Seattle,Mariners"
beckr001,Beck,Rod,R,R,SFN,P,Rod Beck,1994,"N,San Francisco,Giants"
benjm001,Benjamin,Mike,R,R,SFN,SS,Mike Benjamin,1994,"N,San Francisco,Giants"
benzt001,Benzinger,Todd,B,R,SFN,1B,Todd Benzinger,1994,"N,San Francisco,Giants"
blacb001,Black,Buddy,L,L,SFN,P,Buddy Black,1994,"N,San Francisco,Giants"
bondb001,Bonds,Barry,L,L,SFN,OF,Barry Bonds,1994,"N,San Francisco,Giants"
bottk001,Bottenfield,Kent,R,R,SFN,P,Kent Bottenfield,1994,"N,San Francisco,Giants"
brinb001,Brink,Brad,R,R,SFN,P,Brad Brink,1994,"N,San Francisco,Giants"
burbd001,Burba,Dave,R,R,SFN,P,Dave Burba,1994,"N,San Francisco,Giants"
burkj001,Burkett,John,R,R,SFN,P,John Burkett,1994,"N,San Francisco,Giants"
carrm001,Carreon,Mark,R,L,SFN,OF,Mark Carreon,1994,"N,San Francisco,Giants"
clayr001,Clayton,Royce,R,R,SFN,SS,Royce Clayton,1994,"N,San Francisco,Giants"
faner001,Faneyte,Rikkert,R,R,SFN,OF,Rikkert Faneyte,1994,"N,San Francisco,Giants"
freys001,Frey,Steve,R,L,SFN,P,Steve Frey,1994,"N,San Francisco,Giants"
gomep001,Gomez,Pat,L,L,SFN,P,Pat Gomez,1994,"N,San Francisco,Giants"
hickb001,Hickerson,Bryan,L,L,SFN,P,Bryan Hickerson,1994,"N,San Francisco,Giants"
jackm001,Jackson,Michael,R,R,SFN,P,Michael Jackson,1994,"N,San Francisco,Giants"
johne001,Johnson,Erik,R,R,SFN,2B,Erik Johnson,1994,"N,San Francisco,Giants"
leonm001,Leonard,Mark,L,R,SFN,OF,Mark Leonard,1994,"N,San Francisco,Giants"
lewid001,Lewis,Darren,R,R,SFN,OF,Darren Lewis,1994,"N,San Francisco,Giants"
manwk001,Manwaring,Kirt,R,R,SFN,C,Kirt Manwaring,1994,"N,San Francisco,Giants"
martd002,Martinez,Dave,L,L,SFN,OF,Dave Martinez,1994,"N,San Francisco,Giants"
mcgew001,McGee,Willie,B,R,SFN,OF,Willie McGee,1994,"N,San Francisco,Giants"
menet001,Menendez,Tony,R,R,SFN,P,Tony Menendez,1994,"N,San Francisco,Giants"
montr002,Monteleone,Rich,R,R,SFN,P,Rich Monteleone,1994,"N,San Francisco,Giants"
pattj001,Patterson,John,B,R,SFN,2B,John Patterson,1994,"N,San Francisco,Giants"
philj001,Phillips,J.R.,L,L,SFN,1B,J.R. Phillips,1994,"N,San Francisco,Giants"
portm001,Portugal,Mark,R,R,SFN,P,Mark Portugal,1994,"N,San Francisco,Giants"
reedj001,Reed,Jeff,L,R,SFN,C,Jeff Reed,1994,"N,San Francisco,Giants"
rogek002,Rogers,Kevin,L,L,SFN,P,Kevin Rogers,1994,"N,San Francisco,Giants"
scars001,Scarsone,Steve,R,R,SFN,2B,Steve Scarsone,1994,"N,San Francisco,Giants"
strad001,Strawberry,Darryl,L,L,SFN,OF,Darryl Strawberry,1994,"N,San Francisco,Giants"
swifb001,Swift,Bill,R,R,SFN,P,Bill Swift,1994,"N,San Francisco,Giants"
thomr003,Thompson,Robby,R,R,SFN,2B,Robby Thompson,1994,"N,San Francisco,Giants"
torrs001,Torres,Salomon,R,R,SFN,P,Salomon Torres,1994,"N,San Francisco,Giants"
vanlb001,VanLandingham,William,R,R,SFN,P,William VanLandingham,1994,"N,San Francisco,Giants"
willm003,Williams,Matt,R,R,SFN,3B,Matt Williams,1994,"N,San Francisco,Giants"
alicl001,Alicea,Luis,B,R,SLN,2B,Luis Alicea,1994,"N,St. Louis,Cardinals"
arocr001,Arocha,Rene,R,R,SLN,P,Rene Arocha,1994,"N,St. Louis,Cardinals"
buckg001,Buckels,Gary,R,R,SLN,P,Gary Buckels,1994,"N,St. Louis,Cardinals"
cimof001,Cimorelli,Frank,R,R,SLN,P,Frank Cimorelli,1994,"N,St. Louis,Cardinals"
cools001,Coolbaugh,Scott,R,R,SLN,1B,Scott Coolbaugh,1994,"N,St. Louis,Cardinals"
cormr001,Cormier,Rheal,L,L,SLN,P,Rheal Cormier,1994,"N,St. Louis,Cardinals"
cromt001,Cromer,Tripp,R,R,SLN,SS,Tripp Cromer,1994,"N,St. Louis,Cardinals"
dixos001,Dixon,Steve,L,L,SLN,P,Steve Dixon,1994,"N,St. Louis,Cardinals"
everb001,Eversgerd,Bryan,R,L,SLN,P,Bryan Eversgerd,1994,"N,St. Louis,Cardinals"
frasj001,Frascatore,John,R,R,SLN,P,John Frascatore,1994,"N,St. Louis,Cardinals"
gilkb001,Gilkey,Bernard,R,R,SLN,OF,Bernard Gilkey,1994,"N,St. Louis,Cardinals"
habyj001,Habyan,John,R,R,SLN,P,John Habyan,1994,"N,St. Louis,Cardinals"
jeffg001,Jefferies,Gregg,B,R,SLN,1B,Gregg Jefferies,1994,"N,St. Louis,Cardinals"
jordb001,Jordan,Brian,R,R,SLN,OF,Brian Jordan,1994,"N,St. Louis,Cardinals"
lankr001,Lankford,Ray,L,L,SLN,OF,Ray Lankford,1994,"N,St. Louis,Cardinals"
mabrj001,Mabry,John,L,R,SLN,OF,John Mabry,1994,"N,St. Louis,Cardinals"
mcgrt002,McGriff,Terry,R,R,SLN,C,Terry McGriff,1994,"N,St. Louis,Cardinals"
murpr001,Murphy,Rob,L,L,SLN,P,Rob Murphy,1994,"N,St. Louis,Cardinals"
olivo001,Olivares,Omar,R,R,SLN,P,Omar Olivares,1994,"N,St. Louis,Cardinals"
oquej001,Oquendo,Jose,B,R,SLN,SS,Jose Oquendo,1994,"N,St. Louis,Cardinals"
pagnt001,Pagnozzi,Tom,R,R,SLN,C,Tom Pagnozzi,1994,"N,St. Louis,Cardinals"
palav001,Palacios,Vicente,R,R,SLN,P,Vicente Palacios,1994,"N,St. Louis,Cardinals"
pappe001,Pappas,Erik,R,R,SLN,C,Erik Pappas,1994,"N,St. Louis,Cardinals"
penag001,Pena,Geronimo,B,R,SLN,2B,Geronimo Pena,1994,"N,St. Louis,Cardinals"
perem002,Perez,Mike,R,R,SLN,P,Mike Perez,1994,"N,St. Louis,Cardinals"
perrg001,Perry,Gerald,L,R,SLN,1B,Gerald Perry,1994,"N,St. Louis,Cardinals"
rodrr004,Rodriguez,Rich,L,L,SLN,P,Rich Rodriguez,1994,"N,St. Louis,Cardinals"
royes001,Royer,Stan,R,R,SLN,1B,Stan Royer,1994,"N,St. Louis,Cardinals"
smito001,Smith,Ozzie,B,R,SLN,SS,Ozzie Smith,1994,"N,St. Louis,Cardinals"
smitw001,Smith,Willie,R,R,SLN,P,Willie Smith,1994,"N,St. Louis,Cardinals"
sutcr001,Sutcliffe,Rick,L,R,SLN,P,Rick Sutcliffe,1994,"N,St. Louis,Cardinals"
tewkb001,Tewksbury,Bob,R,R,SLN,P,Bob Tewksbury,1994,"N,St. Louis,Cardinals"
urbat001,Urbani,Tom,L,L,SLN,P,Tom Urbani,1994,"N,St. Louis,Cardinals"
watsa001,Watson,Allen,L,L,SLN,P,Allen Watson,1994,"N,St. Louis,Cardinals"
whitm001,Whiten,Mark,B,R,SLN,OF,Mark Whiten,1994,"N,St. Louis,Cardinals"
young001,Young,Gerald,B,R,SLN,OF,Gerald Young,1994,"N,St. Louis,Cardinals"
zeilt001,Zeile,Todd,R,R,SLN,3B,Todd Zeile,1994,"N,St. Louis,Cardinals"
ashlb001,Ashley,Billy,R,R,LAN,OF,Billy Ashley,1994,"N,Los Angeles,Dodgers"
astap001,Astacio,Pedro,R,R,LAN,P,Pedro Astacio,1994,"N,Los Angeles,Dodgers"
barnb001,Barnes,Brian,L,L,LAN,P,Brian Barnes,1994,"N,Los Angeles,Dodgers"
bourr001,Bournigal,Rafael,R,R,LAN,SS,Rafael Bournigal,1994,"N,Los Angeles,Dodgers"
butlb001,Butler,Brett,L,L,LAN,OF,Brett Butler,1994,"N,Los Angeles,Dodgers"
candt001,Candiotti,Tom,R,R,LAN,P,Tom Candiotti,1994,"N,Los Angeles,Dodgers"
daalo001,Daal,Omar,L,L,LAN,P,Omar Daal,1994,"N,Los Angeles,Dodgers"
deshd001,DeShields,Delino,L,R,LAN,2B,Delino DeShields,1994,"N,Los Angeles,Dodgers"
dreid001,Dreifort,Darren,R,R,LAN,P,Darren Dreifort,1994,"N,Los Angeles,Dodgers"
gottj001,Gott,Jim,R,R,LAN,P,Jim Gott,1994,"N,Los Angeles,Dodgers"
grosk001,Gross,Kevin,R,R,LAN,P,Kevin Gross,1994,"N,Los Angeles,Dodgers"
gwync001,Gwynn,Chris,L,L,LAN,OF,Chris Gwynn,1994,"N,Los Angeles,Dodgers"
hansd001,Hansen,Dave,L,R,LAN,3B,Dave Hansen,1994,"N,Los Angeles,Dodgers"
hernc001,Hernandez,Carlos,R,R,LAN,C,Carlos Hernandez,1994,"N,Los Angeles,Dodgers"
herso001,Hershiser,Orel,R,R,LAN,P,Orel Hershiser,1994,"N,Los Angeles,Dodgers"
ingrg001,Ingram,Garey,R,R,LAN,2B,Garey Ingram,1994,"N,Los Angeles,Dodgers"
karre001,Karros,Eric,R,R,LAN,1B,Eric Karros,1994,"N,Los Angeles,Dodgers"
martr002,Martinez,Ramon,L,R,LAN,P,Ramon Martinez,1994,"N,Los Angeles,Dodgers"
mcdor001,McDowell,Roger,R,R,LAN,P,Roger McDowell,1994,"N,Los Angeles,Dodgers"
mondr002,Mondesi,Raul,R,R,LAN,OF,Raul Mondesi,1994,"N,Los Angeles,Dodgers"
offej001,Offerman,Jose,B,R,LAN,SS,Jose Offerman,1994,"N,Los Angeles,Dodgers"
osuna001,Osuna,Al,R,L,LAN,P,Al Osuna,1994,"N,Los Angeles,Dodgers"
parkc002,Park,Chan Ho,R,R,LAN,P,Chan Ho Park,1994,"N,Los Angeles,Dodgers"
piazm001,Piazza,Mike,R,R,LAN,C,Mike Piazza,1994,"N,Los Angeles,Dodgers"
print001,Prince,Tom,R,R,LAN,C,Tom Prince,1994,"N,Los Angeles,Dodgers"
pye-e001,Pye,Eddie,R,R,LAN,2B,Eddie Pye,1994,"N,Los Angeles,Dodgers"
rodrh001,Rodriguez,Henry,L,L,LAN,OF,Henry Rodriguez,1994,"N,Los Angeles,Dodgers"
seanr001,Seanez,Rudy,R,R,LAN,P,Rudy Seanez,1994,"N,Los Angeles,Dodgers"
snydc001,Snyder,Cory,R,R,LAN,OF,Cory Snyder,1994,"N,Los Angeles,Dodgers"
treaj001,Treadway,Jeff,L,R,LAN,2B,Jeff Treadway,1994,"N,Los Angeles,Dodgers"
valdi001,Valdez,Ismael,R,R,LAN,P,Ismael Valdez,1994,"N,Los Angeles,Dodgers"
wallt001,Wallach,Tim,R,R,LAN,3B,Tim Wallach,1994,"N,Los Angeles,Dodgers"
wayng001,Wayne,Gary,L,L,LAN,P,Gary Wayne,1994,"N,Los Angeles,Dodgers"
websm001,Webster,Mitch,B,L,LAN,OF,Mitch Webster,1994,"N,Los Angeles,Dodgers"
worrt001,Worrell,Todd,R,R,LAN,P,Todd Worrell,1994,"N,Los Angeles,Dodgers"
abboj001,Abbott,Jim,L,L,NYA,P,Jim Abbott,1994,"A,New York,Yankees"
ausaj001,Ausanio,Joe,R,R,NYA,P,Joe Ausanio,1994,"A,New York,Yankees"
boggw001,Boggs,Wade,L,R,NYA,3B,Wade Boggs,1994,"A,New York,Yankees"
bostd001,Boston,Daryl,L,L,NYA,OF,Daryl Boston,1994,"A,New York,Yankees"
davir002,Davis,Russ,R,R,NYA,3B,Russ Davis,1994,"A,New York,Yankees"
eenhr001,Eenhoorn,Robert,R,R,NYA,SS,Robert Eenhoorn,1994,"A,New York,Yankees"
elstk001,Elster,Kevin,R,R,NYA,SS,Kevin Elster,1994,"A,New York,Yankees"
gallm001,Gallego,Mike,R,R,NYA,SS,Mike Gallego,1994,"A,New York,Yankees"
gibsp001,Gibson,Paul,R,L,NYA,P,Paul Gibson,1994,"A,New York,Yankees"
harrg001,Harris,Greg,B,R,NYA,P,Greg Harris,1994,"A,New York,Yankees"
hernx001,Hernandez,Xavier,L,R,NYA,P,Xavier Hernandez,1994,"A,New York,Yankees"
hitcs001,Hitchcock,Sterling,L,L,NYA,P,Sterling Hitchcock,1994,"A,New York,Yankees"
howes001,Howe,Steve,L,L,NYA,P,Steve Howe,1994,"A,New York,Yankees"
huttm001,Hutton,Mark,R,R,NYA,P,Mark Hutton,1994,"A,New York,Yankees"
kamis001,Kamieniecki,Scott,R,R,NYA,P,Scott Kamieniecki,1994,"A,New York,Yankees"
kellp001,Kelly,Pat,R,R,NYA,2B,Pat Kelly,1994,"A,New York,Yankees"
key-j001,Key,Jimmy,R,L,NYA,P,Jimmy Key,1994,"A,New York,Yankees"
leyrj001,Leyritz,Jim,R,R,NYA,C,Jim Leyritz,1994,"A,New York,Yankees"
mattd001,Mattingly,Don,L,L,NYA,1B,Don Mattingly,1994,"A,New York,Yankees"
melvb001,Melvin,Bob,R,R,NYA,1B,Bob Melvin,1994,"A,New York,Yankees"
mulht001,Mulholland,Terry,R,L,NYA,P,Terry Mulholland,1994,"A,New York,Yankees"
murpr001,Murphy,Rob,L,L,NYA,P,Rob Murphy,1994,"A,New York,Yankees"
nokem001,Nokes,Matt,L,R,NYA,C,Matt Nokes,1994,"A,New York,Yankees"
ojedb001,Ojeda,Bob,L,L,NYA,P,Bob Ojeda,1994,"A,New York,Yankees"
oneip001,O'Neill,Paul,L,L,NYA,OF,Paul O'Neill,1994,"A,New York,Yankees"
palld001,Pall,Donn,R,R,NYA,P,Donn Pall,1994,"A,New York,Yankees"
perem001,Perez,Melido,R,R,NYA,P,Melido Perez,1994,"A,New York,Yankees"
polol001,Polonia,Luis,L,L,NYA,OF,Luis Polonia,1994,"A,New York,Yankees"
rearj001,Reardon,Jeff,R,R,NYA,P,Jeff Reardon,1994,"A,New York,Yankees"
silvd001,Silvestri,Dave,R,R,NYA,2B,Dave Silvestri,1994,"A,New York,Yankees"
stanm002,Stanley,Mike,R,R,NYA,C,Mike Stanley,1994,"A,New York,Yankees"
tartd001,Tartabull,Danny,R,R,NYA,DH,Danny Tartabull,1994,"A,New York,Yankees"
velar001,Velarde,Randy,R,R,NYA,SS,Randy Velarde,1994,"A,New York,Yankees"
wickb001,Wickman,Bob,R,R,NYA,P,Bob Wickman,1994,"A,New York,Yankees"
willb002,Williams,Bernie,B,R,NYA,OF,Bernie Williams,1994,"A,New York,Yankees"
willg001,Williams,Gerald,R,R,NYA,OF,Gerald Williams,1994,"A,New York,Yankees"
appik001,Appier,Kevin,R,R,KCA,P,Kevin Appier,1994,"A,Kansas City,Royals"
belis001,Belinda,Stan,R,R,KCA,P,Stan Belinda,1994,"A,Kansas City,Royals"
brewb001,Brewer,Billy,L,L,KCA,P,Billy Brewer,1994,"A,Kansas City,Royals"
brooh001,Brooks,Hubie,R,R,KCA,DH,Hubie Brooks,1994,"A,Kansas City,Royals"
colev001,Coleman,Vince,B,R,KCA,OF,Vince Coleman,1994,"A,Kansas City,Royals"
coned001,Cone,David,L,R,KCA,P,David Cone,1994,"A,Kansas City,Royals"
dejej001,De Jesus,Jose,R,R,KCA,P,Jose De Jesus,1994,"A,Kansas City,Royals"
gaetg001,Gaetti,Gary,R,R,KCA,3B,Gary Gaetti,1994,"A,Kansas City,Royals"
gagng001,Gagne,Greg,R,R,KCA,SS,Greg Gagne,1994,"A,Kansas City,Royals"
goodt001,Goodwin,Tom,L,R,KCA,DH,Tom Goodwin,1994,"A,Kansas City,Royals"
gordt001,Gordon,Tom,R,R,KCA,P,Tom Gordon,1994,"A,Kansas City,Royals"
granj001,Granger,Jeff,R,L,KCA,P,Jeff Granger,1994,"A,Kansas City,Royals"
gubim001,Gubicza,Mark,R,R,KCA,P,Mark Gubicza,1994,"A,Kansas City,Royals"
hameb001,Hamelin,Bob,L,L,KCA,DH,Bob Hamelin,1994,"A,Kansas City,Royals"
hanec001,Haney,Chris,L,L,KCA,P,Chris Haney,1994,"A,Kansas City,Royals"
hendd001,Henderson,Dave,R,R,KCA,OF,Dave Henderson,1994,"A,Kansas City,Royals"
howad001,Howard,David,B,R,KCA,3B,David Howard,1994,"A,Kansas City,Royals"
josef001,Jose,Felix,B,R,KCA,OF,Felix Jose,1994,"A,Kansas City,Royals"
joynw001,Joyner,Wally,L,L,KCA,1B,Wally Joyner,1994,"A,Kansas City,Royals"
koslk001,Koslofski,Kevin,L,R,KCA,OF,Kevin Koslofski,1994,"A,Kansas City,Royals"
lindj002,Lind,Jose,R,R,KCA,2B,Jose Lind,1994,"A,Kansas City,Royals"
macfm001,Macfarlane,Mike,R,R,KCA,C,Mike Macfarlane,1994,"A,Kansas City,Royals"
magnm001,Magnante,Mike,L,L,KCA,P,Mike Magnante,1994,"A,Kansas City,Royals"
maynb001,Mayne,Brent,L,R,KCA,C,Brent Mayne,1994,"A,Kansas City,Royals"
mcrab001,McRae,Brian,B,R,KCA,OF,Brian McRae,1994,"A,Kansas City,Royals"
meacr001,Meacham,Rusty,R,R,KCA,P,Rusty Meacham,1994,"A,Kansas City,Royals"
milab001,Milacki,Bob,R,R,KCA,P,Bob Milacki,1994,"A,Kansas City,Royals"
millk001,Miller,Keith,R,R,KCA,OF,Keith Miller,1994,"A,Kansas City,Royals"
montj002,Montgomery,Jeff,R,R,KCA,P,Jeff Montgomery,1994,"A,Kansas City,Royals"
pichh001,Pichardo,Hipolito,R,R,KCA,P,Hipolito Pichardo,1994,"A,Kansas City,Royals"
shumt001,Shumpert,Terry,R,R,KCA,2B,Terry Shumpert,1994,"A,Kansas City,Royals"
avers001,Avery,Steve,L,L,ATL,P,Steve Avery,1994,"N,Atlanta,Braves"
bedrs001,Bedrosian,Steve,R,R,ATL,P,Steve Bedrosian,1994,"N,Atlanta,Braves"
bellr001,Belliard,Rafael,R,R,ATL,SS,Rafael Belliard,1994,"N,Atlanta,Braves"
bielm001,Bielecki,Mike,R,R,ATL,P,Mike Bielecki,1994,"N,Atlanta,Braves"
blauj001,Blauser,Jeff,R,R,ATL,SS,Jeff Blauser,1994,"N,Atlanta,Braves"
browj002,Brown,Jarvis,R,R,ATL,OF,Jarvis Brown,1994,"N,Atlanta,Braves"
galld001,Gallagher,Dave,R,R,ATL,OF,Dave Gallagher,1994,"N,Atlanta,Braves"
glavt001,Glavine,Tom,L,L,ATL,P,Tom Glavine,1994,"N,Atlanta,Braves"
hillm002,Hill,Milt,R,R,ATL,P,Milt Hill,1994,"N,Atlanta,Braves"
justd001,Justice,David,L,L,ATL,OF,David Justice,1994,"N,Atlanta,Braves"
kellb002,Kelly,Roberto,R,R,ATL,OF,Roberto Kelly,1994,"N,Atlanta,Braves"
kellm001,Kelly,Mike,R,R,ATL,OF,Mike Kelly,1994,"N,Atlanta,Braves"
klesr001,Klesko,Ryan,L,L,ATL,OF,Ryan Klesko,1994,"N,Atlanta,Braves"
lemkm001,Lemke,Mark,B,R,ATL,2B,Mark Lemke,1994,"N,Atlanta,Braves"
lopej001,Lopez,Javy,R,R,ATL,C,Javy Lopez,1994,"N,Atlanta,Braves"
maddg002,Maddux,Greg,R,R,ATL,P,Greg Maddux,1994,"N,Atlanta,Braves"
mcgrf001,McGriff,Fred,L,L,ATL,1B,Fred McGriff,1994,"N,Atlanta,Braves"
mcmig001,McMichael,Greg,R,R,ATL,P,Greg McMichael,1994,"N,Atlanta,Braves"
merck001,Mercker,Kent,L,L,ATL,P,Kent Mercker,1994,"N,Atlanta,Braves"
mordm001,Mordecai,Mike,R,R,ATL,SS,Mike Mordecai,1994,"N,Atlanta,Braves"
obric001,O'Brien,Charlie,R,R,ATL,C,Charlie O'Brien,1994,"N,Atlanta,Braves"
olivj002,Oliva,Jose,R,R,ATL,3B,Jose Oliva,1994,"N,Atlanta,Braves"
olsog001,Olson,Gregg,R,R,ATL,P,Gregg Olson,1994,"N,Atlanta,Braves"
pecob001,Pecota,Bill,R,R,ATL,3B,Bill Pecota,1994,"N,Atlanta,Braves"
pendt001,Pendleton,Terry,B,R,ATL,3B,Terry Pendleton,1994,"N,Atlanta,Braves"
sandd001,Sanders,Deion,L,L,ATL,OF,Deion Sanders,1994,"N,Atlanta,Braves"
smolj001,Smoltz,John,R,R,ATL,P,John Smoltz,1994,"N,Atlanta,Braves"
stanm003,Stanton,Mike,L,L,ATL,P,Mike Stanton,1994,"N,Atlanta,Braves"
tarat001,Tarasco,Tony,L,R,ATL,OF,Tony Tarasco,1994,"N,Atlanta,Braves"
wohlm001,Wohlers,Mark,R,R,ATL,P,Mark Wohlers,1994,"N,Atlanta,Braves"
woodb002,Woodall,Brad,B,L,ATL,P,Brad Woodall,1994,"N,Atlanta,Braves"
