player_id,last,first,bats,throws,team_id,pos,player_name,year,team_name
alleh104,Allen,Hank,R,R,WS2,OF,Hank Allen,1966,"A,Washington,Senators"
baldd101,Baldwin,Dave,R,R,WS2,P,Dave Baldwin,1966,"A,Washington,Senators"
blasd101,Blasingame,Don,L,R,WS2,2B,Don Blasingame,1966,"A,Washington,Senators"
bosmd101,Bosman,Dick,R,R,WS2,P,Dick Bosman,1966,"A,Washington,Senators"
brine101,Brinkman,Ed,R,R,WS2,SS,Ed Brinkman,1966,"A,Washington,Senators"
brumm101,Brumley,Mike,L,R,WS2,C,Mike Brumley,1966,"A,Washington,Senators"
camid101,Camilli,Doug,R,R,WS2,C,Doug Camilli,1966,"A,Washington,Senators"
casap101,Casanova,Paul,R,R,WS2,C,Paul Casanova,1966,"A,Washington,Senators"
chanb101,Chance,Bob,L,R,WS2,1B,Bob Chance,1966,"A,Washington,Senators"
chent101,Cheney,Tom,R,R,WS2,P,Tom Cheney,1966,"A,Washington,Senators"
closa101,Closter,Al,L,L,WS2,P,Al Closter,1966,"A,Washington,Senators"
colej102,Coleman,Joe,R,R,WS2,P,Joe Coleman,1966,"A,Washington,Senators"
cox-c101,Cox,Casey,R,R,WS2,P,Casey Cox,1966,"A,Washington,Senators"
craip101,Craig,Pete,L,R,WS2,P,Pete Craig,1966,"A,Washington,Senators"
cullt101,Cullen,Tim,R,R,WS2,3B,Tim Cullen,1966,"A,Washington,Senators"
cunnj101,Cunningham,Joe,L,L,WS2,1B,Joe Cunningham,1966,"A,Washington,Senators"
duckj101,Duckworth,Jim,R,R,WS2,P,Jim Duckworth,1966,"A,Washington,Senators"
frenj101,French,Jim,L,R,WS2,C,Jim French,1966,"A,Washington,Senators"
hamlk101,Hamlin,Ken,R,R,WS2,2B,Ken Hamlin,1966,"A,Washington,Senators"
hannj102,Hannan,Jim,R,R,WS2,P,Jim Hannan,1966,"A,Washington,Senators"
harrk101,Harrelson,Ken,R,R,WS2,1B,Ken Harrelson,1966,"A,Washington,Senators"
howaf102,Howard,Frank,R,R,WS2,OF,Frank Howard,1966,"A,Washington,Senators"
humpb102,Humphreys,Bob,R,R,WS2,P,Bob Humphreys,1966,"A,Washington,Senators"
kingj101,King,Jim,L,R,WS2,OF,Jim King,1966,"A,Washington,Senators"
kirkw101,Kirkland,Willie,L,R,WS2,OF,Willie Kirkland,1966,"A,Washington,Senators"
klinr102,Kline,Ron,R,R,WS2,P,Ron Kline,1966,"A,Washington,Senators"
koplh101,Koplitz,Howie,R,R,WS2,P,Howie Koplitz,1966,"A,Washington,Senators"
kreuf101,Kreutzer,Frank,R,L,WS2,P,Frank Kreutzer,1966,"A,Washington,Senators"
lined101,Lines,Dick,R,L,WS2,P,Dick Lines,1966,"A,Washington,Senators"
lockd101,Lock,Don,R,R,WS2,OF,Don Lock,1966,"A,Washington,Senators"
mccom103,McCormick,Mike,L,L,WS2,P,Mike McCormick,1966,"A,Washington,Senators"
mcmuk101,McMullen,Ken,R,R,WS2,3B,Ken McMullen,1966,"A,Washington,Senators"
moorb105,Moore,Barry,L,L,WS2,P,Barry Moore,1966,"A,Washington,Senators"
narub101,Narum,Buster,R,R,WS2,P,Buster Narum,1966,"A,Washington,Senators"
nen-d101,Nen,Dick,L,L,WS2,1B,Dick Nen,1966,"A,Washington,Senators"
orsij101,Orsino,John,R,R,WS2,1B,John Orsino,1966,"A,Washington,Senators"
ortep101,Ortega,Phil,R,R,WS2,P,Phil Ortega,1966,"A,Washington,Senators"
phild103,Phillips,Dick,L,R,WS2,1B,Dick Phillips,1966,"A,Washington,Senators"
richp102,Richert,Pete,L,L,WS2,P,Pete Richert,1966,"A,Washington,Senators"
saveb101,Saverine,Bob,B,R,WS2,2B,Bob Saverine,1966,"A,Washington,Senators"
segud101,Segui,Diego,R,R,WS2,P,Diego Segui,1966,"A,Washington,Senators"
valef101,Valentine,Fred,B,R,WS2,OF,Fred Valentine,1966,"A,Washington,Senators"
aaroh101,Aaron,Hank,R,R,ATL,OF,Hank Aaron,1966,"N,Atlanta,Braves"
abert101,Abernathy,Ted,R,R,ATL,P,Ted Abernathy,1966,"N,Atlanta,Braves"
aloms101,Alomar,Sandy,B,R,ATL,2B,Sandy Alomar,1966,"N,Atlanta,Braves"
alouf101,Alou,Felipe,R,R,ATL,1B,Felipe Alou,1966,"N,Atlanta,Braves"
balel101,Bales,Lee,B,R,ATL,2B,Lee Bales,1966,"N,Atlanta,Braves"
blasw101,Blasingame,Wade,L,L,ATL,P,Wade Blasingame,1966,"N,Atlanta,Braves"
bollf101,Bolling,Frank,R,R,ATL,2B,Frank Bolling,1966,"N,Atlanta,Braves"
carrc103,Carroll,Clay,R,R,ATL,P,Clay Carroll,1966,"N,Atlanta,Braves"
cartr101,Carty,Rico,R,R,ATL,OF,Rico Carty,1966,"N,Atlanta,Braves"
clint101,Cline,Ty,L,L,ATL,OF,Ty Cline,1966,"N,Atlanta,Braves"
clont101,Cloninger,Tony,R,R,ATL,P,Tony Cloninger,1966,"N,Atlanta,Braves"
delam101,de la Hoz,Mike,R,R,ATL,3B,Mike de la Hoz,1966,"N,Atlanta,Braves"
fisch101,Fischer,Hank,R,R,ATL,P,Hank Fischer,1966,"N,Atlanta,Braves"
garra101,Garrett,Adrian,L,R,ATL,OF,Adrian Garrett,1966,"N,Atlanta,Braves"
geigg101,Geiger,Gary,L,R,ATL,OF,Gary Geiger,1966,"N,Atlanta,Braves"
herrj101,Herrnstein,John,L,L,ATL,OF,John Herrnstein,1966,"N,Atlanta,Braves"
hipph101,Hippauf,Herb,R,L,ATL,P,Herb Hippauf,1966,"N,Atlanta,Braves"
jarvp101,Jarvis,Pat,R,R,ATL,P,Pat Jarvis,1966,"N,Atlanta,Braves"
jay-j101,Jay,Joey,B,R,ATL,P,Joey Jay,1966,"N,Atlanta,Braves"
johnk102,Johnson,Ken,R,R,ATL,P,Ken Johnson,1966,"N,Atlanta,Braves"
jonem102,Jones,Mack,L,R,ATL,OF,Mack Jones,1966,"N,Atlanta,Braves"
kelld102,Kelley,Dick,R,L,ATL,P,Dick Kelley,1966,"N,Atlanta,Braves"
keoum101,Keough,Marty,L,L,ATL,1B,Marty Keough,1966,"N,Atlanta,Braves"
kopag101,Kopacz,George,L,L,ATL,1B,George Kopacz,1966,"N,Atlanta,Braves"
lemad102,Lemaster,Denny,R,L,ATL,P,Denny Lemaster,1966,"N,Atlanta,Braves"
mathe101,Mathews,Eddie,L,R,ATL,3B,Eddie Mathews,1966,"N,Atlanta,Braves"
menkd101,Menke,Denis,R,R,ATL,SS,Denis Menke,1966,"N,Atlanta,Braves"
millf105,Millan,Felix,R,R,ATL,2B,Felix Millan,1966,"N,Atlanta,Braves"
niekp001,Niekro,Phil,R,R,ATL,P,Phil Niekro,1966,"N,Atlanta,Braves"
odelb101,O'Dell,Billy,B,L,ATL,P,Billy O'Dell,1966,"N,Atlanta,Braves"
olivc101,Olivo,Chi-Chi,R,R,ATL,P,Chi-Chi Olivo,1966,"N,Atlanta,Braves"
olivg101,Oliver,Gene,R,R,ATL,C,Gene Oliver,1966,"N,Atlanta,Braves"
reedr001,Reed,Ron,R,R,ATL,P,Ron Reed,1966,"N,Atlanta,Braves"
ritcj101,Ritchie,Jay,R,R,ATL,P,Jay Ritchie,1966,"N,Atlanta,Braves"
robib101,Robinson,Bill,R,R,ATL,OF,Bill Robinson,1966,"N,Atlanta,Braves"
sadoe101,Sadowski,Ed,R,R,ATL,C,Ed Sadowski,1966,"N,Atlanta,Braves"
schnd101,Schneider,Dan,L,L,ATL,P,Dan Schneider,1966,"N,Atlanta,Braves"
schwd101,Schwall,Don,R,R,ATL,P,Don Schwall,1966,"N,Atlanta,Braves"
thoml103,Thomas,Lee,L,R,ATL,1B,Lee Thomas,1966,"N,Atlanta,Braves"
torrj101,Torre,Joe,R,R,ATL,C,Joe Torre,1966,"N,Atlanta,Braves"
umbaa101,Umbach,Arnold,R,R,ATL,P,Arnold Umbach,1966,"N,Atlanta,Braves"
upshc101,Upshaw,Cecil,R,R,ATL,P,Cecil Upshaw,1966,"N,Atlanta,Braves"
vaugc101,Vaughan,Charlie,R,L,ATL,P,Charlie Vaughan,1966,"N,Atlanta,Braves"
woodw101,Woodward,Woody,R,R,ATL,2B,Woody Woodward,1966,"N,Atlanta,Braves"
akerj102,Aker,Jack,R,R,KC1,P,Jack Aker,1966,"A,Kansas City,Athletics"
bands101,Bando,Sal,R,R,KC1,3B,Sal Bando,1966,"A,Kansas City,Athletics"
blang101,Blanco,Gil,L,L,KC1,P,Gil Blanco,1966,"A,Kansas City,Athletics"
blasd101,Blasingame,Don,L,R,KC1,2B,Don Blasingame,1966,"A,Kansas City,Athletics"
bryab101,Bryan,Billy,L,R,KC1,C,Billy Bryan,1966,"A,Kansas City,Athletics"
campb101,Campaneris,Bert,R,R,KC1,SS,Bert Campaneris,1966,"A,Kansas City,Athletics"
cated101,Cater,Danny,R,R,KC1,1B,Danny Cater,1966,"A,Kansas City,Athletics"
causw101,Causey,Wayne,L,R,KC1,3B,Wayne Causey,1966,"A,Kansas City,Athletics"
chare101,Charles,Ed,R,R,KC1,3B,Ed Charles,1966,"A,Kansas City,Athletics"
chavo101,Chavarria,Ossie,R,R,KC1,OF,Ossie Chavarria,1966,"A,Kansas City,Athletics"
dickj101,Dickson,Jim,L,R,KC1,P,Jim Dickson,1966,"A,Kansas City,Athletics"
dobsc101,Dobson,Chuck,R,R,KC1,P,Chuck Dobson,1966,"A,Kansas City,Athletics"
donaj101,Donaldson,John,L,R,KC1,2B,John Donaldson,1966,"A,Kansas City,Athletics"
duckj101,Duckworth,Jim,R,R,KC1,P,Jim Duckworth,1966,"A,Kansas City,Athletics"
edgeb101,Edgerton,Bill,L,L,KC1,P,Bill Edgerton,1966,"A,Kansas City,Athletics"
fazie101,Fazio,Ernie,R,R,KC1,2B,Ernie Fazio,1966,"A,Kansas City,Athletics"
gosgj101,Gosger,Jim,L,L,KC1,OF,Jim Gosger,1966,"A,Kansas City,Athletics"
greed102,Green,Dick,R,R,KC1,2B,Dick Green,1966,"A,Kansas City,Athletics"
grilg101,Grilli,Guido,L,L,KC1,P,Guido Grilli,1966,"A,Kansas City,Athletics"
grzej101,Grzenda,Joe,R,L,KC1,P,Joe Grzenda,1966,"A,Kansas City,Athletics"
handv101,Handrahan,Vern,L,R,KC1,P,Vern Handrahan,1966,"A,Kansas City,Athletics"
harrk101,Harrelson,Ken,R,R,KC1,1B,Ken Harrelson,1966,"A,Kansas City,Athletics"
hersm101,Hershberger,Mike,R,R,KC1,OF,Mike Hershberger,1966,"A,Kansas City,Athletics"
hickj104,Hickman,Jesse,R,R,KC1,P,Jesse Hickman,1966,"A,Kansas City,Athletics"
huntj101,Hunter,Catfish,R,R,KC1,P,Catfish Hunter,1966,"A,Kansas City,Athletics"
jimem101,Jimenez,Manny,L,R,KC1,OF,Manny Jimenez,1966,"A,Kansas City,Athletics"
kraul102,Krausse,Lew,R,R,KC1,P,Lew Krausse,1966,"A,Kansas City,Athletics"
lachr101,Lachemann,Rene,R,R,KC1,C,Rene Lachemann,1966,"A,Kansas City,Athletics"
lindp101,Lindblad,Paul,L,L,KC1,P,Paul Lindblad,1966,"A,Kansas City,Athletics"
mondr001,Monday,Rick,L,L,KC1,OF,Rick Monday,1966,"A,Kansas City,Athletics"
monta103,Monteagudo,Aurelio,R,R,KC1,P,Aurelio Monteagudo,1966,"A,Kansas City,Athletics"
nashj101,Nash,Jim,R,R,KC1,P,Jim Nash,1966,"A,Kansas City,Athletics"
nossj101,Nossek,Joe,R,R,KC1,OF,Joe Nossek,1966,"A,Kansas City,Athletics"
odomj101,Odom,Blue Moon,R,R,KC1,P,Blue Moon Odom,1966,"A,Kansas City,Athletics"
repor101,Repoz,Roger,L,L,KC1,OF,Roger Repoz,1966,"A,Kansas City,Athletics"
roofp101,Roof,Phil,R,R,KC1,C,Phil Roof,1966,"A,Kansas City,Athletics"
sandk101,Sanders,Ken,R,R,KC1,P,Ken Sanders,1966,"A,Kansas City,Athletics"
schwr101,Schwartz,Randy,L,L,KC1,1B,Randy Schwartz,1966,"A,Kansas City,Athletics"
shelr101,Sheldon,Rollie,R,R,KC1,P,Rollie Sheldon,1966,"A,Kansas City,Athletics"
stafb101,Stafford,Bill,R,R,KC1,P,Bill Stafford,1966,"A,Kansas City,Athletics"
stahl101,Stahl,Larry,L,L,KC1,OF,Larry Stahl,1966,"A,Kansas City,Athletics"
stocw101,Stock,Wes,R,R,KC1,P,Wes Stock,1966,"A,Kansas City,Athletics"
stonr102,Stone,Ron,L,L,KC1,OF,Ron Stone,1966,"A,Kansas City,Athletics"
suark101,Suarez,Ken,R,R,KC1,C,Ken Suarez,1966,"A,Kansas City,Athletics"
talbf101,Talbot,Fred,R,R,KC1,P,Fred Talbot,1966,"A,Kansas City,Athletics"
taltt101,Talton,Tim,L,R,KC1,C,Tim Talton,1966,"A,Kansas City,Athletics"
tartj101,Tartabull,Jose,L,L,KC1,OF,Jose Tartabull,1966,"A,Kansas City,Athletics"
terrr101,Terry,Ralph,R,R,KC1,P,Ralph Terry,1966,"A,Kansas City,Athletics"
wyatj102,Wyatt,John,R,R,KC1,P,John Wyatt,1966,"A,Kansas City,Athletics"
amarr101,Amaro,Ruben,R,R,NYA,SS,Ruben Amaro,1966,"A,New York,Yankees"
bahns101,Bahnsen,Stan,R,R,NYA,P,Stan Bahnsen,1966,"A,New York,Yankees"
barkr102,Barker,Ray,L,R,NYA,1B,Ray Barker,1966,"A,New York,Yankees"
boutj101,Bouton,Jim,R,R,NYA,P,Jim Bouton,1966,"A,New York,Yankees"
boyec102,Boyer,Clete,R,R,NYA,3B,Clete Boyer,1966,"A,New York,Yankees"
bryab101,Bryan,Billy,L,R,NYA,C,Billy Bryan,1966,"A,New York,Yankees"
clarh101,Clarke,Horace,B,R,NYA,SS,Horace Clarke,1966,"A,New York,Yankees"
clinl101,Clinton,Lou,R,R,NYA,OF,Lou Clinton,1966,"A,New York,Yankees"
cullj101,Cullen,Jack,R,R,NYA,P,Jack Cullen,1966,"A,New York,Yankees"
downa101,Downing,Al,R,L,NYA,P,Al Downing,1966,"A,New York,Yankees"
ferrm101,Ferraro,Mike,R,R,NYA,3B,Mike Ferraro,1966,"A,New York,Yankees"
fordw101,Ford,Whitey,L,L,NYA,P,Whitey Ford,1966,"A,New York,Yankees"
frieb102,Friend,Bob,R,R,NYA,P,Bob Friend,1966,"A,New York,Yankees"
gibbj101,Gibbs,Jake,L,R,NYA,C,Jake Gibbs,1966,"A,New York,Yankees"
hamis101,Hamilton,Steve,L,L,NYA,P,Steve Hamilton,1966,"A,New York,Yankees"
hegam101,Hegan,Mike,L,L,NYA,1B,Mike Hegan,1966,"A,New York,Yankees"
henrb102,Henry,Bill,L,L,NYA,P,Bill Henry,1966,"A,New York,Yankees"
howae101,Howard,Elston,R,R,NYA,C,Elston Howard,1966,"A,New York,Yankees"
lopeh101,Lopez,Hector,R,R,NYA,OF,Hector Lopez,1966,"A,New York,Yankees"
mantm101,Mantle,Mickey,B,R,NYA,OF,Mickey Mantle,1966,"A,New York,Yankees"
marir101,Maris,Roger,L,R,NYA,OF,Roger Maris,1966,"A,New York,Yankees"
millj104,Miller,John,R,R,NYA,1B,John Miller,1966,"A,New York,Yankees"
murcb101,Murcer,Bobby,L,R,NYA,SS,Bobby Murcer,1966,"A,New York,Yankees"
pepij101,Pepitone,Joe,L,L,NYA,1B,Joe Pepitone,1966,"A,New York,Yankees"
petef101,Peterson,Fritz,B,L,NYA,P,Fritz Peterson,1966,"A,New York,Yankees"
ramop101,Ramos,Pedro,B,R,NYA,P,Pedro Ramos,1966,"A,New York,Yankees"
renih101,Reniff,Hal,R,R,NYA,P,Hal Reniff,1966,"A,New York,Yankees"
repor101,Repoz,Roger,L,L,NYA,OF,Roger Repoz,1966,"A,New York,Yankees"
richb102,Richardson,Bobby,R,R,NYA,2B,Bobby Richardson,1966,"A,New York,Yankees"
schod101,Schofield,Dick,B,R,NYA,SS,Dick Schofield,1966,"A,New York,Yankees"
stotm101,Stottlemyre,Mel,R,R,NYA,P,Mel Stottlemyre,1966,"A,New York,Yankees"
talbf101,Talbot,Fred,R,R,NYA,P,Fred Talbot,1966,"A,New York,Yankees"
trest101,Tresh,Tom,B,R,NYA,OF,Tom Tresh,1966,"A,New York,Yankees"
whitr101,White,Roy,B,R,NYA,OF,Roy White,1966,"A,New York,Yankees"
whits101,Whitaker,Steve,L,R,NYA,OF,Steve Whitaker,1966,"A,New York,Yankees"
womad101,Womack,Dooley,L,R,NYA,P,Dooley Womack,1966,"A,New York,Yankees"
barbj102,Barbieri,Jim,L,R,LAN,OF,Jim Barbieri,1966,"N,Los Angeles,Dodgers"
brewj102,Brewer,Jim,L,L,LAN,P,Jim Brewer,1966,"N,Los Angeles,Dodgers"
campj105,Campanis,Jim,R,R,LAN,C,Jim Campanis,1966,"N,Los Angeles,Dodgers"
coviw101,Covington,Wes,L,R,LAN,OF,Wes Covington,1966,"N,Los Angeles,Dodgers"
craww101,Crawford,Willie,L,L,LAN,PR,Willie Crawford,1966,"N,Los Angeles,Dodgers"
davit103,Davis,Tommy,R,R,LAN,OF,Tommy Davis,1966,"N,Los Angeles,Dodgers"
daviw102,Davis,Willie,L,L,LAN,OF,Willie Davis,1966,"N,Los Angeles,Dodgers"
drysd101,Drysdale,Don,R,R,LAN,P,Don Drysdale,1966,"N,Los Angeles,Dodgers"
fairr101,Fairly,Ron,L,L,LAN,OF,Ron Fairly,1966,"N,Los Angeles,Dodgers"
ferra101,Ferrara,Al,R,R,LAN,OF,Al Ferrara,1966,"N,Los Angeles,Dodgers"
gillj102,Gilliam,Jim,B,R,LAN,3B,Jim Gilliam,1966,"N,Los Angeles,Dodgers"
grifd102,Griffith,Derrell,L,R,LAN,OF,Derrell Griffith,1966,"N,Los Angeles,Dodgers"
huttt101,Hutton,Tom,L,L,LAN,1B,Tom Hutton,1966,"N,Los Angeles,Dodgers"
johnl104,Johnson,Lou,R,R,LAN,OF,Lou Johnson,1966,"N,Los Angeles,Dodgers"
kennj105,Kennedy,John,R,R,LAN,3B,John Kennedy,1966,"N,Los Angeles,Dodgers"
koufs101,Koufax,Sandy,R,L,LAN,P,Sandy Koufax,1966,"N,Los Angeles,Dodgers"
lefej101,Lefebvre,Jim,B,R,LAN,2B,Jim Lefebvre,1966,"N,Los Angeles,Dodgers"
millb106,Miller,Bob,R,R,LAN,P,Bob Miller,1966,"N,Los Angeles,Dodgers"
moelj101,Moeller,Joe,R,R,LAN,P,Joe Moeller,1966,"N,Los Angeles,Dodgers"
olivn101,Oliver,Nate,R,R,LAN,2B,Nate Oliver,1966,"N,Los Angeles,Dodgers"
ostec103,Osteen,Claude,L,L,LAN,P,Claude Osteen,1966,"N,Los Angeles,Dodgers"
parkw101,Parker,Wes,B,L,LAN,1B,Wes Parker,1966,"N,Los Angeles,Dodgers"
perrr101,Perranoski,Ron,L,L,LAN,P,Ron Perranoski,1966,"N,Los Angeles,Dodgers"
podrj101,Podres,Johnny,L,L,LAN,P,Johnny Podres,1966,"N,Los Angeles,Dodgers"
reedh102,Reed,Howie,R,R,LAN,P,Howie Reed,1966,"N,Los Angeles,Dodgers"
regap101,Regan,Phil,R,R,LAN,P,Phil Regan,1966,"N,Los Angeles,Dodgers"
rosej101,Roseboro,John,L,R,LAN,C,John Roseboro,1966,"N,Los Angeles,Dodgers"
schod101,Schofield,Dick,B,R,LAN,3B,Dick Schofield,1966,"N,Los Angeles,Dodgers"
shirb101,Shirley,Bart,R,R,LAN,SS,Bart Shirley,1966,"N,Los Angeles,Dodgers"
singb101,Singer,Bill,R,R,LAN,P,Bill Singer,1966,"N,Los Angeles,Dodgers"
stuad101,Stuart,Dick,R,R,LAN,1B,Dick Stuart,1966,"N,Los Angeles,Dodgers"
suttd001,Sutton,Don,R,R,LAN,P,Don Sutton,1966,"N,Los Angeles,Dodgers"
torbj101,Torborg,Jeff,R,R,LAN,C,Jeff Torborg,1966,"N,Los Angeles,Dodgers"
willm102,Wills,Maury,B,R,LAN,SS,Maury Wills,1966,"N,Los Angeles,Dodgers"
willn101,Willhite,Nick,L,L,LAN,P,Nick Willhite,1966,"N,Los Angeles,Dodgers"
austd101,Aust,Dennis,R,R,SLN,P,Dennis Aust,1966,"N,St.Louis,Cardinals"
briln101,Briles,Nelson,R,R,SLN,P,Nelson Briles,1966,"N,St.Louis,Cardinals"
brocl102,Brock,Lou,L,L,SLN,OF,Lou Brock,1966,"N,St.Louis,Cardinals"
buchj102,Buchek,Jerry,R,R,SLN,2B,Jerry Buchek,1966,"N,St.Louis,Cardinals"
carls001,Carlton,Steve,L,L,SLN,P,Steve Carlton,1966,"N,St.Louis,Cardinals"
cepeo101,Cepeda,Orlando,R,R,SLN,1B,Orlando Cepeda,1966,"N,St.Louis,Cardinals"
corrp102,Corrales,Pat,R,R,SLN,C,Pat Corrales,1966,"N,St.Louis,Cardinals"
cosmj101,Cosman,Jim,R,R,SLN,P,Jim Cosman,1966,"N,St.Louis,Cardinals"
dennd101,Dennis,Don,R,R,SLN,P,Don Dennis,1966,"N,St.Louis,Cardinals"
flooc101,Flood,Curt,R,R,SLN,OF,Curt Flood,1966,"N,St.Louis,Cardinals"
frant101,Francona,Tito,L,L,SLN,1B,Tito Francona,1966,"N,St.Louis,Cardinals"
gaglp101,Gagliano,Phil,R,R,SLN,3B,Phil Gagliano,1966,"N,St.Louis,Cardinals"
gibsb101,Gibson,Bob,R,R,SLN,P,Bob Gibson,1966,"N,St.Louis,Cardinals"
hoerj101,Hoerner,Joe,R,L,SLN,P,Joe Hoerner,1966,"N,St.Louis,Cardinals"
hughd101,Hughes,Dick,R,R,SLN,P,Dick Hughes,1966,"N,St.Louis,Cardinals"
jacka101,Jackson,Al,L,L,SLN,P,Al Jackson,1966,"N,St.Louis,Cardinals"
jastl101,Jaster,Larry,L,L,SLN,P,Larry Jaster,1966,"N,St.Louis,Cardinals"
javij101,Javier,Julian,R,R,SLN,2B,Julian Javier,1966,"N,St.Louis,Cardinals"
johna104,Johnson,Alex,R,R,SLN,OF,Alex Johnson,1966,"N,St.Louis,Cardinals"
kerng101,Kernek,George,L,L,SLN,1B,George Kernek,1966,"N,St.Louis,Cardinals"
mahaa102,Mahaffey,Art,R,R,SLN,P,Art Mahaffey,1966,"N,St.Louis,Cardinals"
maxvd101,Maxvill,Dal,R,R,SLN,SS,Dal Maxvill,1966,"N,St.Louis,Cardinals"
mccat101,McCarver,Tim,L,R,SLN,C,Tim McCarver,1966,"N,St.Louis,Cardinals"
pichr101,Piche,Ron,R,R,SLN,P,Ron Piche,1966,"N,St.Louis,Cardinals"
sader101,Sadecki,Ray,L,L,SLN,P,Ray Sadecki,1966,"N,St.Louis,Cardinals"
savat101,Savage,Ted,R,R,SLN,OF,Ted Savage,1966,"N,St.Louis,Cardinals"
shanm101,Shannon,Mike,R,R,SLN,OF,Mike Shannon,1966,"N,St.Louis,Cardinals"
simmc101,Simmons,Curt,L,L,SLN,P,Curt Simmons,1966,"N,St.Louis,Cardinals"
skinb101,Skinner,Bob,L,R,SLN,PH,Bob Skinner,1966,"N,St.Louis,Cardinals"
smitc105,Smith,Charley,R,R,SLN,3B,Charley Smith,1966,"N,St.Louis,Cardinals"
spiee101,Spiezio,Ed,R,R,SLN,3B,Ed Spiezio,1966,"N,St.Louis,Cardinals"
stalt101,Stallard,Tracy,R,R,SLN,P,Tracy Stallard,1966,"N,St.Louis,Cardinals"
tolab101,Tolan,Bobby,L,L,SLN,OF,Bobby Tolan,1966,"N,St.Louis,Cardinals"
washr101,Washburn,Ray,R,R,SLN,P,Ray Washburn,1966,"N,St.Louis,Cardinals"
willj107,Williams,Jimy,R,R,SLN,SS,Jimy Williams,1966,"N,St.Louis,Cardinals"
willr102,Willis,Ron,R,R,SLN,P,Ron Willis,1966,"N,St.Louis,Cardinals"
woodh101,Woodeshick,Hal,R,L,SLN,P,Hal Woodeshick,1966,"N,St.Louis,Cardinals"
alouj101,Alou,Jesus,R,R,SFN,OF,Jesus Alou,1966,"N,San Francisco,Giants"
bartb101,Barton,Bob,R,R,SFN,C,Bob Barton,1966,"N,San Francisco,Giants"
bolib101,Bolin,Bobby,R,R,SFN,P,Bobby Bolin,1966,"N,San Francisco,Giants"
browo102,Brown,Ollie,R,R,SFN,OF,Ollie Brown,1966,"N,San Francisco,Giants"
burdb102,Burda,Bob,L,L,SFN,1B,Bob Burda,1966,"N,San Francisco,Giants"
cepeo101,Cepeda,Orlando,R,R,SFN,OF,Orlando Cepeda,1966,"N,San Francisco,Giants"
davej101,Davenport,Jim,R,R,SFN,SS,Jim Davenport,1966,"N,San Francisco,Giants"
dietd101,Dietz,Dick,R,R,SFN,C,Dick Dietz,1966,"N,San Francisco,Giants"
fuent101,Fuentes,Tito,B,R,SFN,SS,Tito Fuentes,1966,"N,San Francisco,Giants"
gabrl102,Gabrielson,Len,L,R,SFN,OF,Len Gabrielson,1966,"N,San Francisco,Giants"
garib101,Garibaldi,Bob,L,R,SFN,P,Bob Garibaldi,1966,"N,San Francisco,Giants"
gibbj102,Gibbon,Joe,R,L,SFN,P,Joe Gibbon,1966,"N,San Francisco,Giants"
hallt102,Haller,Tom,L,R,SFN,C,Tom Haller,1966,"N,San Francisco,Giants"
hartj102,Hart,Jim Ray,R,R,SFN,3B,Jim Ray Hart,1966,"N,San Francisco,Giants"
hendk101,Henderson,Ken,B,R,SFN,OF,Ken Henderson,1966,"N,San Francisco,Giants"
henrb101,Henry,Bill,L,L,SFN,P,Bill Henry,1966,"N,San Francisco,Giants"
herbr102,Herbel,Ron,R,R,SFN,P,Ron Herbel,1966,"N,San Francisco,Giants"
hiatj101,Hiatt,Jack,R,R,SFN,1B,Jack Hiatt,1966,"N,San Francisco,Giants"
hoefb101,Hoeft,Billy,L,L,SFN,P,Billy Hoeft,1966,"N,San Francisco,Giants"
johnf103,Johnson,Frank,R,R,SFN,OF,Frank Johnson,1966,"N,San Francisco,Giants"
landd101,Landrum,Don,L,R,SFN,OF,Don Landrum,1966,"N,San Francisco,Giants"
lanih101,Lanier,Hal,R,R,SFN,2B,Hal Lanier,1966,"N,San Francisco,Giants"
linzf101,Linzy,Frank,R,R,SFN,P,Frank Linzy,1966,"N,San Francisco,Giants"
marij101,Marichal,Juan,R,R,SFN,P,Juan Marichal,1966,"N,San Francisco,Giants"
masod101,Mason,Don,L,R,SFN,2B,Don Mason,1966,"N,San Francisco,Giants"
maysw101,Mays,Willie,R,R,SFN,OF,Willie Mays,1966,"N,San Francisco,Giants"
mccow101,McCovey,Willie,L,L,SFN,1B,Willie McCovey,1966,"N,San Francisco,Giants"
mcdal101,McDaniel,Lindy,R,R,SFN,P,Lindy McDaniel,1966,"N,San Francisco,Giants"
perrg101,Perry,Gaylord,R,R,SFN,P,Gaylord Perry,1966,"N,San Francisco,Giants"
petec101,Peterson,Cap,R,R,SFN,OF,Cap Peterson,1966,"N,San Francisco,Giants"
pridb101,Priddy,Bob,R,R,SFN,P,Bob Priddy,1966,"N,San Francisco,Giants"
rober101,Robertson,Rich,R,R,SFN,P,Rich Robertson,1966,"N,San Francisco,Giants"
sader101,Sadecki,Ray,L,L,SFN,P,Ray Sadecki,1966,"N,San Francisco,Giants"
schod101,Schofield,Dick,B,R,SFN,SS,Dick Schofield,1966,"N,San Francisco,Giants"
schrb102,Schroder,Bob,L,R,SFN,SS,Bob Schroder,1966,"N,San Francisco,Giants"
shawb103,Shaw,Bob,R,R,SFN,P,Bob Shaw,1966,"N,San Francisco,Giants"
virgo101,Virgil,Ozzie,R,R,SFN,3B,Ozzie Virgil,1966,"N,San Francisco,Giants"
andrm101,Andrews,Mike,R,R,BOS,2B,Mike Andrews,1966,"A,Boston,Red Sox"
bennd101,Bennett,Dennis,L,L,BOS,P,Dennis Bennett,1966,"A,Boston,Red Sox"
branb102,Brandon,Bucky,R,R,BOS,P,Bucky Brandon,1966,"A,Boston,Red Sox"
chrij101,Christopher,Joe,R,R,BOS,OF,Joe Christopher,1966,"A,Boston,Red Sox"
conit101,Conigliaro,Tony,R,R,BOS,OF,Tony Conigliaro,1966,"A,Boston,Red Sox"
demed101,Demeter,Don,R,R,BOS,OF,Don Demeter,1966,"A,Boston,Red Sox"
fisch101,Fischer,Hank,R,R,BOS,P,Hank Fischer,1966,"A,Boston,Red Sox"
foy-j101,Foy,Joe,R,R,BOS,3B,Joe Foy,1966,"A,Boston,Red Sox"
gosgj101,Gosger,Jim,L,L,BOS,OF,Jim Gosger,1966,"A,Boston,Red Sox"
greel101,Green,Lenny,L,L,BOS,OF,Lenny Green,1966,"A,Boston,Red Sox"
grilg101,Grilli,Guido,L,L,BOS,P,Guido Grilli,1966,"A,Boston,Red Sox"
hortt101,Horton,Tony,R,R,BOS,1B,Tony Horton,1966,"A,Boston,Red Sox"
joned102,Jones,Dalton,L,R,BOS,2B,Dalton Jones,1966,"A,Boston,Red Sox"
kaske101,Kasko,Eddie,R,R,BOS,SS,Eddie Kasko,1966,"A,Boston,Red Sox"
lonbj101,Lonborg,Jim,R,R,BOS,P,Jim Lonborg,1966,"A,Boston,Red Sox"
magrp101,Magrini,Pete,R,R,BOS,P,Pete Magrini,1966,"A,Boston,Red Sox"
mcmad102,McMahon,Don,R,R,BOS,P,Don McMahon,1966,"A,Boston,Red Sox"
mored103,Morehead,Dave,R,R,BOS,P,Dave Morehead,1966,"A,Boston,Red Sox"
osind101,Osinski,Dan,R,R,BOS,P,Dan Osinski,1966,"A,Boston,Red Sox"
petrr101,Petrocelli,Rico,R,R,BOS,SS,Rico Petrocelli,1966,"A,Boston,Red Sox"
radad101,Radatz,Dick,R,R,BOS,P,Dick Radatz,1966,"A,Boston,Red Sox"
roggg101,Roggenburk,Garry,R,L,BOS,P,Garry Roggenburk,1966,"A,Boston,Red Sox"
ryanm101,Ryan,Mike,R,R,BOS,C,Mike Ryan,1966,"A,Boston,Red Sox"
sadob102,Sadowski,Bob,R,R,BOS,P,Bob Sadowski,1966,"A,Boston,Red Sox"
sandk101,Sanders,Ken,R,R,BOS,P,Ken Sanders,1966,"A,Boston,Red Sox"
santj101,Santiago,Jose,R,R,BOS,P,Jose Santiago,1966,"A,Boston,Red Sox"
scotg102,Scott,George,R,R,BOS,1B,George Scott,1966,"A,Boston,Red Sox"
shelr101,Sheldon,Rollie,R,R,BOS,P,Rollie Sheldon,1966,"A,Boston,Red Sox"
shorb101,Short,Bill,L,L,BOS,P,Bill Short,1966,"A,Boston,Red Sox"
smitg101,Smith,George,R,R,BOS,2B,George Smith,1966,"A,Boston,Red Sox"
smitr101,Smith,Reggie,B,R,BOS,OF,Reggie Smith,1966,"A,Boston,Red Sox"
stanl101,Stange,Lee,R,R,BOS,P,Lee Stange,1966,"A,Boston,Red Sox"
stepj103,Stephenson,Jerry,L,R,BOS,P,Jerry Stephenson,1966,"A,Boston,Red Sox"
stigd101,Stigman,Dick,R,L,BOS,P,Dick Stigman,1966,"A,Boston,Red Sox"
tartj101,Tartabull,Jose,L,L,BOS,OF,Jose Tartabull,1966,"A,Boston,Red Sox"
thomg102,Thomas,George,R,R,BOS,OF,George Thomas,1966,"A,Boston,Red Sox"
tillb101,Tillman,Bob,R,R,BOS,C,Bob Tillman,1966,"A,Boston,Red Sox"
wilse102,Wilson,Earl,R,R,BOS,P,Earl Wilson,1966,"A,Boston,Red Sox"
wyatj102,Wyatt,John,R,R,BOS,P,John Wyatt,1966,"A,Boston,Red Sox"
yastc101,Yastrzemski,Carl,L,R,BOS,OF,Carl Yastrzemski,1966,"A,Boston,Red Sox"
abert101,Abernathy,Ted,R,R,CHN,P,Ted Abernathy,1966,"N,Chicago,Cubs"
altmg101,Altman,George,L,R,CHN,OF,George Altman,1966,"N,Chicago,Cubs"
amalj101,Amalfitano,Joey,R,R,CHN,2B,Joey Amalfitano,1966,"N,Chicago,Cubs"
banke101,Banks,Ernie,R,R,CHN,1B,Ernie Banks,1966,"N,Chicago,Cubs"
beckg101,Beckert,Glenn,R,R,CHN,2B,Glenn Beckert,1966,"N,Chicago,Cubs"
boccj101,Boccabella,John,R,R,CHN,OF,John Boccabella,1966,"N,Chicago,Cubs"
broge101,Broglio,Ernie,R,R,CHN,P,Ernie Broglio,1966,"N,Chicago,Cubs"
browb101,Browne,Byron,R,R,CHN,OF,Byron Browne,1966,"N,Chicago,Cubs"
bryad101,Bryant,Don,R,R,CHN,C,Don Bryant,1966,"N,Chicago,Cubs"
buhlb101,Buhl,Bob,R,R,CHN,P,Bob Buhl,1966,"N,Chicago,Cubs"
campr101,Campbell,Ron,R,R,CHN,SS,Ron Campbell,1966,"N,Chicago,Cubs"
churl101,Church,Len,B,R,CHN,P,Len Church,1966,"N,Chicago,Cubs"
clint101,Cline,Ty,L,L,CHN,OF,Ty Cline,1966,"N,Chicago,Cubs"
connb101,Connors,Bill,R,R,CHN,P,Bill Connors,1966,"N,Chicago,Cubs"
coviw101,Covington,Wes,L,R,CHN,OF,Wes Covington,1966,"N,Chicago,Cubs"
dowld101,Dowling,Dave,R,L,CHN,P,Dave Dowling,1966,"N,Chicago,Cubs"
earla101,Earley,Arnold,L,L,CHN,P,Arnold Earley,1966,"N,Chicago,Cubs"
ellsd101,Ellsworth,Dick,L,L,CHN,P,Dick Ellsworth,1966,"N,Chicago,Cubs"
estrc101,Estrada,Chuck,R,R,CHN,P,Chuck Estrada,1966,"N,Chicago,Cubs"
faulb101,Faul,Bill,R,R,CHN,P,Bill Faul,1966,"N,Chicago,Cubs"
handb101,Hands,Bill,R,R,CHN,P,Bill Hands,1966,"N,Chicago,Cubs"
hartc105,Hartenstein,Chuck,R,R,CHN,P,Chuck Hartenstein,1966,"N,Chicago,Cubs"
hendb101,Hendley,Bob,R,L,CHN,P,Bob Hendley,1966,"N,Chicago,Cubs"
herrj101,Herrnstein,John,L,L,CHN,1B,John Herrnstein,1966,"N,Chicago,Cubs"
hoefb101,Hoeft,Billy,L,L,CHN,P,Billy Hoeft,1966,"N,Chicago,Cubs"
holtk101,Holtzman,Ken,R,L,CHN,P,Ken Holtzman,1966,"N,Chicago,Cubs"
hundr101,Hundley,Randy,R,R,CHN,C,Randy Hundley,1966,"N,Chicago,Cubs"
jackl102,Jackson,Larry,R,R,CHN,P,Larry Jackson,1966,"N,Chicago,Cubs"
jenkf101,Jenkins,Fergie,R,R,CHN,P,Fergie Jenkins,1966,"N,Chicago,Cubs"
keoum101,Keough,Marty,L,L,CHN,OF,Marty Keough,1966,"N,Chicago,Cubs"
kessd101,Kessinger,Don,B,R,CHN,SS,Don Kessinger,1966,"N,Chicago,Cubs"
koonc101,Koonce,Cal,R,R,CHN,P,Cal Koonce,1966,"N,Chicago,Cubs"
krugc101,Krug,Chris,R,R,CHN,C,Chris Krug,1966,"N,Chicago,Cubs"
kuenh101,Kuenn,Harvey,R,R,CHN,OF,Harvey Kuenn,1966,"N,Chicago,Cubs"
lee-d102,Lee,Don,R,R,CHN,P,Don Lee,1966,"N,Chicago,Cubs"
normf101,Norman,Fred,B,L,CHN,P,Fred Norman,1966,"N,Chicago,Cubs"
nye-r101,Nye,Rich,L,L,CHN,P,Rich Nye,1966,"N,Chicago,Cubs"
penar101,Pena,Roberto,R,R,CHN,SS,Roberto Pena,1966,"N,Chicago,Cubs"
phila101,Phillips,Adolfo,R,R,CHN,OF,Adolfo Phillips,1966,"N,Chicago,Cubs"
popop101,Popovich,Paul,B,R,CHN,2B,Paul Popovich,1966,"N,Chicago,Cubs"
raudb101,Raudman,Bob,L,L,CHN,OF,Bob Raudman,1966,"N,Chicago,Cubs"
rober102,Roberts,Robin,B,R,CHN,P,Robin Roberts,1966,"N,Chicago,Cubs"
santr102,Santo,Ron,R,R,CHN,3B,Ron Santo,1966,"N,Chicago,Cubs"
simmc101,Simmons,Curt,L,L,CHN,P,Curt Simmons,1966,"N,Chicago,Cubs"
stewj102,Stewart,Jimmy,B,R,CHN,OF,Jimmy Stewart,1966,"N,Chicago,Cubs"
thomf103,Thomas,Frank,R,R,CHN,PH,Frank Thomas,1966,"N,Chicago,Cubs"
thoml103,Thomas,Lee,L,R,CHN,1B,Lee Thomas,1966,"N,Chicago,Cubs"
warwc101,Warwick,Carl,R,L,CHN,OF,Carl Warwick,1966,"N,Chicago,Cubs"
willb104,Williams,Billy,L,R,CHN,OF,Billy Williams,1966,"N,Chicago,Cubs"
arrig101,Arrigo,Gerry,L,L,CIN,P,Gerry Arrigo,1966,"N,Cincinnati,Reds"
baldj101,Baldschun,Jack,R,R,CIN,P,Jack Baldschun,1966,"N,Cincinnati,Reds"
cardl101,Cardenas,Leo,R,R,CIN,SS,Leo Cardenas,1966,"N,Cincinnati,Reds"
cokej101,Coker,Jimmie,R,R,CIN,C,Jimmie Coker,1966,"N,Cincinnati,Reds"
coleg101,Coleman,Gordy,L,R,CIN,1B,Gordy Coleman,1966,"N,Cincinnati,Reds"
davit102,Davidson,Ted,R,L,CIN,P,Ted Davidson,1966,"N,Cincinnati,Reds"
edwaj101,Edwards,Johnny,L,R,CIN,C,Johnny Edwards,1966,"N,Cincinnati,Reds"
ellis101,Ellis,Sammy,L,R,CIN,P,Sammy Ellis,1966,"N,Cincinnati,Reds"
fisch101,Fischer,Hank,R,R,CIN,P,Hank Fischer,1966,"N,Cincinnati,Reds"
harpt101,Harper,Tommy,R,R,CIN,OF,Tommy Harper,1966,"N,Cincinnati,Reds"
helmt101,Helms,Tommy,R,R,CIN,3B,Tommy Helms,1966,"N,Cincinnati,Reds"
jay-j101,Jay,Joey,B,R,CIN,P,Joey Jay,1966,"N,Cincinnati,Reds"
johnd103,Johnson,Deron,R,R,CIN,OF,Deron Johnson,1966,"N,Cincinnati,Reds"
maloj102,Maloney,Jim,L,R,CIN,P,Jim Maloney,1966,"N,Cincinnati,Reds"
may-l101,May,Lee,R,R,CIN,1B,Lee May,1966,"N,Cincinnati,Reds"
mccob105,McCool,Billy,R,L,CIN,P,Billy McCool,1966,"N,Cincinnati,Reds"
nottd101,Nottebart,Don,R,R,CIN,P,Don Nottebart,1966,"N,Cincinnati,Reds"
nuxhj101,Nuxhall,Joe,L,L,CIN,P,Joe Nuxhall,1966,"N,Cincinnati,Reds"
osted101,Osteen,Darrell,R,R,CIN,P,Darrell Osteen,1966,"N,Cincinnati,Reds"
otooj101,O'Toole,Jim,B,L,CIN,P,Jim O'Toole,1966,"N,Cincinnati,Reds"
pappm101,Pappas,Milt,R,R,CIN,P,Milt Pappas,1966,"N,Cincinnati,Reds"
pavld101,Pavletich,Don,R,R,CIN,C,Don Pavletich,1966,"N,Cincinnati,Reds"
peret001,Perez,Tony,R,R,CIN,1B,Tony Perez,1966,"N,Cincinnati,Reds"
pinsv101,Pinson,Vada,L,L,CIN,OF,Vada Pinson,1966,"N,Cincinnati,Reds"
queem102,Queen,Mel,L,R,CIN,OF,Mel Queen,1966,"N,Cincinnati,Reds"
rosep001,Rose,Pete,B,R,CIN,2B,Pete Rose,1966,"N,Cincinnati,Reds"
ruizc102,Ruiz,Chico,B,R,CIN,3B,Chico Ruiz,1966,"N,Cincinnati,Reds"
shama101,Shamsky,Art,L,L,CIN,OF,Art Shamsky,1966,"N,Cincinnati,Reds"
simpd102,Simpson,Dick,R,R,CIN,OF,Dick Simpson,1966,"N,Cincinnati,Reds"
tsitj101,Tsitouris,John,R,R,CIN,P,John Tsitouris,1966,"N,Cincinnati,Reds"
zannd101,Zanni,Dom,R,R,CIN,P,Dom Zanni,1966,"N,Cincinnati,Reds"
arrig101,Arrigo,Gerry,L,L,NYN,P,Gerry Arrigo,1966,"N,New York,Mets"
bearl101,Bearnarth,Larry,R,R,NYN,P,Larry Bearnarth,1966,"N,New York,Mets"
boyek101,Boyer,Ken,R,R,NYN,3B,Ken Boyer,1966,"N,New York,Mets"
brese101,Bressoud,Eddie,R,R,NYN,SS,Eddie Bressoud,1966,"N,New York,Mets"
colec105,Coleman,Choo Choo,L,R,NYN,C,Choo Choo Coleman,1966,"N,New York,Mets"
eiled101,Eilers,Dave,R,R,NYN,P,Dave Eilers,1966,"N,New York,Mets"
ellil101,Elliot,Larry,L,L,NYN,OF,Larry Elliot,1966,"N,New York,Mets"
fishj101,Fisher,Jack,R,R,NYN,P,Jack Fisher,1966,"N,New York,Mets"
fitzs101,Fitzmaurice,Shaun,R,R,NYN,OF,Shaun Fitzmaurice,1966,"N,New York,Mets"
frieb102,Friend,Bob,R,R,NYN,P,Bob Friend,1966,"N,New York,Mets"
gardr101,Gardner,Rob,R,L,NYN,P,Rob Gardner,1966,"N,New York,Mets"
goosg101,Goossen,Greg,R,R,NYN,C,Greg Goossen,1966,"N,New York,Mets"
greed101,Green,Dallas,L,R,NYN,P,Dallas Green,1966,"N,New York,Mets"
grotj101,Grote,Jerry,R,R,NYN,C,Jerry Grote,1966,"N,New York,Mets"
hamij101,Hamilton,Jack,R,R,NYN,P,Jack Hamilton,1966,"N,New York,Mets"
harrb101,Harrelson,Bud,B,R,NYN,SS,Bud Harrelson,1966,"N,New York,Mets"
heplb101,Hepler,Bill,L,L,NYN,P,Bill Hepler,1966,"N,New York,Mets"
hickj103,Hickman,Jim,R,R,NYN,OF,Jim Hickman,1966,"N,New York,Mets"
hillc101,Hiller,Chuck,L,R,NYN,2B,Chuck Hiller,1966,"N,New York,Mets"
huntr101,Hunt,Ron,R,R,NYN,2B,Ron Hunt,1966,"N,New York,Mets"
jonec102,Jones,Cleon,R,L,NYN,OF,Cleon Jones,1966,"N,New York,Mets"
kliml101,Klimchock,Lou,L,R,NYN,PH,Lou Klimchock,1966,"N,New York,Mets"
krane101,Kranepool,Ed,L,L,NYN,1B,Ed Kranepool,1966,"N,New York,Mets"
lewij102,Lewis,Johnny,L,R,NYN,OF,Johnny Lewis,1966,"N,New York,Mets"
lupla101,Luplow,Al,L,R,NYN,OF,Al Luplow,1966,"N,New York,Mets"
mcgrt001,McGraw,Tug,R,L,NYN,P,Tug McGraw,1966,"N,New York,Mets"
mcmir101,McMillan,Roy,R,R,NYN,SS,Roy McMillan,1966,"N,New York,Mets"
milll101,Miller,Larry,L,L,NYN,P,Larry Miller,1966,"N,New York,Mets"
murpb101,Murphy,Billy,R,R,NYN,OF,Billy Murphy,1966,"N,New York,Mets"
napod101,Napoleon,Danny,R,R,NYN,OF,Danny Napoleon,1966,"N,New York,Mets"
ribad101,Ribant,Dennis,R,R,NYN,P,Dennis Ribant,1966,"N,New York,Mets"
richg101,Richardson,Gordie,R,L,NYN,P,Gordie Richardson,1966,"N,New York,Mets"
rustd101,Rusteck,Dick,R,L,NYN,P,Dick Rusteck,1966,"N,New York,Mets"
ryann001,Ryan,Nolan,R,R,NYN,P,Nolan Ryan,1966,"N,New York,Mets"
selmd101,Selma,Dick,R,R,NYN,P,Dick Selma,1966,"N,New York,Mets"
shawb103,Shaw,Bob,R,R,NYN,P,Bob Shaw,1966,"N,New York,Mets"
stepj102,Stephenson,John,L,R,NYN,C,John Stephenson,1966,"N,New York,Mets"
stuad101,Stuart,Dick,R,R,NYN,1B,Dick Stuart,1966,"N,New York,Mets"
suthd102,Sutherland,Darrell,R,R,NYN,P,Darrell Sutherland,1966,"N,New York,Mets"
swobr101,Swoboda,Ron,R,R,NYN,OF,Ron Swoboda,1966,"N,New York,Mets"
taylh102,Taylor,Hawk,R,R,NYN,C,Hawk Taylor,1966,"N,New York,Mets"
terrr101,Terry,Ralph,R,R,NYN,P,Ralph Terry,1966,"N,New York,Mets"
alleb105,Allen,Bernie,L,R,MIN,2B,Bernie Allen,1966,"A,Minnesota,Twins"
allib103,Allison,Bob,R,R,MIN,OF,Bob Allison,1966,"A,Minnesota,Twins"
batte101,Battey,Earl,R,R,MIN,C,Earl Battey,1966,"A,Minnesota,Twins"
boswd101,Boswell,Dave,R,R,MIN,P,Dave Boswell,1966,"A,Minnesota,Twins"
cimip101,Cimino,Pete,R,R,MIN,P,Pete Cimino,1966,"A,Minnesota,Twins"
clarr103,Clark,Ron,R,R,MIN,3B,Ron Clark,1966,"A,Minnesota,Twins"
granj101,Grant,Mudcat,R,R,MIN,P,Mudcat Grant,1966,"A,Minnesota,Twins"
hallj107,Hall,Jimmie,L,R,MIN,OF,Jimmie Hall,1966,"A,Minnesota,Twins"
kaatj101,Kaat,Jim,L,L,MIN,P,Jim Kaat,1966,"A,Minnesota,Twins"
kellr101,Keller,Ron,R,R,MIN,P,Ron Keller,1966,"A,Minnesota,Twins"
killh102,Killebrew,Harmon,R,R,MIN,3B,Harmon Killebrew,1966,"A,Minnesota,Twins"
klipj101,Klippstein,Johnny,R,R,MIN,P,Johnny Klippstein,1966,"A,Minnesota,Twins"
kosca101,Kosco,Andy,R,R,MIN,OF,Andy Kosco,1966,"A,Minnesota,Twins"
merrj102,Merritt,Jim,L,L,MIN,P,Jim Merritt,1966,"A,Minnesota,Twins"
mincd101,Mincher,Don,L,R,MIN,1B,Don Mincher,1966,"A,Minnesota,Twins"
mittg101,Mitterwald,George,R,R,MIN,C,George Mitterwald,1966,"A,Minnesota,Twins"
nixor101,Nixon,Russ,L,R,MIN,C,Russ Nixon,1966,"A,Minnesota,Twins"
nossj101,Nossek,Joe,R,R,MIN,OF,Joe Nossek,1966,"A,Minnesota,Twins"
olivt102,Oliva,Tony,L,R,MIN,OF,Tony Oliva,1966,"A,Minnesota,Twins"
olloj101,Ollom,Jim,R,L,MIN,P,Jim Ollom,1966,"A,Minnesota,Twins"
pascc102,Pascual,Camilo,R,R,MIN,P,Camilo Pascual,1966,"A,Minnesota,Twins"
perrj102,Perry,Jim,B,R,MIN,P,Jim Perry,1966,"A,Minnesota,Twins"
pleib101,Pleis,Bill,L,L,MIN,P,Bill Pleis,1966,"A,Minnesota,Twins"
reesr101,Reese,Rich,L,L,MIN,PH,Rich Reese,1966,"A,Minnesota,Twins"
roggg101,Roggenburk,Garry,R,L,MIN,P,Garry Roggenburk,1966,"A,Minnesota,Twins"
rolaj101,Roland,Jim,R,L,MIN,P,Jim Roland,1966,"A,Minnesota,Twins"
rollr101,Rollins,Rich,R,R,MIN,3B,Rich Rollins,1966,"A,Minnesota,Twins"
siebd101,Siebler,Dwight,R,R,MIN,P,Dwight Siebler,1966,"A,Minnesota,Twins"
tovac101,Tovar,Cesar,R,R,MIN,2B,Cesar Tovar,1966,"A,Minnesota,Twins"
uhlat101,Uhlaender,Ted,L,R,MIN,OF,Ted Uhlaender,1966,"A,Minnesota,Twins"
valds101,Valdespino,Sandy,L,L,MIN,OF,Sandy Valdespino,1966,"A,Minnesota,Twins"
versz101,Versalles,Zoilo,R,R,MIN,SS,Zoilo Versalles,1966,"A,Minnesota,Twins"
worta101,Worthington,Al,R,R,MIN,P,Al Worthington,1966,"A,Minnesota,Twins"
zimmj101,Zimmerman,Jerry,R,R,MIN,C,Jerry Zimmerman,1966,"A,Minnesota,Twins"
adled101,Adlesh,Dave,R,R,HOU,C,Dave Adlesh,1966,"N,Houston,Astros"
arlid101,Arlich,Don,L,L,HOU,P,Don Arlich,1966,"N,Houston,Astros"
asprb101,Aspromonte,Bob,R,R,HOU,3B,Bob Aspromonte,1966,"N,Houston,Astros"
batej102,Bateman,John,R,R,HOU,C,John Bateman,1966,"N,Houston,Astros"
branr101,Brand,Ron,R,R,HOU,C,Ron Brand,1966,"N,Houston,Astros"
brucb101,Bruce,Bob,R,R,HOU,P,Bob Bruce,1966,"N,Houston,Astros"
carpf101,Carpin,Frank,L,L,HOU,P,Frank Carpin,1966,"N,Houston,Astros"
colbn101,Colbert,Nate,R,R,HOU,PR,Nate Colbert,1966,"N,Houston,Astros"
coomd101,Coombs,Danny,R,L,HOU,P,Danny Coombs,1966,"N,Houston,Astros"
cuelm101,Cuellar,Mike,L,L,HOU,P,Mike Cuellar,1966,"N,Houston,Astros"
davib105,Davis,Brock,L,L,HOU,OF,Brock Davis,1966,"N,Houston,Astros"
davir102,Davis,Ron,R,R,HOU,OF,Ron Davis,1966,"N,Houston,Astros"
dierl101,Dierker,Larry,R,R,HOU,P,Larry Dierker,1966,"N,Houston,Astros"
farrt101,Farrell,Turk,R,R,HOU,P,Turk Farrell,1966,"N,Houston,Astros"
freeg102,Freese,Gene,R,R,HOU,3B,Gene Freese,1966,"N,Houston,Astros"
gainj101,Gaines,Joe,R,R,HOU,OF,Joe Gaines,1966,"N,Houston,Astros"
gentj101,Gentile,Jim,L,L,HOU,1B,Jim Gentile,1966,"N,Houston,Astros"
giusd101,Giusti,Dave,R,R,HOU,P,Dave Giusti,1966,"N,Houston,Astros"
gotaj101,Gotay,Julio,R,R,HOU,3B,Julio Gotay,1966,"N,Houston,Astros"
harrc101,Harrison,Chuck,R,R,HOU,1B,Chuck Harrison,1966,"N,Houston,Astros"
heatb101,Heath,Bill,L,R,HOU,C,Bill Heath,1966,"N,Houston,Astros"
jacks102,Jackson,Sonny,L,R,HOU,SS,Sonny Jackson,1966,"N,Houston,Astros"
krolg101,Kroll,Gary,R,R,HOU,P,Gary Kroll,1966,"N,Houston,Astros"
latmb101,Latman,Barry,R,R,HOU,P,Barry Latman,1966,"N,Houston,Astros"
lee-d102,Lee,Don,R,R,HOU,P,Don Lee,1966,"N,Houston,Astros"
lillb101,Lillis,Bob,R,R,HOU,2B,Bob Lillis,1966,"N,Houston,Astros"
mantf101,Mantilla,Felix,R,R,HOU,1B,Felix Mantilla,1966,"N,Houston,Astros"
mayel101,Maye,Lee,L,R,HOU,OF,Lee Maye,1966,"N,Houston,Astros"
milln101,Miller,Norm,L,R,HOU,OF,Norm Miller,1966,"N,Houston,Astros"
monta103,Monteagudo,Aurelio,R,R,HOU,P,Aurelio Monteagudo,1966,"N,Houston,Astros"
morgj001,Morgan,Joe,L,R,HOU,2B,Joe Morgan,1966,"N,Houston,Astros"
nichd101,Nicholson,Dave,R,R,HOU,OF,Dave Nicholson,1966,"N,Houston,Astros"
owenj101,Owens,Jim,R,R,HOU,P,Jim Owens,1966,"N,Houston,Astros"
poina101,Pointer,Aaron,R,R,HOU,OF,Aaron Pointer,1966,"N,Houston,Astros"
ray-j101,Ray,Jim,R,R,HOU,P,Jim Ray,1966,"N,Houston,Astros"
raymc101,Raymond,Claude,R,R,HOU,P,Claude Raymond,1966,"N,Houston,Astros"
rober102,Roberts,Robin,B,R,HOU,P,Robin Roberts,1966,"N,Houston,Astros"
sembc101,Sembera,Carroll,R,R,HOU,P,Carroll Sembera,1966,"N,Houston,Astros"
simsg101,Sims,Greg,B,R,HOU,OF,Greg Sims,1966,"N,Houston,Astros"
staur001,Staub,Rusty,L,R,HOU,OF,Rusty Staub,1966,"N,Houston,Astros"
taylr101,Taylor,Ron,R,R,HOU,P,Ron Taylor,1966,"N,Houston,Astros"
watsb001,Watson,Bob,R,R,HOU,PH,Bob Watson,1966,"N,Houston,Astros"
wilsd102,Wilson,Don,R,R,HOU,P,Don Wilson,1966,"N,Houston,Astros"
wynnj101,Wynn,Jim,R,R,HOU,OF,Jim Wynn,1966,"N,Houston,Astros"
zachc101,Zachary,Chris,L,R,HOU,P,Chris Zachary,1966,"N,Houston,Astros"
adcoj101,Adcock,Joe,R,R,CAL,1B,Joe Adcock,1966,"A,California,Angels"
baile101,Bailey,Ed,L,R,CAL,PH,Ed Bailey,1966,"A,California,Angels"
brung101,Brunet,George,R,L,CAL,P,George Brunet,1966,"A,California,Angels"
burdl101,Burdette,Lew,R,R,CAL,P,Lew Burdette,1966,"A,California,Angels"
cardj101,Cardenal,Jose,R,R,CAL,OF,Jose Cardenal,1966,"A,California,Angels"
chand102,Chance,Dean,R,R,CAL,P,Dean Chance,1966,"A,California,Angels"
coatj101,Coates,Jim,R,R,CAL,P,Jim Coates,1966,"A,California,Angels"
egand101,Egan,Dick,L,L,CAL,P,Dick Egan,1966,"A,California,Angels"
egant101,Egan,Tom,R,R,CAL,C,Tom Egan,1966,"A,California,Angels"
fregj101,Fregosi,Jim,R,R,CAL,SS,Jim Fregosi,1966,"A,California,Angels"
hernj102,Hernandez,Jackie,R,R,CAL,3B,Jackie Hernandez,1966,"A,California,Angels"
johnj002,Johnstone,Jay,L,R,CAL,OF,Jay Johnstone,1966,"A,California,Angels"
kelsb101,Kelso,Bill,R,R,CAL,P,Bill Kelso,1966,"A,California,Angels"
kirke102,Kirkpatrick,Ed,L,R,CAL,OF,Ed Kirkpatrick,1966,"A,California,Angels"
knoob101,Knoop,Bobby,R,R,CAL,2B,Bobby Knoop,1966,"A,California,Angels"
lee-b104,Lee,Bob,R,R,CAL,P,Bob Lee,1966,"A,California,Angels"
lopem101,Lopez,Marcelino,R,L,CAL,P,Marcelino Lopez,1966,"A,California,Angels"
loper101,Lopez,Ramon,R,R,CAL,P,Ramon Lopez,1966,"A,California,Angels"
malzf101,Malzone,Frank,R,R,CAL,3B,Frank Malzone,1966,"A,California,Angels"
mcglj101,McGlothlin,Jim,R,R,CAL,P,Jim McGlothlin,1966,"A,California,Angels"
montw101,Montanez,Willie,L,L,CAL,1B,Willie Montanez,1966,"A,California,Angels"
mortb101,Morton,Bubba,R,R,CAL,OF,Bubba Morton,1966,"A,California,Angels"
newmf101,Newman,Fred,R,R,CAL,P,Fred Newman,1966,"A,California,Angels"
peara102,Pearson,Albie,L,L,CAL,OF,Albie Pearson,1966,"A,California,Angels"
pierj102,Piersall,Jim,R,R,CAL,OF,Jim Piersall,1966,"A,California,Angels"
reedh102,Reed,Howie,R,R,CAL,P,Howie Reed,1966,"A,California,Angels"
reicr101,Reichardt,Rick,R,R,CAL,OF,Rick Reichardt,1966,"A,California,Angels"
rodgb102,Rodgers,Buck,B,R,CAL,C,Buck Rodgers,1966,"A,California,Angels"
rojam101,Rojas,Minnie,R,R,CAL,P,Minnie Rojas,1966,"A,California,Angels"
rubij101,Rubio,Jorge,R,R,CAL,P,Jorge Rubio,1966,"A,California,Angels"
sanfj101,Sanford,Jack,R,R,CAL,P,Jack Sanford,1966,"A,California,Angels"
satrt101,Satriano,Tom,L,R,CAL,C,Tom Satriano,1966,"A,California,Angels"
schap101,Schaal,Paul,R,R,CAL,3B,Paul Schaal,1966,"A,California,Angels"
siebn101,Siebern,Norm,L,R,CAL,1B,Norm Siebern,1966,"A,California,Angels"
smitw102,Smith,Willie,L,L,CAL,OF,Willie Smith,1966,"A,California,Angels"
spana101,Spangler,Al,L,L,CAL,OF,Al Spangler,1966,"A,California,Angels"
sukle101,Sukla,Ed,R,R,CAL,P,Ed Sukla,1966,"A,California,Angels"
vinsc101,Vinson,Charlie,L,L,CAL,1B,Charlie Vinson,1966,"A,California,Angels"
warnj102,Warner,Jackie,R,R,CAL,OF,Jackie Warner,1966,"A,California,Angels"
wrigc102,Wright,Clyde,R,L,CAL,P,Clyde Wright,1966,"A,California,Angels"
alled101,Allen,Dick,R,R,PHI,3B,Dick Allen,1966,"N,Philadelphia,Phillies"
belib101,Belinsky,Bo,L,L,PHI,P,Bo Belinsky,1966,"N,Philadelphia,Phillies"
boozj101,Boozer,John,R,R,PHI,P,John Boozer,1966,"N,Philadelphia,Phillies"
branj101,Brandt,Jackie,R,R,PHI,OF,Jackie Brandt,1966,"N,Philadelphia,Phillies"
brigj102,Briggs,John,L,L,PHI,OF,John Briggs,1966,"N,Philadelphia,Phillies"
buhlb101,Buhl,Bob,R,R,PHI,P,Bob Buhl,1966,"N,Philadelphia,Phillies"
bunnj101,Bunning,Jim,R,R,PHI,P,Jim Bunning,1966,"N,Philadelphia,Phillies"
callj101,Callison,Johnny,L,R,PHI,OF,Johnny Callison,1966,"N,Philadelphia,Phillies"
clemd101,Clemens,Doug,L,R,PHI,OF,Doug Clemens,1966,"N,Philadelphia,Phillies"
crair101,Craig,Roger,R,R,PHI,P,Roger Craig,1966,"N,Philadelphia,Phillies"
culpr101,Culp,Ray,R,R,PHI,P,Ray Culp,1966,"N,Philadelphia,Phillies"
dalrc101,Dalrymple,Clay,L,R,PHI,C,Clay Dalrymple,1966,"N,Philadelphia,Phillies"
fox-t101,Fox,Terry,R,R,PHI,P,Terry Fox,1966,"N,Philadelphia,Phillies"
gonzt101,Gonzalez,Tony,L,R,PHI,OF,Tony Gonzalez,1966,"N,Philadelphia,Phillies"
groad101,Groat,Dick,R,R,PHI,SS,Dick Groat,1966,"N,Philadelphia,Phillies"
herbr101,Herbert,Ray,R,R,PHI,P,Ray Herbert,1966,"N,Philadelphia,Phillies"
herrj101,Herrnstein,John,L,L,PHI,OF,John Herrnstein,1966,"N,Philadelphia,Phillies"
jackg101,Jackson,Grant,B,L,PHI,P,Grant Jackson,1966,"N,Philadelphia,Phillies"
jackl102,Jackson,Larry,R,R,PHI,P,Larry Jackson,1966,"N,Philadelphia,Phillies"
jenkf101,Jenkins,Fergie,R,R,PHI,P,Fergie Jenkins,1966,"N,Philadelphia,Phillies"
knowd101,Knowles,Darold,L,L,PHI,P,Darold Knowles,1966,"N,Philadelphia,Phillies"
kuenh101,Kuenn,Harvey,R,R,PHI,OF,Harvey Kuenn,1966,"N,Philadelphia,Phillies"
linzp101,Linz,Phil,R,R,PHI,3B,Phil Linz,1966,"N,Philadelphia,Phillies"
morrj106,Morris,John,R,L,PHI,P,John Morris,1966,"N,Philadelphia,Phillies"
phila101,Phillips,Adolfo,R,R,PHI,OF,Adolfo Phillips,1966,"N,Philadelphia,Phillies"
ridzs101,Ridzik,Steve,R,R,PHI,P,Steve Ridzik,1966,"N,Philadelphia,Phillies"
roebe101,Roebuck,Ed,R,R,PHI,P,Ed Roebuck,1966,"N,Philadelphia,Phillies"
rojac101,Rojas,Cookie,R,R,PHI,2B,Cookie Rojas,1966,"N,Philadelphia,Phillies"
schaj104,Schaffer,Jimmie,R,R,PHI,C,Jimmie Schaffer,1966,"N,Philadelphia,Phillies"
shorc102,Short,Chris,R,L,PHI,P,Chris Short,1966,"N,Philadelphia,Phillies"
suthg101,Sutherland,Gary,R,R,PHI,SS,Gary Sutherland,1966,"N,Philadelphia,Phillies"
taylt101,Taylor,Tony,R,R,PHI,2B,Tony Taylor,1966,"N,Philadelphia,Phillies"
ueckb101,Uecker,Bob,R,R,PHI,C,Bob Uecker,1966,"N,Philadelphia,Phillies"
verbj101,Verbanic,Joe,R,R,PHI,P,Joe Verbanic,1966,"N,Philadelphia,Phillies"
wagng101,Wagner,Gary,R,R,PHI,P,Gary Wagner,1966,"N,Philadelphia,Phillies"
whitb105,White,Bill,L,L,PHI,1B,Bill White,1966,"N,Philadelphia,Phillies"
wineb101,Wine,Bobby,R,R,PHI,SS,Bobby Wine,1966,"N,Philadelphia,Phillies"
wiser101,Wise,Rick,R,R,PHI,P,Rick Wise,1966,"N,Philadelphia,Phillies"
adaij101,Adair,Jerry,R,R,CHA,SS,Jerry Adair,1966,"A,Chicago,White Sox"
ageet101,Agee,Tommie,R,R,CHA,OF,Tommie Agee,1966,"A,Chicago,White Sox"
berrk101,Berry,Ken,R,R,CHA,OF,Ken Berry,1966,"A,Chicago,White Sox"
bollg101,Bollo,Greg,R,R,CHA,P,Greg Bollo,1966,"A,Chicago,White Sox"
bradb105,Bradford,Buddy,R,R,CHA,OF,Buddy Bradford,1966,"A,Chicago,White Sox"
bufod101,Buford,Don,B,R,CHA,3B,Don Buford,1966,"A,Chicago,White Sox"
burgs101,Burgess,Smoky,L,R,CHA,C,Smoky Burgess,1966,"A,Chicago,White Sox"
buzhj101,Buzhardt,John,R,R,CHA,P,John Buzhardt,1966,"A,Chicago,White Sox"
cated101,Cater,Danny,R,R,CHA,OF,Danny Cater,1966,"A,Chicago,White Sox"
causw101,Causey,Wayne,L,R,CHA,2B,Wayne Causey,1966,"A,Chicago,White Sox"
elial101,Elia,Lee,R,R,CHA,SS,Lee Elia,1966,"A,Chicago,White Sox"
fishe102,Fisher,Eddie,R,R,CHA,P,Eddie Fisher,1966,"A,Chicago,White Sox"
freeg102,Freese,Gene,R,R,CHA,3B,Gene Freese,1966,"A,Chicago,White Sox"
hansr102,Hansen,Ron,R,R,CHA,SS,Ron Hansen,1966,"A,Chicago,White Sox"
hickj105,Hicks,Jim,R,R,CHA,OF,Jim Hicks,1966,"A,Chicago,White Sox"
higgd101,Higgins,Dennis,R,R,CHA,P,Dennis Higgins,1966,"A,Chicago,White Sox"
horlj101,Horlen,Joe,R,R,CHA,P,Joe Horlen,1966,"A,Chicago,White Sox"
howab101,Howard,Bruce,B,R,CHA,P,Bruce Howard,1966,"A,Chicago,White Sox"
johnt001,John,Tommy,R,L,CHA,P,Tommy John,1966,"A,Chicago,White Sox"
joned101,Jones,Deacon,L,R,CHA,PH,Deacon Jones,1966,"A,Chicago,White Sox"
josed101,Josephson,Duane,R,R,CHA,C,Duane Josephson,1966,"A,Chicago,White Sox"
kenwd102,Kenworthy,Dick,R,R,CHA,3B,Dick Kenworthy,1966,"A,Chicago,White Sox"
klagf101,Klages,Fred,R,R,CHA,P,Fred Klages,1966,"A,Chicago,White Sox"
lamaj101,Lamabe,Jack,R,R,CHA,P,Jack Lamabe,1966,"A,Chicago,White Sox"
lockb102,Locker,Bob,B,R,CHA,P,Bob Locker,1966,"A,Chicago,White Sox"
martj107,Martin,J.C.,L,R,CHA,C,J.C. Martin,1966,"A,Chicago,White Sox"
mccrt102,McCraw,Tommy,L,L,CHA,1B,Tommy McCraw,1966,"A,Chicago,White Sox"
mcnej101,McNertney,Jerry,R,R,CHA,C,Jerry McNertney,1966,"A,Chicago,White Sox"
peteg101,Peters,Gary,L,L,CHA,P,Gary Peters,1966,"A,Chicago,White Sox"
pizaj101,Pizarro,Juan,L,L,CHA,P,Juan Pizarro,1966,"A,Chicago,White Sox"
robif102,Robinson,Floyd,L,R,CHA,OF,Floyd Robinson,1966,"A,Chicago,White Sox"
romaj101,Romano,John,R,R,CHA,C,John Romano,1966,"A,Chicago,White Sox"
skowb101,Skowron,Bill,R,R,CHA,1B,Bill Skowron,1966,"A,Chicago,White Sox"
staem101,Staehle,Marv,L,R,CHA,2B,Marv Staehle,1966,"A,Chicago,White Sox"
stroe101,Stroud,Ed,L,R,CHA,OF,Ed Stroud,1966,"A,Chicago,White Sox"
vossb101,Voss,Bill,L,L,CHA,OF,Bill Voss,1966,"A,Chicago,White Sox"
wardp102,Ward,Pete,L,R,CHA,OF,Pete Ward,1966,"A,Chicago,White Sox"
weisa101,Weis,Al,B,R,CHA,2B,Al Weis,1966,"A,Chicago,White Sox"
wilhh101,Wilhelm,Hoyt,R,R,CHA,P,Hoyt Wilhelm,1966,"A,Chicago,White Sox"
aguih101,Aguirre,Hank,R,L,DET,P,Hank Aguirre,1966,"A,Detroit,Tigers"
browg101,Brown,Gates,L,R,DET,OF,Gates Brown,1966,"A,Detroit,Tigers"
bruna101,Brunsberg,Arlo,L,R,DET,C,Arlo Brunsberg,1966,"A,Detroit,Tigers"
cashn101,Cash,Norm,L,L,DET,1B,Norm Cash,1966,"A,Detroit,Tigers"
demed101,Demeter,Don,R,R,DET,OF,Don Demeter,1966,"A,Detroit,Tigers"
fox-t101,Fox,Terry,R,R,DET,P,Terry Fox,1966,"A,Detroit,Tigers"
freeb103,Freehan,Bill,R,R,DET,C,Bill Freehan,1966,"A,Detroit,Tigers"
gladf102,Gladding,Fred,L,R,DET,P,Fred Gladding,1966,"A,Detroit,Tigers"
grahb101,Graham,Bill,R,R,DET,P,Bill Graham,1966,"A,Detroit,Tigers"
hillj101,Hiller,John,R,L,DET,P,John Hiller,1966,"A,Detroit,Tigers"
hortw101,Horton,Willie,R,R,DET,OF,Willie Horton,1966,"A,Detroit,Tigers"
kalia101,Kaline,Al,R,R,DET,OF,Al Kaline,1966,"A,Detroit,Tigers"
korig101,Korince,George,R,R,DET,P,George Korince,1966,"A,Detroit,Tigers"
lolim101,Lolich,Mickey,B,L,DET,P,Mickey Lolich,1966,"A,Detroit,Tigers"
lumpj101,Lumpe,Jerry,L,R,DET,2B,Jerry Lumpe,1966,"A,Detroit,Tigers"
mcaud101,McAuliffe,Dick,L,R,DET,SS,Dick McAuliffe,1966,"A,Detroit,Tigers"
mcfao101,McFarlane,Orlando,R,R,DET,C,Orlando McFarlane,1966,"A,Detroit,Tigers"
mclad101,McLain,Denny,R,R,DET,P,Denny McLain,1966,"A,Detroit,Tigers"
monbb101,Monbouquette,Bill,R,R,DET,P,Bill Monbouquette,1966,"A,Detroit,Tigers"
navaj101,Navarro,Julio,R,R,DET,P,Julio Navarro,1966,"A,Detroit,Tigers"
nortj101,Northrup,Jim,L,R,DET,OF,Jim Northrup,1966,"A,Detroit,Tigers"
oyler101,Oyler,Ray,R,R,DET,SS,Ray Oyler,1966,"A,Detroit,Tigers"
penao101,Pena,Orlando,R,R,DET,P,Orlando Pena,1966,"A,Detroit,Tigers"
peppd101,Pepper,Don,L,L,DET,1B,Don Pepper,1966,"A,Detroit,Tigers"
podrj101,Podres,Johnny,L,L,DET,P,Johnny Podres,1966,"A,Detroit,Tigers"
sherl101,Sherry,Larry,R,R,DET,P,Larry Sherry,1966,"A,Detroit,Tigers"
sparj101,Sparma,Joe,R,R,DET,P,Joe Sparma,1966,"A,Detroit,Tigers"
stanm101,Stanley,Mickey,R,R,DET,OF,Mickey Stanley,1966,"A,Detroit,Tigers"
tracd101,Tracewski,Dick,R,R,DET,2B,Dick Tracewski,1966,"A,Detroit,Tigers"
wertd103,Wert,Don,R,R,DET,3B,Don Wert,1966,"A,Detroit,Tigers"
wickd101,Wickersham,Dave,R,R,DET,P,Dave Wickersham,1966,"A,Detroit,Tigers"
wilse102,Wilson,Earl,R,R,DET,P,Earl Wilson,1966,"A,Detroit,Tigers"
woodj107,Wood,Jake,R,R,DET,2B,Jake Wood,1966,"A,Detroit,Tigers"
alleb101,Allen,Bob,L,L,CLE,P,Bob Allen,1966,"A,Cleveland,Indians"
alvim101,Alvis,Max,R,R,CLE,3B,Max Alvis,1966,"A,Cleveland,Indians"
azcuj101,Azcue,Joe,R,R,CLE,C,Joe Azcue,1966,"A,Cleveland,Indians"
bankg101,Banks,George,R,R,CLE,PH,George Banks,1966,"A,Cleveland,Indians"
bellg102,Bell,Gary,R,R,CLE,P,Gary Bell,1966,"A,Cleveland,Indians"
bookb101,Booker,Buddy,L,R,CLE,C,Buddy Booker,1966,"A,Cleveland,Indians"
browl104,Brown,Larry,R,R,CLE,SS,Larry Brown,1966,"A,Cleveland,Indians"
colar101,Colavito,Rocky,R,R,CLE,OF,Rocky Colavito,1966,"A,Cleveland,Indians"
crand102,Crandall,Del,R,R,CLE,C,Del Crandall,1966,"A,Cleveland,Indians"
culvg101,Culver,George,R,R,CLE,P,George Culver,1966,"A,Cleveland,Indians"
currt101,Curry,Tony,L,L,CLE,PH,Tony Curry,1966,"A,Cleveland,Indians"
davav101,Davalillo,Vic,L,L,CLE,OF,Vic Davalillo,1966,"A,Cleveland,Indians"
davib106,Davis,Bill,L,L,CLE,1B,Bill Davis,1966,"A,Cleveland,Indians"
dickp101,Dicken,Paul,R,R,CLE,PH,Paul Dicken,1966,"A,Cleveland,Indians"
fullv101,Fuller,Vern,R,R,CLE,2B,Vern Fuller,1966,"A,Cleveland,Indians"
gentj101,Gentile,Jim,L,L,CLE,1B,Jim Gentile,1966,"A,Cleveland,Indians"
gonzp101,Gonzalez,Pedro,R,R,CLE,2B,Pedro Gonzalez,1966,"A,Cleveland,Indians"
hargs101,Hargan,Steve,R,R,CLE,P,Steve Hargan,1966,"A,Cleveland,Indians"
heffb101,Heffner,Bob,R,R,CLE,P,Bob Heffner,1966,"A,Cleveland,Indians"
hintc101,Hinton,Chuck,R,R,CLE,OF,Chuck Hinton,1966,"A,Cleveland,Indians"
howsd101,Howser,Dick,R,R,CLE,2B,Dick Howser,1966,"A,Cleveland,Indians"
kellt102,Kelley,Tom,R,R,CLE,P,Tom Kelley,1966,"A,Cleveland,Indians"
kralj101,Kralick,Jack,L,L,CLE,P,Jack Kralick,1966,"A,Cleveland,Indians"
landj103,Landis,Jim,R,R,CLE,OF,Jim Landis,1966,"A,Cleveland,Indians"
martt101,Martinez,Tony,R,R,CLE,SS,Tony Martinez,1966,"A,Cleveland,Indians"
mcdos101,McDowell,Sam,L,L,CLE,P,Sam McDowell,1966,"A,Cleveland,Indians"
mcmad102,McMahon,Don,R,R,CLE,P,Don McMahon,1966,"A,Cleveland,Indians"
odonj101,O'Donoghue,John,R,L,CLE,P,John O'Donoghue,1966,"A,Cleveland,Indians"
radad101,Radatz,Dick,R,R,CLE,P,Dick Radatz,1966,"A,Cleveland,Indians"
salmc101,Salmon,Chico,R,R,CLE,SS,Chico Salmon,1966,"A,Cleveland,Indians"
siebs101,Siebert,Sonny,R,R,CLE,P,Sonny Siebert,1966,"A,Cleveland,Indians"
simsd101,Sims,Duke,L,R,CLE,C,Duke Sims,1966,"A,Cleveland,Indians"
stanl101,Stange,Lee,R,R,CLE,P,Lee Stange,1966,"A,Cleveland,Indians"
tianl101,Tiant,Luis,R,R,CLE,P,Luis Tiant,1966,"A,Cleveland,Indians"
vidaj101,Vidal,Jose,R,R,CLE,OF,Jose Vidal,1966,"A,Cleveland,Indians"
wagnl101,Wagner,Leon,L,R,CLE,OF,Leon Wagner,1966,"A,Cleveland,Indians"
whitf103,Whitfield,Fred,L,L,CLE,1B,Fred Whitfield,1966,"A,Cleveland,Indians"
alleg101,Alley,Gene,R,R,PIT,SS,Gene Alley,1966,"N,Pittsburgh,Pirates"
aloum101,Alou,Matty,L,L,PIT,OF,Matty Alou,1966,"N,Pittsburgh,Pirates"
bailb103,Bailey,Bob,R,R,PIT,3B,Bob Bailey,1966,"N,Pittsburgh,Pirates"
blass101,Blass,Steve,R,R,PIT,P,Steve Blass,1966,"N,Pittsburgh,Pirates"
boscd101,Bosch,Don,B,R,PIT,OF,Don Bosch,1966,"N,Pittsburgh,Pirates"
cardd101,Cardwell,Don,R,R,PIT,P,Don Cardwell,1966,"N,Pittsburgh,Pirates"
clemr101,Clemente,Roberto,R,R,PIT,OF,Roberto Clemente,1966,"N,Pittsburgh,Pirates"
clend101,Clendenon,Donn,R,R,PIT,1B,Donn Clendenon,1966,"N,Pittsburgh,Pirates"
facer101,Face,Roy,R,R,PIT,P,Roy Face,1966,"N,Pittsburgh,Pirates"
frymw101,Fryman,Woodie,R,L,PIT,P,Woodie Fryman,1966,"N,Pittsburgh,Pirates"
gondj101,Gonder,Jesse,L,R,PIT,C,Jesse Gonder,1966,"N,Pittsburgh,Pirates"
law-v101,Law,Vern,R,R,PIT,P,Vern Law,1966,"N,Pittsburgh,Pirates"
lyncj102,Lynch,Jerry,L,R,PIT,OF,Jerry Lynch,1966,"N,Pittsburgh,Pirates"
may-j101,May,Jerry,R,R,PIT,C,Jerry May,1966,"N,Pittsburgh,Pirates"
mazeb101,Mazeroski,Bill,R,R,PIT,2B,Bill Mazeroski,1966,"N,Pittsburgh,Pirates"
mcbea101,McBean,Al,R,R,PIT,P,Al McBean,1966,"N,Pittsburgh,Pirates"
michg101,Michael,Gene,B,R,PIT,SS,Gene Michael,1966,"N,Pittsburgh,Pirates"
mikkp101,Mikkelsen,Pete,R,R,PIT,P,Pete Mikkelsen,1966,"N,Pittsburgh,Pirates"
motam101,Mota,Manny,R,R,PIT,OF,Manny Mota,1966,"N,Pittsburgh,Pirates"
odelb101,O'Dell,Billy,B,L,PIT,P,Billy O'Dell,1966,"N,Pittsburgh,Pirates"
pagaj101,Pagan,Jose,R,R,PIT,3B,Jose Pagan,1966,"N,Pittsburgh,Pirates"
paglj101,Pagliaroni,Jim,R,R,PIT,C,Jim Pagliaroni,1966,"N,Pittsburgh,Pirates"
purkb101,Purkey,Bob,R,R,PIT,P,Bob Purkey,1966,"N,Pittsburgh,Pirates"
robed108,Roberts,Dave,L,L,PIT,1B,Dave Roberts,1966,"N,Pittsburgh,Pirates"
rodga101,Rodgers,Andre,R,R,PIT,SS,Andre Rodgers,1966,"N,Pittsburgh,Pirates"
schwd101,Schwall,Don,R,R,PIT,P,Don Schwall,1966,"N,Pittsburgh,Pirates"
shelj101,Shellenback,Jim,L,L,PIT,P,Jim Shellenback,1966,"N,Pittsburgh,Pirates"
siskt101,Sisk,Tommie,R,R,PIT,P,Tommie Sisk,1966,"N,Pittsburgh,Pirates"
sprig101,Spriggs,George,L,R,PIT,PH,George Spriggs,1966,"N,Pittsburgh,Pirates"
starw101,Stargell,Willie,L,L,PIT,OF,Willie Stargell,1966,"N,Pittsburgh,Pirates"
vealb101,Veale,Bob,B,L,PIT,P,Bob Veale,1966,"N,Pittsburgh,Pirates"
walkl101,Walker,Luke,L,L,PIT,P,Luke Walker,1966,"N,Pittsburgh,Pirates"
adaij101,Adair,Jerry,R,R,BAL,2B,Jerry Adair,1966,"A,Baltimore,Orioles"
aparl101,Aparicio,Luis,R,R,BAL,SS,Luis Aparicio,1966,"A,Baltimore,Orioles"
barbs102,Barber,Steve,L,L,BAL,P,Steve Barber,1966,"A,Baltimore,Orioles"
barne102,Barnowski,Ed,R,R,BAL,P,Ed Barnowski,1966,"A,Baltimore,Orioles"
belam101,Belanger,Mark,R,R,BAL,SS,Mark Belanger,1966,"A,Baltimore,Orioles"
bertf101,Bertaina,Frank,L,L,BAL,P,Frank Bertaina,1966,"A,Baltimore,Orioles"
blaip101,Blair,Paul,R,R,BAL,OF,Paul Blair,1966,"A,Baltimore,Orioles"
blefc101,Blefary,Curt,L,R,BAL,OF,Curt Blefary,1966,"A,Baltimore,Orioles"
bowes103,Bowens,Sam,R,R,BAL,OF,Sam Bowens,1966,"A,Baltimore,Orioles"
brabg101,Brabender,Gene,R,R,BAL,P,Gene Brabender,1966,"A,Baltimore,Orioles"
bunkw101,Bunker,Wally,R,R,BAL,P,Wally Bunker,1966,"A,Baltimore,Orioles"
carrc104,Carreon,Cam,R,R,BAL,C,Cam Carreon,1966,"A,Baltimore,Orioles"
drabm101,Drabowsky,Moe,R,R,BAL,P,Moe Drabowsky,1966,"A,Baltimore,Orioles"
epstm101,Epstein,Mike,L,L,BAL,1B,Mike Epstein,1966,"A,Baltimore,Orioles"
etcha101,Etchebarren,Andy,R,R,BAL,C,Andy Etchebarren,1966,"A,Baltimore,Orioles"
fishe102,Fisher,Eddie,R,R,BAL,P,Eddie Fisher,1966,"A,Baltimore,Orioles"
halld101,Hall,Dick,R,R,BAL,P,Dick Hall,1966,"A,Baltimore,Orioles"
hanel101,Haney,Larry,R,R,BAL,C,Larry Haney,1966,"A,Baltimore,Orioles"
heldw101,Held,Woodie,R,R,BAL,OF,Woodie Held,1966,"A,Baltimore,Orioles"
johnb104,Johnson,Bob,R,R,BAL,2B,Bob Johnson,1966,"A,Baltimore,Orioles"
johnd105,Johnson,Davey,R,R,BAL,2B,Davey Johnson,1966,"A,Baltimore,Orioles"
lau-c101,Lau,Charlie,L,R,BAL,PH,Charlie Lau,1966,"A,Baltimore,Orioles"
mcnad102,McNally,Dave,R,L,BAL,P,Dave McNally,1966,"A,Baltimore,Orioles"
millj103,Miller,John,R,R,BAL,P,John Miller,1966,"A,Baltimore,Orioles"
mills101,Miller,Stu,R,R,BAL,P,Stu Miller,1966,"A,Baltimore,Orioles"
palmj001,Palmer,Jim,R,R,BAL,P,Jim Palmer,1966,"A,Baltimore,Orioles"
phoet101,Phoebus,Tom,R,R,BAL,P,Tom Phoebus,1966,"A,Baltimore,Orioles"
poweb101,Powell,Boog,L,R,BAL,1B,Boog Powell,1966,"A,Baltimore,Orioles"
robib104,Robinson,Brooks,R,R,BAL,3B,Brooks Robinson,1966,"A,Baltimore,Orioles"
robif103,Robinson,Frank,R,R,BAL,OF,Frank Robinson,1966,"A,Baltimore,Orioles"
roznv101,Roznovsky,Vic,L,R,BAL,C,Vic Roznovsky,1966,"A,Baltimore,Orioles"
shorb101,Short,Bill,L,L,BAL,P,Bill Short,1966,"A,Baltimore,Orioles"
snydr102,Snyder,Russ,L,R,BAL,OF,Russ Snyder,1966,"A,Baltimore,Orioles"
watte101,Watt,Eddie,R,R,BAL,P,Eddie Watt,1966,"A,Baltimore,Orioles"
