player_id,last,first,bats,throws,team_id,pos,player_name,year,team_name
ankir001,Ankiel,Rick,L,L,SLN,P,Rick Ankiel,2001,"N,St. Louis,Cardinals"
benea001,Benes,Andy,R,R,SLN,P,Andy Benes,2001,"N,St. Louis,Cardinals"
benea002,Benes,Alan,R,R,SLN,P,Alan Benes,2001,"N,St. Louis,Cardinals"
bonib001,Bonilla,Bobby,B,R,SLN,1B,Bobby Bonilla,2001,"N,St. Louis,Cardinals"
cairm001,Cairo,Miguel,R,R,SLN,OF,Miguel Cairo,2001,"N,St. Louis,Cardinals"
chrij002,Christiansen,Jason,R,L,SLN,P,Jason Christiansen,2001,"N,St. Louis,Cardinals"
claps001,Clapp,Stubby,L,R,SLN,2B,Stubby Clapp,2001,"N,St. Louis,Cardinals"
drewj001,Drew,J.D.,L,R,SLN,OF,J.D. Drew,2001,"N,St. Louis,Cardinals"
edmoj001,Edmonds,Jim,L,L,SLN,OF,Jim Edmonds,2001,"N,St. Louis,Cardinals"
hackl001,Hackman,Luther,R,R,SLN,P,Luther Hackman,2001,"N,St. Louis,Cardinals"
hermd001,Hermanson,Dustin,R,R,SLN,P,Dustin Hermanson,2001,"N,St. Louis,Cardinals"
hutcc001,Hutchinson,Chad,R,R,SLN,P,Chad Hutchinson,2001,"N,St. Louis,Cardinals"
jamem001,James,Mike,R,R,SLN,P,Mike James,2001,"N,St. Louis,Cardinals"
karnj001,Karnuth,Jason,R,R,SLN,P,Jason Karnuth,2001,"N,St. Louis,Cardinals"
kiled001,Kile,Darryl,R,R,SLN,P,Darryl Kile,2001,"N,St. Louis,Cardinals"
klins002,Kline,Steve,R,L,SLN,P,Steve Kline,2001,"N,St. Louis,Cardinals"
lankr001,Lankford,Ray,L,L,SLN,OF,Ray Lankford,2001,"N,St. Louis,Cardinals"
mabrj001,Mabry,John,L,R,SLN,1B,John Mabry,2001,"N,St. Louis,Cardinals"
marre001,Marrero,Eli,R,R,SLN,C,Eli Marrero,2001,"N,St. Louis,Cardinals"
mathm001,Matheny,Mike,R,R,SLN,C,Mike Matheny,2001,"N,St. Louis,Cardinals"
matht002,Mathews,T.J.,R,R,SLN,P,T.J. Mathews,2001,"N,St. Louis,Cardinals"
mattm001,Matthews,Mike,L,L,SLN,P,Mike Matthews,2001,"N,St. Louis,Cardinals"
mcdok001,McDonald,Keith,R,R,SLN,C,Keith McDonald,2001,"N,St. Louis,Cardinals"
mcgwm001,McGwire,Mark,R,R,SLN,1B,Mark McGwire,2001,"N,St. Louis,Cardinals"
morrm001,Morris,Matt,R,R,SLN,P,Matt Morris,2001,"N,St. Louis,Cardinals"
orteb001,Ortega,Bill,R,R,SLN,PH,Bill Ortega,2001,"N,St. Louis,Cardinals"
paquc001,Paquette,Craig,R,R,SLN,OF,Craig Paquette,2001,"N,St. Louis,Cardinals"
polap001,Polanco,Placido,R,R,SLN,3B,Placido Polanco,2001,"N,St. Louis,Cardinals"
pujoa001,Pujols,Albert,R,R,SLN,OF,Albert Pujols,2001,"N,St. Louis,Cardinals"
rente001,Renteria,Edgar,R,R,SLN,SS,Edgar Renteria,2001,"N,St. Louis,Cardinals"
robik002,Robinson,Kerry,L,L,SLN,OF,Kerry Robinson,2001,"N,St. Louis,Cardinals"
satul001,Saturria,Luis,R,R,SLN,OF,Luis Saturria,2001,"N,St. Louis,Cardinals"
smitb004,Smith,Bud,L,L,SLN,P,Bud Smith,2001,"N,St. Louis,Cardinals"
stecg001,Stechschulte,Gene,R,R,SLN,P,Gene Stechschulte,2001,"N,St. Louis,Cardinals"
suttl001,Sutton,Larry,L,L,SLN,1B,Larry Sutton,2001,"N,St. Louis,Cardinals"
tabaj001,Tabaka,Jeff,R,L,SLN,P,Jeff Tabaka,2001,"N,St. Louis,Cardinals"
timlm001,Timlin,Mike,R,R,SLN,P,Mike Timlin,2001,"N,St. Louis,Cardinals"
vered001,Veres,Dave,R,R,SLN,P,Dave Veres,2001,"N,St. Louis,Cardinals"
vinaf001,Vina,Fernando,L,R,SLN,2B,Fernando Vina,2001,"N,St. Louis,Cardinals"
willw001,Williams,Woody,R,R,SLN,P,Woody Williams,2001,"N,St. Louis,Cardinals"
adamt001,Adams,Terry,R,R,LAN,P,Terry Adams,2001,"N,Los Angeles,Dodgers"
ashba002,Ashby,Andy,R,R,LAN,P,Andy Ashby,2001,"N,Los Angeles,Dodgers"
avenb001,Aven,Bruce,R,R,LAN,OF,Bruce Aven,2001,"N,Los Angeles,Dodgers"
baldj002,Baldwin,James,R,R,LAN,P,James Baldwin,2001,"N,Los Angeles,Dodgers"
belta001,Beltre,Adrian,R,R,LAN,3B,Adrian Beltre,2001,"N,Los Angeles,Dodgers"
bocah001,Bocachica,Hiram,R,R,LAN,2B,Hiram Bocachica,2001,"N,Los Angeles,Dodgers"
bogat001,Bogar,Tim,R,R,LAN,1B,Tim Bogar,2001,"N,Los Angeles,Dodgers"
branj002,Branson,Jeff,L,R,LAN,2B,Jeff Branson,2001,"N,Los Angeles,Dodgers"
browk001,Brown,Kevin,R,R,LAN,P,Kevin Brown,2001,"N,Los Angeles,Dodgers"
carrg001,Carrara,Giovanni,R,R,LAN,P,Giovanni Carrara,2001,"N,Los Angeles,Dodgers"
chrim002,Christensen,McKay,L,L,LAN,OF,McKay Christensen,2001,"N,Los Angeles,Dodgers"
coraa001,Cora,Alex,L,R,LAN,SS,Alex Cora,2001,"N,Los Angeles,Dodgers"
donnc001,Donnels,Chris,L,R,LAN,3B,Chris Donnels,2001,"N,Los Angeles,Dodgers"
dreid001,Dreifort,Darren,R,R,LAN,P,Darren Dreifort,2001,"N,Los Angeles,Dodgers"
fettm001,Fetters,Mike,R,R,LAN,P,Mike Fetters,2001,"N,Los Angeles,Dodgers"
gagne001,Gagne,Eric,R,R,LAN,P,Eric Gagne,2001,"N,Los Angeles,Dodgers"
goodt001,Goodwin,Tom,L,R,LAN,OF,Tom Goodwin,2001,"N,Los Angeles,Dodgers"
grees001,Green,Shawn,L,L,LAN,OF,Shawn Green,2001,"N,Los Angeles,Dodgers"
grism001,Grissom,Marquis,R,R,LAN,OF,Marquis Grissom,2001,"N,Los Angeles,Dodgers"
grudm001,Grudzielanek,Mark,R,R,LAN,2B,Mark Grudzielanek,2001,"N,Los Angeles,Dodgers"
hansd001,Hansen,Dave,L,R,LAN,1B,Dave Hansen,2001,"N,Los Angeles,Dodgers"
hergm001,Herges,Matt,L,R,LAN,P,Matt Herges,2001,"N,Los Angeles,Dodgers"
hiatp001,Hiatt,Phil,R,R,LAN,3B,Phil Hiatt,2001,"N,Los Angeles,Dodgers"
johnb002,Johnson,Brian,R,R,LAN,C,Brian Johnson,2001,"N,Los Angeles,Dodgers"
karre001,Karros,Eric,R,R,LAN,1B,Eric Karros,2001,"N,Los Angeles,Dodgers"
kreuc001,Kreuter,Chad,B,R,LAN,C,Chad Kreuter,2001,"N,Los Angeles,Dodgers"
lodup001,Lo Duca,Paul,R,R,LAN,C,Paul Lo Duca,2001,"N,Los Angeles,Dodgers"
mulht001,Mulholland,Terry,R,L,LAN,P,Terry Mulholland,2001,"N,Los Angeles,Dodgers"
nunej002,Nunez,Jose,L,L,LAN,P,Jose Nunez,2001,"N,Los Angeles,Dodgers"
olsog001,Olson,Gregg,R,R,LAN,P,Gregg Olson,2001,"N,Los Angeles,Dodgers"
orosj001,Orosco,Jesse,R,L,LAN,P,Jesse Orosco,2001,"N,Los Angeles,Dodgers"
parkc002,Park,Chan Ho,R,R,LAN,P,Chan Ho Park,2001,"N,Los Angeles,Dodgers"
penaa002,Pena,Angel,R,R,LAN,C,Angel Pena,2001,"N,Los Angeles,Dodgers"
prokl001,Prokopec,Luke,L,R,LAN,P,Luke Prokopec,2001,"N,Los Angeles,Dodgers"
reboj001,Reboulet,Jeff,R,R,LAN,SS,Jeff Reboulet,2001,"N,Los Angeles,Dodgers"
reyea001,Reyes,Alberto,R,R,LAN,P,Alberto Reyes,2001,"N,Los Angeles,Dodgers"
shawj001,Shaw,Jeff,R,R,LAN,P,Jeff Shaw,2001,"N,Los Angeles,Dodgers"
shefg001,Sheffield,Gary,R,R,LAN,OF,Gary Sheffield,2001,"N,Los Angeles,Dodgers"
sprid001,Springer,Dennis,R,R,LAN,P,Dennis Springer,2001,"N,Los Angeles,Dodgers"
tromm001,Trombley,Mike,R,R,LAN,P,Mike Trombley,2001,"N,Los Angeles,Dodgers"
willj002,Williams,Jeff,R,L,LAN,P,Jeff Williams,2001,"N,Los Angeles,Dodgers"
aberb001,Abernathy,Brent,R,R,TBA,2B,Brent Abernathy,2001,"A,Tampa Bay,Devil Rays"
biern001,Bierbrodt,Nick,L,L,TBA,P,Nick Bierbrodt,2001,"A,Tampa Bay,Devil Rays"
callm001,Callaway,Mickey,R,R,TBA,P,Mickey Callaway,2001,"A,Tampa Bay,Devil Rays"
castv001,Castilla,Vinny,R,R,TBA,3B,Vinny Castilla,2001,"A,Tampa Bay,Devil Rays"
coloj001,Colome,Jesus,R,R,TBA,P,Jesus Colome,2001,"A,Tampa Bay,Devil Rays"
cox-s001,Cox,Steve,L,L,TBA,1B,Steve Cox,2001,"A,Tampa Bay,Devil Rays"
creed001,Creek,Doug,L,L,TBA,P,Doug Creek,2001,"A,Tampa Bay,Devil Rays"
difem001,Difelice,Mike,R,R,TBA,C,Mike Difelice,2001,"A,Tampa Bay,Devil Rays"
fiort001,Fiore,Tony,R,R,TBA,P,Tony Fiore,2001,"A,Tampa Bay,Devil Rays"
flahj001,Flaherty,John,R,R,TBA,C,John Flaherty,2001,"A,Tampa Bay,Devil Rays"
gomec001,Gomez,Chris,R,R,TBA,SS,Chris Gomez,2001,"A,Tampa Bay,Devil Rays"
grieb001,Grieve,Ben,L,R,TBA,OF,Ben Grieve,2001,"A,Tampa Bay,Devil Rays"
guilj001,Guillen,Jose,R,R,TBA,OF,Jose Guillen,2001,"A,Tampa Bay,Devil Rays"
hallt001,Hall,Toby,R,R,TBA,C,Toby Hall,2001,"A,Tampa Bay,Devil Rays"
harpt002,Harper,Travis,L,R,TBA,P,Travis Harper,2001,"A,Tampa Bay,Devil Rays"
hillk001,Hill,Ken,R,R,TBA,P,Ken Hill,2001,"A,Tampa Bay,Devil Rays"
hoovp001,Hoover,Paul,R,R,TBA,C,Paul Hoover,2001,"A,Tampa Bay,Devil Rays"
huffa001,Huff,Aubrey,L,R,TBA,3B,Aubrey Huff,2001,"A,Tampa Bay,Devil Rays"
johnr006,Johnson,Russ,R,R,TBA,3B,Russ Johnson,2001,"A,Tampa Bay,Devil Rays"
juddm001,Judd,Mike,R,R,TBA,P,Mike Judd,2001,"A,Tampa Bay,Devil Rays"
kennj001,Kennedy,Joe,R,L,TBA,P,Joe Kennedy,2001,"A,Tampa Bay,Devil Rays"
lopea002,Lopez,Albie,R,R,TBA,P,Albie Lopez,2001,"A,Tampa Bay,Devil Rays"
martf001,Martinez,Felix,B,R,TBA,SS,Felix Martinez,2001,"A,Tampa Bay,Devil Rays"
mcgrf001,McGriff,Fred,L,L,TBA,1B,Fred McGriff,2001,"A,Tampa Bay,Devil Rays"
meacr001,Meacham,Rusty,R,R,TBA,P,Rusty Meacham,2001,"A,Tampa Bay,Devil Rays"
phelt001,Phelps,Travis,R,R,TBA,P,Travis Phelps,2001,"A,Tampa Bay,Devil Rays"
priea001,Prieto,Ariel,R,R,TBA,P,Ariel Prieto,2001,"A,Tampa Bay,Devil Rays"
rekab001,Rekar,Bryan,R,R,TBA,P,Bryan Rekar,2001,"A,Tampa Bay,Devil Rays"
rolld001,Rolls,Damian,R,R,TBA,2B,Damian Rolls,2001,"A,Tampa Bay,Devil Rays"
roseb002,Rose,Brian,R,R,TBA,P,Brian Rose,2001,"A,Tampa Bay,Devil Rays"
ruper001,Rupe,Ryan,R,R,TBA,P,Ryan Rupe,2001,"A,Tampa Bay,Devil Rays"
sandj001,Sandberg,Jared,R,R,TBA,3B,Jared Sandberg,2001,"A,Tampa Bay,Devil Rays"
seayb001,Seay,Bobby,L,L,TBA,P,Bobby Seay,2001,"A,Tampa Bay,Devil Rays"
sheea001,Sheets,Andy,R,R,TBA,SS,Andy Sheets,2001,"A,Tampa Bay,Devil Rays"
smitr003,Smith,Bob,R,R,TBA,2B,Bob Smith,2001,"A,Tampa Bay,Devil Rays"
stanj001,Standridge,Jason,R,R,TBA,P,Jason Standridge,2001,"A,Tampa Bay,Devil Rays"
sturt001,Sturtze,Tanyon,R,R,TBA,P,Tanyon Sturtze,2001,"A,Tampa Bay,Devil Rays"
tynej001,Tyner,Jason,L,L,TBA,OF,Jason Tyner,2001,"A,Tampa Bay,Devil Rays"
vaugg001,Vaughn,Greg,R,R,TBA,DH,Greg Vaughn,2001,"A,Tampa Bay,Devil Rays"
wallj001,Wallace,Jeff,L,L,TBA,P,Jeff Wallace,2001,"A,Tampa Bay,Devil Rays"
wheed001,Wheeler,Dan,R,R,TBA,P,Dan Wheeler,2001,"A,Tampa Bay,Devil Rays"
willg001,Williams,Gerald,R,R,TBA,OF,Gerald Williams,2001,"A,Tampa Bay,Devil Rays"
wilsp001,Wilson,Paul,R,R,TBA,P,Paul Wilson,2001,"A,Tampa Bay,Devil Rays"
winnr001,Winn,Randy,B,R,TBA,OF,Randy Winn,2001,"A,Tampa Bay,Devil Rays"
yan-e001,Yan,Esteban,R,R,TBA,P,Esteban Yan,2001,"A,Tampa Bay,Devil Rays"
zambv001,Zambrano,Victor,B,R,TBA,P,Victor Zambrano,2001,"A,Tampa Bay,Devil Rays"
ainsk001,Ainsworth,Kurt,R,R,SFN,P,Kurt Ainsworth,2001,"N,San Francisco,Giants"
aurir001,Aurilia,Rich,R,R,SFN,SS,Rich Aurilia,2001,"N,San Francisco,Giants"
benam001,Benard,Marvin,L,L,SFN,OF,Marvin Benard,2001,"N,San Francisco,Giants"
boehb001,Boehringer,Brian,B,R,SFN,P,Brian Boehringer,2001,"N,San Francisco,Giants"
bondb001,Bonds,Barry,L,L,SFN,OF,Barry Bonds,2001,"N,San Francisco,Giants"
chrij002,Christiansen,Jason,R,L,SFN,P,Jason Christiansen,2001,"N,San Francisco,Giants"
cresf001,Crespo,Felipe,B,R,SFN,1B,Felipe Crespo,2001,"N,San Francisco,Giants"
davie001,Davis,Eric,R,R,SFN,OF,Eric Davis,2001,"N,San Francisco,Giants"
davir002,Davis,Russ,R,R,SFN,3B,Russ Davis,2001,"N,San Francisco,Giants"
dunss001,Dunston,Shawon,R,R,SFN,OF,Shawon Dunston,2001,"N,San Francisco,Giants"
embra001,Embree,Alan,L,L,SFN,P,Alan Embree,2001,"N,San Francisco,Giants"
estab001,Estalella,Bobby,R,R,SFN,C,Bobby Estalella,2001,"N,San Francisco,Giants"
estes001,Estes,Shawn,R,L,SFN,P,Shawn Estes,2001,"N,San Francisco,Giants"
felip001,Feliz,Pedro,R,R,SFN,3B,Pedro Feliz,2001,"N,San Francisco,Giants"
fulta001,Fultz,Aaron,L,L,SFN,P,Aaron Fultz,2001,"N,San Francisco,Giants"
galaa001,Galarraga,Andres,R,R,SFN,1B,Andres Galarraga,2001,"N,San Francisco,Giants"
gardm001,Gardner,Mark,R,R,SFN,P,Mark Gardner,2001,"N,San Francisco,Giants"
gomew001,Gomes,Wayne,R,R,SFN,P,Wayne Gomes,2001,"N,San Francisco,Giants"
guzme001,Guzman,Edwards,L,R,SFN,C,Edwards Guzman,2001,"N,San Francisco,Giants"
hernl003,Hernandez,Livan,R,R,SFN,P,Livan Hernandez,2001,"N,San Francisco,Giants"
jensr001,Jensen,Ryan,R,R,SFN,P,Ryan Jensen,2001,"N,San Francisco,Giants"
kentj001,Kent,Jeff,R,R,SFN,2B,Jeff Kent,2001,"N,San Francisco,Giants"
leacj001,Leach,Jalal,L,L,SFN,OF,Jalal Leach,2001,"N,San Francisco,Giants"
martr003,Martinez,Ramon,R,R,SFN,3B,Ramon Martinez,2001,"N,San Francisco,Giants"
minod001,Minor,Damon,L,L,SFN,1B,Damon Minor,2001,"N,San Francisco,Giants"
murrc001,Murray,Calvin,R,R,SFN,OF,Calvin Murray,2001,"N,San Francisco,Giants"
nen-r001,Nen,Robb,R,R,SFN,P,Robb Nen,2001,"N,San Francisco,Giants"
ortir001,Ortiz,Russ,R,R,SFN,P,Russ Ortiz,2001,"N,San Francisco,Giants"
powed002,Powell,Dante,R,R,SFN,OF,Dante Powell,2001,"N,San Francisco,Giants"
ransc001,Ransom,Cody,R,R,SFN,SS,Cody Ransom,2001,"N,San Francisco,Giants"
riosa001,Rios,Armando,L,L,SFN,OF,Armando Rios,2001,"N,San Francisco,Giants"
rodrf002,Rodriguez,Felix,R,R,SFN,P,Felix Rodriguez,2001,"N,San Francisco,Giants"
ruetk001,Rueter,Kirk,L,L,SFN,P,Kirk Rueter,2001,"N,San Francisco,Giants"
santb001,Santiago,Benito,R,R,SFN,C,Benito Santiago,2001,"N,San Francisco,Giants"
schmj001,Schmidt,Jason,R,R,SFN,P,Jason Schmidt,2001,"N,San Francisco,Giants"
snowj001,Snow,J.T.,L,L,SFN,1B,J.T. Snow,2001,"N,San Francisco,Giants"
torry001,Torrealba,Yorvit,R,R,SFN,C,Yorvit Torrealba,2001,"N,San Francisco,Giants"
vandj001,Vander Wal,John,L,L,SFN,OF,John Vander Wal,2001,"N,San Francisco,Giants"
voger001,Vogelsong,Ryan,R,R,SFN,P,Ryan Vogelsong,2001,"N,San Francisco,Giants"
worrt002,Worrell,Tim,R,R,SFN,P,Tim Worrell,2001,"N,San Francisco,Giants"
zerbc001,Zerbe,Chad,L,L,SFN,P,Chad Zerbe,2001,"N,San Francisco,Giants"
abbop001,Abbott,Paul,R,R,SEA,P,Paul Abbott,2001,"A,Seattle,Mariners"
belld002,Bell,David,R,R,SEA,3B,David Bell,2001,"A,Seattle,Mariners"
boonb002,Boone,Bret,R,R,SEA,2B,Bret Boone,2001,"A,Seattle,Mariners"
bordp001,Borders,Pat,R,R,SEA,C,Pat Borders,2001,"A,Seattle,Mariners"
buhnj001,Buhner,Jay,R,R,SEA,OF,Jay Buhner,2001,"A,Seattle,Mariners"
camem001,Cameron,Mike,R,R,SEA,OF,Mike Cameron,2001,"A,Seattle,Mariners"
charn001,Charlton,Norm,B,L,SEA,P,Norm Charlton,2001,"A,Seattle,Mariners"
franr001,Franklin,Ryan,R,R,SEA,P,Ryan Franklin,2001,"A,Seattle,Mariners"
fuenb001,Fuentes,Brian,L,L,SEA,P,Brian Fuentes,2001,"A,Seattle,Mariners"
garcf002,Garcia,Freddy,R,R,SEA,P,Freddy Garcia,2001,"A,Seattle,Mariners"
gipsc001,Gipson,Charles,R,R,SEA,OF,Charles Gipson,2001,"A,Seattle,Mariners"
guilc001,Guillen,Carlos,B,R,SEA,SS,Carlos Guillen,2001,"A,Seattle,Mariners"
halaj001,Halama,John,L,L,SEA,P,John Halama,2001,"A,Seattle,Mariners"
javis001,Javier,Stan,B,R,SEA,OF,Stan Javier,2001,"A,Seattle,Mariners"
kingg001,Kingsale,Gene,B,R,SEA,OF,Gene Kingsale,2001,"A,Seattle,Mariners"
lampt001,Lampkin,Tom,L,R,SEA,C,Tom Lampkin,2001,"A,Seattle,Mariners"
marta001,Martin,Al,L,L,SEA,OF,Al Martin,2001,"A,Seattle,Mariners"
marte001,Martinez,Edgar,R,R,SEA,DH,Edgar Martinez,2001,"A,Seattle,Mariners"
mclem001,McLemore,Mark,B,R,SEA,OF,Mark McLemore,2001,"A,Seattle,Mariners"
moyej001,Moyer,Jamie,L,L,SEA,P,Jamie Moyer,2001,"A,Seattle,Mariners"
nelsj001,Nelson,Jeff,R,R,SEA,P,Jeff Nelson,2001,"A,Seattle,Mariners"
olerj001,Olerud,John,L,L,SEA,1B,John Olerud,2001,"A,Seattle,Mariners"
panij001,Paniagua,Jose,R,R,SEA,P,Jose Paniagua,2001,"A,Seattle,Mariners"
pinej001,Pineiro,Joel,R,R,SEA,P,Joel Pineiro,2001,"A,Seattle,Mariners"
podss001,Podsednik,Scott,L,L,SEA,OF,Scott Podsednik,2001,"A,Seattle,Mariners"
rhoda001,Rhodes,Arthur,L,L,SEA,P,Arthur Rhodes,2001,"A,Seattle,Mariners"
sanda001,Sanders,Anthony,R,R,SEA,OF,Anthony Sanders,2001,"A,Seattle,Mariners"
sasak001,Sasaki,Kazuhiro,R,R,SEA,P,Kazuhiro Sasaki,2001,"A,Seattle,Mariners"
selea001,Sele,Aaron,R,R,SEA,P,Aaron Sele,2001,"A,Seattle,Mariners"
sprae001,Sprague,Ed,R,R,SEA,1B,Ed Sprague,2001,"A,Seattle,Mariners"
stard001,Stark,Denny,R,R,SEA,P,Denny Stark,2001,"A,Seattle,Mariners"
suzui001,Suzuki,Ichiro,L,R,SEA,OF,Ichiro Suzuki,2001,"A,Seattle,Mariners"
tomkb001,Tomko,Brett,R,R,SEA,P,Brett Tomko,2001,"A,Seattle,Mariners"
vazqr001,Vazquez,Ramon,L,R,SEA,SS,Ramon Vazquez,2001,"A,Seattle,Mariners"
wilsd001,Wilson,Dan,R,R,SEA,C,Dan Wilson,2001,"A,Seattle,Mariners"
abada001,Abad,Andy,L,L,OAK,1B,Andy Abad,2001,"A,Oakland,Athletics"
bellm002,Bellhorn,Mark,B,R,OAK,2B,Mark Bellhorn,2001,"A,Oakland,Athletics"
bradc001,Bradford,Chad,R,R,OAK,P,Chad Bradford,2001,"A,Oakland,Athletics"
byrne001,Byrnes,Eric,R,R,OAK,OF,Eric Byrnes,2001,"A,Oakland,Athletics"
chave001,Chavez,Eric,L,R,OAK,3B,Eric Chavez,2001,"A,Oakland,Athletics"
chrir001,Christenson,Ryan,R,R,OAK,OF,Ryan Christenson,2001,"A,Oakland,Athletics"
damoj001,Damon,Johnny,L,L,OAK,OF,Johnny Damon,2001,"A,Oakland,Athletics"
dye-j001,Dye,Jermaine,R,R,OAK,OF,Jermaine Dye,2001,"A,Oakland,Athletics"
fasas001,Fasano,Sal,R,R,OAK,C,Sal Fasano,2001,"A,Oakland,Athletics"
fyhrm001,Fyhrie,Mike,R,R,OAK,P,Mike Fyhrie,2001,"A,Oakland,Athletics"
gantr001,Gant,Ron,R,R,OAK,DH,Ron Gant,2001,"A,Oakland,Athletics"
giamj001,Giambi,Jason,L,R,OAK,1B,Jason Giambi,2001,"A,Oakland,Athletics"
giamj002,Giambi,Jeremy,L,L,OAK,DH,Jeremy Giambi,2001,"A,Oakland,Athletics"
guthm001,Guthrie,Mark,R,L,OAK,P,Mark Guthrie,2001,"A,Oakland,Athletics"
harvc001,Harville,Chad,R,R,OAK,P,Chad Harville,2001,"A,Oakland,Athletics"
hereg001,Heredia,Gil,R,R,OAK,P,Gil Heredia,2001,"A,Oakland,Athletics"
hernr002,Hernandez,Ramon,R,R,OAK,C,Ramon Hernandez,2001,"A,Oakland,Athletics"
hilje001,Hiljus,Erik,R,R,OAK,P,Erik Hiljus,2001,"A,Oakland,Athletics"
hudst001,Hudson,Tim,R,R,OAK,P,Tim Hudson,2001,"A,Oakland,Athletics"
isrij001,Isringhausen,Jason,R,R,OAK,P,Jason Isringhausen,2001,"A,Oakland,Athletics"
jahaj001,Jaha,John,R,R,OAK,DH,John Jaha,2001,"A,Oakland,Athletics"
jennr001,Jennings,Robin,L,L,OAK,OF,Robin Jennings,2001,"A,Oakland,Athletics"
lidlc001,Lidle,Cory,R,R,OAK,P,Cory Lidle,2001,"A,Oakland,Athletics"
longt002,Long,Terrence,L,L,OAK,OF,Terrence Long,2001,"A,Oakland,Athletics"
magnm001,Magnante,Mike,L,L,OAK,P,Mike Magnante,2001,"A,Oakland,Athletics"
matht002,Mathews,T.J.,R,R,OAK,P,T.J. Mathews,2001,"A,Oakland,Athletics"
mcmib001,McMillon,Billy,L,L,OAK,OF,Billy McMillon,2001,"A,Oakland,Athletics"
mecij001,Mecir,Jim,B,R,OAK,P,Jim Mecir,2001,"A,Oakland,Athletics"
menef001,Menechino,Frank,R,R,OAK,2B,Frank Menechino,2001,"A,Oakland,Athletics"
muldm001,Mulder,Mark,L,L,OAK,P,Mark Mulder,2001,"A,Oakland,Athletics"
myerg001,Myers,Greg,L,R,OAK,C,Greg Myers,2001,"A,Oakland,Athletics"
ortij003,Ortiz,Jose,R,R,OAK,2B,Jose Ortiz,2001,"A,Oakland,Athletics"
piata001,Piatt,Adam,R,R,OAK,OF,Adam Piatt,2001,"A,Oakland,Athletics"
ryanr001,Ryan,Rob,L,L,OAK,OF,Rob Ryan,2001,"A,Oakland,Athletics"
saeno001,Saenz,Olmedo,R,R,OAK,DH,Olmedo Saenz,2001,"A,Oakland,Athletics"
santf001,Santangelo,F.P.,B,R,OAK,2B,F.P. Santangelo,2001,"A,Oakland,Athletics"
tam-j001,Tam,Jeff,R,R,OAK,P,Jeff Tam,2001,"A,Oakland,Athletics"
tejam001,Tejada,Miguel,R,R,OAK,SS,Miguel Tejada,2001,"A,Oakland,Athletics"
valdm002,Valdez,Mario,L,L,OAK,DH,Mario Valdez,2001,"A,Oakland,Athletics"
vizcl001,Vizcaino,Luis,R,R,OAK,P,Luis Vizcaino,2001,"A,Oakland,Athletics"
wilst003,Wilson,Tom,R,R,OAK,C,Tom Wilson,2001,"A,Oakland,Athletics"
zitob001,Zito,Barry,L,L,OAK,P,Barry Zito,2001,"A,Oakland,Athletics"
abboj002,Abbott,Jeff,R,L,FLO,OF,Jeff Abbott,2001,"N,Florida,Marlins"
acevj001,Acevedo,Juan,R,R,FLO,P,Juan Acevedo,2001,"N,Florida,Marlins"
alfoa001,Alfonseca,Antonio,R,R,FLO,P,Antonio Alfonseca,2001,"N,Florida,Marlins"
almaa001,Almanza,Armando,L,L,FLO,P,Armando Almanza,2001,"N,Florida,Marlins"
baezb001,Baez,Benito,L,L,FLO,P,Benito Baez,2001,"N,Florida,Marlins"
beckj002,Beckett,Josh,R,R,FLO,P,Josh Beckett,2001,"N,Florida,Marlins"
bergd002,Berg,Dave,R,R,FLO,2B,Dave Berg,2001,"N,Florida,Marlins"
boner001,Bones,Ricky,R,R,FLO,P,Ricky Bones,2001,"N,Florida,Marlins"
burna001,Burnett,A.J.,R,R,FLO,P,A.J. Burnett,2001,"N,Florida,Marlins"
castl001,Castillo,Luis,B,R,FLO,2B,Luis Castillo,2001,"N,Florida,Marlins"
castr002,Castro,Ramon,R,R,FLO,C,Ramon Castro,2001,"N,Florida,Marlins"
clemm001,Clement,Matt,R,R,FLO,P,Matt Clement,2001,"N,Florida,Marlins"
darev001,Darensbourg,Vic,L,L,FLO,P,Vic Darensbourg,2001,"N,Florida,Marlins"
dempr002,Dempster,Ryan,R,R,FLO,P,Ryan Dempster,2001,"N,Florida,Marlins"
floyc001,Floyd,Cliff,L,R,FLO,OF,Cliff Floyd,2001,"N,Florida,Marlins"
fox-a001,Fox,Andy,L,R,FLO,SS,Andy Fox,2001,"N,Florida,Marlins"
gonza002,Gonzalez,Alex,R,R,FLO,SS,Alex Gonzalez,2001,"N,Florida,Marlins"
grilj001,Grilli,Jason,R,R,FLO,P,Jason Grilli,2001,"N,Florida,Marlins"
gulam001,Gulan,Mike,R,R,FLO,3B,Mike Gulan,2001,"N,Florida,Marlins"
johnc002,Johnson,Charles,R,R,FLO,C,Charles Johnson,2001,"N,Florida,Marlins"
knotg001,Knotts,Gary,R,R,FLO,P,Gary Knotts,2001,"N,Florida,Marlins"
lee-d002,Lee,Derrek,R,R,FLO,1B,Derrek Lee,2001,"N,Florida,Marlins"
loopb001,Looper,Braden,R,R,FLO,P,Braden Looper,2001,"N,Florida,Marlins"
lowem001,Lowell,Mike,R,R,FLO,3B,Mike Lowell,2001,"N,Florida,Marlins"
mabrj001,Mabry,John,L,R,FLO,OF,John Mabry,2001,"N,Florida,Marlins"
mcgur001,McGuire,Ryan,L,L,FLO,OF,Ryan McGuire,2001,"N,Florida,Marlins"
miced001,Miceli,Dan,R,R,FLO,P,Dan Miceli,2001,"N,Florida,Marlins"
millk005,Millar,Kevin,R,R,FLO,OF,Kevin Millar,2001,"N,Florida,Marlins"
mottc001,Mottola,Chad,R,R,FLO,OF,Chad Mottola,2001,"N,Florida,Marlins"
moutl001,Mouton,Lyle,R,R,FLO,OF,Lyle Mouton,2001,"N,Florida,Marlins"
nealb001,Neal,Blaine,L,R,FLO,P,Blaine Neal,2001,"N,Florida,Marlins"
nunev001,Nunez,Vladimir,R,R,FLO,P,Vladimir Nunez,2001,"N,Florida,Marlins"
olsek001,Olsen,Kevin,R,R,FLO,P,Kevin Olsen,2001,"N,Florida,Marlins"
owene001,Owens,Eric,R,R,FLO,OF,Eric Owens,2001,"N,Florida,Marlins"
pennb002,Penny,Brad,R,R,FLO,P,Brad Penny,2001,"N,Florida,Marlins"
redmm001,Redmond,Mike,R,R,FLO,C,Mike Redmond,2001,"N,Florida,Marlins"
ruffj001,Ruffin,Johnny,R,R,FLO,P,Johnny Ruffin,2001,"N,Florida,Marlins"
sancj001,Sanchez,Jesus,L,L,FLO,P,Jesus Sanchez,2001,"N,Florida,Marlins"
smitc001,Smith,Chuck,R,R,FLO,P,Chuck Smith,2001,"N,Florida,Marlins"
stroj001,Strong,Joe,B,R,FLO,P,Joe Strong,2001,"N,Florida,Marlins"
thomr004,Thompson,Ryan,R,R,FLO,OF,Ryan Thompson,2001,"N,Florida,Marlins"
wilsp002,Wilson,Preston,R,R,FLO,OF,Preston Wilson,2001,"N,Florida,Marlins"
acevj001,Acevedo,Juan,R,R,COL,P,Juan Acevedo,2001,"N,Colorado,Rockies"
astap001,Astacio,Pedro,R,R,COL,P,Pedro Astacio,2001,"N,Colorado,Rockies"
bartk001,Bartee,Kimera,B,R,COL,OF,Kimera Bartee,2001,"N,Colorado,Rockies"
belit001,Belitz,Todd,L,L,COL,P,Todd Belitz,2001,"N,Colorado,Rockies"
benng001,Bennett,Gary,R,R,COL,C,Gary Bennett,2001,"N,Colorado,Rockies"
bohab001,Bohanon,Brian,L,L,COL,P,Brian Bohanon,2001,"N,Colorado,Rockies"
brumc001,Brumbaugh,Cliff,R,R,COL,OF,Cliff Brumbaugh,2001,"N,Colorado,Rockies"
butlb002,Butler,Brent,R,R,COL,2B,Brent Butler,2001,"N,Colorado,Rockies"
chacs001,Chacon,Shawn,R,R,COL,P,Shawn Chacon,2001,"N,Colorado,Rockies"
choub001,Chouinard,Bobby,R,R,COL,P,Bobby Chouinard,2001,"N,Colorado,Rockies"
chrit001,Christman,Tim,L,L,COL,P,Tim Christman,2001,"N,Colorado,Rockies"
cirij001,Cirillo,Jeff,R,R,COL,3B,Jeff Cirillo,2001,"N,Colorado,Rockies"
cruzj003,Cruz,Jacob,L,L,COL,OF,Jacob Cruz,2001,"N,Colorado,Rockies"
davej001,Davenport,Joe,R,R,COL,P,Joe Davenport,2001,"N,Colorado,Rockies"
davik001,Davis,Kane,R,R,COL,P,Kane Davis,2001,"N,Colorado,Rockies"
dingc001,Dingman,Craig,R,R,COL,P,Craig Dingman,2001,"N,Colorado,Rockies"
elars001,Elarton,Scott,R,R,COL,P,Scott Elarton,2001,"N,Colorado,Rockies"
encam001,Encarnacion,Mario,R,R,COL,OF,Mario Encarnacion,2001,"N,Colorado,Rockies"
estrh001,Estrada,Horacio,L,L,COL,P,Horacio Estrada,2001,"N,Colorado,Rockies"
fasas001,Fasano,Sal,R,R,COL,C,Sal Fasano,2001,"N,Colorado,Rockies"
gantr001,Gant,Ron,R,R,COL,OF,Ron Gant,2001,"N,Colorado,Rockies"
hampm001,Hampton,Mike,R,L,COL,P,Mike Hampton,2001,"N,Colorado,Rockies"
heltt001,Helton,Todd,L,L,COL,1B,Todd Helton,2001,"N,Colorado,Rockies"
hollt001,Hollandsworth,Todd,L,L,COL,OF,Todd Hollandsworth,2001,"N,Colorado,Rockies"
jennj001,Jennings,Jason,L,R,COL,P,Jason Jennings,2001,"N,Colorado,Rockies"
jennr001,Jennings,Robin,L,L,COL,OF,Robin Jennings,2001,"N,Colorado,Rockies"
jimej001,Jimenez,Jose,R,R,COL,P,Jose Jimenez,2001,"N,Colorado,Rockies"
kiesb001,Kieschnick,Brooks,L,R,COL,OF,Brooks Kieschnick,2001,"N,Colorado,Rockies"
littm001,Little,Mark,R,R,COL,OF,Mark Little,2001,"N,Colorado,Rockies"
maynb001,Mayne,Brent,L,R,COL,C,Brent Mayne,2001,"N,Colorado,Rockies"
melha001,Melhuse,Adam,B,R,COL,C,Adam Melhuse,2001,"N,Colorado,Rockies"
miced001,Miceli,Dan,R,R,COL,P,Dan Miceli,2001,"N,Colorado,Rockies"
myerm001,Myers,Mike,L,L,COL,P,Mike Myers,2001,"N,Colorado,Rockies"
neagd001,Neagle,Denny,L,L,COL,P,Denny Neagle,2001,"N,Colorado,Rockies"
nichc002,Nichting,Chris,R,R,COL,P,Chris Nichting,2001,"N,Colorado,Rockies"
nortg001,Norton,Greg,B,R,COL,OF,Greg Norton,2001,"N,Colorado,Rockies"
ochoa001,Ochoa,Alex,R,R,COL,OF,Alex Ochoa,2001,"N,Colorado,Rockies"
ortij003,Ortiz,Jose,R,R,COL,2B,Jose Ortiz,2001,"N,Colorado,Rockies"
peren001,Perez,Neifi,B,R,COL,SS,Neifi Perez,2001,"N,Colorado,Rockies"
petrb001,Petrick,Ben,R,R,COL,C,Ben Petrick,2001,"N,Colorado,Rockies"
pierj002,Pierre,Juan,L,L,COL,OF,Juan Pierre,2001,"N,Colorado,Rockies"
powej001,Powell,Jay,R,R,COL,P,Jay Powell,2001,"N,Colorado,Rockies"
sefck001,Sefcik,Kevin,R,R,COL,PH,Kevin Sefcik,2001,"N,Colorado,Rockies"
shumt001,Shumpert,Terry,R,R,COL,2B,Terry Shumpert,2001,"N,Colorado,Rockies"
speij001,Speier,Justin,R,R,COL,P,Justin Speier,2001,"N,Colorado,Rockies"
suzum001,Suzuki,Mac,R,R,COL,P,Mac Suzuki,2001,"N,Colorado,Rockies"
thomj005,Thomson,John,R,R,COL,P,John Thomson,2001,"N,Colorado,Rockies"
uribj002,Uribe,Juan,R,R,COL,SS,Juan Uribe,2001,"N,Colorado,Rockies"
villr001,Villone,Ron,L,L,COL,P,Ron Villone,2001,"N,Colorado,Rockies"
walkl001,Walker,Larry,L,R,COL,OF,Larry Walker,2001,"N,Colorado,Rockies"
walkt002,Walker,Todd,L,R,COL,2B,Todd Walker,2001,"N,Colorado,Rockies"
wasdj001,Wasdin,John,R,R,COL,P,John Wasdin,2001,"N,Colorado,Rockies"
whitg001,White,Gabe,L,L,COL,P,Gabe White,2001,"N,Colorado,Rockies"
alcai001,Alcantara,Israel,R,R,BOS,OF,Israel Alcantara,2001,"A,Boston,Red Sox"
arror001,Arrojo,Rolando,R,R,BOS,P,Rolando Arrojo,2001,"A,Boston,Red Sox"
bankw001,Banks,Willie,R,R,BOS,P,Willie Banks,2001,"A,Boston,Red Sox"
beckr001,Beck,Rod,R,R,BOS,P,Rod Beck,2001,"A,Boston,Red Sox"
bichd001,Bichette,Dante,R,R,BOS,OF,Dante Bichette,2001,"A,Boston,Red Sox"
burkm001,Burkhart,Morgan,B,L,BOS,DH,Morgan Burkhart,2001,"A,Boston,Red Sox"
castc002,Castillo,Carlos,R,R,BOS,P,Carlos Castillo,2001,"A,Boston,Red Sox"
castf001,Castillo,Frank,R,R,BOS,P,Frank Castillo,2001,"A,Boston,Red Sox"
coned001,Cone,David,L,R,BOS,P,David Cone,2001,"A,Boston,Red Sox"
crawp001,Crawford,Paxton,R,R,BOS,P,Paxton Crawford,2001,"A,Boston,Red Sox"
daubb001,Daubach,Brian,L,R,BOS,1B,Brian Daubach,2001,"A,Boston,Red Sox"
erdot001,Erdos,Todd,R,R,BOS,P,Todd Erdos,2001,"A,Boston,Red Sox"
everc001,Everett,Carl,B,R,BOS,OF,Carl Everett,2001,"A,Boston,Red Sox"
florb001,Florie,Bryce,R,R,BOS,P,Bryce Florie,2001,"A,Boston,Red Sox"
fossc001,Fossum,Casey,L,L,BOS,P,Casey Fossum,2001,"A,Boston,Red Sox"
garcn001,Garciaparra,Nomar,R,R,BOS,SS,Nomar Garciaparra,2001,"A,Boston,Red Sox"
garcr001,Garces,Rich,R,R,BOS,P,Rich Garces,2001,"A,Boston,Red Sox"
grebc001,Grebeck,Craig,R,R,BOS,SS,Craig Grebeck,2001,"A,Boston,Red Sox"
hatts001,Hatteberg,Scott,L,R,BOS,C,Scott Hatteberg,2001,"A,Boston,Red Sox"
hills002,Hillenbrand,Shea,R,R,BOS,3B,Shea Hillenbrand,2001,"A,Boston,Red Sox"
jensm001,Jensen,Marcus,B,R,BOS,C,Marcus Jensen,2001,"A,Boston,Red Sox"
kim-s001,Kim,Sun-Woo,R,R,BOS,P,Sun-Woo Kim,2001,"A,Boston,Red Sox"
lansm001,Lansing,Mike,R,R,BOS,SS,Mike Lansing,2001,"A,Boston,Red Sox"
lewid001,Lewis,Darren,R,R,BOS,OF,Darren Lewis,2001,"A,Boston,Red Sox"
loftj001,Lofton,James,B,R,BOS,SS,James Lofton,2001,"A,Boston,Red Sox"
lowed001,Lowe,Derek,R,R,BOS,P,Derek Lowe,2001,"A,Boston,Red Sox"
martp001,Martinez,Pedro,R,R,BOS,P,Pedro Martinez,2001,"A,Boston,Red Sox"
mcdia001,McDill,Allen,L,L,BOS,P,Allen McDill,2001,"A,Boston,Red Sox"
merll001,Merloni,Lou,R,R,BOS,SS,Lou Merloni,2001,"A,Boston,Red Sox"
mirad001,Mirabelli,Doug,R,R,BOS,C,Doug Mirabelli,2001,"A,Boston,Red Sox"
nixot001,Nixon,Trot,L,L,BOS,OF,Trot Nixon,2001,"A,Boston,Red Sox"
nomoh001,Nomo,Hideo,R,R,BOS,P,Hideo Nomo,2001,"A,Boston,Red Sox"
offej001,Offerman,Jose,B,R,BOS,2B,Jose Offerman,2001,"A,Boston,Red Sox"
ohkat001,Ohka,Tomo,B,R,BOS,P,Tomo Ohka,2001,"A,Boston,Red Sox"
oleat001,O'Leary,Troy,L,L,BOS,OF,Troy O'Leary,2001,"A,Boston,Red Sox"
olivj001,Oliver,Joe,R,R,BOS,C,Joe Oliver,2001,"A,Boston,Red Sox"
pichh001,Pichardo,Hipolito,R,R,BOS,P,Hipolito Pichardo,2001,"A,Boston,Red Sox"
pickc001,Pickering,Calvin,L,L,BOS,1B,Calvin Pickering,2001,"A,Boston,Red Sox"
pulsb001,Pulsipher,Bill,L,L,BOS,P,Bill Pulsipher,2001,"A,Boston,Red Sox"
ramim002,Ramirez,Manny,R,R,BOS,DH,Manny Ramirez,2001,"A,Boston,Red Sox"
sabeb001,Saberhagen,Bret,R,R,BOS,P,Bret Saberhagen,2001,"A,Boston,Red Sox"
santa002,Santos,Angel,B,R,BOS,2B,Angel Santos,2001,"A,Boston,Red Sox"
schop001,Schourek,Pete,L,L,BOS,P,Pete Schourek,2001,"A,Boston,Red Sox"
stync001,Stynes,Chris,R,R,BOS,3B,Chris Stynes,2001,"A,Boston,Red Sox"
urbiu001,Urbina,Ugueth,R,R,BOS,P,Ugueth Urbina,2001,"A,Boston,Red Sox"
valej002,Valentin,John,R,R,BOS,SS,John Valentin,2001,"A,Boston,Red Sox"
varij001,Varitek,Jason,B,R,BOS,C,Jason Varitek,2001,"A,Boston,Red Sox"
waket001,Wakefield,Tim,R,R,BOS,P,Tim Wakefield,2001,"A,Boston,Red Sox"
acevj002,Acevedo,Jose,R,R,CIN,P,Jose Acevedo,2001,"N,Cincinnati,Reds"
atchj001,Atchley,Justin,L,L,CIN,P,Justin Atchley,2001,"N,Cincinnati,Reds"
bellr003,Bell,Rob,R,R,CIN,P,Rob Bell,2001,"N,Cincinnati,Reds"
boona001,Boone,Aaron,R,R,CIN,3B,Aaron Boone,2001,"N,Cincinnati,Reds"
browj003,Brower,Jim,R,R,CIN,P,Jim Brower,2001,"N,Cincinnati,Reds"
cases001,Casey,Sean,L,R,CIN,1B,Sean Casey,2001,"N,Cincinnati,Reds"
castj004,Castro,Juan,R,R,CIN,SS,Juan Castro,2001,"N,Cincinnati,Reds"
clarb003,Clark,Brady,R,R,CIN,OF,Brady Clark,2001,"N,Cincinnati,Reds"
cromd001,Cromer,D.T.,L,L,CIN,1B,D.T. Cromer,2001,"N,Cincinnati,Reds"
davil001,Davis,Lance,R,L,CIN,P,Lance Davis,2001,"N,Cincinnati,Reds"
desse001,Dessens,Elmer,R,R,CIN,P,Elmer Dessens,2001,"N,Cincinnati,Reds"
dunna001,Dunn,Adam,L,R,CIN,OF,Adam Dunn,2001,"N,Cincinnati,Reds"
fernj002,Fernandez,Jared,R,R,CIN,P,Jared Fernandez,2001,"N,Cincinnati,Reds"
ferno001,Fernandez,Osvaldo,R,R,CIN,P,Osvaldo Fernandez,2001,"N,Cincinnati,Reds"
gonzr002,Gonzalez,Raul,R,R,CIN,OF,Raul Gonzalez,2001,"N,Cincinnati,Reds"
gravd001,Graves,Danny,R,R,CIN,P,Danny Graves,2001,"N,Cincinnati,Reds"
grifk002,Griffey,Ken,L,L,CIN,OF,Ken Griffey,2001,"N,Cincinnati,Reds"
guerw001,Guerrero,Wilton,B,R,CIN,SS,Wilton Guerrero,2001,"N,Cincinnati,Reds"
hamij002,Hamilton,Joey,R,R,CIN,P,Joey Hamilton,2001,"N,Cincinnati,Reds"
harnp001,Harnisch,Pete,B,R,CIN,P,Pete Harnisch,2001,"N,Cincinnati,Reds"
jennr001,Jennings,Robin,L,L,CIN,OF,Robin Jennings,2001,"N,Cincinnati,Reds"
larkb001,Larkin,Barry,R,R,CIN,SS,Barry Larkin,2001,"N,Cincinnati,Reds"
larsb001,Larson,Brandon,R,R,CIN,3B,Brandon Larson,2001,"N,Cincinnati,Reds"
laruj001,LaRue,Jason,R,R,CIN,C,Jason LaRue,2001,"N,Cincinnati,Reds"
macrs001,MacRae,Scott,R,R,CIN,P,Scott MacRae,2001,"N,Cincinnati,Reds"
merch002,Mercado,Hector,L,L,CIN,P,Hector Mercado,2001,"N,Cincinnati,Reds"
millc001,Miller,Corky,R,R,CIN,C,Corky Miller,2001,"N,Cincinnati,Reds"
nichc002,Nichting,Chris,R,R,CIN,P,Chris Nichting,2001,"N,Cincinnati,Reds"
ochoa001,Ochoa,Alex,R,R,CIN,OF,Alex Ochoa,2001,"N,Cincinnati,Reds"
pickc001,Pickering,Calvin,L,L,CIN,PH,Calvin Pickering,2001,"N,Cincinnati,Reds"
pierc001,Piersoll,Chris,R,R,CIN,P,Chris Piersoll,2001,"N,Cincinnati,Reds"
reesp001,Reese,Pokey,R,R,CIN,SS,Pokey Reese,2001,"N,Cincinnati,Reds"
reitb001,Reith,Brian,R,R,CIN,P,Brian Reith,2001,"N,Cincinnati,Reds"
reitc001,Reitsma,Chris,R,R,CIN,P,Chris Reitsma,2001,"N,Cincinnati,Reds"
reyed001,Reyes,Dennys,R,L,CIN,P,Dennys Reyes,2001,"N,Cincinnati,Reds"
riedj001,Riedling,John,R,R,CIN,P,John Riedling,2001,"N,Cincinnati,Reds"
rijoj001,Rijo,Jose,R,R,CIN,P,Jose Rijo,2001,"N,Cincinnati,Reds"
river002,Rivera,Ruben,R,R,CIN,OF,Ruben Rivera,2001,"N,Cincinnati,Reds"
rodrf001,Rodriguez,Frankie,R,R,CIN,P,Frankie Rodriguez,2001,"N,Cincinnati,Reds"
sadld001,Sadler,Donnie,R,R,CIN,2B,Donnie Sadler,2001,"N,Cincinnati,Reds"
sandd001,Sanders,Deion,L,L,CIN,OF,Deion Sanders,2001,"N,Cincinnati,Reds"
selbb001,Selby,Bill,L,R,CIN,2B,Bill Selby,2001,"N,Cincinnati,Reds"
stink001,Stinnett,Kelly,R,R,CIN,C,Kelly Stinnett,2001,"N,Cincinnati,Reds"
sulls001,Sullivan,Scott,R,R,CIN,P,Scott Sullivan,2001,"N,Cincinnati,Reds"
tuckm001,Tucker,Michael,L,R,CIN,OF,Michael Tucker,2001,"N,Cincinnati,Reds"
walkt002,Walker,Todd,L,R,CIN,2B,Todd Walker,2001,"N,Cincinnati,Reds"
wills002,Williamson,Scott,R,R,CIN,P,Scott Williamson,2001,"N,Cincinnati,Reds"
wincs001,Winchester,Scott,R,R,CIN,P,Scott Winchester,2001,"N,Cincinnati,Reds"
wohlm001,Wohlers,Mark,R,R,CIN,P,Mark Wohlers,2001,"N,Cincinnati,Reds"
yound001,Young,Dmitri,B,R,CIN,OF,Dmitri Young,2001,"N,Cincinnati,Reds"
aybam001,Aybar,Manny,R,R,CHN,P,Manny Aybar,2001,"N,Chicago,Cubs"
berej002,Bere,Jason,R,R,CHN,P,Jason Bere,2001,"N,Chicago,Cubs"
boroj001,Borowski,Joe,R,R,CHN,P,Joe Borowski,2001,"N,Chicago,Cubs"
browr001,Brown,Roosevelt,L,R,CHN,OF,Roosevelt Brown,2001,"N,Chicago,Cubs"
bufod001,Buford,Damon,R,R,CHN,OF,Damon Buford,2001,"N,Chicago,Cubs"
cairm001,Cairo,Miguel,R,R,CHN,3B,Miguel Cairo,2001,"N,Chicago,Cubs"
chias002,Chiasson,Scott,R,R,CHN,P,Scott Chiasson,2001,"N,Chicago,Cubs"
coomr001,Coomer,Ron,R,R,CHN,3B,Ron Coomer,2001,"N,Chicago,Cubs"
cruzj005,Cruz,Juan,R,R,CHN,P,Juan Cruz,2001,"N,Chicago,Cubs"
deshd001,DeShields,Delino,L,R,CHN,OF,Delino DeShields,2001,"N,Chicago,Cubs"
duncc001,Duncan,Courtney,L,R,CHN,P,Courtney Duncan,2001,"N,Chicago,Cubs"
dunwt001,Dunwoody,Todd,L,L,CHN,OF,Todd Dunwoody,2001,"N,Chicago,Cubs"
farnk001,Farnsworth,Kyle,R,R,CHN,P,Kyle Farnsworth,2001,"N,Chicago,Cubs"
fassj001,Fassero,Jeff,L,L,CHN,P,Jeff Fassero,2001,"N,Chicago,Cubs"
fyhrm001,Fyhrie,Mike,R,R,CHN,P,Mike Fyhrie,2001,"N,Chicago,Cubs"
giraj001,Girardi,Joe,R,R,CHN,C,Joe Girardi,2001,"N,Chicago,Cubs"
gordt001,Gordon,Tom,R,R,CHN,P,Tom Gordon,2001,"N,Chicago,Cubs"
gutir001,Gutierrez,Ricky,R,R,CHN,SS,Ricky Gutierrez,2001,"N,Chicago,Cubs"
heref001,Heredia,Felix,L,L,CHN,P,Felix Heredia,2001,"N,Chicago,Cubs"
hundt001,Hundley,Todd,B,R,CHN,C,Todd Hundley,2001,"N,Chicago,Cubs"
liebj001,Lieber,Jon,L,R,CHN,P,Jon Lieber,2001,"N,Chicago,Cubs"
machr001,Machado,Robert,R,R,CHN,C,Robert Machado,2001,"N,Chicago,Cubs"
mahar001,Mahay,Ron,L,L,CHN,P,Ron Mahay,2001,"N,Chicago,Cubs"
mattg002,Matthews,Gary,B,R,CHN,OF,Gary Matthews,2001,"N,Chicago,Cubs"
mcgrf001,McGriff,Fred,L,L,CHN,1B,Fred McGriff,2001,"N,Chicago,Cubs"
meyec001,Meyers,Chad,R,R,CHN,2B,Chad Meyers,2001,"N,Chicago,Cubs"
muelb001,Mueller,Bill,B,R,CHN,3B,Bill Mueller,2001,"N,Chicago,Cubs"
ohmaw001,Ohman,Will,L,L,CHN,P,Will Ohman,2001,"N,Chicago,Cubs"
ojeda001,Ojeda,Augie,B,R,CHN,3B,Augie Ojeda,2001,"N,Chicago,Cubs"
pattc001,Patterson,Corey,L,R,CHN,OF,Corey Patterson,2001,"N,Chicago,Cubs"
smitj001,Smith,Jason,L,R,CHN,SS,Jason Smith,2001,"N,Chicago,Cubs"
sosas001,Sosa,Sammy,R,R,CHN,OF,Sammy Sosa,2001,"N,Chicago,Cubs"
staim001,Stairs,Matt,L,R,CHN,1B,Matt Stairs,2001,"N,Chicago,Cubs"
tapak001,Tapani,Kevin,R,R,CHN,P,Kevin Tapani,2001,"N,Chicago,Cubs"
tavaj001,Tavarez,Julian,L,R,CHN,P,Julian Tavarez,2001,"N,Chicago,Cubs"
tuckm001,Tucker,Michael,L,R,CHN,OF,Michael Tucker,2001,"N,Chicago,Cubs"
vanpt001,Van Poppel,Todd,R,R,CHN,P,Todd Van Poppel,2001,"N,Chicago,Cubs"
weatd001,Weathers,David,R,R,CHN,P,David Weathers,2001,"N,Chicago,Cubs"
whitr001,White,Rondell,R,R,CHN,OF,Rondell White,2001,"N,Chicago,Cubs"
woodk002,Wood,Kerry,R,R,CHN,P,Kerry Wood,2001,"N,Chicago,Cubs"
youne001,Young,Eric,R,R,CHN,2B,Eric Young,2001,"N,Chicago,Cubs"
zambc001,Zambrano,Carlos,B,R,CHN,P,Carlos Zambrano,2001,"N,Chicago,Cubs"
zulej001,Zuleta,Julio,R,R,CHN,1B,Julio Zuleta,2001,"N,Chicago,Cubs"
abbok002,Abbott,Kurt,R,R,ATL,2B,Kurt Abbott,2001,"N,Atlanta,Braves"
aldrc001,Aldridge,Cory,L,R,ATL,OF,Cory Aldridge,2001,"N,Atlanta,Braves"
bakop001,Bako,Paul,L,R,ATL,C,Paul Bako,2001,"N,Atlanta,Braves"
betew001,Betemit,Wilson,B,R,ATL,SS,Wilson Betemit,2001,"N,Atlanta,Braves"
brogr001,Brogna,Rico,L,L,ATL,1B,Rico Brogna,2001,"N,Atlanta,Braves"
burkj001,Burkett,John,R,R,ATL,P,John Burkett,2001,"N,Atlanta,Braves"
cabrj001,Cabrera,Jose,R,R,ATL,P,Jose Cabrera,2001,"N,Atlanta,Braves"
camik001,Caminiti,Ken,B,R,ATL,1B,Ken Caminiti,2001,"N,Atlanta,Braves"
derom001,DeRosa,Mark,R,R,ATL,SS,Mark DeRosa,2001,"N,Atlanta,Braves"
franj002,Franco,Julio,R,R,ATL,1B,Julio Franco,2001,"N,Atlanta,Braves"
furcr001,Furcal,Rafael,B,R,ATL,SS,Rafael Furcal,2001,"N,Atlanta,Braves"
garcj001,Garcia,Jesse,R,R,ATL,2B,Jesse Garcia,2001,"N,Atlanta,Braves"
gilem001,Giles,Marcus,R,R,ATL,2B,Marcus Giles,2001,"N,Atlanta,Braves"
gilkb001,Gilkey,Bernard,R,R,ATL,OF,Bernard Gilkey,2001,"N,Atlanta,Braves"
glavt001,Glavine,Tom,L,L,ATL,P,Tom Glavine,2001,"N,Atlanta,Braves"
helmw001,Helms,Wes,R,R,ATL,1B,Wes Helms,2001,"N,Atlanta,Braves"
jonea002,Jones,Andruw,R,R,ATL,OF,Andruw Jones,2001,"N,Atlanta,Braves"
jonec004,Jones,Chipper,B,R,ATL,3B,Chipper Jones,2001,"N,Atlanta,Braves"
jordb001,Jordan,Brian,R,R,ATL,OF,Brian Jordan,2001,"N,Atlanta,Braves"
karss001,Karsay,Steve,R,R,ATL,P,Steve Karsay,2001,"N,Atlanta,Braves"
ligtk001,Ligtenberg,Kerry,R,R,ATL,P,Kerry Ligtenberg,2001,"N,Atlanta,Braves"
lockk001,Lockhart,Keith,L,R,ATL,2B,Keith Lockhart,2001,"N,Atlanta,Braves"
lopej001,Lopez,Javy,R,R,ATL,C,Javy Lopez,2001,"N,Atlanta,Braves"
maddg002,Maddux,Greg,R,R,ATL,P,Greg Maddux,2001,"N,Atlanta,Braves"
marqj001,Marquis,Jason,L,R,ATL,P,Jason Marquis,2001,"N,Atlanta,Braves"
martd002,Martinez,Dave,L,L,ATL,OF,Dave Martinez,2001,"N,Atlanta,Braves"
millk004,Millwood,Kevin,R,R,ATL,P,Kevin Millwood,2001,"N,Atlanta,Braves"
moort001,Moore,Trey,L,L,ATL,P,Trey Moore,2001,"N,Atlanta,Braves"
mossd001,Moss,Damian,R,L,ATL,P,Damian Moss,2001,"N,Atlanta,Braves"
nelsj002,Nelson,Joe,R,R,ATL,P,Joe Nelson,2001,"N,Atlanta,Braves"
peree002,Perez,Eddie,R,R,ATL,C,Eddie Perez,2001,"N,Atlanta,Braves"
pereo001,Perez,Odalis,L,L,ATL,P,Odalis Perez,2001,"N,Atlanta,Braves"
reeds001,Reed,Steve,R,R,ATL,P,Steve Reed,2001,"N,Atlanta,Braves"
remlm001,Remlinger,Mike,L,L,ATL,P,Mike Remlinger,2001,"N,Atlanta,Braves"
rockj001,Rocker,John,R,L,ATL,P,John Rocker,2001,"N,Atlanta,Braves"
sancr001,Sanchez,Rey,R,R,ATL,SS,Rey Sanchez,2001,"N,Atlanta,Braves"
seanr001,Seanez,Rudy,R,R,ATL,P,Rudy Seanez,2001,"N,Atlanta,Braves"
seelc001,Seelbach,Chris,R,R,ATL,P,Chris Seelbach,2001,"N,Atlanta,Braves"
slusj001,Slusarski,Joe,R,R,ATL,P,Joe Slusarski,2001,"N,Atlanta,Braves"
smolj001,Smoltz,John,R,R,ATL,P,John Smoltz,2001,"N,Atlanta,Braves"
sobks001,Sobkowiak,Scott,R,R,ATL,P,Scott Sobkowiak,2001,"N,Atlanta,Braves"
spoot001,Spooneybarger,Tim,R,R,ATL,P,Tim Spooneybarger,2001,"N,Atlanta,Braves"
surhb001,Surhoff,B.J.,L,R,ATL,OF,B.J. Surhoff,2001,"N,Atlanta,Braves"
torrs002,Torrealba,Steve,R,R,ATL,C,Steve Torrealba,2001,"N,Atlanta,Braves"
valdm001,Valdes,Marc,R,R,ATL,P,Marc Valdes,2001,"N,Atlanta,Braves"
veraq001,Veras,Quilvio,B,R,ATL,2B,Quilvio Veras,2001,"N,Atlanta,Braves"
whitm002,Whiteside,Matt,R,R,ATL,P,Matt Whiteside,2001,"N,Atlanta,Braves"
alicl001,Alicea,Luis,B,R,KCA,2B,Luis Alicea,2001,"A,Kansas City,Royals"
austj002,Austin,Jeff,R,R,KCA,P,Jeff Austin,2001,"A,Kansas City,Royals"
bailc001,Bailey,Cory,R,R,KCA,P,Cory Bailey,2001,"A,Kansas City,Royals"
beltc001,Beltran,Carlos,B,R,KCA,OF,Carlos Beltran,2001,"A,Kansas City,Royals"
bergb001,Berger,Brandon,R,R,KCA,OF,Brandon Berger,2001,"A,Kansas City,Royals"
berra001,Berroa,Angel,R,R,KCA,SS,Angel Berroa,2001,"A,Kansas City,Royals"
browd002,Brown,Dee,L,R,KCA,OF,Dee Brown,2001,"A,Kansas City,Royals"
byrdp001,Byrd,Paul,R,R,KCA,P,Paul Byrd,2001,"A,Kansas City,Royals"
chave002,Chavez,Endy,L,L,KCA,OF,Endy Chavez,2001,"A,Kansas City,Royals"
cogat001,Cogan,Tony,L,L,KCA,P,Tony Cogan,2001,"A,Kansas City,Royals"
delgw001,Delgado,Wilson,B,R,KCA,SS,Wilson Delgado,2001,"A,Kansas City,Royals"
durbc001,Durbin,Chad,R,R,KCA,P,Chad Durbin,2001,"A,Kansas City,Royals"
dye-j001,Dye,Jermaine,R,R,KCA,OF,Jermaine Dye,2001,"A,Kansas City,Royals"
fasas001,Fasano,Sal,R,R,KCA,C,Sal Fasano,2001,"A,Kansas City,Royals"
feblc001,Febles,Carlos,R,R,KCA,2B,Carlos Febles,2001,"A,Kansas City,Royals"
georc002,George,Chris,L,L,KCA,P,Chris George,2001,"A,Kansas City,Royals"
grimj001,Grimsley,Jason,R,R,KCA,P,Jason Grimsley,2001,"A,Kansas City,Royals"
harvk001,Harvey,Ken,R,R,KCA,1B,Ken Harvey,2001,"A,Kansas City,Royals"
henrd002,Henry,Doug,R,R,KCA,P,Doug Henry,2001,"A,Kansas City,Royals"
hernr001,Hernandez,Roberto,R,R,KCA,P,Roberto Hernandez,2001,"A,Kansas City,Royals"
hinca001,Hinch,A.J.,R,R,KCA,C,A.J. Hinch,2001,"A,Kansas City,Royals"
hubbt001,Hubbard,Trent,R,R,KCA,OF,Trent Hubbard,2001,"A,Kansas City,Royals"
ibanr001,Ibanez,Raul,L,R,KCA,OF,Raul Ibanez,2001,"A,Kansas City,Royals"
macdm001,MacDougal,Mike,B,R,KCA,P,Mike MacDougal,2001,"A,Kansas City,Royals"
maynb001,Mayne,Brent,L,R,KCA,C,Brent Mayne,2001,"A,Kansas City,Royals"
mccad001,McCarty,Dave,R,L,KCA,1B,Dave McCarty,2001,"A,Kansas City,Royals"
meadb001,Meadows,Brian,R,R,KCA,P,Brian Meadows,2001,"A,Kansas City,Royals"
mulls002,Mullen,Scott,R,L,KCA,P,Scott Mullen,2001,"A,Kansas City,Royals"
ordal001,Ordaz,Luis,R,R,KCA,2B,Luis Ordaz,2001,"A,Kansas City,Royals"
ortih001,Ortiz,Hector,R,R,KCA,C,Hector Ortiz,2001,"A,Kansas City,Royals"
peren001,Perez,Neifi,B,R,KCA,SS,Neifi Perez,2001,"A,Kansas City,Royals"
quinm001,Quinn,Mark,R,R,KCA,OF,Mark Quinn,2001,"A,Kansas City,Royals"
randj002,Randa,Joe,R,R,KCA,3B,Joe Randa,2001,"A,Kansas City,Royals"
reicd001,Reichert,Dan,R,R,KCA,P,Dan Reichert,2001,"A,Kansas City,Royals"
sadld001,Sadler,Donnie,R,R,KCA,OF,Donnie Sadler,2001,"A,Kansas City,Royals"
sancr001,Sanchez,Rey,R,R,KCA,SS,Rey Sanchez,2001,"A,Kansas City,Royals"
santj002,Santiago,Jose,R,R,KCA,P,Jose Santiago,2001,"A,Kansas City,Royals"
steib002,Stein,Blake,R,R,KCA,P,Blake Stein,2001,"A,Kansas City,Royals"
suppj001,Suppan,Jeff,R,R,KCA,P,Jeff Suppan,2001,"A,Kansas City,Royals"
suzum001,Suzuki,Mac,R,R,KCA,P,Mac Suzuki,2001,"A,Kansas City,Royals"
sweem002,Sweeney,Mike,R,R,KCA,1B,Mike Sweeney,2001,"A,Kansas City,Royals"
voylb001,Voyles,Brad,R,R,KCA,P,Brad Voyles,2001,"A,Kansas City,Royals"
wilsk001,Wilson,Kris,R,R,KCA,P,Kris Wilson,2001,"A,Kansas City,Royals"
zaung001,Zaun,Gregg,B,R,KCA,C,Gregg Zaun,2001,"A,Kansas City,Royals"
almac001,Almanzar,Carlos,R,R,NYA,P,Carlos Almanzar,2001,"A,New York,Yankees"
almoe001,Almonte,Erick,R,R,NYA,SS,Erick Almonte,2001,"A,New York,Yankees"
bellc001,Bellinger,Clay,R,R,NYA,OF,Clay Bellinger,2001,"A,New York,Yankees"
boehb001,Boehringer,Brian,B,R,NYA,P,Brian Boehringer,2001,"A,New York,Yankees"
bragd001,Bragg,Darren,L,R,NYA,OF,Darren Bragg,2001,"A,New York,Yankees"
bross001,Brosius,Scott,R,R,NYA,3B,Scott Brosius,2001,"A,New York,Yankees"
choar001,Choate,Randy,L,L,NYA,P,Randy Choate,2001,"A,New York,Yankees"
clemr001,Clemens,Roger,R,R,NYA,P,Roger Clemens,2001,"A,New York,Yankees"
colem001,Coleman,Michael,R,R,NYA,OF,Michael Coleman,2001,"A,New York,Yankees"
estab001,Estalella,Bobby,R,R,NYA,C,Bobby Estalella,2001,"A,New York,Yankees"
greet003,Greene,Todd,R,R,NYA,C,Todd Greene,2001,"A,New York,Yankees"
herna002,Hernandez,Adrian,R,R,NYA,P,Adrian Hernandez,2001,"A,New York,Yankees"
herno001,Hernandez,Orlando,R,R,NYA,P,Orlando Hernandez,2001,"A,New York,Yankees"
hitcs001,Hitchcock,Sterling,L,L,NYA,P,Sterling Hitchcock,2001,"A,New York,Yankees"
jeted001,Jeter,Derek,R,R,NYA,SS,Derek Jeter,2001,"A,New York,Yankees"
jodib001,Jodie,Brett,R,R,NYA,P,Brett Jodie,2001,"A,New York,Yankees"
johnn001,Johnson,Nick,L,L,NYA,1B,Nick Johnson,2001,"A,New York,Yankees"
justd001,Justice,David,L,L,NYA,DH,David Justice,2001,"A,New York,Yankees"
keisr001,Keisler,Randy,L,L,NYA,P,Randy Keisler,2001,"A,New York,Yankees"
knigb001,Knight,Brandon,L,R,NYA,P,Brandon Knight,2001,"A,New York,Yankees"
knobc001,Knoblauch,Chuck,R,R,NYA,OF,Chuck Knoblauch,2001,"A,New York,Yankees"
lillt001,Lilly,Ted,L,L,NYA,P,Ted Lilly,2001,"A,New York,Yankees"
martt002,Martinez,Tino,L,R,NYA,1B,Tino Martinez,2001,"A,New York,Yankees"
mcdod001,McDonald,Donzell,B,R,NYA,OF,Donzell McDonald,2001,"A,New York,Yankees"
mendr001,Mendoza,Ramiro,R,R,NYA,P,Ramiro Mendoza,2001,"A,New York,Yankees"
mussm001,Mussina,Mike,L,R,NYA,P,Mike Mussina,2001,"A,New York,Yankees"
olivj001,Oliver,Joe,R,R,NYA,C,Joe Oliver,2001,"A,New York,Yankees"
oneip001,O'Neill,Paul,L,L,NYA,OF,Paul O'Neill,2001,"A,New York,Yankees"
parkc003,Parker,Christian,R,R,NYA,P,Christian Parker,2001,"A,New York,Yankees"
perer001,Perez,Robert,R,R,NYA,OF,Robert Perez,2001,"A,New York,Yankees"
petta001,Pettitte,Andy,L,L,NYA,P,Andy Pettitte,2001,"A,New York,Yankees"
posaj001,Posada,Jorge,B,R,NYA,C,Jorge Posada,2001,"A,New York,Yankees"
rivej001,Rivera,Juan,R,R,NYA,OF,Juan Rivera,2001,"A,New York,Yankees"
rivem002,Rivera,Mariano,R,R,NYA,P,Mariano Rivera,2001,"A,New York,Yankees"
rodrh001,Rodriguez,Henry,L,L,NYA,DH,Henry Rodriguez,2001,"A,New York,Yankees"
seabs001,Seabol,Scott,R,R,NYA,DH,Scott Seabol,2001,"A,New York,Yankees"
sojol001,Sojo,Luis,R,R,NYA,3B,Luis Sojo,2001,"A,New York,Yankees"
soria001,Soriano,Alfonso,R,R,NYA,2B,Alfonso Soriano,2001,"A,New York,Yankees"
spens001,Spencer,Shane,R,R,NYA,OF,Shane Spencer,2001,"A,New York,Yankees"
stanm003,Stanton,Mike,L,L,NYA,P,Mike Stanton,2001,"A,New York,Yankees"
velar001,Velarde,Randy,R,R,NYA,3B,Randy Velarde,2001,"A,New York,Yankees"
willb002,Williams,Bernie,B,R,NYA,OF,Bernie Williams,2001,"A,New York,Yankees"
willg001,Williams,Gerald,R,R,NYA,OF,Gerald Williams,2001,"A,New York,Yankees"
willt001,Williams,Todd,R,R,NYA,P,Todd Williams,2001,"A,New York,Yankees"
wilse001,Wilson,Enrique,B,R,NYA,SS,Enrique Wilson,2001,"A,New York,Yankees"
witaj001,Witasick,Jay,R,R,NYA,P,Jay Witasick,2001,"A,New York,Yankees"
wohlm001,Wohlers,Mark,R,R,NYA,P,Mark Wohlers,2001,"A,New York,Yankees"
andeg001,Anderson,Garret,L,L,ANA,OF,Garret Anderson,2001,"A,Anaheim,Angels"
barnl001,Barnes,Larry,L,L,ANA,1B,Larry Barnes,2001,"A,Anaheim,Angels"
borlt001,Borland,Toby,R,R,ANA,P,Toby Borland,2001,"A,Anaheim,Angels"
burkj003,Burke,Jamie,R,R,ANA,C,Jamie Burke,2001,"A,Anaheim,Angels"
coopb001,Cooper,Brian,R,R,ANA,P,Brian Cooper,2001,"A,Anaheim,Angels"
davaj001,DaVanon,Jeff,B,R,ANA,OF,Jeff DaVanon,2001,"A,Anaheim,Angels"
ecksd001,Eckstein,David,R,R,ANA,SS,David Eckstein,2001,"A,Anaheim,Angels"
erstd001,Erstad,Darin,L,L,ANA,OF,Darin Erstad,2001,"A,Anaheim,Angels"
fabrj001,Fabregas,Jorge,L,R,ANA,C,Jorge Fabregas,2001,"A,Anaheim,Angels"
fernj001,Fernandez,Jose,R,R,ANA,DH,Jose Fernandez,2001,"A,Anaheim,Angels"
gil-b001,Gil,Benji,R,R,ANA,SS,Benji Gil,2001,"A,Anaheim,Angels"
glaut001,Glaus,Troy,R,R,ANA,3B,Troy Glaus,2001,"A,Anaheim,Angels"
grees003,Green,Steve,R,R,ANA,P,Steve Green,2001,"A,Anaheim,Angels"
hases001,Hasegawa,Shigetoshi,R,R,ANA,P,Shigetoshi Hasegawa,2001,"A,Anaheim,Angels"
hillg001,Hill,Glenallen,R,R,ANA,DH,Glenallen Hill,2001,"A,Anaheim,Angels"
holtm001,Holtz,Mike,L,L,ANA,P,Mike Holtz,2001,"A,Anaheim,Angels"
joynw001,Joyner,Wally,L,L,ANA,1B,Wally Joyner,2001,"A,Anaheim,Angels"
kenna001,Kennedy,Adam,L,R,ANA,2B,Adam Kennedy,2001,"A,Anaheim,Angels"
levia001,Levine,Al,L,R,ANA,P,Al Levine,2001,"A,Anaheim,Angels"
lukam001,Lukasiewicz,Mark,L,L,ANA,P,Mark Lukasiewicz,2001,"A,Anaheim,Angels"
miadb001,Miadich,Bart,R,R,ANA,P,Bart Miadich,2001,"A,Anaheim,Angels"
molib001,Molina,Bengie,R,R,ANA,C,Bengie Molina,2001,"A,Anaheim,Angels"
molij001,Molina,Jose,R,R,ANA,C,Jose Molina,2001,"A,Anaheim,Angels"
nievj002,Nieves,Jose,R,R,ANA,2B,Jose Nieves,2001,"A,Anaheim,Angels"
ortir002,Ortiz,Ramon,R,R,ANA,P,Ramon Ortiz,2001,"A,Anaheim,Angels"
palmo001,Palmeiro,Orlando,L,L,ANA,OF,Orlando Palmeiro,2001,"A,Anaheim,Angels"
perct001,Percival,Troy,R,R,ANA,P,Troy Percival,2001,"A,Anaheim,Angels"
potel001,Pote,Lou,R,R,ANA,P,Lou Pote,2001,"A,Anaheim,Angels"
rappp001,Rapp,Pat,R,R,ANA,P,Pat Rapp,2001,"A,Anaheim,Angels"
salmt001,Salmon,Tim,R,R,ANA,OF,Tim Salmon,2001,"A,Anaheim,Angels"
schos001,Schoeneweis,Scott,L,L,ANA,P,Scott Schoeneweis,2001,"A,Anaheim,Angels"
shies002,Shields,Scot,R,R,ANA,P,Scot Shields,2001,"A,Anaheim,Angels"
spies001,Spiezio,Scott,B,R,ANA,1B,Scott Spiezio,2001,"A,Anaheim,Angels"
valdi001,Valdez,Ismael,R,R,ANA,P,Ismael Valdez,2001,"A,Anaheim,Angels"
washj001,Washburn,Jarrod,L,L,ANA,P,Jarrod Washburn,2001,"A,Anaheim,Angels"
webeb001,Weber,Ben,R,R,ANA,P,Ben Weber,2001,"A,Anaheim,Angels"
wisem001,Wise,Matt,R,R,ANA,P,Matt Wise,2001,"A,Anaheim,Angels"
woots001,Wooten,Shawn,R,R,ANA,DH,Shawn Wooten,2001,"A,Anaheim,Angels"
armat002,Armas,Tony,R,R,MON,P,Tony Armas,2001,"N,Montreal,Expos"
barrm003,Barrett,Michael,R,R,MON,C,Michael Barrett,2001,"N,Montreal,Expos"
bergp001,Bergeron,Peter,L,R,MON,OF,Peter Bergeron,2001,"N,Montreal,Expos"
blanm001,Blank,Matt,L,L,MON,P,Matt Blank,2001,"N,Montreal,Expos"
blumg001,Blum,Geoff,B,R,MON,3B,Geoff Blum,2001,"N,Montreal,Expos"
bradm001,Bradley,Milton,B,R,MON,OF,Milton Bradley,2001,"N,Montreal,Expos"
cabro001,Cabrera,Orlando,R,R,MON,SS,Orlando Cabrera,2001,"N,Montreal,Expos"
cubid001,Cubillan,Darwin,R,R,MON,P,Darwin Cubillan,2001,"N,Montreal,Expos"
delat001,de la Rosa,Tomas,R,R,MON,PH,Tomas de la Rosa,2001,"N,Montreal,Expos"
duceb001,Ducey,Rob,L,R,MON,OF,Rob Ducey,2001,"N,Montreal,Expos"
eiscj001,Eischen,Joey,L,L,MON,P,Joey Eischen,2001,"N,Montreal,Expos"
guerv001,Guerrero,Vladimir,R,R,MON,OF,Vladimir Guerrero,2001,"N,Montreal,Expos"
irabh001,Irabu,Hideki,R,R,MON,P,Hideki Irabu,2001,"N,Montreal,Expos"
johnm002,Johnson,Mike,L,R,MON,P,Mike Johnson,2001,"N,Montreal,Expos"
jonet004,Jones,Terry,B,R,MON,OF,Terry Jones,2001,"N,Montreal,Expos"
knorr001,Knorr,Randy,R,R,MON,C,Randy Knorr,2001,"N,Montreal,Expos"
liraf001,Lira,Felipe,R,R,MON,P,Felipe Lira,2001,"N,Montreal,Expos"
lloyg001,Lloyd,Graeme,L,L,MON,P,Graeme Lloyd,2001,"N,Montreal,Expos"
marta002,Martinez,Sandy,L,R,MON,C,Sandy Martinez,2001,"N,Montreal,Expos"
mateh001,Mateo,Henry,B,R,MON,2B,Henry Mateo,2001,"N,Montreal,Expos"
mattt001,Mattes,Troy,R,R,MON,P,Troy Mattes,2001,"N,Montreal,Expos"
minor001,Minor,Ryan,R,R,MON,3B,Ryan Minor,2001,"N,Montreal,Expos"
mordm001,Mordecai,Mike,R,R,MON,3B,Mike Mordecai,2001,"N,Montreal,Expos"
motag001,Mota,Guillermo,R,R,MON,P,Guillermo Mota,2001,"N,Montreal,Expos"
munob001,Munoz,Bobby,R,R,MON,P,Bobby Munoz,2001,"N,Montreal,Expos"
ohkat001,Ohka,Tomo,B,R,MON,P,Tomo Ohka,2001,"N,Montreal,Expos"
pavac001,Pavano,Carl,R,R,MON,P,Carl Pavano,2001,"N,Montreal,Expos"
petec001,Peters,Chris,L,L,MON,P,Chris Peters,2001,"N,Montreal,Expos"
pridc001,Pride,Curtis,L,R,MON,OF,Curtis Pride,2001,"N,Montreal,Expos"
raint001,Raines,Tim,B,R,MON,OF,Tim Raines,2001,"N,Montreal,Expos"
reamb001,Reames,Britt,R,R,MON,P,Britt Reames,2001,"N,Montreal,Expos"
scanb001,Scanlan,Bob,R,R,MON,P,Bob Scanlan,2001,"N,Montreal,Expos"
schnb001,Schneider,Brian,L,R,MON,C,Brian Schneider,2001,"N,Montreal,Expos"
seguf001,Seguignol,Fernando,B,R,MON,OF,Fernando Seguignol,2001,"N,Montreal,Expos"
smitm004,Smith,Mark,R,R,MON,OF,Mark Smith,2001,"N,Montreal,Expos"
stevl001,Stevens,Lee,L,L,MON,1B,Lee Stevens,2001,"N,Montreal,Expos"
stews003,Stewart,Scott,R,L,MON,P,Scott Stewart,2001,"N,Montreal,Expos"
stris001,Strickland,Scott,R,R,MON,P,Scott Strickland,2001,"N,Montreal,Expos"
tatif001,Tatis,Fernando,R,R,MON,3B,Fernando Tatis,2001,"N,Montreal,Expos"
telfa001,Telford,Anthony,R,R,MON,P,Anthony Telford,2001,"N,Montreal,Expos"
thurm002,Thurman,Mike,R,R,MON,P,Mike Thurman,2001,"N,Montreal,Expos"
traca001,Tracy,Andy,L,R,MON,3B,Andy Tracy,2001,"N,Montreal,Expos"
urbiu001,Urbina,Ugueth,R,R,MON,P,Ugueth Urbina,2001,"N,Montreal,Expos"
vazqj001,Vazquez,Javier,R,R,MON,P,Javier Vazquez,2001,"N,Montreal,Expos"
vidrj001,Vidro,Jose,B,R,MON,2B,Jose Vidro,2001,"N,Montreal,Expos"
wilkb002,Wilkerson,Brad,L,L,MON,OF,Brad Wilkerson,2001,"N,Montreal,Expos"
yoshm001,Yoshii,Masato,R,R,MON,P,Masato Yoshii,2001,"N,Montreal,Expos"
abreb001,Abreu,Bobby,L,R,PHI,OF,Bobby Abreu,2001,"N,Philadelphia,Phillies"
andem003,Anderson,Marlon,L,R,PHI,2B,Marlon Anderson,2001,"N,Philadelphia,Phillies"
benng001,Bennett,Gary,R,R,PHI,C,Gary Bennett,2001,"N,Philadelphia,Phillies"
bottr001,Bottalico,Ricky,L,R,PHI,P,Ricky Bottalico,2001,"N,Philadelphia,Phillies"
brocc001,Brock,Chris,R,R,PHI,P,Chris Brock,2001,"N,Philadelphia,Phillies"
burrp001,Burrell,Pat,R,R,PHI,OF,Pat Burrell,2001,"N,Philadelphia,Phillies"
byrdp001,Byrd,Paul,R,R,PHI,P,Paul Byrd,2001,"N,Philadelphia,Phillies"
chenb001,Chen,Bruce,L,L,PHI,P,Bruce Chen,2001,"N,Philadelphia,Phillies"
coggd001,Coggin,Dave,R,R,PHI,P,Dave Coggin,2001,"N,Philadelphia,Phillies"
cookd001,Cook,Dennis,L,L,PHI,P,Dennis Cook,2001,"N,Philadelphia,Phillies"
cormr001,Cormier,Rheal,L,L,PHI,P,Rheal Cormier,2001,"N,Philadelphia,Phillies"
cresf001,Crespo,Felipe,B,R,PHI,OF,Felipe Crespo,2001,"N,Philadelphia,Phillies"
daalo001,Daal,Omar,L,L,PHI,P,Omar Daal,2001,"N,Philadelphia,Phillies"
duceb001,Ducey,Rob,L,R,PHI,OF,Rob Ducey,2001,"N,Philadelphia,Phillies"
duckb001,Duckworth,Brandon,R,R,PHI,P,Brandon Duckworth,2001,"N,Philadelphia,Phillies"
estrj001,Estrada,Johnny,B,R,PHI,C,Johnny Estrada,2001,"N,Philadelphia,Phillies"
figun001,Figueroa,Nelson,B,R,PHI,P,Nelson Figueroa,2001,"N,Philadelphia,Phillies"
forbp001,Forbes,P.J.,R,R,PHI,2B,P.J. Forbes,2001,"N,Philadelphia,Phillies"
gland001,Glanville,Doug,R,R,PHI,OF,Doug Glanville,2001,"N,Philadelphia,Phillies"
gomew001,Gomes,Wayne,R,R,PHI,P,Wayne Gomes,2001,"N,Philadelphia,Phillies"
huntb002,Hunter,Brian,R,R,PHI,OF,Brian Hunter,2001,"N,Philadelphia,Phillies"
jordk001,Jordan,Kevin,R,R,PHI,1B,Kevin Jordan,2001,"N,Philadelphia,Phillies"
lee-t002,Lee,Travis,L,L,PHI,1B,Travis Lee,2001,"N,Philadelphia,Phillies"
liebm001,Lieberthal,Mike,R,R,PHI,C,Mike Lieberthal,2001,"N,Philadelphia,Phillies"
mesaj001,Mesa,Jose,R,R,PHI,P,Jose Mesa,2001,"N,Philadelphia,Phillies"
michj001,Michaels,Jason,R,R,PHI,OF,Jason Michaels,2001,"N,Philadelphia,Phillies"
newhd001,Newhan,David,L,R,PHI,2B,David Newhan,2001,"N,Philadelphia,Phillies"
nickd001,Nickle,Doug,R,R,PHI,P,Doug Nickle,2001,"N,Philadelphia,Phillies"
orope001,Oropesa,Eddie,L,L,PHI,P,Eddie Oropesa,2001,"N,Philadelphia,Phillies"
padiv001,Padilla,Vicente,R,R,PHI,P,Vicente Padilla,2001,"N,Philadelphia,Phillies"
peret003,Perez,Tomas,B,R,PHI,2B,Tomas Perez,2001,"N,Philadelphia,Phillies"
persr001,Person,Robert,R,R,PHI,P,Robert Person,2001,"N,Philadelphia,Phillies"
polic001,Politte,Cliff,R,R,PHI,P,Cliff Politte,2001,"N,Philadelphia,Phillies"
pratt001,Pratt,Todd,R,R,PHI,C,Todd Pratt,2001,"N,Philadelphia,Phillies"
puntn001,Punto,Nick,B,R,PHI,SS,Nick Punto,2001,"N,Philadelphia,Phillies"
roles001,Rolen,Scott,R,R,PHI,3B,Scott Rolen,2001,"N,Philadelphia,Phillies"
rollj001,Rollins,Jimmy,B,R,PHI,SS,Jimmy Rollins,2001,"N,Philadelphia,Phillies"
santj002,Santiago,Jose,R,R,PHI,P,Jose Santiago,2001,"N,Philadelphia,Phillies"
taylr001,Taylor,Reggie,L,R,PHI,OF,Reggie Taylor,2001,"N,Philadelphia,Phillies"
telea001,Telemaco,Amaury,R,R,PHI,P,Amaury Telemaco,2001,"N,Philadelphia,Phillies"
valee002,Valent,Eric,L,L,PHI,OF,Eric Valent,2001,"N,Philadelphia,Phillies"
vosbe001,Vosberg,Ed,L,L,PHI,P,Ed Vosberg,2001,"N,Philadelphia,Phillies"
walbm001,Walbeck,Matt,B,R,PHI,PH,Matt Walbeck,2001,"N,Philadelphia,Phillies"
wardt001,Ward,Turner,B,R,PHI,PH,Turner Ward,2001,"N,Philadelphia,Phillies"
wendt001,Wendell,Turk,B,R,PHI,P,Turk Wendell,2001,"N,Philadelphia,Phillies"
wolfr001,Wolf,Randy,L,L,PHI,P,Randy Wolf,2001,"N,Philadelphia,Phillies"
aloms001,Alomar,Sandy,R,R,CHA,C,Sandy Alomar,2001,"A,Chicago,White Sox"
bainh001,Baines,Harold,L,L,CHA,DH,Harold Baines,2001,"A,Chicago,White Sox"
baldj002,Baldwin,James,R,R,CHA,P,James Baldwin,2001,"A,Chicago,White Sox"
barcl001,Barcelo,Lorenzo,R,R,CHA,P,Lorenzo Barcelo,2001,"A,Chicago,White Sox"
biddr001,Biddle,Rocky,R,R,CHA,P,Rocky Biddle,2001,"A,Chicago,White Sox"
buehm001,Buehrle,Mark,L,L,CHA,P,Mark Buehrle,2001,"A,Chicago,White Sox"
cansj001,Canseco,Jose,R,R,CHA,DH,Jose Canseco,2001,"A,Chicago,White Sox"
chrim002,Christensen,McKay,L,L,CHA,OF,McKay Christensen,2001,"A,Chicago,White Sox"
clayr001,Clayton,Royce,R,R,CHA,SS,Royce Clayton,2001,"A,Chicago,White Sox"
credj001,Crede,Joe,R,R,CHA,3B,Joe Crede,2001,"A,Chicago,White Sox"
dalem001,Dalesandro,Mark,R,R,CHA,C,Mark Dalesandro,2001,"A,Chicago,White Sox"
durhr001,Durham,Ray,B,R,CHA,2B,Ray Durham,2001,"A,Chicago,White Sox"
eldrc001,Eldred,Cal,R,R,CHA,P,Cal Eldred,2001,"A,Chicago,White Sox"
embra001,Embree,Alan,L,L,CHA,P,Alan Embree,2001,"A,Chicago,White Sox"
foggj001,Fogg,Josh,R,R,CHA,P,Josh Fogg,2001,"A,Chicago,White Sox"
foulk001,Foulke,Keith,R,R,CHA,P,Keith Foulke,2001,"A,Chicago,White Sox"
garlj001,Garland,Jon,R,R,CHA,P,Jon Garland,2001,"A,Chicago,White Sox"
gintm001,Ginter,Matt,R,R,CHA,P,Matt Ginter,2001,"A,Chicago,White Sox"
glovg001,Glover,Gary,R,R,CHA,P,Gary Glover,2001,"A,Chicago,White Sox"
graft001,Graffanino,Tony,R,R,CHA,3B,Tony Graffanino,2001,"A,Chicago,White Sox"
howrb001,Howry,Bob,L,R,CHA,P,Bob Howry,2001,"A,Chicago,White Sox"
johnm003,Johnson,Mark,L,R,CHA,C,Mark Johnson,2001,"A,Chicago,White Sox"
konep001,Konerko,Paul,R,R,CHA,1B,Paul Konerko,2001,"A,Chicago,White Sox"
lee-c001,Lee,Carlos,R,R,CHA,OF,Carlos Lee,2001,"A,Chicago,White Sox"
liefj001,Liefer,Jeff,L,R,CHA,OF,Jeff Liefer,2001,"A,Chicago,White Sox"
lowes001,Lowe,Sean,R,R,CHA,P,Sean Lowe,2001,"A,Chicago,White Sox"
ordom001,Ordonez,Magglio,R,R,CHA,OF,Magglio Ordonez,2001,"A,Chicago,White Sox"
osuna002,Osuna,Antonio,R,R,CHA,P,Antonio Osuna,2001,"A,Chicago,White Sox"
parqj001,Parque,Jim,L,L,CHA,P,Jim Parque,2001,"A,Chicago,White Sox"
paulj001,Paul,Josh,R,R,CHA,C,Josh Paul,2001,"A,Chicago,White Sox"
perrh001,Perry,Herbert,R,R,CHA,3B,Herbert Perry,2001,"A,Chicago,White Sox"
pulsb001,Pulsipher,Bill,L,L,CHA,P,Bill Pulsipher,2001,"A,Chicago,White Sox"
ramij001,Ramirez,Julio,R,R,CHA,OF,Julio Ramirez,2001,"A,Chicago,White Sox"
rowaa001,Rowand,Aaron,R,R,CHA,OF,Aaron Rowand,2001,"A,Chicago,White Sox"
singc001,Singleton,Chris,L,L,CHA,OF,Chris Singleton,2001,"A,Chicago,White Sox"
thomf001,Thomas,Frank,R,R,CHA,DH,Frank Thomas,2001,"A,Chicago,White Sox"
valej003,Valentin,Jose,B,R,CHA,3B,Jose Valentin,2001,"A,Chicago,White Sox"
vinik001,Vining,Ken,L,L,CHA,P,Ken Vining,2001,"A,Chicago,White Sox"
welld001,Wells,David,L,L,CHA,P,David Wells,2001,"A,Chicago,White Sox"
wellk001,Wells,Kip,R,R,CHA,P,Kip Wells,2001,"A,Chicago,White Sox"
wrigd001,Wright,Dan,R,R,CHA,P,Dan Wright,2001,"A,Chicago,White Sox"
wunsk001,Wunsch,Kelly,L,L,CHA,P,Kelly Wunsch,2001,"A,Chicago,White Sox"
bellr002,Belliard,Ronnie,R,R,MIL,2B,Ronnie Belliard,2001,"N,Milwaukee,Brewers"
blanh001,Blanco,Henry,R,R,MIL,C,Henry Blanco,2001,"N,Milwaukee,Brewers"
browk004,Brown,Kevin,R,R,MIL,C,Kevin Brown,2001,"N,Milwaukee,Brewers"
buddm001,Buddie,Mike,R,R,MIL,P,Mike Buddie,2001,"N,Milwaukee,Brewers"
burnj001,Burnitz,Jeromy,L,R,MIL,OF,Jeromy Burnitz,2001,"N,Milwaukee,Brewers"
casar001,Casanova,Raul,B,R,MIL,C,Raul Casanova,2001,"N,Milwaukee,Brewers"
colll001,Collier,Lou,R,R,MIL,OF,Lou Collier,2001,"N,Milwaukee,Brewers"
coolm001,Coolbaugh,Mike,R,R,MIL,3B,Mike Coolbaugh,2001,"N,Milwaukee,Brewers"
coppr001,Coppinger,Rocky,R,R,MIL,P,Rocky Coppinger,2001,"N,Milwaukee,Brewers"
cunnw001,Cunnane,Will,R,R,MIL,P,Will Cunnane,2001,"N,Milwaukee,Brewers"
damij001,D'Amico,Jeff,R,R,MIL,P,Jeff D'Amico,2001,"N,Milwaukee,Brewers"
dejem001,DeJean,Mike,R,R,MIL,P,Mike DeJean,2001,"N,Milwaukee,Brewers"
delov001,de los Santos,Valerio,L,L,MIL,P,Valerio de los Santos,2001,"N,Milwaukee,Brewers"
echea001,Echevarria,Angel,R,R,MIL,OF,Angel Echevarria,2001,"N,Milwaukee,Brewers"
fernt001,Fernandez,Tony,B,R,MIL,3B,Tony Fernandez,2001,"N,Milwaukee,Brewers"
fox-c001,Fox,Chad,R,R,MIL,P,Chad Fox,2001,"N,Milwaukee,Brewers"
gandg001,Gandarillas,Gus,R,R,MIL,P,Gus Gandarillas,2001,"N,Milwaukee,Brewers"
hammj001,Hammonds,Jeffrey,R,R,MIL,OF,Jeffrey Hammonds,2001,"N,Milwaukee,Brewers"
haynj001,Haynes,Jimmy,R,R,MIL,P,Jimmy Haynes,2001,"N,Milwaukee,Brewers"
hernj001,Hernandez,Jose,R,R,MIL,SS,Jose Hernandez,2001,"N,Milwaukee,Brewers"
houst001,Houston,Tyler,L,R,MIL,3B,Tyler Houston,2001,"N,Milwaukee,Brewers"
jenkg001,Jenkins,Geoff,L,R,MIL,OF,Geoff Jenkins,2001,"N,Milwaukee,Brewers"
kingr001,King,Ray,L,L,MIL,P,Ray King,2001,"N,Milwaukee,Brewers"
kolbb001,Kolb,Brandon,R,R,MIL,P,Brandon Kolb,2001,"N,Milwaukee,Brewers"
leitm001,Leiter,Mark,R,R,MIL,P,Mark Leiter,2001,"N,Milwaukee,Brewers"
leskc001,Leskanic,Curt,R,R,MIL,P,Curt Leskanic,2001,"N,Milwaukee,Brewers"
levij001,Levis,Jesse,L,R,MIL,C,Jesse Levis,2001,"N,Milwaukee,Brewers"
levra001,Levrault,Allen,R,R,MIL,P,Allen Levrault,2001,"N,Milwaukee,Brewers"
lopel002,Lopez,Luis,B,R,MIL,3B,Luis Lopez,2001,"N,Milwaukee,Brewers"
lorem001,Loretta,Mark,R,R,MIL,2B,Mark Loretta,2001,"N,Milwaukee,Brewers"
moutj001,Mouton,James,R,R,MIL,OF,James Mouton,2001,"N,Milwaukee,Brewers"
neugn001,Neugebauer,Nick,R,R,MIL,P,Nick Neugebauer,2001,"N,Milwaukee,Brewers"
painl001,Painter,Lance,L,L,MIL,P,Lance Painter,2001,"N,Milwaukee,Brewers"
penae001,Pena,Elvis,B,R,MIL,2B,Elvis Pena,2001,"N,Milwaukee,Brewers"
perer001,Perez,Robert,R,R,MIL,OF,Robert Perez,2001,"N,Milwaukee,Brewers"
petek001,Peterson,Kyle,L,R,MIL,P,Kyle Peterson,2001,"N,Milwaukee,Brewers"
quevr001,Quevedo,Ruben,R,R,MIL,P,Ruben Quevedo,2001,"N,Milwaukee,Brewers"
rigdp001,Rigdon,Paul,R,R,MIL,P,Paul Rigdon,2001,"N,Milwaukee,Brewers"
sanca003,Sanchez,Alex,L,L,MIL,OF,Alex Sanchez,2001,"N,Milwaukee,Brewers"
sexsr001,Sexson,Richie,R,R,MIL,1B,Richie Sexson,2001,"N,Milwaukee,Brewers"
sheeb001,Sheets,Ben,R,R,MIL,P,Ben Sheets,2001,"N,Milwaukee,Brewers"
suzum001,Suzuki,Mac,R,R,MIL,P,Mac Suzuki,2001,"N,Milwaukee,Brewers"
sweem001,Sweeney,Mark,L,L,MIL,OF,Mark Sweeney,2001,"N,Milwaukee,Brewers"
weatd001,Weathers,David,R,R,MIL,P,David Weathers,2001,"N,Milwaukee,Brewers"
whitd001,White,Devon,B,R,MIL,OF,Devon White,2001,"N,Milwaukee,Brewers"
wrigj001,Wright,Jamey,R,R,MIL,P,Jamey Wright,2001,"N,Milwaukee,Brewers"
bellr003,Bell,Rob,R,R,TEX,P,Rob Bell,2001,"A,Texas,Rangers"
benoj001,Benoit,Joaquin,R,R,TEX,P,Joaquin Benoit,2001,"A,Texas,Rangers"
branj001,Brantley,Jeff,R,R,TEX,P,Jeff Brantley,2001,"A,Texas,Rangers"
brumc001,Brumbaugh,Cliff,R,R,TEX,OF,Cliff Brumbaugh,2001,"A,Texas,Rangers"
camik001,Caminiti,Ken,B,R,TEX,3B,Ken Caminiti,2001,"A,Texas,Rangers"
cataf001,Catalanotto,Frank,L,R,TEX,OF,Frank Catalanotto,2001,"A,Texas,Rangers"
cordf002,Cordero,Francisco,R,R,TEX,P,Francisco Cordero,2001,"A,Texas,Rangers"
crabt001,Crabtree,Tim,R,R,TEX,P,Tim Crabtree,2001,"A,Texas,Rangers"
curtc001,Curtis,Chad,R,R,TEX,OF,Chad Curtis,2001,"A,Texas,Rangers"
david002,Davis,Doug,R,L,TEX,P,Doug Davis,2001,"A,Texas,Rangers"
dickr001,Dickey,R.A.,R,R,TEX,P,R.A. Dickey,2001,"A,Texas,Rangers"
drank001,Dransfeldt,Kelly,R,R,TEX,SS,Kelly Dransfeldt,2001,"A,Texas,Rangers"
duchj001,Duchscherer,Justin,R,R,TEX,P,Justin Duchscherer,2001,"A,Texas,Rangers"
fostk001,Foster,Kevin,R,R,TEX,P,Kevin Foster,2001,"A,Texas,Rangers"
galaa001,Galarraga,Andres,R,R,TEX,DH,Andres Galarraga,2001,"A,Texas,Rangers"
glynr001,Glynn,Ryan,R,R,TEX,P,Ryan Glynn,2001,"A,Texas,Rangers"
greer001,Greer,Rusty,L,L,TEX,OF,Rusty Greer,2001,"A,Texas,Rangers"
haseb001,Haselman,Bill,R,R,TEX,C,Bill Haselman,2001,"A,Texas,Rangers"
hellr001,Helling,Rick,R,R,TEX,P,Rick Helling,2001,"A,Texas,Rangers"
hubbm001,Hubbard,Mike,R,R,TEX,C,Mike Hubbard,2001,"A,Texas,Rangers"
jensm001,Jensen,Marcus,B,R,TEX,C,Marcus Jensen,2001,"A,Texas,Rangers"
johnj008,Johnson,Jonathan,R,R,TEX,P,Jonathan Johnson,2001,"A,Texas,Rangers"
juddm001,Judd,Mike,R,R,TEX,P,Mike Judd,2001,"A,Texas,Rangers"
kaplg001,Kapler,Gabe,R,R,TEX,OF,Gabe Kapler,2001,"A,Texas,Rangers"
kolbd001,Kolb,Danny,R,R,TEX,P,Danny Kolb,2001,"A,Texas,Rangers"
lambm001,Lamb,Mike,L,R,TEX,3B,Mike Lamb,2001,"A,Texas,Rangers"
leder001,Ledee,Ricky,L,L,TEX,OF,Ricky Ledee,2001,"A,Texas,Rangers"
magrc001,Magruder,Chris,B,R,TEX,OF,Chris Magruder,2001,"A,Texas,Rangers"
mahop001,Mahomes,Pat,R,R,TEX,P,Pat Mahomes,2001,"A,Texas,Rangers"
mater001,Mateo,Ruben,R,R,TEX,OF,Ruben Mateo,2001,"A,Texas,Rangers"
michc001,Michalak,Chris,L,L,TEX,P,Chris Michalak,2001,"A,Texas,Rangers"
mirad001,Mirabelli,Doug,R,R,TEX,C,Doug Mirabelli,2001,"A,Texas,Rangers"
monrc001,Monroe,Craig,R,R,TEX,OF,Craig Monroe,2001,"A,Texas,Rangers"
morej001,Moreno,Juan,L,L,TEX,P,Juan Moreno,2001,"A,Texas,Rangers"
myeta001,Myette,Aaron,R,R,TEX,P,Aaron Myette,2001,"A,Texas,Rangers"
olivd001,Oliver,Darren,R,L,TEX,P,Darren Oliver,2001,"A,Texas,Rangers"
palmr001,Palmeiro,Rafael,L,L,TEX,1B,Rafael Palmeiro,2001,"A,Texas,Rangers"
penac001,Pena,Carlos,L,L,TEX,1B,Carlos Pena,2001,"A,Texas,Rangers"
petkm001,Petkovsek,Mark,R,R,TEX,P,Mark Petkovsek,2001,"A,Texas,Rangers"
portb001,Porter,Bo,R,R,TEX,OF,Bo Porter,2001,"A,Texas,Rangers"
rodra001,Rodriguez,Alex,R,R,TEX,SS,Alex Rodriguez,2001,"A,Texas,Rangers"
rodri001,Rodriguez,Ivan,R,R,TEX,C,Ivan Rodriguez,2001,"A,Texas,Rangers"
rogek001,Rogers,Kenny,L,L,TEX,P,Kenny Rogers,2001,"A,Texas,Rangers"
shels001,Sheldon,Scott,R,R,TEX,3B,Scott Sheldon,2001,"A,Texas,Rangers"
sierr001,Sierra,Ruben,B,R,TEX,DH,Ruben Sierra,2001,"A,Texas,Rangers"
smarj001,Smart,J.D.,R,R,TEX,P,J.D. Smart,2001,"A,Texas,Rangers"
velar001,Velarde,Randy,R,R,TEX,2B,Randy Velarde,2001,"A,Texas,Rangers"
venam002,Venafro,Mike,L,L,TEX,P,Mike Venafro,2001,"A,Texas,Rangers"
villb001,Villafuerte,Brandon,R,R,TEX,P,Brandon Villafuerte,2001,"A,Texas,Rangers"
younm003,Young,Michael,R,R,TEX,2B,Michael Young,2001,"A,Texas,Rangers"
zimmj001,Zimmerman,Jeff,R,R,TEX,P,Jeff Zimmerman,2001,"A,Texas,Rangers"
andem002,Anderson,Matt,R,R,DET,P,Matt Anderson,2001,"A,Detroit,Tigers"
berna001,Bernero,Adam,R,R,DET,P,Adam Bernero,2001,"A,Detroit,Tigers"
blaiw001,Blair,Willie,R,R,DET,P,Willie Blair,2001,"A,Detroit,Tigers"
borkd001,Borkowski,Dave,R,R,DET,P,Dave Borkowski,2001,"A,Detroit,Tigers"
cardj001,Cardona,Javier,R,R,DET,C,Javier Cardona,2001,"A,Detroit,Tigers"
ceder001,Cedeno,Roger,B,R,DET,OF,Roger Cedeno,2001,"A,Detroit,Tigers"
clarj003,Clark,Jermaine,L,R,DET,PR,Jermaine Clark,2001,"A,Detroit,Tigers"
clart002,Clark,Tony,B,R,DET,1B,Tony Clark,2001,"A,Detroit,Tigers"
cornn001,Cornejo,Nate,R,R,DET,P,Nate Cornejo,2001,"A,Detroit,Tigers"
cruzd001,Cruz,Deivi,R,R,DET,SS,Deivi Cruz,2001,"A,Detroit,Tigers"
easld001,Easley,Damion,R,R,DET,2B,Damion Easley,2001,"A,Detroit,Tigers"
encaj001,Encarnacion,Juan,R,R,DET,OF,Juan Encarnacion,2001,"A,Detroit,Tigers"
fickr001,Fick,Robert,L,R,DET,C,Robert Fick,2001,"A,Detroit,Tigers"
halts001,Halter,Shane,R,R,DET,3B,Shane Halter,2001,"A,Detroit,Tigers"
higgb001,Higginson,Bobby,L,R,DET,OF,Bobby Higginson,2001,"A,Detroit,Tigers"
holtc001,Holt,Chris,R,R,DET,P,Chris Holt,2001,"A,Detroit,Tigers"
ingeb001,Inge,Brandon,R,R,DET,C,Brandon Inge,2001,"A,Detroit,Tigers"
jackr004,Jackson,Ryan,L,L,DET,1B,Ryan Jackson,2001,"A,Detroit,Tigers"
jonet003,Jones,Todd,L,R,DET,P,Todd Jones,2001,"A,Detroit,Tigers"
limaj001,Lima,Jose,R,R,DET,P,Jose Lima,2001,"A,Detroit,Tigers"
macij001,Macias,Jose,B,R,DET,3B,Jose Macias,2001,"A,Detroit,Tigers"
magew001,Magee,Wendell,R,R,DET,OF,Wendell Magee,2001,"A,Detroit,Tigers"
mcmib001,McMillon,Billy,L,L,DET,OF,Billy McMillon,2001,"A,Detroit,Tigers"
millm001,Miller,Matt,L,L,DET,P,Matt Miller,2001,"A,Detroit,Tigers"
mlicd001,Mlicki,Dave,R,R,DET,P,Dave Mlicki,2001,"A,Detroit,Tigers"
moehb001,Moehler,Brian,R,R,DET,P,Brian Moehler,2001,"A,Detroit,Tigers"
munse001,Munson,Eric,L,R,DET,1B,Eric Munson,2001,"A,Detroit,Tigers"
murrh001,Murray,Heath,L,L,DET,P,Heath Murray,2001,"A,Detroit,Tigers"
nitkc001,Nitkowski,C.J.,L,L,DET,P,C.J. Nitkowski,2001,"A,Detroit,Tigers"
palmd002,Palmer,Dean,R,R,DET,DH,Dean Palmer,2001,"A,Detroit,Tigers"
pattd001,Patterson,Danny,R,R,DET,P,Danny Patterson,2001,"A,Detroit,Tigers"
pattj003,Patterson,Jarrod,L,R,DET,3B,Jarrod Patterson,2001,"A,Detroit,Tigers"
perim001,Perisho,Matt,L,L,DET,P,Matt Perisho,2001,"A,Detroit,Tigers"
petta002,Pettyjohn,Adam,R,L,DET,P,Adam Pettyjohn,2001,"A,Detroit,Tigers"
pinel001,Pineda,Luis,R,R,DET,P,Luis Pineda,2001,"A,Detroit,Tigers"
redmm002,Redman,Mark,L,L,DET,P,Mark Redman,2001,"A,Detroit,Tigers"
rivem003,Rivera,Mike,R,R,DET,C,Mike Rivera,2001,"A,Detroit,Tigers"
santp001,Santana,Pedro,R,R,DET,2B,Pedro Santana,2001,"A,Detroit,Tigers"
santv001,Santos,Victor,R,R,DET,P,Victor Santos,2001,"A,Detroit,Tigers"
simor001,Simon,Randall,L,L,DET,1B,Randall Simon,2001,"A,Detroit,Tigers"
spars001,Sparks,Steve,R,R,DET,P,Steve Sparks,2001,"A,Detroit,Tigers"
tolak001,Tolar,Kevin,R,L,DET,P,Kevin Tolar,2001,"A,Detroit,Tigers"
wakec001,Wakeland,Chris,L,L,DET,OF,Chris Wakeland,2001,"A,Detroit,Tigers"
weavj002,Weaver,Jeff,R,R,DET,P,Jeff Weaver,2001,"A,Detroit,Tigers"
alomr001,Alomar,Roberto,B,R,CLE,2B,Roberto Alomar,2001,"A,Cleveland,Indians"
bacsm001,Bacsik,Michael,L,L,CLE,P,Michael Bacsik,2001,"A,Cleveland,Indians"
baezd001,Baez,Danys,R,R,CLE,P,Danys Baez,2001,"A,Cleveland,Indians"
bradm001,Bradley,Milton,B,R,CLE,OF,Milton Bradley,2001,"A,Cleveland,Indians"
branr001,Branyan,Russell,L,R,CLE,3B,Russell Branyan,2001,"A,Cleveland,Indians"
burbd001,Burba,Dave,R,R,CLE,P,Dave Burba,2001,"A,Cleveland,Indians"
burke001,Burks,Ellis,R,R,CLE,DH,Ellis Burks,2001,"A,Cleveland,Indians"
cabrj002,Cabrera,Jolbert,R,R,CLE,OF,Jolbert Cabrera,2001,"A,Cleveland,Indians"
colob001,Colon,Bartolo,R,R,CLE,P,Bartolo Colon,2001,"A,Cleveland,Indians"
cordm001,Cordova,Marty,R,R,CLE,OF,Marty Cordova,2001,"A,Cleveland,Indians"
cordw001,Cordero,Wil,R,R,CLE,OF,Wil Cordero,2001,"A,Cleveland,Indians"
cruzj003,Cruz,Jacob,L,L,CLE,OF,Jacob Cruz,2001,"A,Cleveland,Indians"
diaze002,Diaz,Einar,R,R,CLE,C,Einar Diaz,2001,"A,Cleveland,Indians"
dresr001,Drese,Ryan,R,R,CLE,P,Ryan Drese,2001,"A,Cleveland,Indians"
drewt001,Drew,Tim,R,R,CLE,P,Tim Drew,2001,"A,Cleveland,Indians"
finlc001,Finley,Chuck,L,L,CLE,P,Chuck Finley,2001,"A,Cleveland,Indians"
frymt001,Fryman,Travis,R,R,CLE,3B,Travis Fryman,2001,"A,Cleveland,Indians"
garck002,Garcia,Karim,L,L,CLE,OF,Karim Garcia,2001,"A,Cleveland,Indians"
gonzj002,Gonzalez,Juan,R,R,CLE,OF,Juan Gonzalez,2001,"A,Cleveland,Indians"
holld001,Hollins,Dave,B,R,CLE,DH,Dave Hollins,2001,"A,Cleveland,Indians"
karss001,Karsay,Steve,R,R,CLE,P,Steve Karsay,2001,"A,Cleveland,Indians"
laket001,Laker,Tim,R,R,CLE,C,Tim Laker,2001,"A,Cleveland,Indians"
lewim001,Lewis,Mark,R,R,CLE,3B,Mark Lewis,2001,"A,Cleveland,Indians"
loftk001,Lofton,Kenny,L,L,CLE,OF,Kenny Lofton,2001,"A,Cleveland,Indians"
mcdoj003,McDonald,John,R,R,CLE,SS,John McDonald,2001,"A,Cleveland,Indians"
nagyc001,Nagy,Charles,L,R,CLE,P,Charles Nagy,2001,"A,Cleveland,Indians"
radis001,Radinsky,Scott,L,L,CLE,P,Scott Radinsky,2001,"A,Cleveland,Indians"
reeds001,Reed,Steve,R,R,CLE,P,Steve Reed,2001,"A,Cleveland,Indians"
rincr001,Rincon,Ricardo,L,L,CLE,P,Ricardo Rincon,2001,"A,Cleveland,Indians"
riskd001,Riske,David,R,R,CLE,P,David Riske,2001,"A,Cleveland,Indians"
robed001,Roberts,Dave,L,L,CLE,OF,Dave Roberts,2001,"A,Cleveland,Indians"
rockj001,Rocker,John,R,L,CLE,P,John Rocker,2001,"A,Cleveland,Indians"
rodrr004,Rodriguez,Rich,L,L,CLE,P,Rich Rodriguez,2001,"A,Cleveland,Indians"
sabac001,Sabathia,CC,L,L,CLE,P,CC Sabathia,2001,"A,Cleveland,Indians"
shuep001,Shuey,Paul,R,R,CLE,P,Paul Shuey,2001,"A,Cleveland,Indians"
smitr004,Smith,Roy,R,R,CLE,P,Roy Smith,2001,"A,Cleveland,Indians"
speij001,Speier,Justin,R,R,CLE,P,Justin Speier,2001,"A,Cleveland,Indians"
taube001,Taubensee,Ed,L,R,CLE,C,Ed Taubensee,2001,"A,Cleveland,Indians"
thomj002,Thome,Jim,L,R,CLE,1B,Jim Thome,2001,"A,Cleveland,Indians"
vizqo001,Vizquel,Omar,B,R,CLE,SS,Omar Vizquel,2001,"A,Cleveland,Indians"
westj001,Westbrook,Jake,R,R,CLE,P,Jake Westbrook,2001,"A,Cleveland,Indians"
wickb001,Wickman,Bob,R,R,CLE,P,Bob Wickman,2001,"A,Cleveland,Indians"
woods001,Woodard,Steve,L,R,CLE,P,Steve Woodard,2001,"A,Cleveland,Indians"
wrigj002,Wright,Jaret,R,R,CLE,P,Jaret Wright,2001,"A,Cleveland,Indians"
andej002,Anderson,Jimmy,L,L,PIT,P,Jimmy Anderson,2001,"N,Pittsburgh,Pirates"
arrob001,Arroyo,Bronson,R,R,PIT,P,Bronson Arroyo,2001,"N,Pittsburgh,Pirates"
barka001,Barkett,Andy,L,L,PIT,OF,Andy Barkett,2001,"N,Pittsburgh,Pirates"
beimj001,Beimel,Joe,L,L,PIT,P,Joe Beimel,2001,"N,Pittsburgh,Pirates"
belld001,Bell,Derek,R,R,PIT,OF,Derek Bell,2001,"N,Pittsburgh,Pirates"
browa001,Brown,Adrian,B,R,PIT,OF,Adrian Brown,2001,"N,Pittsburgh,Pirates"
browe001,Brown,Emil,R,R,PIT,OF,Emil Brown,2001,"N,Pittsburgh,Pirates"
cotah001,Cota,Humberto,R,R,PIT,C,Humberto Cota,2001,"N,Pittsburgh,Pirates"
fettm001,Fetters,Mike,R,R,PIT,P,Mike Fetters,2001,"N,Pittsburgh,Pirates"
figul001,Figueroa,Luis,B,R,PIT,2B,Luis Figueroa,2001,"N,Pittsburgh,Pirates"
gileb002,Giles,Brian,L,L,PIT,OF,Brian Giles,2001,"N,Pittsburgh,Pirates"
hermc001,Hermansen,Chad,R,R,PIT,OF,Chad Hermansen,2001,"N,Pittsburgh,Pirates"
herna001,Hernandez,Alex,L,L,PIT,OF,Alex Hernandez,2001,"N,Pittsburgh,Pirates"
hyzda001,Hyzdu,Adam,R,R,PIT,OF,Adam Hyzdu,2001,"N,Pittsburgh,Pirates"
kendj001,Kendall,Jason,R,R,PIT,C,Jason Kendall,2001,"N,Pittsburgh,Pirates"
lincm001,Lincoln,Mike,R,R,PIT,P,Mike Lincoln,2001,"N,Pittsburgh,Pirates"
loisr001,Loiselle,Rich,R,R,PIT,P,Rich Loiselle,2001,"N,Pittsburgh,Pirates"
lopem001,Lopez,Mendy,R,R,PIT,2B,Mendy Lopez,2001,"N,Pittsburgh,Pirates"
mackr001,Mackowiak,Rob,L,R,PIT,OF,Rob Mackowiak,2001,"N,Pittsburgh,Pirates"
manzj001,Manzanillo,Josias,R,R,PIT,P,Josias Manzanillo,2001,"N,Pittsburgh,Pirates"
martd004,Marte,Damaso,L,L,PIT,P,Damaso Marte,2001,"N,Pittsburgh,Pirates"
martr002,Martinez,Ramon,L,R,PIT,P,Ramon Martinez,2001,"N,Pittsburgh,Pirates"
mattg002,Matthews,Gary,B,R,PIT,OF,Gary Matthews,2001,"N,Pittsburgh,Pirates"
mcknt001,McKnight,Tony,R,R,PIT,P,Tony McKnight,2001,"N,Pittsburgh,Pirates"
mearp001,Meares,Pat,R,R,PIT,2B,Pat Meares,2001,"N,Pittsburgh,Pirates"
morrw001,Morris,Warren,L,R,PIT,2B,Warren Morris,2001,"N,Pittsburgh,Pirates"
mulht001,Mulholland,Terry,R,L,PIT,P,Terry Mulholland,2001,"N,Pittsburgh,Pirates"
nunea001,Nunez,Abraham,B,R,PIT,2B,Abraham Nunez,2001,"N,Pittsburgh,Pirates"
olivo001,Olivares,Omar,R,R,PIT,P,Omar Olivares,2001,"N,Pittsburgh,Pirates"
osikk001,Osik,Keith,R,R,PIT,C,Keith Osik,2001,"N,Pittsburgh,Pirates"
ramia001,Ramirez,Aramis,R,R,PIT,3B,Aramis Ramirez,2001,"N,Pittsburgh,Pirates"
redmt001,Redman,Tike,L,L,PIT,OF,Tike Redman,2001,"N,Pittsburgh,Pirates"
riosa001,Rios,Armando,L,L,PIT,OF,Armando Rios,2001,"N,Pittsburgh,Pirates"
ritct001,Ritchie,Todd,R,R,PIT,P,Todd Ritchie,2001,"N,Pittsburgh,Pirates"
saues001,Sauerbeck,Scott,R,L,PIT,P,Scott Sauerbeck,2001,"N,Pittsburgh,Pirates"
schmj001,Schmidt,Jason,R,R,PIT,P,Jason Schmidt,2001,"N,Pittsburgh,Pirates"
silvj001,Silva,Jose,R,R,PIT,P,Jose Silva,2001,"N,Pittsburgh,Pirates"
taylb001,Taylor,Billy,R,R,PIT,P,Billy Taylor,2001,"N,Pittsburgh,Pirates"
vandj001,Vander Wal,John,L,L,PIT,OF,John Vander Wal,2001,"N,Pittsburgh,Pirates"
voger001,Vogelsong,Ryan,R,R,PIT,P,Ryan Vogelsong,2001,"N,Pittsburgh,Pirates"
wehnj001,Wehner,John,R,R,PIT,1B,John Wehner,2001,"N,Pittsburgh,Pirates"
wengd001,Wengert,Don,R,R,PIT,P,Don Wengert,2001,"N,Pittsburgh,Pirates"
wilkm001,Wilkins,Marc,R,R,PIT,P,Marc Wilkins,2001,"N,Pittsburgh,Pirates"
willd002,Williams,David,L,L,PIT,P,David Williams,2001,"N,Pittsburgh,Pirates"
willm005,Williams,Mike,R,R,PIT,P,Mike Williams,2001,"N,Pittsburgh,Pirates"
wilsc003,Wilson,Craig,R,R,PIT,1B,Craig Wilson,2001,"N,Pittsburgh,Pirates"
wilse001,Wilson,Enrique,B,R,PIT,SS,Enrique Wilson,2001,"N,Pittsburgh,Pirates"
wilsj002,Wilson,Jack,R,R,PIT,SS,Jack Wilson,2001,"N,Pittsburgh,Pirates"
younk001,Young,Kevin,R,R,PIT,1B,Kevin Young,2001,"N,Pittsburgh,Pirates"
ariaa001,Arias,Alex,R,R,SDN,3B,Alex Arias,2001,"N,San Diego,Padres"
browe001,Brown,Emil,R,R,SDN,OF,Emil Brown,2001,"N,San Diego,Padres"
colam001,Colangelo,Mike,R,R,SDN,OF,Mike Colangelo,2001,"N,San Diego,Padres"
cresc001,Crespo,Cesar,B,R,SDN,2B,Cesar Crespo,2001,"N,San Diego,Padres"
darrm001,Darr,Mike,L,R,SDN,OF,Mike Darr,2001,"N,San Diego,Padres"
davet001,Davey,Tom,R,R,SDN,P,Tom Davey,2001,"N,San Diego,Padres"
davib003,Davis,Ben,B,R,SDN,C,Ben Davis,2001,"N,San Diego,Padres"
eatoa001,Eaton,Adam,R,R,SDN,P,Adam Eaton,2001,"N,San Diego,Padres"
fikaj001,Fikac,Jeremy,R,R,SDN,P,Jeremy Fikac,2001,"N,San Diego,Padres"
gomec001,Gomez,Chris,R,R,SDN,SS,Chris Gomez,2001,"N,San Diego,Padres"
gonzw001,Gonzalez,Wiki,R,R,SDN,C,Wiki Gonzalez,2001,"N,San Diego,Padres"
gwynt001,Gwynn,Tony,L,L,SDN,OF,Tony Gwynn,2001,"N,San Diego,Padres"
hendr001,Henderson,Rickey,R,L,SDN,OF,Rickey Henderson,2001,"N,San Diego,Padres"
hernj003,Herndon,Junior,R,R,SDN,P,Junior Herndon,2001,"N,San Diego,Padres"
hitcs001,Hitchcock,Sterling,L,L,SDN,P,Sterling Hitchcock,2001,"N,San Diego,Padres"
hofft001,Hoffman,Trevor,R,R,SDN,P,Trevor Hoffman,2001,"N,San Diego,Padres"
jackd003,Jackson,Damian,R,R,SDN,2B,Damian Jackson,2001,"N,San Diego,Padres"
jarvk001,Jarvis,Kevin,L,R,SDN,P,Kevin Jarvis,2001,"N,San Diego,Padres"
jimed001,Jimenez,D'Angelo,B,R,SDN,SS,D'Angelo Jimenez,2001,"N,San Diego,Padres"
jodib001,Jodie,Brett,R,R,SDN,P,Brett Jodie,2001,"N,San Diego,Padres"
joneb003,Jones,Bobby,R,R,SDN,P,Bobby Jones,2001,"N,San Diego,Padres"
klesr001,Klesko,Ryan,L,L,SDN,1B,Ryan Klesko,2001,"N,San Diego,Padres"
kotsm001,Kotsay,Mark,L,L,SDN,OF,Mark Kotsay,2001,"N,San Diego,Padres"
lankr001,Lankford,Ray,L,L,SDN,OF,Ray Lankford,2001,"N,San Diego,Padres"
lawrb001,Lawrence,Brian,R,R,SDN,P,Brian Lawrence,2001,"N,San Diego,Padres"
lee-d003,Lee,David,R,R,SDN,P,David Lee,2001,"N,San Diego,Padres"
loewc001,Loewer,Carlton,R,R,SDN,P,Carlton Loewer,2001,"N,San Diego,Padres"
lundd001,Lundquist,David,R,R,SDN,P,David Lundquist,2001,"N,San Diego,Padres"
magad001,Magadan,Dave,L,R,SDN,3B,Dave Magadan,2001,"N,San Diego,Padres"
maurd001,Maurer,Dave,R,L,SDN,P,Dave Maurer,2001,"N,San Diego,Padres"
mcelc001,McElroy,Chuck,L,L,SDN,P,Chuck McElroy,2001,"N,San Diego,Padres"
mendd001,Mendez,Donaldo,R,R,SDN,SS,Donaldo Mendez,2001,"N,San Diego,Padres"
middj001,Middlebrook,Jason,R,R,SDN,P,Jason Middlebrook,2001,"N,San Diego,Padres"
myerr002,Myers,Rodney,R,R,SDN,P,Rodney Myers,2001,"N,San Diego,Padres"
nevip001,Nevin,Phil,R,R,SDN,3B,Phil Nevin,2001,"N,San Diego,Padres"
nunej002,Nunez,Jose,L,L,SDN,P,Jose Nunez,2001,"N,San Diego,Padres"
ostij001,Osting,Jimmy,R,L,SDN,P,Jimmy Osting,2001,"N,San Diego,Padres"
peres001,Perez,Santiago,B,R,SDN,OF,Santiago Perez,2001,"N,San Diego,Padres"
rigga001,Riggs,Adam,R,R,SDN,2B,Adam Riggs,2001,"N,San Diego,Padres"
seanr001,Seanez,Rudy,R,R,SDN,P,Rudy Seanez,2001,"N,San Diego,Padres"
serrw001,Serrano,Wascar,R,R,SDN,P,Wascar Serrano,2001,"N,San Diego,Padres"
tollb001,Tollberg,Brian,R,R,SDN,P,Brian Tollberg,2001,"N,San Diego,Padres"
tramb001,Trammell,Bubba,R,R,SDN,OF,Bubba Trammell,2001,"N,San Diego,Padres"
walkk001,Walker,Kevin,L,L,SDN,P,Kevin Walker,2001,"N,San Diego,Padres"
wilkr001,Wilkins,Rick,L,R,SDN,C,Rick Wilkins,2001,"N,San Diego,Padres"
willw001,Williams,Woody,R,R,SDN,P,Woody Williams,2001,"N,San Diego,Padres"
witaj001,Witasick,Jay,R,R,SDN,P,Jay Witasick,2001,"N,San Diego,Padres"
wittk001,Witt,Kevin,L,R,SDN,1B,Kevin Witt,2001,"N,San Diego,Padres"
andeb001,Anderson,Brady,L,L,BAL,OF,Brady Anderson,2001,"A,Baltimore,Orioles"
balej001,Bale,John,L,L,BAL,P,John Bale,2001,"A,Baltimore,Orioles"
batit001,Batista,Tony,R,R,BAL,DH,Tony Batista,2001,"A,Baltimore,Orioles"
bauer001,Bauer,Rick,R,R,BAL,P,Rick Bauer,2001,"A,Baltimore,Orioles"
bigbl001,Bigbie,Larry,L,R,BAL,OF,Larry Bigbie,2001,"A,Baltimore,Orioles"
blakc001,Blake,Casey,R,R,BAL,1B,Casey Blake,2001,"A,Baltimore,Orioles"
bordm001,Bordick,Mike,R,R,BAL,SS,Mike Bordick,2001,"A,Baltimore,Orioles"
breal001,Brea,Leslie,R,R,BAL,P,Leslie Brea,2001,"A,Baltimore,Orioles"
conij001,Conine,Jeff,R,R,BAL,1B,Jeff Conine,2001,"A,Baltimore,Orioles"
deshd001,DeShields,Delino,L,R,BAL,OF,Delino DeShields,2001,"A,Baltimore,Orioles"
dougs001,Douglass,Sean,R,R,BAL,P,Sean Douglass,2001,"A,Baltimore,Orioles"
fordb001,Fordyce,Brook,R,R,BAL,C,Brook Fordyce,2001,"A,Baltimore,Orioles"
fostk002,Foster,Kris,R,R,BAL,P,Kris Foster,2001,"A,Baltimore,Orioles"
gibbj002,Gibbons,Jay,L,L,BAL,DH,Jay Gibbons,2001,"A,Baltimore,Orioles"
gil-g001,Gil,Geronimo,R,R,BAL,C,Geronimo Gil,2001,"A,Baltimore,Orioles"
groob001,Groom,Buddy,L,L,BAL,P,Buddy Groom,2001,"A,Baltimore,Orioles"
hairj002,Hairston,Jerry,R,R,BAL,2B,Jerry Hairston,2001,"A,Baltimore,Orioles"
harrw001,Harris,Willie,L,R,BAL,OF,Willie Harris,2001,"A,Baltimore,Orioles"
hentp001,Hentgen,Pat,R,R,BAL,P,Pat Hentgen,2001,"A,Baltimore,Orioles"
johnj007,Johnson,Jason,R,R,BAL,P,Jason Johnson,2001,"A,Baltimore,Orioles"
julij001,Julio,Jorge,R,R,BAL,P,Jorge Julio,2001,"A,Baltimore,Orioles"
kingg001,Kingsale,Gene,B,R,BAL,OF,Gene Kingsale,2001,"A,Baltimore,Orioles"
kinkm001,Kinkade,Mike,R,R,BAL,OF,Mike Kinkade,2001,"A,Baltimore,Orioles"
kohlr001,Kohlmeier,Ryan,R,R,BAL,P,Ryan Kohlmeier,2001,"A,Baltimore,Orioles"
lunaf001,Lunar,Fernando,R,R,BAL,C,Fernando Lunar,2001,"A,Baltimore,Orioles"
maduc001,Maduro,Calvin,R,R,BAL,P,Calvin Maduro,2001,"A,Baltimore,Orioles"
matol001,Matos,Luis,R,R,BAL,OF,Luis Matos,2001,"A,Baltimore,Orioles"
mcelc001,McElroy,Chuck,L,L,BAL,P,Chuck McElroy,2001,"A,Baltimore,Orioles"
mercj001,Mercedes,Jose,R,R,BAL,P,Jose Mercedes,2001,"A,Baltimore,Orioles"
milla001,Mills,Alan,R,R,BAL,P,Alan Mills,2001,"A,Baltimore,Orioles"
moram002,Mora,Melvin,R,R,BAL,OF,Melvin Mora,2001,"A,Baltimore,Orioles"
myerg001,Myers,Greg,L,R,BAL,DH,Greg Myers,2001,"A,Baltimore,Orioles"
paroc001,Paronto,Chad,R,R,BAL,P,Chad Paronto,2001,"A,Baltimore,Orioles"
parrj003,Parrish,John,L,L,BAL,P,John Parrish,2001,"A,Baltimore,Orioles"
ponss001,Ponson,Sidney,R,R,BAL,P,Sidney Ponson,2001,"A,Baltimore,Orioles"
raint001,Raines,Tim,B,R,BAL,OF,Tim Raines,2001,"A,Baltimore,Orioles"
raint002,Raines,Tim,R,R,BAL,OF,Tim Raines,2001,"A,Baltimore,Orioles"
richc001,Richard,Chris,L,L,BAL,OF,Chris Richard,2001,"A,Baltimore,Orioles"
ripkc001,Ripken,Cal,R,R,BAL,3B,Cal Ripken,2001,"A,Baltimore,Orioles"
robeb003,Roberts,Brian,B,R,BAL,SS,Brian Roberts,2001,"A,Baltimore,Orioles"
robew001,Roberts,Willis,R,R,BAL,P,Willis Roberts,2001,"A,Baltimore,Orioles"
ryanb001,Ryan,B.J.,L,L,BAL,P,B.J. Ryan,2001,"A,Baltimore,Orioles"
segud001,Segui,David,B,L,BAL,1B,David Segui,2001,"A,Baltimore,Orioles"
towej001,Towers,Josh,R,R,BAL,P,Josh Towers,2001,"A,Baltimore,Orioles"
tromm001,Trombley,Mike,R,R,BAL,P,Mike Trombley,2001,"A,Baltimore,Orioles"
wasdj001,Wasdin,John,R,R,BAL,P,John Wasdin,2001,"A,Baltimore,Orioles"
andeb002,Anderson,Brian,L,L,ARI,P,Brian Anderson,2001,"N,Arizona,Diamondbacks"
barar001,Barajas,Rod,R,R,ARI,C,Rod Barajas,2001,"N,Arizona,Diamondbacks"
batim001,Batista,Miguel,R,R,ARI,P,Miguel Batista,2001,"N,Arizona,Diamondbacks"
bautd001,Bautista,Danny,R,R,ARI,OF,Danny Bautista,2001,"N,Arizona,Diamondbacks"
bellj001,Bell,Jay,R,R,ARI,2B,Jay Bell,2001,"N,Arizona,Diamondbacks"
biern001,Bierbrodt,Nick,L,L,ARI,P,Nick Bierbrodt,2001,"N,Arizona,Diamondbacks"
broht001,Brohawn,Troy,L,L,ARI,P,Troy Brohawn,2001,"N,Arizona,Diamondbacks"
chrir001,Christenson,Ryan,R,R,ARI,OF,Ryan Christenson,2001,"N,Arizona,Diamondbacks"
cinta001,Cintron,Alex,B,R,ARI,SS,Alex Cintron,2001,"N,Arizona,Diamondbacks"
colbg001,Colbrunn,Greg,R,R,ARI,1B,Greg Colbrunn,2001,"N,Arizona,Diamondbacks"
contj001,Conti,Jason,L,R,ARI,OF,Jason Conti,2001,"N,Arizona,Diamondbacks"
counc001,Counsell,Craig,L,R,ARI,SS,Craig Counsell,2001,"N,Arizona,Diamondbacks"
cummm001,Cummings,Midre,L,R,ARI,OF,Midre Cummings,2001,"N,Arizona,Diamondbacks"
custj001,Cust,Jack,L,R,ARI,OF,Jack Cust,2001,"N,Arizona,Diamondbacks"
delld001,Dellucci,David,L,L,ARI,OF,David Dellucci,2001,"N,Arizona,Diamondbacks"
difem001,Difelice,Mike,R,R,ARI,C,Mike Difelice,2001,"N,Arizona,Diamondbacks"
durae001,Durazo,Erubiel,L,L,ARI,1B,Erubiel Durazo,2001,"N,Arizona,Diamondbacks"
ellir001,Ellis,Robert,R,R,ARI,P,Robert Ellis,2001,"N,Arizona,Diamondbacks"
finls001,Finley,Steve,L,L,ARI,OF,Steve Finley,2001,"N,Arizona,Diamondbacks"
gonzl001,Gonzalez,Luis,L,R,ARI,OF,Luis Gonzalez,2001,"N,Arizona,Diamondbacks"
gracm001,Grace,Mark,L,L,ARI,1B,Mark Grace,2001,"N,Arizona,Diamondbacks"
guzmg001,Guzman,Geraldo,R,R,ARI,P,Geraldo Guzman,2001,"N,Arizona,Diamondbacks"
huckk001,Huckaby,Ken,R,R,ARI,C,Ken Huckaby,2001,"N,Arizona,Diamondbacks"
johnr005,Johnson,Randy,R,L,ARI,P,Randy Johnson,2001,"N,Arizona,Diamondbacks"
kim-b001,Kim,Byung-Hyun,R,R,ARI,P,Byung-Hyun Kim,2001,"N,Arizona,Diamondbacks"
knote001,Knott,Eric,L,L,ARI,P,Eric Knott,2001,"N,Arizona,Diamondbacks"
koplm001,Koplove,Mike,R,R,ARI,P,Mike Koplove,2001,"N,Arizona,Diamondbacks"
lopea002,Lopez,Albie,R,R,ARI,P,Albie Lopez,2001,"N,Arizona,Diamondbacks"
mantm001,Mantei,Matt,R,R,ARI,P,Matt Mantei,2001,"N,Arizona,Diamondbacks"
milld002,Miller,Damian,R,R,ARI,C,Damian Miller,2001,"N,Arizona,Diamondbacks"
moelc001,Moeller,Chad,R,R,ARI,C,Chad Moeller,2001,"N,Arizona,Diamondbacks"
mohlm001,Mohler,Mike,R,L,ARI,P,Mike Mohler,2001,"N,Arizona,Diamondbacks"
morgm001,Morgan,Mike,R,R,ARI,P,Mike Morgan,2001,"N,Arizona,Diamondbacks"
overl001,Overbay,Lyle,L,L,ARI,PH,Lyle Overbay,2001,"N,Arizona,Diamondbacks"
prinb001,Prinz,Bret,R,R,ARI,P,Bret Prinz,2001,"N,Arizona,Diamondbacks"
reyna001,Reynoso,Armando,R,R,ARI,P,Armando Reynoso,2001,"N,Arizona,Diamondbacks"
ryanr001,Ryan,Rob,L,L,ARI,PH,Rob Ryan,2001,"N,Arizona,Diamondbacks"
sabee001,Sabel,Erik,R,R,ARI,P,Erik Sabel,2001,"N,Arizona,Diamondbacks"
sandr002,Sanders,Reggie,R,R,ARI,OF,Reggie Sanders,2001,"N,Arizona,Diamondbacks"
schic002,Schilling,Curt,R,R,ARI,P,Curt Schilling,2001,"N,Arizona,Diamondbacks"
sosaj001,Sosa,Juan,R,R,ARI,3B,Juan Sosa,2001,"N,Arizona,Diamondbacks"
spivj001,Spivey,Junior,R,R,ARI,2B,Junior Spivey,2001,"N,Arizona,Diamondbacks"
sprir001,Springer,Russ,R,R,ARI,P,Russ Springer,2001,"N,Arizona,Diamondbacks"
swing001,Swindell,Greg,R,L,ARI,P,Greg Swindell,2001,"N,Arizona,Diamondbacks"
willm003,Williams,Matt,R,R,ARI,3B,Matt Williams,2001,"N,Arizona,Diamondbacks"
wittb001,Witt,Bobby,R,R,ARI,P,Bobby Witt,2001,"N,Arizona,Diamondbacks"
womat001,Womack,Tony,L,R,ARI,SS,Tony Womack,2001,"N,Arizona,Diamondbacks"
batit001,Batista,Tony,R,R,TOR,3B,Tony Batista,2001,"A,Toronto,Blue Jays"
beirk001,Beirne,Kevin,L,R,TOR,P,Kevin Beirne,2001,"A,Toronto,Blue Jays"
borbp001,Borbon,Pedro,R,L,TOR,P,Pedro Borbon,2001,"A,Toronto,Blue Jays"
bowlb001,Bowles,Brian,R,R,TOR,P,Brian Bowles,2001,"A,Toronto,Blue Jays"
bushh001,Bush,Homer,R,R,TOR,2B,Homer Bush,2001,"A,Toronto,Blue Jays"
carpc002,Carpenter,Chris,R,R,TOR,P,Chris Carpenter,2001,"A,Toronto,Blue Jays"
casta001,Castillo,Alberto,R,R,TOR,C,Alberto Castillo,2001,"A,Toronto,Blue Jays"
cocop001,Coco,Pasqual,R,R,TOR,P,Pasqual Coco,2001,"A,Toronto,Blue Jays"
cruzj004,Cruz,Jose,B,R,TOR,OF,Jose Cruz,2001,"A,Toronto,Blue Jays"
delgc001,Delgado,Carlos,L,R,TOR,1B,Carlos Delgado,2001,"A,Toronto,Blue Jays"
dewim001,DeWitt,Matt,R,R,TOR,P,Matt DeWitt,2001,"A,Toronto,Blue Jays"
escok001,Escobar,Kelvim,R,R,TOR,P,Kelvim Escobar,2001,"A,Toronto,Blue Jays"
eyres001,Eyre,Scott,L,L,TOR,P,Scott Eyre,2001,"A,Toronto,Blue Jays"
fernt001,Fernandez,Tony,B,R,TOR,DH,Tony Fernandez,2001,"A,Toronto,Blue Jays"
fileb001,File,Bob,R,R,TOR,P,Bob File,2001,"A,Toronto,Blue Jays"
fletd001,Fletcher,Darrin,L,R,TOR,C,Darrin Fletcher,2001,"A,Toronto,Blue Jays"
frasj001,Frascatore,John,R,R,TOR,P,John Frascatore,2001,"A,Toronto,Blue Jays"
freer001,Freel,Ryan,R,R,TOR,2B,Ryan Freel,2001,"A,Toronto,Blue Jays"
fryej001,Frye,Jeff,R,R,TOR,2B,Jeff Frye,2001,"A,Toronto,Blue Jays"
fullb001,Fullmer,Brad,L,R,TOR,DH,Brad Fullmer,2001,"A,Toronto,Blue Jays"
gonza001,Gonzalez,Alex,R,R,TOR,SS,Alex Gonzalez,2001,"A,Toronto,Blue Jays"
hallr001,Halladay,Roy,R,R,TOR,P,Roy Halladay,2001,"A,Toronto,Blue Jays"
hamij002,Hamilton,Joey,R,R,TOR,P,Joey Hamilton,2001,"A,Toronto,Blue Jays"
iztuc001,Izturis,Cesar,B,R,TOR,2B,Cesar Izturis,2001,"A,Toronto,Blue Jays"
kochb001,Koch,Billy,R,R,TOR,P,Billy Koch,2001,"A,Toronto,Blue Jays"
lathc001,Latham,Chris,B,R,TOR,OF,Chris Latham,2001,"A,Toronto,Blue Jays"
loaie001,Loaiza,Esteban,R,R,TOR,P,Esteban Loaiza,2001,"A,Toronto,Blue Jays"
lopef001,Lopez,Felipe,B,R,TOR,3B,Felipe Lopez,2001,"A,Toronto,Blue Jays"
lopel003,Lopez,Luis,R,R,TOR,3B,Luis Lopez,2001,"A,Toronto,Blue Jays"
lyonb003,Lyon,Brandon,R,R,TOR,P,Brandon Lyon,2001,"A,Toronto,Blue Jays"
michc001,Michalak,Chris,L,L,TOR,P,Chris Michalak,2001,"A,Toronto,Blue Jays"
mondr002,Mondesi,Raul,R,R,TOR,OF,Raul Mondesi,2001,"A,Toronto,Blue Jays"
painl001,Painter,Lance,L,L,TOR,P,Lance Painter,2001,"A,Toronto,Blue Jays"
parrs001,Parris,Steve,R,R,TOR,P,Steve Parris,2001,"A,Toronto,Blue Jays"
phelj001,Phelps,Josh,R,R,TOR,C,Josh Phelps,2001,"A,Toronto,Blue Jays"
plesd001,Plesac,Dan,L,L,TOR,P,Dan Plesac,2001,"A,Toronto,Blue Jays"
quanp001,Quantrill,Paul,L,R,TOR,P,Paul Quantrill,2001,"A,Toronto,Blue Jays"
simmb001,Simmons,Brian,B,R,TOR,OF,Brian Simmons,2001,"A,Toronto,Blue Jays"
stews002,Stewart,Shannon,R,R,TOR,OF,Shannon Stewart,2001,"A,Toronto,Blue Jays"
wellv001,Wells,Vernon,R,R,TOR,OF,Vernon Wells,2001,"A,Toronto,Blue Jays"
woodc001,Woodward,Chris,R,R,TOR,2B,Chris Woodward,2001,"A,Toronto,Blue Jays"
agbab001,Agbayani,Benny,R,R,NYN,OF,Benny Agbayani,2001,"N,New York,Mets"
alfoe001,Alfonzo,Edgardo,R,R,NYN,2B,Edgardo Alfonzo,2001,"N,New York,Mets"
appik001,Appier,Kevin,R,R,NYN,P,Kevin Appier,2001,"N,New York,Mets"
benia001,Benitez,Armando,R,R,NYN,P,Armando Benitez,2001,"N,New York,Mets"
benng001,Bennett,Gary,R,R,NYN,PH,Gary Bennett,2001,"N,New York,Mets"
bragd001,Bragg,Darren,L,R,NYN,OF,Darren Bragg,2001,"N,New York,Mets"
chenb001,Chen,Bruce,L,L,NYN,P,Bruce Chen,2001,"N,New York,Mets"
cookd001,Cook,Dennis,L,L,NYN,P,Dennis Cook,2001,"N,New York,Mets"
corem001,Corey,Mark,R,R,NYN,P,Mark Corey,2001,"N,New York,Mets"
escoa002,Escobar,Alex,R,R,NYN,OF,Alex Escobar,2001,"N,New York,Mets"
franj001,Franco,John,L,L,NYN,P,John Franco,2001,"N,New York,Mets"
gonzd002,Gonzalez,Dicky,R,R,NYN,P,Dicky Gonzalez,2001,"N,New York,Mets"
hamid001,Hamilton,Darryl,L,R,NYN,OF,Darryl Hamilton,2001,"N,New York,Mets"
harrl001,Harris,Lenny,L,R,NYN,3B,Lenny Harris,2001,"N,New York,Mets"
hincb001,Hinchliffe,Brett,R,R,NYN,P,Brett Hinchliffe,2001,"N,New York,Mets"
johnm001,Johnson,Mark,L,L,NYN,1B,Mark Johnson,2001,"N,New York,Mets"
lawtm002,Lawton,Matt,L,R,NYN,OF,Matt Lawton,2001,"N,New York,Mets"
leita001,Leiter,Al,L,L,NYN,P,Al Leiter,2001,"N,New York,Mets"
martt003,Martin,Tom,L,L,NYN,P,Tom Martin,2001,"N,New York,Mets"
mcewj001,McEwing,Joe,R,R,NYN,OF,Joe McEwing,2001,"N,New York,Mets"
nitkc001,Nitkowski,C.J.,L,L,NYN,P,C.J. Nitkowski,2001,"N,New York,Mets"
ordor001,Ordonez,Rey,R,R,NYN,SS,Rey Ordonez,2001,"N,New York,Mets"
paytj001,Payton,Jay,R,R,NYN,OF,Jay Payton,2001,"N,New York,Mets"
peret004,Perez,Timo,L,L,NYN,OF,Timo Perez,2001,"N,New York,Mets"
philj003,Phillips,Jason,R,R,NYN,C,Jason Phillips,2001,"N,New York,Mets"
piazm001,Piazza,Mike,R,R,NYN,C,Mike Piazza,2001,"N,New York,Mets"
pratt001,Pratt,Todd,R,R,NYN,C,Todd Pratt,2001,"N,New York,Mets"
reedr002,Reed,Rick,R,R,NYN,P,Rick Reed,2001,"N,New York,Mets"
relad001,Relaford,Desi,B,R,NYN,2B,Desi Relaford,2001,"N,New York,Mets"
riggj001,Riggan,Jerrod,R,R,NYN,P,Jerrod Riggan,2001,"N,New York,Mets"
robeg001,Roberts,Grant,R,R,NYN,P,Grant Roberts,2001,"N,New York,Mets"
roseb002,Rose,Brian,R,R,NYN,P,Brian Rose,2001,"N,New York,Mets"
ruscg001,Rusch,Glendon,L,L,NYN,P,Glendon Rusch,2001,"N,New York,Mets"
shint001,Shinjo,Tsuyoshi,R,R,NYN,OF,Tsuyoshi Shinjo,2001,"N,New York,Mets"
tocaj001,Toca,Jorge,R,R,NYN,1B,Jorge Toca,2001,"N,New York,Mets"
tracs001,Trachsel,Steve,R,R,NYN,P,Steve Trachsel,2001,"N,New York,Mets"
velaj001,Velandia,Jorge,R,R,NYN,SS,Jorge Velandia,2001,"N,New York,Mets"
ventr001,Ventura,Robin,L,R,NYN,3B,Robin Ventura,2001,"N,New York,Mets"
walkp001,Walker,Pete,R,R,NYN,P,Pete Walker,2001,"N,New York,Mets"
walld002,Wall,Donne,R,R,NYN,P,Donne Wall,2001,"N,New York,Mets"
wendt001,Wendell,Turk,B,R,NYN,P,Turk Wendell,2001,"N,New York,Mets"
whitr002,White,Rick,R,R,NYN,P,Rick White,2001,"N,New York,Mets"
wilsv001,Wilson,Vance,R,R,NYN,C,Vance Wilson,2001,"N,New York,Mets"
zeilt001,Zeile,Todd,R,R,NYN,1B,Todd Zeile,2001,"N,New York,Mets"
allec001,Allen,Chad,R,R,MIN,OF,Chad Allen,2001,"A,Minnesota,Twins"
balfg001,Balfour,Grant,R,R,MIN,P,Grant Balfour,2001,"A,Minnesota,Twins"
barnj001,Barnes,John,R,R,MIN,OF,John Barnes,2001,"A,Minnesota,Twins"
blakc001,Blake,Casey,R,R,MIN,3B,Casey Blake,2001,"A,Minnesota,Twins"
buchb002,Buchanan,Brian,R,R,MIN,OF,Brian Buchanan,2001,"A,Minnesota,Twins"
carrh001,Carrasco,Hector,R,R,MIN,P,Hector Carrasco,2001,"A,Minnesota,Twins"
cresj001,Cressend,Jack,R,R,MIN,P,Jack Cressend,2001,"A,Minnesota,Twins"
cuddm001,Cuddyer,Michael,R,R,MIN,1B,Michael Cuddyer,2001,"A,Minnesota,Twins"
duvam001,Duvall,Mike,R,L,MIN,P,Mike Duvall,2001,"A,Minnesota,Twins"
fiort001,Fiore,Tony,R,R,MIN,P,Tony Fiore,2001,"A,Minnesota,Twins"
guare001,Guardado,Eddie,R,L,MIN,P,Eddie Guardado,2001,"A,Minnesota,Twins"
guzmc001,Guzman,Cristian,B,R,MIN,SS,Cristian Guzman,2001,"A,Minnesota,Twins"
hawkl001,Hawkins,LaTroy,R,R,MIN,P,LaTroy Hawkins,2001,"A,Minnesota,Twins"
hockd001,Hocking,Denny,B,R,MIN,SS,Denny Hocking,2001,"A,Minnesota,Twins"
huntt001,Hunter,Torii,R,R,MIN,OF,Torii Hunter,2001,"A,Minnesota,Twins"
johna001,Johnson,Adam,R,R,MIN,P,Adam Johnson,2001,"A,Minnesota,Twins"
jonej003,Jones,Jacque,L,L,MIN,OF,Jacque Jones,2001,"A,Minnesota,Twins"
jonet003,Jones,Todd,L,R,MIN,P,Todd Jones,2001,"A,Minnesota,Twins"
kielb001,Kielty,Bobby,B,R,MIN,OF,Bobby Kielty,2001,"A,Minnesota,Twins"
koskc001,Koskie,Corey,L,R,MIN,3B,Corey Koskie,2001,"A,Minnesota,Twins"
lawtm002,Lawton,Matt,L,R,MIN,OF,Matt Lawton,2001,"A,Minnesota,Twins"
lecrm001,LeCroy,Matt,R,R,MIN,DH,Matt LeCroy,2001,"A,Minnesota,Twins"
lohsk001,Lohse,Kyle,R,R,MIN,P,Kyle Lohse,2001,"A,Minnesota,Twins"
maxwj001,Maxwell,Jason,R,R,MIN,SS,Jason Maxwell,2001,"A,Minnesota,Twins"
maysj001,Mays,Joe,B,R,MIN,P,Joe Mays,2001,"A,Minnesota,Twins"
mccrq001,McCracken,Quinton,B,R,MIN,OF,Quinton McCracken,2001,"A,Minnesota,Twins"
miend001,Mientkiewicz,Doug,L,R,MIN,1B,Doug Mientkiewicz,2001,"A,Minnesota,Twins"
millt001,Miller,Travis,R,L,MIN,P,Travis Miller,2001,"A,Minnesota,Twins"
milte001,Milton,Eric,L,L,MIN,P,Eric Milton,2001,"A,Minnesota,Twins"
mohrd001,Mohr,Dustan,R,R,MIN,OF,Dustan Mohr,2001,"A,Minnesota,Twins"
ortid001,Ortiz,David,L,L,MIN,DH,David Ortiz,2001,"A,Minnesota,Twins"
piera001,Pierzynski,A.J.,L,R,MIN,C,A.J. Pierzynski,2001,"A,Minnesota,Twins"
print001,Prince,Tom,R,R,MIN,C,Tom Prince,2001,"A,Minnesota,Twins"
radkb001,Radke,Brad,R,R,MIN,P,Brad Radke,2001,"A,Minnesota,Twins"
redmm002,Redman,Mark,L,L,MIN,P,Mark Redman,2001,"A,Minnesota,Twins"
reedr002,Reed,Rick,R,R,MIN,P,Rick Reed,2001,"A,Minnesota,Twins"
rincj001,Rincon,Juan,R,R,MIN,P,Juan Rincon,2001,"A,Minnesota,Twins"
rival001,Rivas,Luis,R,R,MIN,2B,Luis Rivas,2001,"A,Minnesota,Twins"
romej001,Romero,J.C.,B,L,MIN,P,J.C. Romero,2001,"A,Minnesota,Twins"
santj003,Santana,Johan,L,L,MIN,P,Johan Santana,2001,"A,Minnesota,Twins"
thomb001,Thomas,Brad,L,L,MIN,P,Brad Thomas,2001,"A,Minnesota,Twins"
wellb002,Wells,Bob,R,R,MIN,P,Bob Wells,2001,"A,Minnesota,Twins"
aloum001,Alou,Moises,R,R,HOU,OF,Moises Alou,2001,"N,Houston,Astros"
astap001,Astacio,Pedro,R,R,HOU,P,Pedro Astacio,2001,"N,Houston,Astros"
ausmb001,Ausmus,Brad,R,R,HOU,C,Brad Ausmus,2001,"N,Houston,Astros"
bagwj001,Bagwell,Jeff,R,R,HOU,1B,Jeff Bagwell,2001,"N,Houston,Astros"
barkg001,Barker,Glen,B,R,HOU,OF,Glen Barker,2001,"N,Houston,Astros"
berkl001,Berkman,Lance,B,L,HOU,OF,Lance Berkman,2001,"N,Houston,Astros"
biggc001,Biggio,Craig,R,R,HOU,2B,Craig Biggio,2001,"N,Houston,Astros"
bottk001,Bottenfield,Kent,R,R,HOU,P,Kent Bottenfield,2001,"N,Houston,Astros"
castv001,Castilla,Vinny,R,R,HOU,3B,Vinny Castilla,2001,"N,Houston,Astros"
cruzn001,Cruz,Nelson,R,R,HOU,P,Nelson Cruz,2001,"N,Houston,Astros"
doteo001,Dotel,Octavio,R,R,HOU,P,Octavio Dotel,2001,"N,Houston,Astros"
elars001,Elarton,Scott,R,R,HOU,P,Scott Elarton,2001,"N,Houston,Astros"
euset001,Eusebio,Tony,R,R,HOU,C,Tony Eusebio,2001,"N,Houston,Astros"
evera001,Everett,Adam,R,R,HOU,SS,Adam Everett,2001,"N,Houston,Astros"
franw001,Franklin,Wayne,L,L,HOU,P,Wayne Franklin,2001,"N,Houston,Astros"
gintk001,Ginter,Keith,R,R,HOU,PH,Keith Ginter,2001,"N,Houston,Astros"
hayec001,Hayes,Charlie,R,R,HOU,3B,Charlie Hayes,2001,"N,Houston,Astros"
hernc004,Hernandez,Carlos,L,L,HOU,P,Carlos Hernandez,2001,"N,Houston,Astros"
hidar001,Hidalgo,Richard,R,R,HOU,OF,Richard Hidalgo,2001,"N,Houston,Astros"
jackm001,Jackson,Michael,R,R,HOU,P,Michael Jackson,2001,"N,Houston,Astros"
limaj001,Lima,Jose,R,R,HOU,P,Jose Lima,2001,"N,Houston,Astros"
lines001,Linebrink,Scott,R,R,HOU,P,Scott Linebrink,2001,"N,Houston,Astros"
lopem001,Lopez,Mendy,R,R,HOU,2B,Mendy Lopez,2001,"N,Houston,Astros"
lugoj001,Lugo,Julio,R,R,HOU,SS,Julio Lugo,2001,"N,Houston,Astros"
mannj001,Mann,Jim,R,R,HOU,P,Jim Mann,2001,"N,Houston,Astros"
mcknt001,McKnight,Tony,R,R,HOU,P,Tony McKnight,2001,"N,Houston,Astros"
merco002,Merced,Orlando,B,R,HOU,OF,Orlando Merced,2001,"N,Houston,Astros"
millw001,Miller,Wade,R,R,HOU,P,Wade Miller,2001,"N,Houston,Astros"
mlicd001,Mlicki,Dave,R,R,HOU,P,Dave Mlicki,2001,"N,Houston,Astros"
oswar001,Oswalt,Roy,R,R,HOU,P,Roy Oswalt,2001,"N,Houston,Astros"
poweb001,Powell,Brian,R,R,HOU,P,Brian Powell,2001,"N,Houston,Astros"
powej001,Powell,Jay,R,R,HOU,P,Jay Powell,2001,"N,Houston,Astros"
reddt001,Redding,Tim,R,R,HOU,P,Tim Redding,2001,"N,Houston,Astros"
reyns001,Reynolds,Shane,R,R,HOU,P,Shane Reynolds,2001,"N,Houston,Astros"
rodrw001,Rodriguez,Wilfredo,L,L,HOU,P,Wilfredo Rodriguez,2001,"N,Houston,Astros"
servs002,Servais,Scott,R,R,HOU,C,Scott Servais,2001,"N,Houston,Astros"
slusj001,Slusarski,Joe,R,R,HOU,P,Joe Slusarski,2001,"N,Houston,Astros"
spieb001,Spiers,Bill,L,R,HOU,PH,Bill Spiers,2001,"N,Houston,Astros"
stonr001,Stone,Ricky,R,R,HOU,P,Ricky Stone,2001,"N,Houston,Astros"
trubc001,Truby,Chris,R,R,HOU,3B,Chris Truby,2001,"N,Houston,Astros"
villr001,Villone,Ron,L,L,HOU,P,Ron Villone,2001,"N,Houston,Astros"
vizcj001,Vizcaino,Jose,B,R,HOU,SS,Jose Vizcaino,2001,"N,Houston,Astros"
wagnb001,Wagner,Billy,L,L,HOU,P,Billy Wagner,2001,"N,Houston,Astros"
wardd002,Ward,Daryle,L,L,HOU,OF,Daryle Ward,2001,"N,Houston,Astros"
willm005,Williams,Mike,R,R,HOU,P,Mike Williams,2001,"N,Houston,Astros"
