player_id,last,first,bats,throws,team_id,pos,player_name,year
archj101,Archer,Jim,R,L,KC1,P,Jim Archer,1196
bassn101,Bass,Norm,R,R,KC1,P,Norm Bass,1196
baueh101,Bauer,Hank,R,R,KC1,OF,Hank Bauer,1196
bertr101,Bertoia,Reno,R,R,KC1,3B,Reno Bertoia,1196
boydb102,Boyd,Bob,L,L,KC1,1B,Bob Boyd,1196
bryab101,Bryan,Billy,L,R,KC1,C,Billy Bryan,1196
carea101,Carey,Andy,R,R,KC1,3B,Andy Carey,1196
causw101,Causey,Wayne,L,R,KC1,3B,Wayne Causey,1196
ciprf101,Cipriani,Frank,R,R,KC1,OF,Frank Cipriani,1196
courc101,Courtney,Clint,L,R,KC1,PH,Clint Courtney,1196
coviw101,Covington,Wes,L,R,KC1,OF,Wes Covington,1196
daleb102,Daley,Bud,L,L,KC1,P,Bud Daley,1196
delgb101,Del Greco,Bobby,R,R,KC1,OF,Bobby Del Greco,1196
ditma101,Ditmar,Art,R,R,KC1,P,Art Ditmar,1196
essec101,Essegian,Chuck,R,R,KC1,OF,Chuck Essegian,1196
fiscb101,Fischer,Bill,R,R,KC1,P,Bill Fischer,1196
gielp101,Giel,Paul,R,R,KC1,P,Paul Giel,1196
hankj101,Hankins,Jay,L,R,KC1,OF,Jay Hankins,1196
herbr101,Herbert,Ray,R,R,KC1,P,Ray Herbert,1196
howsd101,Howser,Dick,R,R,KC1,SS,Dick Howser,1196
johnd103,Johnson,Deron,R,R,KC1,OF,Deron Johnson,1196
johnk102,Johnson,Ken,R,R,KC1,P,Ken Johnson,1196
johns102,Johnson,Stan,L,L,KC1,OF,Stan Johnson,1196
keege101,Keegan,Ed,R,R,KC1,P,Ed Keegan,1196
kirkb101,Kirk,Bill,L,L,KC1,P,Bill Kirk,1196
kliml101,Klimchock,Lou,L,R,KC1,1B,Lou Klimchock,1196
kraul102,Krausse,Lew,R,R,KC1,P,Lew Krausse,1196
kunkb101,Kunkel,Bill,R,R,KC1,P,Bill Kunkel,1196
larsd102,Larsen,Don,R,R,KC1,P,Don Larsen,1196
lumpj101,Lumpe,Jerry,L,R,KC1,2B,Jerry Lumpe,1196
mackg101,MacKenzie,Gordon,R,R,KC1,C,Gordon MacKenzie,1196
mcdem102,McDermott,Mickey,L,L,KC1,P,Mickey McDermott,1196
nuxhj101,Nuxhall,Joe,L,L,KC1,P,Joe Nuxhall,1196
pfisd101,Pfister,Dan,R,R,KC1,P,Dan Pfister,1196
pignj101,Pignatano,Joe,R,R,KC1,C,Joe Pignatano,1196
pilaa101,Pilarcik,Al,L,L,KC1,OF,Al Pilarcik,1196
posal101,Posada,Leo,R,R,KC1,OF,Leo Posada,1196
presb101,Prescott,Bobby,R,R,KC1,OF,Bobby Prescott,1196
rakoe101,Rakow,Ed,B,R,KC1,P,Ed Rakow,1196
rivej101,Rivera,Jim,L,L,KC1,OF,Jim Rivera,1196
shawb103,Shaw,Bob,R,R,KC1,P,Bob Shaw,1196
shoec101,Shoemaker,Charlie,L,R,KC1,2B,Charlie Shoemaker,1196
siebn101,Siebern,Norm,L,R,KC1,1B,Norm Siebern,1196
stalg103,Staley,Gerry,R,R,KC1,P,Gerry Staley,1196
stepg101,Stephens,Gene,L,R,KC1,OF,Gene Stephens,1196
sullh101,Sullivan,Haywood,R,R,KC1,C,Haywood Sullivan,1196
throm101,Throneberry,Marv,L,L,KC1,1B,Marv Throneberry,1196
tuttb101,Tuttle,Bill,R,R,KC1,OF,Bill Tuttle,1196
virgo101,Virgil,Ozzie,R,R,KC1,3B,Ozzie Virgil,1196
walkj104,Walker,Jerry,B,R,KC1,P,Jerry Walker,1196
wickd101,Wickersham,Dave,R,R,KC1,P,Dave Wickersham,1196
wyatj102,Wyatt,John,R,R,KC1,P,John Wyatt,1196
baueh101,Bauer,Hank,R,R,KC1,OF,Hank Bauer,1196
blemr101,Blemker,Ray,R,L,KC1,P,Ray Blemker,1196
boakc101,Boak,Chet,R,R,KC1,2B,Chet Boak,1196
brigj101,Briggs,John,R,R,KC1,P,John Briggs,1196
brung101,Brunet,George,R,L,KC1,P,George Brunet,1196
carea101,Carey,Andy,R,R,KC1,3B,Andy Carey,1196
cervb101,Cerv,Bob,R,R,KC1,OF,Bob Cerv,1196
chith101,Chiti,Harry,R,R,KC1,C,Harry Chiti,1196
daleb102,Daley,Bud,L,L,KC1,P,Bud Daley,1196
dalep101,Daley,Pete,R,R,KC1,C,Pete Daley,1196
davib102,Davis,Bob,R,R,KC1,P,Bob Davis,1196
delsj101,Delsing,Jim,L,R,KC1,OF,Jim Delsing,1196
foilh101,Foiles,Hank,R,R,KC1,C,Hank Foiles,1196
garvn102,Garver,Ned,R,R,KC1,P,Ned Garver,1196
giggb101,Giggie,Bob,R,R,KC1,P,Bob Giggie,1196
halld101,Hall,Dick,R,R,KC1,P,Dick Hall,1196
hamlk101,Hamlin,Ken,R,R,KC1,SS,Ken Hamlin,1196
herbr101,Herbert,Ray,R,R,KC1,P,Ray Herbert,1196
herzw101,Herzog,Whitey,L,L,KC1,OF,Whitey Herzog,1196
jablr101,Jablonski,Ray,R,R,KC1,3B,Ray Jablonski,1196
johnb104,Johnson,Bob,R,R,KC1,SS,Bob Johnson,1196
johnk102,Johnson,Ken,R,R,KC1,P,Ken Johnson,1196
kiell101,Kiely,Leo,L,L,KC1,P,Leo Kiely,1196
kliml101,Klimchock,Lou,L,R,KC1,2B,Lou Klimchock,1196
kravd101,Kravitz,Danny,L,R,KC1,C,Danny Kravitz,1196
kuckj101,Kucks,Johnny,R,R,KC1,P,Johnny Kucks,1196
kutym101,Kutyna,Marty,R,R,KC1,P,Marty Kutyna,1196
larsd102,Larsen,Don,R,R,KC1,P,Don Larsen,1196
lumpj101,Lumpe,Jerry,L,R,KC1,2B,Jerry Lumpe,1196
mcmaj105,McManus,Jim,L,L,KC1,1B,Jim McManus,1196
posal101,Posada,Leo,R,R,KC1,OF,Leo Posada,1196
reedh102,Reed,Howie,R,R,KC1,P,Howie Reed,1196
siebn101,Siebern,Norm,L,R,KC1,OF,Norm Siebern,1196
snydr102,Snyder,Russ,L,R,KC1,OF,Russ Snyder,1196
terww101,Terwilliger,Wayne,R,R,KC1,2B,Wayne Terwilliger,1196
throm101,Throneberry,Marv,L,L,KC1,1B,Marv Throneberry,1196
trowb101,Trowbridge,Bob,R,R,KC1,P,Bob Trowbridge,1196
tsitj101,Tsitouris,John,R,R,KC1,P,John Tsitouris,1196
tuttb101,Tuttle,Bill,R,R,KC1,OF,Bill Tuttle,1196
wickd101,Wickersham,Dave,R,R,KC1,P,Dave Wickersham,1196
willd104,Williams,Dick,R,R,KC1,3B,Dick Williams,1196
alusg101,Alusik,George,R,R,KC1,OF,George Alusik,1196
archj101,Archer,Jim,R,L,KC1,P,Jim Archer,1196
azcuj101,Azcue,Joe,R,R,KC1,C,Joe Azcue,1196
bassn101,Bass,Norm,R,R,KC1,P,Norm Bass,1196
bryab101,Bryan,Billy,L,R,KC1,C,Billy Bryan,1196
causw101,Causey,Wayne,L,R,KC1,SS,Wayne Causey,1196
chare101,Charles,Ed,R,R,KC1,3B,Ed Charles,1196
cimog101,Cimoli,Gino,R,R,KC1,OF,Gino Cimoli,1196
consb101,Consolo,Billy,R,R,KC1,SS,Billy Consolo,1196
cougm101,Coughtry,Marlan,L,R,KC1,3B,Marlan Coughtry,1196
delgb101,Del Greco,Bobby,R,R,KC1,OF,Bobby Del Greco,1196
ditma101,Ditmar,Art,R,R,KC1,P,Art Ditmar,1196
drabm101,Drabowsky,Moe,R,R,KC1,P,Moe Drabowsky,1196
fiscb101,Fischer,Bill,R,R,KC1,P,Bill Fischer,1196
giggb101,Giggie,Bob,R,R,KC1,P,Bob Giggie,1196
grimb102,Grim,Bob,R,R,KC1,P,Bob Grim,1196
hamng102,Hamner,Granny,R,R,KC1,P,Granny Hamner,1196
howsd101,Howser,Dick,R,R,KC1,SS,Dick Howser,1196
jimem101,Jimenez,Manny,L,R,KC1,OF,Manny Jimenez,1196
johnd103,Johnson,Deron,R,R,KC1,1B,Deron Johnson,1196
joneg101,Jones,Gordon,R,R,KC1,P,Gordon Jones,1196
kernb101,Kern,Bill,R,R,KC1,OF,Bill Kern,1196
kunkb101,Kunkel,Bill,R,R,KC1,P,Bill Kunkel,1196
lumpj101,Lumpe,Jerry,L,R,KC1,2B,Jerry Lumpe,1196
marth102,Martinez,Hector,R,R,KC1,PH,Hector Martinez,1196
mcded101,McDevitt,Danny,L,L,KC1,P,Danny McDevitt,1196
normf101,Norman,Fred,B,L,KC1,P,Fred Norman,1196
osind101,Osinski,Dan,R,R,KC1,P,Dan Osinski,1196
penao101,Pena,Orlando,R,R,KC1,P,Orlando Pena,1196
pfisd101,Pfister,Dan,R,R,KC1,P,Dan Pfister,1196
posal101,Posada,Leo,R,R,KC1,OF,Leo Posada,1196
rakoe101,Rakow,Ed,B,R,KC1,P,Ed Rakow,1196
segud101,Segui,Diego,R,R,KC1,P,Diego Segui,1196
shoec101,Shoemaker,Charlie,L,R,KC1,2B,Charlie Shoemaker,1196
siebn101,Siebern,Norm,L,R,KC1,1B,Norm Siebern,1196
stepg101,Stephens,Gene,L,R,KC1,PH,Gene Stephens,1196
sullh101,Sullivan,Haywood,R,R,KC1,C,Haywood Sullivan,1196
tartj101,Tartabull,Jose,L,L,KC1,OF,Jose Tartabull,1196
toppr101,Toppin,Rupe,R,R,KC1,P,Rupe Toppin,1196
walkj104,Walker,Jerry,B,R,KC1,P,Jerry Walker,1196
wickd101,Wickersham,Dave,R,R,KC1,P,Dave Wickersham,1196
willd108,Williams,Don,R,R,KC1,P,Don Williams,1196
windg101,Windhorn,Gordie,R,R,KC1,OF,Gordie Windhorn,1196
wojcj101,Wojcik,John,L,R,KC1,OF,John Wojcik,1196
wyatj102,Wyatt,John,R,R,KC1,P,John Wyatt,1196
alusg101,Alusik,George,R,R,KC1,OF,George Alusik,1196
azcuj101,Azcue,Joe,R,R,KC1,C,Joe Azcue,1196
bassn101,Bass,Norm,R,R,KC1,P,Norm Bass,1196
bowst101,Bowsfield,Ted,R,L,KC1,P,Ted Bowsfield,1196
bryab101,Bryan,Billy,L,R,KC1,C,Billy Bryan,1196
causw101,Causey,Wayne,L,R,KC1,SS,Wayne Causey,1196
chare101,Charles,Ed,R,R,KC1,3B,Ed Charles,1196
cimog101,Cimoli,Gino,R,R,KC1,OF,Gino Cimoli,1196
delgb101,Del Greco,Bobby,R,R,KC1,OF,Bobby Del Greco,1196
drabm101,Drabowsky,Moe,R,R,KC1,P,Moe Drabowsky,1196
edwad102,Edwards,Doc,R,R,KC1,C,Doc Edwards,1196
espos101,Esposito,Sammy,R,R,KC1,2B,Sammy Esposito,1196
essec101,Essegian,Chuck,R,R,KC1,OF,Chuck Essegian,1196
fiscb101,Fischer,Bill,R,R,KC1,P,Bill Fischer,1196
greed102,Green,Dick,R,R,KC1,SS,Dick Green,1196
hankj101,Hankins,Jay,L,R,KC1,OF,Jay Hankins,1196
harrk101,Harrelson,Ken,R,R,KC1,1B,Ken Harrelson,1196
howsd101,Howser,Dick,R,R,KC1,SS,Dick Howser,1196
jimem101,Jimenez,Manny,L,R,KC1,OF,Manny Jimenez,1196
landb101,Landis,Bill,L,L,KC1,P,Bill Landis,1196
larut101,LaRussa,Tony,R,R,KC1,SS,Tony LaRussa,1196
lau-c101,Lau,Charlie,L,R,KC1,C,Charlie Lau,1196
lovrp101,Lovrich,Pete,R,R,KC1,P,Pete Lovrich,1196
lumpj101,Lumpe,Jerry,L,R,KC1,2B,Jerry Lumpe,1196
marth102,Martinez,Hector,R,R,KC1,OF,Hector Martinez,1196
monta103,Monteagudo,Aurelio,R,R,KC1,P,Aurelio Monteagudo,1196
normf101,Norman,Fred,B,L,KC1,P,Fred Norman,1196
odonj101,O'Donoghue,John,R,L,KC1,P,John O'Donoghue,1196
penao101,Pena,Orlando,R,R,KC1,P,Orlando Pena,1196
pfisd101,Pfister,Dan,R,R,KC1,P,Dan Pfister,1196
rakoe101,Rakow,Ed,B,R,KC1,P,Ed Rakow,1196
reynt101,Reynolds,Tommie,R,R,KC1,OF,Tommie Reynolds,1196
santj101,Santiago,Jose,R,R,KC1,P,Jose Santiago,1196
segud101,Segui,Diego,R,R,KC1,P,Diego Segui,1196
siebn101,Siebern,Norm,L,R,KC1,1B,Norm Siebern,1196
sturt101,Sturdivant,Tom,L,R,KC1,P,Tom Sturdivant,1196
sullh101,Sullivan,Haywood,R,R,KC1,C,Haywood Sullivan,1196
tartj101,Tartabull,Jose,L,L,KC1,OF,Jose Tartabull,1196
thied101,Thies,Dave,R,R,KC1,P,Dave Thies,1196
wickd101,Wickersham,Dave,R,R,KC1,P,Dave Wickersham,1196
willd111,Willis,Dale,R,R,KC1,P,Dale Willis,1196
wojcj101,Wojcik,John,L,R,KC1,OF,John Wojcik,1196
wyatj102,Wyatt,John,R,R,KC1,P,John Wyatt,1196
akerj102,Aker,Jack,R,R,KC1,P,Jack Aker,1196
bands101,Bando,Sal,R,R,KC1,3B,Sal Bando,1196
bowlw101,Bowlin,Weldon,R,R,KC1,3B,Weldon Bowlin,1196
campb101,Campaneris,Bert,R,R,KC1,SS,Bert Campaneris,1196
cated101,Cater,Danny,R,R,KC1,3B,Danny Cater,1196
chare101,Charles,Ed,R,R,KC1,3B,Ed Charles,1196
chavo101,Chavarria,Ossie,R,R,KC1,2B,Ossie Chavarria,1196
dobsc101,Dobson,Chuck,R,R,KC1,P,Chuck Dobson,1196
donaj101,Donaldson,John,L,R,KC1,2B,John Donaldson,1196
dulib101,Duliba,Bob,R,R,KC1,P,Bob Duliba,1196
duncd101,Duncan,Dave,R,R,KC1,C,Dave Duncan,1196
edgeb101,Edgerton,Bill,L,L,KC1,P,Bill Edgerton,1196
gosgj101,Gosger,Jim,L,L,KC1,OF,Jim Gosger,1196
greed102,Green,Dick,R,R,KC1,3B,Dick Green,1196
harrk101,Harrelson,Ken,R,R,KC1,1B,Ken Harrelson,1196
hersm101,Hershberger,Mike,R,R,KC1,OF,Mike Hershberger,1196
huntj101,Hunter,Catfish,R,R,KC1,P,Catfish Hunter,1196
jackr001,Jackson,Reggie,L,L,KC1,OF,Reggie Jackson,1196
kraul102,Krausse,Lew,R,R,KC1,P,Lew Krausse,1196
kubit101,Kubiak,Ted,B,R,KC1,SS,Ted Kubiak,1196
lauzg101,Lauzerique,George,R,R,KC1,P,George Lauzerique,1196
lewia101,Lewis,Allan,B,R,KC1,PR,Allan Lewis,1196
lindp101,Lindblad,Paul,L,L,KC1,P,Paul Lindblad,1196
mondr001,Monday,Rick,L,L,KC1,OF,Rick Monday,1196
nashj101,Nash,Jim,R,R,KC1,P,Jim Nash,1196
nossj101,Nossek,Joe,R,R,KC1,OF,Joe Nossek,1196
odomj101,Odom,Blue Moon,R,R,KC1,P,Blue Moon Odom,1196
piert101,Pierce,Tony,R,L,KC1,P,Tony Pierce,1196
repor101,Repoz,Roger,L,L,KC1,OF,Roger Repoz,1196
rodrr101,Rodriguez,Roberto,R,R,KC1,P,Roberto Rodriguez,1196
roofp101,Roof,Phil,R,R,KC1,C,Phil Roof,1196
rudij101,Rudi,Joe,R,R,KC1,1B,Joe Rudi,1196
sanfj101,Sanford,Jack,R,R,KC1,P,Jack Sanford,1196
segud101,Segui,Diego,R,R,KC1,P,Diego Segui,1196
stafb101,Stafford,Bill,R,R,KC1,P,Bill Stafford,1196
stocw101,Stock,Wes,R,R,KC1,P,Wes Stock,1196
suark101,Suarez,Ken,R,R,KC1,C,Ken Suarez,1196
taltt101,Talton,Tim,L,R,KC1,C,Tim Talton,1196
websr102,Webster,Ramon,L,L,KC1,1B,Ramon Webster,1196
akerj102,Aker,Jack,R,R,KC1,P,Jack Aker,1196
bands101,Bando,Sal,R,R,KC1,3B,Sal Bando,1196
blang101,Blanco,Gil,L,L,KC1,P,Gil Blanco,1196
blasd101,Blasingame,Don,L,R,KC1,2B,Don Blasingame,1196
bryab101,Bryan,Billy,L,R,KC1,C,Billy Bryan,1196
campb101,Campaneris,Bert,R,R,KC1,SS,Bert Campaneris,1196
cated101,Cater,Danny,R,R,KC1,1B,Danny Cater,1196
causw101,Causey,Wayne,L,R,KC1,3B,Wayne Causey,1196
chare101,Charles,Ed,R,R,KC1,3B,Ed Charles,1196
chavo101,Chavarria,Ossie,R,R,KC1,OF,Ossie Chavarria,1196
dickj101,Dickson,Jim,L,R,KC1,P,Jim Dickson,1196
dobsc101,Dobson,Chuck,R,R,KC1,P,Chuck Dobson,1196
donaj101,Donaldson,John,L,R,KC1,2B,John Donaldson,1196
duckj101,Duckworth,Jim,R,R,KC1,P,Jim Duckworth,1196
edgeb101,Edgerton,Bill,L,L,KC1,P,Bill Edgerton,1196
fazie101,Fazio,Ernie,R,R,KC1,2B,Ernie Fazio,1196
gosgj101,Gosger,Jim,L,L,KC1,OF,Jim Gosger,1196
greed102,Green,Dick,R,R,KC1,2B,Dick Green,1196
grilg101,Grilli,Guido,L,L,KC1,P,Guido Grilli,1196
grzej101,Grzenda,Joe,R,L,KC1,P,Joe Grzenda,1196
handv101,Handrahan,Vern,L,R,KC1,P,Vern Handrahan,1196
harrk101,Harrelson,Ken,R,R,KC1,1B,Ken Harrelson,1196
hersm101,Hershberger,Mike,R,R,KC1,OF,Mike Hershberger,1196
hickj104,Hickman,Jesse,R,R,KC1,P,Jesse Hickman,1196
huntj101,Hunter,Catfish,R,R,KC1,P,Catfish Hunter,1196
jimem101,Jimenez,Manny,L,R,KC1,OF,Manny Jimenez,1196
kraul102,Krausse,Lew,R,R,KC1,P,Lew Krausse,1196
lachr101,Lachemann,Rene,R,R,KC1,C,Rene Lachemann,1196
lindp101,Lindblad,Paul,L,L,KC1,P,Paul Lindblad,1196
mondr001,Monday,Rick,L,L,KC1,OF,Rick Monday,1196
monta103,Monteagudo,Aurelio,R,R,KC1,P,Aurelio Monteagudo,1196
nashj101,Nash,Jim,R,R,KC1,P,Jim Nash,1196
nossj101,Nossek,Joe,R,R,KC1,OF,Joe Nossek,1196
odomj101,Odom,Blue Moon,R,R,KC1,P,Blue Moon Odom,1196
repor101,Repoz,Roger,L,L,KC1,OF,Roger Repoz,1196
roofp101,Roof,Phil,R,R,KC1,C,Phil Roof,1196
sandk101,Sanders,Ken,R,R,KC1,P,Ken Sanders,1196
schwr101,Schwartz,Randy,L,L,KC1,1B,Randy Schwartz,1196
shelr101,Sheldon,Rollie,R,R,KC1,P,Rollie Sheldon,1196
stafb101,Stafford,Bill,R,R,KC1,P,Bill Stafford,1196
stahl101,Stahl,Larry,L,L,KC1,OF,Larry Stahl,1196
stocw101,Stock,Wes,R,R,KC1,P,Wes Stock,1196
stonr102,Stone,Ron,L,L,KC1,OF,Ron Stone,1196
suark101,Suarez,Ken,R,R,KC1,C,Ken Suarez,1196
talbf101,Talbot,Fred,R,R,KC1,P,Fred Talbot,1196
taltt101,Talton,Tim,L,R,KC1,C,Tim Talton,1196
tartj101,Tartabull,Jose,L,L,KC1,OF,Jose Tartabull,1196
terrr101,Terry,Ralph,R,R,KC1,P,Ralph Terry,1196
wyatj102,Wyatt,John,R,R,KC1,P,John Wyatt,1196
akerj102,Aker,Jack,R,R,KC1,P,Jack Aker,1196
alusg101,Alusik,George,R,R,KC1,OF,George Alusik,1196
bowst101,Bowsfield,Ted,R,L,KC1,P,Ted Bowsfield,1196
bryab101,Bryan,Billy,L,R,KC1,C,Billy Bryan,1196
campb101,Campaneris,Bert,R,R,KC1,SS,Bert Campaneris,1196
causw101,Causey,Wayne,L,R,KC1,SS,Wayne Causey,1196
chare101,Charles,Ed,R,R,KC1,3B,Ed Charles,1196
cimog101,Cimoli,Gino,R,R,KC1,OF,Gino Cimoli,1196
colar101,Colavito,Rocky,R,R,KC1,OF,Rocky Colavito,1196
drabm101,Drabowsky,Moe,R,R,KC1,P,Moe Drabowsky,1196
duncd101,Duncan,Dave,R,R,KC1,C,Dave Duncan,1196
edwad102,Edwards,Doc,R,R,KC1,C,Doc Edwards,1196
gentj101,Gentile,Jim,L,L,KC1,1B,Jim Gentile,1196
greed102,Green,Dick,R,R,KC1,2B,Dick Green,1196
grzej101,Grzenda,Joe,R,L,KC1,P,Joe Grzenda,1196
handv101,Handrahan,Vern,L,R,KC1,P,Vern Handrahan,1196
harrk101,Harrelson,Ken,R,R,KC1,OF,Ken Harrelson,1196
jimem101,Jimenez,Manny,L,R,KC1,OF,Manny Jimenez,1196
joser101,Joseph,Rick,R,R,KC1,1B,Rick Joseph,1196
kraul102,Krausse,Lew,R,R,KC1,P,Lew Krausse,1196
lau-c101,Lau,Charlie,L,R,KC1,C,Charlie Lau,1196
mathn101,Mathews,Nelson,R,R,KC1,OF,Nelson Mathews,1196
meyeb102,Meyer,Bob,R,L,KC1,P,Bob Meyer,1196
monta103,Monteagudo,Aurelio,R,R,KC1,P,Aurelio Monteagudo,1196
odomj101,Odom,Blue Moon,R,R,KC1,P,Blue Moon Odom,1196
odonj101,O'Donoghue,John,R,L,KC1,P,John O'Donoghue,1196
penao101,Pena,Orlando,R,R,KC1,P,Orlando Pena,1196
pfisd101,Pfister,Dan,R,R,KC1,P,Dan Pfister,1196
reynt101,Reynolds,Tommie,R,R,KC1,OF,Tommie Reynolds,1196
sandk101,Sanders,Ken,R,R,KC1,P,Ken Sanders,1196
santj101,Santiago,Jose,R,R,KC1,P,Jose Santiago,1196
segud101,Segui,Diego,R,R,KC1,P,Diego Segui,1196
shoec101,Shoemaker,Charlie,L,R,KC1,2B,Charlie Shoemaker,1196
stahl101,Stahl,Larry,L,L,KC1,OF,Larry Stahl,1196
stocw101,Stock,Wes,R,R,KC1,P,Wes Stock,1196
sturt101,Sturdivant,Tom,L,R,KC1,P,Tom Sturdivant,1196
tartj101,Tartabull,Jose,L,L,KC1,OF,Jose Tartabull,1196
willg101,Williams,George,R,R,KC1,2B,George Williams,1196
wojcj101,Wojcik,John,L,R,KC1,OF,John Wojcik,1196
wyatj102,Wyatt,John,R,R,KC1,P,John Wyatt,1196
akerj102,Aker,Jack,R,R,KC1,P,Jack Aker,1196
blanj101,Blanchard,Johnny,L,R,KC1,OF,Johnny Blanchard,1196
bryab101,Bryan,Billy,L,R,KC1,C,Billy Bryan,1196
buscd101,Buschhorn,Don,R,R,KC1,P,Don Buschhorn,1196
campb101,Campaneris,Bert,R,R,KC1,SS,Bert Campaneris,1196
causw101,Causey,Wayne,L,R,KC1,SS,Wayne Causey,1196
chare101,Charles,Ed,R,R,KC1,3B,Ed Charles,1196
clinl101,Clinton,Lou,R,R,KC1,OF,Lou Clinton,1196
dickj101,Dickson,Jim,L,R,KC1,P,Jim Dickson,1196
drabm101,Drabowsky,Moe,R,R,KC1,P,Moe Drabowsky,1196
edwad102,Edwards,Doc,R,R,KC1,C,Doc Edwards,1196
gentj101,Gentile,Jim,L,L,KC1,1B,Jim Gentile,1196
greed102,Green,Dick,R,R,KC1,2B,Dick Green,1196
harrk101,Harrelson,Ken,R,R,KC1,1B,Ken Harrelson,1196
harrt101,Harrison,Tom,R,R,KC1,P,Tom Harrison,1196
hersm101,Hershberger,Mike,R,R,KC1,OF,Mike Hershberger,1196
hickj104,Hickman,Jesse,R,R,KC1,P,Jesse Hickman,1196
huntj101,Hunter,Catfish,R,R,KC1,P,Catfish Hunter,1196
joycd101,Joyce,Dick,L,L,KC1,P,Dick Joyce,1196
kraul102,Krausse,Lew,R,R,KC1,P,Lew Krausse,1196
lachr101,Lachemann,Rene,R,R,KC1,C,Rene Lachemann,1196
landj103,Landis,Jim,R,R,KC1,OF,Jim Landis,1196
lindp101,Lindblad,Paul,L,L,KC1,P,Paul Lindblad,1196
locks101,Lockwood,Skip,R,R,KC1,3B,Skip Lockwood,1196
mathn101,Mathews,Nelson,R,R,KC1,OF,Nelson Mathews,1196
monta103,Monteagudo,Aurelio,R,R,KC1,P,Aurelio Monteagudo,1196
mossd101,Mossi,Don,L,L,KC1,P,Don Mossi,1196
odomj101,Odom,Blue Moon,R,R,KC1,P,Blue Moon Odom,1196
odonj101,O'Donoghue,John,R,L,KC1,P,John O'Donoghue,1196
paigs101,Paige,Satchel,R,R,KC1,P,Satchel Paige,1196
penao101,Pena,Orlando,R,R,KC1,P,Orlando Pena,1196
reynt101,Reynolds,Tommie,R,R,KC1,OF,Tommie Reynolds,1196
rosas101,Rosario,Santiago,L,L,KC1,1B,Santiago Rosario,1196
sandj101,Sanders,John,R,R,KC1,PR,John Sanders,1196
santj101,Santiago,Jose,R,R,KC1,P,Jose Santiago,1196
schwr101,Schwartz,Randy,L,L,KC1,1B,Randy Schwartz,1196
segud101,Segui,Diego,R,R,KC1,P,Diego Segui,1196
shelr101,Sheldon,Rollie,R,R,KC1,P,Rollie Sheldon,1196
stahl101,Stahl,Larry,L,L,KC1,OF,Larry Stahl,1196
stocw101,Stock,Wes,R,R,KC1,P,Wes Stock,1196
talbf101,Talbot,Fred,R,R,KC1,P,Fred Talbot,1196
tartj101,Tartabull,Jose,L,L,KC1,OF,Jose Tartabull,1196
tompr101,Tompkins,Ron,R,R,KC1,P,Ron Tompkins,1196
wyatj102,Wyatt,John,R,R,KC1,P,John Wyatt,1196
abert101,Abernathy,Ted,R,R,WS1,P,Ted Abernathy,1196
allib103,Allison,Bob,R,R,WS1,OF,Bob Allison,1196
asprk101,Aspromonte,Ken,R,R,WS1,PH,Ken Aspromonte,1196
batte101,Battey,Earl,R,R,WS1,C,Earl Battey,1196
becqj101,Becquer,Julio,L,L,WS1,1B,Julio Becquer,1196
bertr101,Bertoia,Reno,R,R,WS1,3B,Reno Bertoia,1196
clevt101,Clevenger,Tex,R,R,WS1,P,Tex Clevenger,1196
consb101,Consolo,Billy,R,R,WS1,SS,Billy Consolo,1196
dobbd101,Dobbek,Dan,L,R,WS1,OF,Dan Dobbek,1196
fiscb101,Fischer,Bill,R,R,WS1,P,Bill Fischer,1196
gardb101,Gardner,Billy,R,R,WS1,2B,Billy Gardner,1196
greel101,Green,Lenny,L,L,WS1,OF,Lenny Green,1196
hernr101,Hernandez,Rudy,R,R,WS1,P,Rudy Hernandez,1196
hyded101,Hyde,Dick,R,R,WS1,P,Dick Hyde,1196
jacoj101,Jacobs,Jake,R,R,WS1,PR,Jake Jacobs,1196
kaatj101,Kaat,Jim,L,L,WS1,P,Jim Kaat,1196
kemmr101,Kemmerer,Russ,R,R,WS1,P,Russ Kemmerer,1196
killh102,Killebrew,Harmon,R,R,WS1,1B,Harmon Killebrew,1196
kralj101,Kralick,Jack,L,L,WS1,P,Jack Kralick,1196
lee-d102,Lee,Don,R,R,WS1,P,Don Lee,1196
lemoj101,Lemon,Jim,R,R,WS1,OF,Jim Lemon,1196
maesh101,Maestri,Hector,R,R,WS1,P,Hector Maestri,1196
mincd101,Mincher,Don,L,R,WS1,1B,Don Mincher,1196
moorr101,Moore,Ray,R,R,WS1,P,Ray Moore,1196
morgt101,Morgan,Tom,R,R,WS1,P,Tom Morgan,1196
narah101,Naragon,Hal,L,R,WS1,C,Hal Naragon,1196
pascc102,Pascual,Camilo,R,R,WS1,P,Camilo Pascual,1196
ramop101,Ramos,Pedro,B,R,WS1,P,Pedro Ramos,1196
sadot101,Sadowski,Ted,R,R,WS1,P,Ted Sadowski,1196
schaj102,Schaive,Johnny,R,R,WS1,2B,Johnny Schaive,1196
stobc101,Stobbs,Chuck,L,L,WS1,P,Chuck Stobbs,1196
throf101,Throneberry,Faye,L,R,WS1,OF,Faye Throneberry,1196
valdj102,Valdivielso,Jose,R,R,WS1,SS,Jose Valdivielso,1196
valoe101,Valo,Elmer,L,R,WS1,OF,Elmer Valo,1196
versz101,Versalles,Zoilo,R,R,WS1,SS,Zoilo Versalles,1196
whisp101,Whisenant,Pete,R,R,WS1,OF,Pete Whisenant,1196
woodh101,Woodeshick,Hal,R,L,WS1,P,Hal Woodeshick,1196
akerj102,Aker,Jack,R,R,SE1,P,Jack Aker,1196
baned101,Baney,Dick,R,R,SE1,P,Dick Baney,1196
barbs102,Barber,Steve,L,L,SE1,P,Steve Barber,1196
bated102,Bates,Dick,L,R,SE1,P,Dick Bates,1196
bellg102,Bell,Gary,R,R,SE1,P,Gary Bell,1196
boutj101,Bouton,Jim,R,R,SE1,P,Jim Bouton,1196
brabg101,Brabender,Gene,R,R,SE1,P,Gene Brabender,1196
branb102,Brandon,Bucky,R,R,SE1,P,Bucky Brandon,1196
brung101,Brunet,George,R,L,SE1,P,George Brunet,1196
clarr103,Clark,Ron,R,R,SE1,SS,Ron Clark,1196
comew101,Comer,Wayne,R,R,SE1,OF,Wayne Comer,1196
davit103,Davis,Tommy,R,R,SE1,OF,Tommy Davis,1196
donaj101,Donaldson,John,L,R,SE1,2B,John Donaldson,1196
edgeb101,Edgerton,Bill,L,L,SE1,P,Bill Edgerton,1196
ferrm101,Ferraro,Mike,R,R,SE1,PH,Mike Ferraro,1196
fuenm101,Fuentes,Miguel,R,R,SE1,P,Miguel Fuentes,1196
gelnj101,Gelnar,John,R,R,SE1,P,John Gelnar,1196
gil-g101,Gil,Gus,R,R,SE1,3B,Gus Gil,1196
goosg101,Goossen,Greg,R,R,SE1,1B,Greg Goossen,1196
gosgj101,Gosger,Jim,L,L,SE1,OF,Jim Gosger,1196
hanel101,Haney,Larry,R,R,SE1,C,Larry Haney,1196
harpt101,Harper,Tommy,R,R,SE1,2B,Tommy Harper,1196
hegam101,Hegan,Mike,L,L,SE1,OF,Mike Hegan,1196
hovls101,Hovley,Steve,L,L,SE1,OF,Steve Hovley,1196
kennj105,Kennedy,John,R,R,SE1,SS,John Kennedy,1196
lockb102,Locker,Bob,B,R,SE1,P,Bob Locker,1196
locks101,Lockwood,Skip,R,R,SE1,P,Skip Lockwood,1196
lundg101,Lund,Gordy,R,R,SE1,SS,Gordy Lund,1196
marsm101,Marshall,Mike,R,R,SE1,P,Mike Marshall,1196
mcnej101,McNertney,Jerry,R,R,SE1,C,Jerry McNertney,1196
meyeb102,Meyer,Bob,R,L,SE1,P,Bob Meyer,1196
mincd101,Mincher,Don,L,R,SE1,1B,Don Mincher,1196
morrj106,Morris,John,R,L,SE1,P,John Morris,1196
odonj101,O'Donoghue,John,R,L,SE1,P,John O'Donoghue,1196
oyler101,Oyler,Ray,R,R,SE1,SS,Ray Oyler,1196
paglj101,Pagliaroni,Jim,R,R,SE1,C,Jim Pagliaroni,1196
pattm101,Pattin,Marty,R,R,SE1,P,Marty Pattin,1196
ranem101,Ranew,Merritt,L,R,SE1,C,Merritt Ranew,1196
roggg101,Roggenburk,Garry,R,L,SE1,P,Garry Roggenburk,1196
rollr101,Rollins,Rich,R,R,SE1,3B,Rich Rollins,1196
segud101,Segui,Diego,R,R,SE1,P,Diego Segui,1196
simpd102,Simpson,Dick,R,R,SE1,OF,Dick Simpson,1196
stanf101,Stanley,Fred,R,R,SE1,SS,Fred Stanley,1196
stepj103,Stephenson,Jerry,L,R,SE1,P,Jerry Stephenson,1196
talbf101,Talbot,Fred,R,R,SE1,P,Fred Talbot,1196
timbg101,Timberlake,Gary,R,L,SE1,P,Gary Timberlake,1196
valds101,Valdespino,Sandy,L,L,SE1,OF,Sandy Valdespino,1196
velaf101,Velazquez,Freddie,R,R,SE1,C,Freddie Velazquez,1196
vidaj101,Vidal,Jose,R,R,SE1,OF,Jose Vidal,1196
waltd101,Walton,Danny,R,R,SE1,OF,Danny Walton,1196
whits101,Whitaker,Steve,L,R,SE1,OF,Steve Whitaker,1196
willb102,Williams,Billy,L,R,SE1,OF,Billy Williams,1196
womad101,Womack,Dooley,L,R,SE1,P,Dooley Womack,1196
