player_id,last,first,bats,throws,team_id,pos,player_name,year,team_name
arrol101,Arroyo,Luis,L,L,NYA,P,Luis Arroyo,1961,"A,New York,Yankees"
berry101,Berra,Yogi,L,R,NYA,OF,Yogi Berra,1961,"A,New York,Yankees"
blanj101,Blanchard,Johnny,L,R,NYA,C,Johnny Blanchard,1961,"A,New York,Yankees"
boyec102,Boyer,Clete,R,R,NYA,3B,Clete Boyer,1961,"A,New York,Yankees"
cervb101,Cerv,Bob,R,R,NYA,OF,Bob Cerv,1961,"A,New York,Yankees"
clevt101,Clevenger,Tex,R,R,NYA,P,Tex Clevenger,1961,"A,New York,Yankees"
coatj101,Coates,Jim,R,R,NYA,P,Jim Coates,1961,"A,New York,Yankees"
daleb102,Daley,Bud,L,L,NYA,P,Bud Daley,1961,"A,New York,Yankees"
demaj101,DeMaestri,Joe,R,R,NYA,SS,Joe DeMaestri,1961,"A,New York,Yankees"
ditma101,Ditmar,Art,R,R,NYA,P,Art Ditmar,1961,"A,New York,Yankees"
downa101,Downing,Al,R,L,NYA,P,Al Downing,1961,"A,New York,Yankees"
durer101,Duren,Ryne,R,R,NYA,P,Ryne Duren,1961,"A,New York,Yankees"
fordw101,Ford,Whitey,L,L,NYA,P,Whitey Ford,1961,"A,New York,Yankees"
gardb101,Gardner,Billy,R,R,NYA,3B,Billy Gardner,1961,"A,New York,Yankees"
gondj101,Gonder,Jesse,L,R,NYA,PH,Jesse Gonder,1961,"A,New York,Yankees"
haleb101,Hale,Bob,L,L,NYA,1B,Bob Hale,1961,"A,New York,Yankees"
howae101,Howard,Elston,R,R,NYA,C,Elston Howard,1961,"A,New York,Yankees"
jamej101,James,Johnny,L,R,NYA,P,Johnny James,1961,"A,New York,Yankees"
johnd103,Johnson,Deron,R,R,NYA,3B,Deron Johnson,1961,"A,New York,Yankees"
kubet101,Kubek,Tony,L,R,NYA,SS,Tony Kubek,1961,"A,New York,Yankees"
lopeh101,Lopez,Hector,R,R,NYA,OF,Hector Lopez,1961,"A,New York,Yankees"
maasd101,Maas,Duke,R,R,NYA,P,Duke Maas,1961,"A,New York,Yankees"
mantm101,Mantle,Mickey,B,R,NYA,OF,Mickey Mantle,1961,"A,New York,Yankees"
marir101,Maris,Roger,L,R,NYA,OF,Roger Maris,1961,"A,New York,Yankees"
mcded101,McDevitt,Danny,L,L,NYA,P,Danny McDevitt,1961,"A,New York,Yankees"
reedj101,Reed,Jack,R,R,NYA,OF,Jack Reed,1961,"A,New York,Yankees"
renih101,Reniff,Hal,R,R,NYA,P,Hal Reniff,1961,"A,New York,Yankees"
richb102,Richardson,Bobby,R,R,NYA,2B,Bobby Richardson,1961,"A,New York,Yankees"
shelr101,Sheldon,Rollie,R,R,NYA,P,Rollie Sheldon,1961,"A,New York,Yankees"
skowb101,Skowron,Bill,R,R,NYA,1B,Bill Skowron,1961,"A,New York,Yankees"
stafb101,Stafford,Bill,R,R,NYA,P,Bill Stafford,1961,"A,New York,Yankees"
terrr101,Terry,Ralph,R,R,NYA,P,Ralph Terry,1961,"A,New York,Yankees"
thoml103,Thomas,Lee,L,R,NYA,PH,Lee Thomas,1961,"A,New York,Yankees"
torge101,Torgeson,Earl,L,L,NYA,1B,Earl Torgeson,1961,"A,New York,Yankees"
trest101,Tresh,Tom,B,R,NYA,SS,Tom Tresh,1961,"A,New York,Yankees"
turlb101,Turley,Bob,R,R,NYA,P,Bob Turley,1961,"A,New York,Yankees"
altmg101,Altman,George,L,R,CHN,OF,George Altman,1961,"N,Chicago,Cubs"
andeb102,Anderson,Bob,R,R,CHN,P,Bob Anderson,1961,"N,Chicago,Cubs"
ashbr101,Ashburn,Richie,L,R,CHN,OF,Richie Ashburn,1961,"N,Chicago,Cubs"
banke101,Banks,Ernie,R,R,CHN,SS,Ernie Banks,1961,"N,Chicago,Cubs"
barrc101,Barragan,Cuno,R,R,CHN,C,Cuno Barragan,1961,"N,Chicago,Cubs"
bertd101,Bertell,Dick,R,R,CHN,C,Dick Bertell,1961,"N,Chicago,Cubs"
bouce101,Bouchee,Ed,L,L,CHN,1B,Ed Bouchee,1961,"N,Chicago,Cubs"
brewj102,Brewer,Jim,L,L,CHN,P,Jim Brewer,1961,"N,Chicago,Cubs"
brocl102,Brock,Lou,L,L,CHN,OF,Lou Brock,1961,"N,Chicago,Cubs"
burwd101,Burwell,Dick,R,R,CHN,P,Dick Burwell,1961,"N,Chicago,Cubs"
cardd101,Cardwell,Don,R,R,CHN,P,Don Cardwell,1961,"N,Chicago,Cubs"
curtj102,Curtis,Jack,L,L,CHN,P,Jack Curtis,1961,"N,Chicago,Cubs"
draks102,Drake,Sammy,B,R,CHN,OF,Sammy Drake,1961,"N,Chicago,Cubs"
drotd101,Drott,Dick,R,R,CHN,P,Dick Drott,1961,"N,Chicago,Cubs"
ellsd101,Ellsworth,Dick,L,L,CHN,P,Dick Ellsworth,1961,"N,Chicago,Cubs"
elstd101,Elston,Don,R,R,CHN,P,Don Elston,1961,"N,Chicago,Cubs"
freeg101,Freese,George,R,R,CHN,PH,George Freese,1961,"N,Chicago,Cubs"
heisa101,Heist,Al,R,R,CHN,OF,Al Heist,1961,"N,Chicago,Cubs"
hobbg101,Hobbie,Glen,R,R,CHN,P,Glen Hobbie,1961,"N,Chicago,Cubs"
hubbk101,Hubbs,Ken,R,R,CHN,2B,Ken Hubbs,1961,"N,Chicago,Cubs"
kindj101,Kindall,Jerry,R,R,CHN,2B,Jerry Kindall,1961,"N,Chicago,Cubs"
mathn101,Mathews,Nelson,R,R,CHN,OF,Nelson Mathews,1961,"N,Chicago,Cubs"
mcanj102,McAnany,Jim,R,R,CHN,OF,Jim McAnany,1961,"N,Chicago,Cubs"
morhm101,Morhardt,Moe,L,L,CHN,1B,Moe Morhardt,1961,"N,Chicago,Cubs"
murpd105,Murphy,Danny,L,R,CHN,OF,Danny Murphy,1961,"N,Chicago,Cubs"
roacm101,Roach,Mel,R,R,CHN,1B,Mel Roach,1961,"N,Chicago,Cubs"
rodga101,Rodgers,Andre,R,R,CHN,1B,Andre Rodgers,1961,"N,Chicago,Cubs"
santr102,Santo,Ron,R,R,CHN,3B,Ron Santo,1961,"N,Chicago,Cubs"
schaj105,Schaffernoth,Joe,R,R,CHN,P,Joe Schaffernoth,1961,"N,Chicago,Cubs"
schub101,Schultz,Barney,R,R,CHN,P,Barney Schultz,1961,"N,Chicago,Cubs"
tayls102,Taylor,Sammy,L,R,CHN,C,Sammy Taylor,1961,"N,Chicago,Cubs"
thacm101,Thacker,Moe,R,R,CHN,C,Moe Thacker,1961,"N,Chicago,Cubs"
thomf103,Thomas,Frank,R,R,CHN,OF,Frank Thomas,1961,"N,Chicago,Cubs"
willb104,Williams,Billy,L,R,CHN,OF,Billy Williams,1961,"N,Chicago,Cubs"
willb106,Will,Bob,L,L,CHN,OF,Bob Will,1961,"N,Chicago,Cubs"
wrigm101,Wright,Mel,R,R,CHN,P,Mel Wright,1961,"N,Chicago,Cubs"
zimmd101,Zimmer,Don,R,R,CHN,2B,Don Zimmer,1961,"N,Chicago,Cubs"
andeh101,Anderson,Harry,L,R,CIN,PH,Harry Anderson,1961,"N,Cincinnati,Reds"
baile101,Bailey,Ed,L,R,CIN,C,Ed Bailey,1961,"N,Cincinnati,Reds"
baumj102,Baumer,Jim,R,R,CIN,2B,Jim Baumer,1961,"N,Cincinnati,Reds"
bellg103,Bell,Gus,L,R,CIN,OF,Gus Bell,1961,"N,Cincinnati,Reds"
bevah101,Bevan,Hal,R,R,CIN,PH,Hal Bevan,1961,"N,Cincinnati,Reds"
blasd101,Blasingame,Don,L,R,CIN,2B,Don Blasingame,1961,"N,Cincinnati,Reds"
bridm101,Bridges,Marshall,B,L,CIN,P,Marshall Bridges,1961,"N,Cincinnati,Reds"
brosj101,Brosnan,Jim,R,R,CIN,P,Jim Brosnan,1961,"N,Cincinnati,Reds"
cardl101,Cardenas,Leo,R,R,CIN,SS,Leo Cardenas,1961,"N,Cincinnati,Reds"
chace101,Chacon,Elio,R,R,CIN,2B,Elio Chacon,1961,"N,Cincinnati,Reds"
coleg101,Coleman,Gordy,L,R,CIN,1B,Gordy Coleman,1961,"N,Cincinnati,Reds"
cookc101,Cook,Cliff,R,R,CIN,3B,Cliff Cook,1961,"N,Cincinnati,Reds"
edwaj101,Edwards,Johnny,L,R,CIN,C,Johnny Edwards,1961,"N,Cincinnati,Reds"
freeg102,Freese,Gene,R,R,CIN,3B,Gene Freese,1961,"N,Cincinnati,Reds"
gainj101,Gaines,Joe,R,R,CIN,OF,Joe Gaines,1961,"N,Cincinnati,Reds"
gernd101,Gernert,Dick,R,R,CIN,1B,Dick Gernert,1961,"N,Cincinnati,Reds"
henrb101,Henry,Bill,L,L,CIN,P,Bill Henry,1961,"N,Cincinnati,Reds"
hookj101,Hook,Jay,L,R,CIN,P,Jay Hook,1961,"N,Cincinnati,Reds"
huntk101,Hunt,Ken,R,R,CIN,P,Ken Hunt,1961,"N,Cincinnati,Reds"
jay-j101,Jay,Joey,B,R,CIN,P,Joey Jay,1961,"N,Cincinnati,Reds"
johnd106,Johnson,Darrell,R,R,CIN,C,Darrell Johnson,1961,"N,Cincinnati,Reds"
johnk102,Johnson,Ken,R,R,CIN,P,Ken Johnson,1961,"N,Cincinnati,Reds"
jones102,Jones,Sherman,L,R,CIN,P,Sherman Jones,1961,"N,Cincinnati,Reds"
jonew101,Jones,Willie,R,R,CIN,3B,Willie Jones,1961,"N,Cincinnati,Reds"
kaske101,Kasko,Eddie,R,R,CIN,SS,Eddie Kasko,1961,"N,Cincinnati,Reds"
lyncj102,Lynch,Jerry,L,R,CIN,OF,Jerry Lynch,1961,"N,Cincinnati,Reds"
maloj102,Maloney,Jim,L,R,CIN,P,Jim Maloney,1961,"N,Cincinnati,Reds"
nunnh101,Nunn,Howie,R,R,CIN,P,Howie Nunn,1961,"N,Cincinnati,Reds"
ostec103,Osteen,Claude,L,L,CIN,OF,Claude Osteen,1961,"N,Cincinnati,Reds"
otooj101,O'Toole,Jim,B,L,CIN,P,Jim O'Toole,1961,"N,Cincinnati,Reds"
pinsv101,Pinson,Vada,L,L,CIN,OF,Vada Pinson,1961,"N,Cincinnati,Reds"
postw101,Post,Wally,R,R,CIN,OF,Wally Post,1961,"N,Cincinnati,Reds"
purkb101,Purkey,Bob,R,R,CIN,P,Bob Purkey,1961,"N,Cincinnati,Reds"
robif103,Robinson,Frank,R,R,CIN,OF,Frank Robinson,1961,"N,Cincinnati,Reds"
schmb101,Schmidt,Bob,R,R,CIN,C,Bob Schmidt,1961,"N,Cincinnati,Reds"
whisp101,Whisenant,Pete,R,R,CIN,OF,Pete Whisenant,1961,"N,Cincinnati,Reds"
zimmj101,Zimmerman,Jerry,R,R,CIN,C,Jerry Zimmerman,1961,"N,Cincinnati,Reds"
borlt101,Borland,Tom,L,L,BOS,P,Tom Borland,1961,"A,Boston,Red Sox"
brewt101,Brewer,Tom,R,R,BOS,P,Tom Brewer,1961,"A,Boston,Red Sox"
buddd101,Buddin,Don,R,R,BOS,SS,Don Buddin,1961,"A,Boston,Red Sox"
ciscg101,Cisco,Galen,R,R,BOS,P,Galen Cisco,1961,"A,Boston,Red Sox"
clinl101,Clinton,Lou,R,R,BOS,OF,Lou Clinton,1961,"A,Boston,Red Sox"
conlg101,Conley,Gene,R,R,BOS,P,Gene Conley,1961,"A,Boston,Red Sox"
deloi101,Delock,Ike,R,R,BOS,P,Ike Delock,1961,"A,Boston,Red Sox"
earla101,Earley,Arnold,L,L,BOS,P,Arnold Earley,1961,"A,Boston,Red Sox"
fornm101,Fornieles,Mike,R,R,BOS,P,Mike Fornieles,1961,"A,Boston,Red Sox"
geigg101,Geiger,Gary,L,R,BOS,OF,Gary Geiger,1961,"A,Boston,Red Sox"
giled101,Gile,Don,R,R,BOS,1B,Don Gile,1961,"A,Boston,Red Sox"
ginsj101,Ginsberg,Joe,L,R,BOS,C,Joe Ginsberg,1961,"A,Boston,Red Sox"
greep102,Green,Pumpsie,B,R,BOS,SS,Pumpsie Green,1961,"A,Boston,Red Sox"
hardc101,Hardy,Carroll,R,R,BOS,OF,Carroll Hardy,1961,"A,Boston,Red Sox"
harrb103,Harrell,Billy,R,R,BOS,3B,Billy Harrell,1961,"A,Boston,Red Sox"
hilld102,Hillman,Dave,R,R,BOS,P,Dave Hillman,1961,"A,Boston,Red Sox"
jensj101,Jensen,Jackie,R,R,BOS,OF,Jackie Jensen,1961,"A,Boston,Red Sox"
malzf101,Malzone,Frank,R,R,BOS,3B,Frank Malzone,1961,"A,Boston,Red Sox"
monbb101,Monbouquette,Bill,R,R,BOS,P,Bill Monbouquette,1961,"A,Boston,Red Sox"
muffb101,Muffett,Billy,R,R,BOS,P,Billy Muffett,1961,"A,Boston,Red Sox"
nichc102,Nichols,Chet,B,L,BOS,P,Chet Nichols,1961,"A,Boston,Red Sox"
nixor101,Nixon,Russ,L,R,BOS,C,Russ Nixon,1961,"A,Boston,Red Sox"
paglj101,Pagliaroni,Jim,R,R,BOS,C,Jim Pagliaroni,1961,"A,Boston,Red Sox"
repur101,Repulski,Rip,R,R,BOS,OF,Rip Repulski,1961,"A,Boston,Red Sox"
runnp101,Runnels,Pete,L,R,BOS,1B,Pete Runnels,1961,"A,Boston,Red Sox"
schic101,Schilling,Chuck,R,R,BOS,2B,Chuck Schilling,1961,"A,Boston,Red Sox"
schwd101,Schwall,Don,R,R,BOS,P,Don Schwall,1961,"A,Boston,Red Sox"
stalt101,Stallard,Tracy,R,R,BOS,P,Tracy Stallard,1961,"A,Boston,Red Sox"
wertv101,Wertz,Vic,L,R,BOS,1B,Vic Wertz,1961,"A,Boston,Red Sox"
willt102,Wills,Ted,L,L,BOS,P,Ted Wills,1961,"A,Boston,Red Sox"
woodw103,Wood,Wilbur,R,L,BOS,P,Wilbur Wood,1961,"A,Boston,Red Sox"
yastc101,Yastrzemski,Carl,L,R,BOS,OF,Carl Yastrzemski,1961,"A,Boston,Red Sox"
aaroh101,Aaron,Hank,R,R,MLN,OF,Hank Aaron,1961,"N,Milwaukee,Braves"
adcoj101,Adcock,Joe,R,R,MLN,1B,Joe Adcock,1961,"N,Milwaukee,Braves"
antoj103,Antonelli,Johnny,L,L,MLN,P,Johnny Antonelli,1961,"N,Milwaukee,Braves"
bollf101,Bolling,Frank,R,R,MLN,2B,Frank Bolling,1961,"N,Milwaukee,Braves"
boydb102,Boyd,Bob,L,L,MLN,1B,Bob Boyd,1961,"N,Milwaukee,Braves"
brung101,Brunet,George,R,L,MLN,P,George Brunet,1961,"N,Milwaukee,Braves"
buhlb101,Buhl,Bob,R,R,MLN,P,Bob Buhl,1961,"N,Milwaukee,Braves"
burdl101,Burdette,Lew,R,R,MLN,P,Lew Burdette,1961,"N,Milwaukee,Braves"
chrin101,Chrisley,Neil,L,R,MLN,PH,Neil Chrisley,1961,"N,Milwaukee,Braves"
cimog101,Cimoli,Gino,R,R,MLN,OF,Gino Cimoli,1961,"N,Milwaukee,Braves"
clont101,Cloninger,Tony,R,R,MLN,P,Tony Cloninger,1961,"N,Milwaukee,Braves"
coviw101,Covington,Wes,L,R,MLN,OF,Wes Covington,1961,"N,Milwaukee,Braves"
crand102,Crandall,Del,R,R,MLN,C,Del Crandall,1961,"N,Milwaukee,Braves"
demej101,DeMerit,John,R,R,MLN,OF,John DeMerit,1961,"N,Milwaukee,Braves"
drabm101,Drabowsky,Moe,R,R,MLN,P,Moe Drabowsky,1961,"N,Milwaukee,Braves"
hendb101,Hendley,Bob,R,L,MLN,P,Bob Hendley,1961,"N,Milwaukee,Braves"
jonem102,Jones,Mack,L,R,MLN,OF,Mack Jones,1961,"N,Milwaukee,Braves"
lau-c101,Lau,Charlie,L,R,MLN,C,Charlie Lau,1961,"N,Milwaukee,Braves"
logaj101,Logan,Johnny,R,R,MLN,SS,Johnny Logan,1961,"N,Milwaukee,Braves"
mackk101,MacKenzie,Ken,R,L,MLN,P,Ken MacKenzie,1961,"N,Milwaukee,Braves"
mantf101,Mantilla,Felix,R,R,MLN,SS,Felix Mantilla,1961,"N,Milwaukee,Braves"
martb105,Martin,Billy,R,R,MLN,PH,Billy Martin,1961,"N,Milwaukee,Braves"
mathe101,Mathews,Eddie,L,R,MLN,3B,Eddie Mathews,1961,"N,Milwaukee,Braves"
mayel101,Maye,Lee,L,R,MLN,OF,Lee Maye,1961,"N,Milwaukee,Braves"
mcmad102,McMahon,Don,R,R,MLN,P,Don McMahon,1961,"N,Milwaukee,Braves"
mcmir101,McMillan,Roy,R,R,MLN,SS,Roy McMillan,1961,"N,Milwaukee,Braves"
mores101,Morehead,Seth,L,L,MLN,P,Seth Morehead,1961,"N,Milwaukee,Braves"
nottd101,Nottebart,Don,R,R,MLN,P,Don Nottebart,1961,"N,Milwaukee,Braves"
olivc101,Olivo,Chi-Chi,R,R,MLN,P,Chi-Chi Olivo,1961,"N,Milwaukee,Braves"
pichr101,Piche,Ron,R,R,MLN,P,Ron Piche,1961,"N,Milwaukee,Braves"
raymc101,Raymond,Claude,R,R,MLN,P,Claude Raymond,1961,"N,Milwaukee,Braves"
roacm101,Roach,Mel,R,R,MLN,OF,Mel Roach,1961,"N,Milwaukee,Braves"
roofp101,Roof,Phil,R,R,MLN,C,Phil Roof,1961,"N,Milwaukee,Braves"
spahw101,Spahn,Warren,L,L,MLN,P,Warren Spahn,1961,"N,Milwaukee,Braves"
spana101,Spangler,Al,L,L,MLN,OF,Al Spangler,1961,"N,Milwaukee,Braves"
taylh102,Taylor,Hawk,R,R,MLN,OF,Hawk Taylor,1961,"N,Milwaukee,Braves"
thomf103,Thomas,Frank,R,R,MLN,OF,Frank Thomas,1961,"N,Milwaukee,Braves"
torrj101,Torre,Joe,R,R,MLN,C,Joe Torre,1961,"N,Milwaukee,Braves"
whits103,White,Sammy,R,R,MLN,C,Sammy White,1961,"N,Milwaukee,Braves"
willc104,Willey,Carl,R,R,MLN,P,Carl Willey,1961,"N,Milwaukee,Braves"
asprb101,Aspromonte,Bob,R,R,LAN,3B,Bob Aspromonte,1961,"N,Los Angeles,Dodgers"
camid101,Camilli,Doug,R,R,LAN,C,Doug Camilli,1961,"N,Los Angeles,Dodgers"
crair101,Craig,Roger,R,R,LAN,P,Roger Craig,1961,"N,Los Angeles,Dodgers"
davit103,Davis,Tommy,R,R,LAN,OF,Tommy Davis,1961,"N,Los Angeles,Dodgers"
daviw102,Davis,Willie,L,L,LAN,OF,Willie Davis,1961,"N,Los Angeles,Dodgers"
demed101,Demeter,Don,R,R,LAN,OF,Don Demeter,1961,"N,Los Angeles,Dodgers"
drysd101,Drysdale,Don,R,R,LAN,P,Don Drysdale,1961,"N,Los Angeles,Dodgers"
fairr101,Fairly,Ron,L,L,LAN,OF,Ron Fairly,1961,"N,Los Angeles,Dodgers"
farrt101,Farrell,Turk,R,R,LAN,P,Turk Farrell,1961,"N,Los Angeles,Dodgers"
gillj102,Gilliam,Jim,B,R,LAN,3B,Jim Gilliam,1961,"N,Los Angeles,Dodgers"
goldj102,Golden,Jim,L,R,LAN,P,Jim Golden,1961,"N,Los Angeles,Dodgers"
harkt101,Harkness,Tim,L,L,LAN,1B,Tim Harkness,1961,"N,Los Angeles,Dodgers"
hodgg101,Hodges,Gil,R,R,LAN,1B,Gil Hodges,1961,"N,Los Angeles,Dodgers"
howaf102,Howard,Frank,R,R,LAN,OF,Frank Howard,1961,"N,Los Angeles,Dodgers"
koufs101,Koufax,Sandy,R,L,LAN,P,Sandy Koufax,1961,"N,Los Angeles,Dodgers"
larkn101,Larker,Norm,L,L,LAN,1B,Norm Larker,1961,"N,Los Angeles,Dodgers"
lillb101,Lillis,Bob,R,R,LAN,3B,Bob Lillis,1961,"N,Los Angeles,Dodgers"
moonw101,Moon,Wally,L,R,LAN,OF,Wally Moon,1961,"N,Los Angeles,Dodgers"
nealc101,Neal,Charlie,R,R,LAN,2B,Charlie Neal,1961,"N,Los Angeles,Dodgers"
ortep101,Ortega,Phil,R,R,LAN,P,Phil Ortega,1961,"N,Los Angeles,Dodgers"
palme101,Palmquist,Ed,R,R,LAN,P,Ed Palmquist,1961,"N,Los Angeles,Dodgers"
perrr101,Perranoski,Ron,L,L,LAN,P,Ron Perranoski,1961,"N,Los Angeles,Dodgers"
podrj101,Podres,Johnny,L,L,LAN,P,Johnny Podres,1961,"N,Los Angeles,Dodgers"
roebe101,Roebuck,Ed,R,R,LAN,P,Ed Roebuck,1961,"N,Los Angeles,Dodgers"
rosej101,Roseboro,John,L,R,LAN,C,John Roseboro,1961,"N,Los Angeles,Dodgers"
sherl101,Sherry,Larry,R,R,LAN,P,Larry Sherry,1961,"N,Los Angeles,Dodgers"
shern102,Sherry,Norm,R,R,LAN,C,Norm Sherry,1961,"N,Los Angeles,Dodgers"
smitc105,Smith,Charley,R,R,LAN,3B,Charley Smith,1961,"N,Los Angeles,Dodgers"
snidd101,Snider,Duke,L,R,LAN,OF,Duke Snider,1961,"N,Los Angeles,Dodgers"
spend101,Spencer,Daryl,R,R,LAN,3B,Daryl Spencer,1961,"N,Los Angeles,Dodgers"
warwc101,Warwick,Carl,R,L,LAN,OF,Carl Warwick,1961,"N,Los Angeles,Dodgers"
willm102,Wills,Maury,B,R,LAN,SS,Maury Wills,1961,"N,Los Angeles,Dodgers"
wills102,Williams,Stan,R,R,LAN,P,Stan Williams,1961,"N,Los Angeles,Dodgers"
windg101,Windhorn,Gordie,R,R,LAN,OF,Gordie Windhorn,1961,"N,Los Angeles,Dodgers"
andec101,Anderson,Craig,R,R,SLN,P,Craig Anderson,1961,"N,St.Louis,Cardinals"
baute101,Bauta,Ed,R,R,SLN,P,Ed Bauta,1961,"N,St.Louis,Cardinals"
boyek101,Boyer,Ken,R,R,SLN,3B,Ken Boyer,1961,"N,St.Louis,Cardinals"
broge101,Broglio,Ernie,R,R,SLN,P,Ernie Broglio,1961,"N,St.Louis,Cardinals"
buchj102,Buchek,Jerry,R,R,SLN,SS,Jerry Buchek,1961,"N,St.Louis,Cardinals"
cannc101,Cannizzaro,Chris,R,R,SLN,C,Chris Cannizzaro,1961,"N,St.Louis,Cardinals"
cicoa101,Cicotte,Al,R,R,SLN,P,Al Cicotte,1961,"N,St.Louis,Cardinals"
clemd101,Clemens,Doug,L,R,SLN,OF,Doug Clemens,1961,"N,St.Louis,Cardinals"
crowg101,Crowe,George,L,L,SLN,PH,George Crowe,1961,"N,St.Louis,Cardinals"
cunnj101,Cunningham,Joe,L,L,SLN,OF,Joe Cunningham,1961,"N,St.Louis,Cardinals"
flooc101,Flood,Curt,R,R,SLN,OF,Curt Flood,1961,"N,St.Louis,Cardinals"
gibsb101,Gibson,Bob,R,R,SLN,P,Bob Gibson,1961,"N,St.Louis,Cardinals"
gotaj101,Gotay,Julio,R,R,SLN,SS,Julio Gotay,1961,"N,St.Louis,Cardinals"
grama101,Grammas,Alex,R,R,SLN,SS,Alex Grammas,1961,"N,St.Louis,Cardinals"
jackl102,Jackson,Larry,R,R,SLN,P,Larry Jackson,1961,"N,St.Louis,Cardinals"
jamec102,James,Charlie,R,R,SLN,OF,Charlie James,1961,"N,St.Louis,Cardinals"
javij101,Javier,Julian,R,R,SLN,2B,Julian Javier,1961,"N,St.Louis,Cardinals"
landd101,Landrum,Don,L,R,SLN,OF,Don Landrum,1961,"N,St.Louis,Cardinals"
lillb101,Lillis,Bob,R,R,SLN,SS,Bob Lillis,1961,"N,St.Louis,Cardinals"
mccat101,McCarver,Tim,L,R,SLN,C,Tim McCarver,1961,"N,St.Louis,Cardinals"
mcdal101,McDaniel,Lindy,R,R,SLN,P,Lindy McDaniel,1961,"N,St.Louis,Cardinals"
mcdem102,McDermott,Mickey,L,L,SLN,P,Mickey McDermott,1961,"N,St.Louis,Cardinals"
millb106,Miller,Bob,R,R,SLN,P,Bob Miller,1961,"N,St.Louis,Cardinals"
moryw101,Moryn,Walt,L,R,SLN,OF,Walt Moryn,1961,"N,St.Louis,Cardinals"
musis101,Musial,Stan,L,L,SLN,OF,Stan Musial,1961,"N,St.Louis,Cardinals"
niemb101,Nieman,Bob,R,R,SLN,OF,Bob Nieman,1961,"N,St.Louis,Cardinals"
olive101,Olivares,Ed,R,R,SLN,OF,Ed Olivares,1961,"N,St.Louis,Cardinals"
olivg101,Oliver,Gene,R,R,SLN,C,Gene Oliver,1961,"N,St.Louis,Cardinals"
sader101,Sadecki,Ray,L,L,SLN,P,Ray Sadecki,1961,"N,St.Louis,Cardinals"
sawac101,Sawatski,Carl,L,R,SLN,C,Carl Sawatski,1961,"N,St.Louis,Cardinals"
schaj104,Schaffer,Jimmie,R,R,SLN,C,Jimmie Schaffer,1961,"N,St.Louis,Cardinals"
schor101,Schoendienst,Red,B,R,SLN,2B,Red Schoendienst,1961,"N,St.Louis,Cardinals"
simmc101,Simmons,Curt,L,L,SLN,P,Curt Simmons,1961,"N,St.Louis,Cardinals"
smith108,Smith,Hal,R,R,SLN,C,Hal Smith,1961,"N,St.Louis,Cardinals"
spend101,Spencer,Daryl,R,R,SLN,SS,Daryl Spencer,1961,"N,St.Louis,Cardinals"
tausd101,Taussig,Don,R,R,SLN,OF,Don Taussig,1961,"N,St.Louis,Cardinals"
tiefb101,Tiefenauer,Bobby,R,R,SLN,P,Bobby Tiefenauer,1961,"N,St.Louis,Cardinals"
warwc101,Warwick,Carl,R,L,SLN,OF,Carl Warwick,1961,"N,St.Louis,Cardinals"
washr101,Washburn,Ray,R,R,SLN,P,Ray Washburn,1961,"N,St.Louis,Cardinals"
whitb105,White,Bill,L,L,SLN,1B,Bill White,1961,"N,St.Louis,Cardinals"
alouf101,Alou,Felipe,R,R,SFN,OF,Felipe Alou,1961,"N,San Francisco,Giants"
aloum101,Alou,Matty,L,L,SFN,OF,Matty Alou,1961,"N,San Francisco,Giants"
amalj101,Amalfitano,Joey,R,R,SFN,2B,Joey Amalfitano,1961,"N,San Francisco,Giants"
baile101,Bailey,Ed,L,R,SFN,C,Ed Bailey,1961,"N,San Francisco,Giants"
blasd101,Blasingame,Don,L,R,SFN,PH,Don Blasingame,1961,"N,San Francisco,Giants"
bolib101,Bolin,Bobby,R,R,SFN,P,Bobby Bolin,1961,"N,San Francisco,Giants"
bowme101,Bowman,Ernie,R,R,SFN,2B,Ernie Bowman,1961,"N,San Francisco,Giants"
brese101,Bressoud,Eddie,R,R,SFN,SS,Eddie Bressoud,1961,"N,San Francisco,Giants"
cepeo101,Cepeda,Orlando,R,R,SFN,1B,Orlando Cepeda,1961,"N,San Francisco,Giants"
davej101,Davenport,Jim,R,R,SFN,3B,Jim Davenport,1961,"N,San Francisco,Giants"
duffj102,Duffalo,Jim,R,R,SFN,P,Jim Duffalo,1961,"N,San Francisco,Giants"
farlb101,Farley,Bob,L,L,SFN,OF,Bob Farley,1961,"N,San Francisco,Giants"
fishe102,Fisher,Eddie,R,R,SFN,P,Eddie Fisher,1961,"N,San Francisco,Giants"
hallt102,Haller,Tom,L,R,SFN,C,Tom Haller,1961,"N,San Francisco,Giants"
hillc101,Hiller,Chuck,L,R,SFN,2B,Chuck Hiller,1961,"N,San Francisco,Giants"
jones105,Jones,Sam,R,R,SFN,P,Sam Jones,1961,"N,San Francisco,Giants"
kuenh101,Kuenn,Harvey,R,R,SFN,OF,Harvey Kuenn,1961,"N,San Francisco,Giants"
landh101,Landrith,Hobie,L,R,SFN,C,Hobie Landrith,1961,"N,San Francisco,Giants"
lemad103,LeMay,Dick,L,L,SFN,P,Dick LeMay,1961,"N,San Francisco,Giants"
loesb101,Loes,Billy,R,R,SFN,P,Billy Loes,1961,"N,San Francisco,Giants"
marij101,Marichal,Juan,R,R,SFN,P,Juan Marichal,1961,"N,San Francisco,Giants"
marsj101,Marshall,Jim,L,L,SFN,1B,Jim Marshall,1961,"N,San Francisco,Giants"
maysw101,Mays,Willie,R,R,SFN,OF,Willie Mays,1961,"N,San Francisco,Giants"
mccom103,McCormick,Mike,L,L,SFN,P,Mike McCormick,1961,"N,San Francisco,Giants"
mccow101,McCovey,Willie,L,L,SFN,1B,Willie McCovey,1961,"N,San Francisco,Giants"
mills101,Miller,Stu,R,R,SFN,P,Stu Miller,1961,"N,San Francisco,Giants"
odelb101,O'Dell,Billy,B,L,SFN,P,Billy O'Dell,1961,"N,San Francisco,Giants"
orsij101,Orsino,John,R,R,SFN,C,John Orsino,1961,"N,San Francisco,Giants"
pagaj101,Pagan,Jose,R,R,SFN,SS,Jose Pagan,1961,"N,San Francisco,Giants"
sanfj101,Sanford,Jack,R,R,SFN,P,Jack Sanford,1961,"N,San Francisco,Giants"
schmb101,Schmidt,Bob,R,R,SFN,C,Bob Schmidt,1961,"N,San Francisco,Giants"
zannd101,Zanni,Dom,R,R,SFN,P,Dom Zanni,1961,"N,San Francisco,Giants"
allib103,Allison,Bob,R,R,MIN,OF,Bob Allison,1961,"A,Minnesota,Twins"
altoj101,Altobelli,Joe,L,L,MIN,OF,Joe Altobelli,1961,"A,Minnesota,Twins"
arrig101,Arrigo,Gerry,L,L,MIN,P,Gerry Arrigo,1961,"A,Minnesota,Twins"
batte101,Battey,Earl,R,R,MIN,C,Earl Battey,1961,"A,Minnesota,Twins"
becqj101,Becquer,Julio,L,L,MIN,1B,Julio Becquer,1961,"A,Minnesota,Twins"
bertr101,Bertoia,Reno,R,R,MIN,3B,Reno Bertoia,1961,"A,Minnesota,Twins"
brucf101,Bruckbauer,Fred,R,R,MIN,P,Fred Bruckbauer,1961,"A,Minnesota,Twins"
consb101,Consolo,Billy,R,R,MIN,2B,Billy Consolo,1961,"A,Minnesota,Twins"
cuetd101,Cueto,Bert,R,R,MIN,P,Bert Cueto,1961,"A,Minnesota,Twins"
dobbd101,Dobbek,Dan,L,R,MIN,OF,Dan Dobbek,1961,"A,Minnesota,Twins"
dottg101,Dotter,Gary,L,L,MIN,P,Gary Dotter,1961,"A,Minnesota,Twins"
gardb101,Gardner,Billy,R,R,MIN,2B,Billy Gardner,1961,"A,Minnesota,Twins"
gielp101,Giel,Paul,R,R,MIN,P,Paul Giel,1961,"A,Minnesota,Twins"
greel101,Green,Lenny,L,L,MIN,OF,Lenny Green,1961,"A,Minnesota,Twins"
henrr101,Henry,Ron,R,R,MIN,C,Ron Henry,1961,"A,Minnesota,Twins"
jacoj101,Jacobs,Jake,R,R,MIN,OF,Jake Jacobs,1961,"A,Minnesota,Twins"
kaatj101,Kaat,Jim,L,L,MIN,P,Jim Kaat,1961,"A,Minnesota,Twins"
killh102,Killebrew,Harmon,R,R,MIN,1B,Harmon Killebrew,1961,"A,Minnesota,Twins"
kralj101,Kralick,Jack,L,L,MIN,P,Jack Kralick,1961,"A,Minnesota,Twins"
lee-d102,Lee,Don,R,R,MIN,P,Don Lee,1961,"A,Minnesota,Twins"
lemoj101,Lemon,Jim,R,R,MIN,OF,Jim Lemon,1961,"A,Minnesota,Twins"
lepct101,Lepcio,Ted,R,R,MIN,3B,Ted Lepcio,1961,"A,Minnesota,Twins"
martb105,Martin,Billy,R,R,MIN,2B,Billy Martin,1961,"A,Minnesota,Twins"
mcded101,McDevitt,Danny,L,L,MIN,P,Danny McDevitt,1961,"A,Minnesota,Twins"
mincd101,Mincher,Don,L,R,MIN,1B,Don Mincher,1961,"A,Minnesota,Twins"
moorr101,Moore,Ray,R,R,MIN,P,Ray Moore,1961,"A,Minnesota,Twins"
narah101,Naragon,Hal,L,R,MIN,C,Hal Naragon,1961,"A,Minnesota,Twins"
palme101,Palmquist,Ed,R,R,MIN,P,Ed Palmquist,1961,"A,Minnesota,Twins"
pascc102,Pascual,Camilo,R,R,MIN,P,Camilo Pascual,1961,"A,Minnesota,Twins"
pleib101,Pleis,Bill,L,L,MIN,P,Bill Pleis,1961,"A,Minnesota,Twins"
ramop101,Ramos,Pedro,B,R,MIN,P,Pedro Ramos,1961,"A,Minnesota,Twins"
rollr101,Rollins,Rich,R,R,MIN,2B,Rich Rollins,1961,"A,Minnesota,Twins"
sadot101,Sadowski,Ted,R,R,MIN,P,Ted Sadowski,1961,"A,Minnesota,Twins"
schra101,Schroll,Al,R,R,MIN,P,Al Schroll,1961,"A,Minnesota,Twins"
snydj103,Snyder,Jim,R,R,MIN,2B,Jim Snyder,1961,"A,Minnesota,Twins"
stanl101,Stange,Lee,R,R,MIN,P,Lee Stange,1961,"A,Minnesota,Twins"
stobc101,Stobbs,Chuck,L,L,MIN,P,Chuck Stobbs,1961,"A,Minnesota,Twins"
tuttb101,Tuttle,Bill,R,R,MIN,3B,Bill Tuttle,1961,"A,Minnesota,Twins"
valdj102,Valdivielso,Jose,R,R,MIN,SS,Jose Valdivielso,1961,"A,Minnesota,Twins"
valoe101,Valo,Elmer,L,R,MIN,OF,Elmer Valo,1961,"A,Minnesota,Twins"
versz101,Versalles,Zoilo,R,R,MIN,SS,Zoilo Versalles,1961,"A,Minnesota,Twins"
whisp101,Whisenant,Pete,R,R,MIN,OF,Pete Whisenant,1961,"A,Minnesota,Twins"
bakeg101,Baker,Gene,R,R,PIT,3B,Gene Baker,1961,"N,Pittsburgh,Pirates"
burgs101,Burgess,Smoky,L,R,PIT,C,Smoky Burgess,1961,"N,Pittsburgh,Pirates"
chent101,Cheney,Tom,R,R,PIT,P,Tom Cheney,1961,"N,Pittsburgh,Pirates"
chrij101,Christopher,Joe,R,R,PIT,OF,Joe Christopher,1961,"N,Pittsburgh,Pirates"
cimog101,Cimoli,Gino,R,R,PIT,OF,Gino Cimoli,1961,"N,Pittsburgh,Pirates"
clemr101,Clemente,Roberto,R,R,PIT,OF,Roberto Clemente,1961,"N,Pittsburgh,Pirates"
clend101,Clendenon,Donn,R,R,PIT,OF,Donn Clendenon,1961,"N,Pittsburgh,Pirates"
facer101,Face,Roy,R,R,PIT,P,Roy Face,1961,"N,Pittsburgh,Pirates"
fossl101,Foss,Larry,R,R,PIT,P,Larry Foss,1961,"N,Pittsburgh,Pirates"
frane101,Francis,Earl,R,R,PIT,P,Earl Francis,1961,"N,Pittsburgh,Pirates"
frieb102,Friend,Bob,R,R,PIT,P,Bob Friend,1961,"N,Pittsburgh,Pirates"
gibbj102,Gibbon,Joe,R,L,PIT,P,Joe Gibbon,1961,"N,Pittsburgh,Pirates"
greef101,Green,Fred,R,L,PIT,P,Fred Green,1961,"N,Pittsburgh,Pirates"
groad101,Groat,Dick,R,R,PIT,SS,Dick Groat,1961,"N,Pittsburgh,Pirates"
haddh101,Haddix,Harvey,L,L,PIT,P,Harvey Haddix,1961,"N,Pittsburgh,Pirates"
hoakd101,Hoak,Don,R,R,PIT,3B,Don Hoak,1961,"N,Pittsburgh,Pirates"
jacka101,Jackson,Al,L,L,PIT,P,Al Jackson,1961,"N,Pittsburgh,Pirates"
labic101,Labine,Clem,R,R,PIT,P,Clem Labine,1961,"N,Pittsburgh,Pirates"
law-v101,Law,Vern,R,R,PIT,P,Vern Law,1961,"N,Pittsburgh,Pirates"
leppd101,Leppert,Don,R,R,PIT,C,Don Leppert,1961,"N,Pittsburgh,Pirates"
logaj101,Logan,Johnny,R,R,PIT,3B,Johnny Logan,1961,"N,Pittsburgh,Pirates"
mazeb101,Mazeroski,Bill,R,R,PIT,2B,Bill Mazeroski,1961,"N,Pittsburgh,Pirates"
mcbea101,McBean,Al,R,R,PIT,P,Al McBean,1961,"N,Pittsburgh,Pirates"
mejir101,Mejias,Roman,R,R,PIT,OF,Roman Mejias,1961,"N,Pittsburgh,Pirates"
mizew101,Mizell,Vinegar Bend,R,L,PIT,P,Vinegar Bend Mizell,1961,"N,Pittsburgh,Pirates"
moryw101,Moryn,Walt,L,R,PIT,OF,Walt Moryn,1961,"N,Pittsburgh,Pirates"
nelsr103,Nelson,Rocky,L,L,PIT,1B,Rocky Nelson,1961,"N,Pittsburgh,Pirates"
oldib101,Oldis,Bob,R,R,PIT,C,Bob Oldis,1961,"N,Pittsburgh,Pirates"
schod101,Schofield,Dick,B,R,PIT,3B,Dick Schofield,1961,"N,Pittsburgh,Pirates"
shanb102,Shantz,Bobby,R,L,PIT,P,Bobby Shantz,1961,"N,Pittsburgh,Pirates"
skinb101,Skinner,Bob,L,R,PIT,OF,Bob Skinner,1961,"N,Pittsburgh,Pirates"
smith106,Smith,Hal,R,R,PIT,C,Hal Smith,1961,"N,Pittsburgh,Pirates"
stuad101,Stuart,Dick,R,R,PIT,1B,Dick Stuart,1961,"N,Pittsburgh,Pirates"
sturt101,Sturdivant,Tom,L,R,PIT,P,Tom Sturdivant,1961,"N,Pittsburgh,Pirates"
umbrj101,Umbricht,Jim,R,R,PIT,P,Jim Umbricht,1961,"N,Pittsburgh,Pirates"
virdb101,Virdon,Bill,L,R,PIT,OF,Bill Virdon,1961,"N,Pittsburgh,Pirates"
wittr101,Witt,Red,R,R,PIT,P,Red Witt,1961,"N,Pittsburgh,Pirates"
adaij101,Adair,Jerry,R,R,BAL,2B,Jerry Adair,1961,"A,Baltimore,Orioles"
barbs102,Barber,Steve,L,L,BAL,P,Steve Barber,1961,"A,Baltimore,Orioles"
branj101,Brandt,Jackie,R,R,BAL,OF,Jackie Brandt,1961,"A,Baltimore,Orioles"
breem101,Breeding,Marv,R,R,BAL,2B,Marv Breeding,1961,"A,Baltimore,Orioles"
browh101,Brown,Hal,R,R,BAL,P,Hal Brown,1961,"A,Baltimore,Orioles"
busbj101,Busby,Jim,R,R,BAL,OF,Jim Busby,1961,"A,Baltimore,Orioles"
courc101,Courtney,Clint,L,R,BAL,C,Clint Courtney,1961,"A,Baltimore,Orioles"
dropw101,Dropo,Walt,R,R,BAL,1B,Walt Dropo,1961,"A,Baltimore,Orioles"
essec101,Essegian,Chuck,R,R,BAL,PH,Chuck Essegian,1961,"A,Baltimore,Orioles"
estrc101,Estrada,Chuck,R,R,BAL,P,Chuck Estrada,1961,"A,Baltimore,Orioles"
fishj101,Fisher,Jack,R,R,BAL,P,Jack Fisher,1961,"A,Baltimore,Orioles"
foilh101,Foiles,Hank,R,R,BAL,C,Hank Foiles,1961,"A,Baltimore,Orioles"
gentj101,Gentile,Jim,L,L,BAL,1B,Jim Gentile,1961,"A,Baltimore,Orioles"
halld101,Hall,Dick,R,R,BAL,P,Dick Hall,1961,"A,Baltimore,Orioles"
hansr102,Hansen,Ron,R,R,BAL,SS,Ron Hansen,1961,"A,Baltimore,Orioles"
herzw101,Herzog,Whitey,L,L,BAL,OF,Whitey Herzog,1961,"A,Baltimore,Orioles"
hoefb101,Hoeft,Billy,L,L,BAL,P,Billy Hoeft,1961,"A,Baltimore,Orioles"
hyded101,Hyde,Dick,R,R,BAL,P,Dick Hyde,1961,"A,Baltimore,Orioles"
joneg101,Jones,Gordon,R,R,BAL,P,Gordon Jones,1961,"A,Baltimore,Orioles"
lau-c101,Lau,Charlie,L,R,BAL,C,Charlie Lau,1961,"A,Baltimore,Orioles"
lehej101,Lehew,Jim,R,R,BAL,P,Jim Lehew,1961,"A,Baltimore,Orioles"
papaj101,Papa,John,R,R,BAL,P,John Papa,1961,"A,Baltimore,Orioles"
pappm101,Pappas,Milt,R,R,BAL,P,Milt Pappas,1961,"A,Baltimore,Orioles"
phild102,Philley,Dave,B,R,BAL,OF,Dave Philley,1961,"A,Baltimore,Orioles"
poweb101,Powell,Boog,L,R,BAL,OF,Boog Powell,1961,"A,Baltimore,Orioles"
robib104,Robinson,Brooks,R,R,BAL,3B,Brooks Robinson,1961,"A,Baltimore,Orioles"
robie102,Robinson,Earl,R,R,BAL,OF,Earl Robinson,1961,"A,Baltimore,Orioles"
shetb101,Shetrone,Barry,L,R,BAL,OF,Barry Shetrone,1961,"A,Baltimore,Orioles"
snydr102,Snyder,Russ,L,R,BAL,OF,Russ Snyder,1961,"A,Baltimore,Orioles"
stepg101,Stephens,Gene,L,R,BAL,OF,Gene Stephens,1961,"A,Baltimore,Orioles"
stocw101,Stock,Wes,R,R,BAL,P,Wes Stock,1961,"A,Baltimore,Orioles"
throm101,Throneberry,Marv,L,L,BAL,OF,Marv Throneberry,1961,"A,Baltimore,Orioles"
triag101,Triandos,Gus,R,R,BAL,C,Gus Triandos,1961,"A,Baltimore,Orioles"
wilhh101,Wilhelm,Hoyt,R,R,BAL,P,Hoyt Wilhelm,1961,"A,Baltimore,Orioles"
willd104,Williams,Dick,R,R,BAL,OF,Dick Williams,1961,"A,Baltimore,Orioles"
zupof101,Zupo,Frank,L,R,BAL,C,Frank Zupo,1961,"A,Baltimore,Orioles"
arded101,Ardell,Dan,L,L,LAA,1B,Dan Ardell,1961,"A,Los Angeles,Angels"
asprk101,Aspromonte,Ken,R,R,LAA,2B,Ken Aspromonte,1961,"A,Los Angeles,Angels"
avere102,Averill,Earl,R,R,LAA,C,Earl Averill,1961,"A,Los Angeles,Angels"
becqj101,Becquer,Julio,L,L,LAA,1B,Julio Becquer,1961,"A,Los Angeles,Angels"
bilks101,Bilko,Steve,R,R,LAA,1B,Steve Bilko,1961,"A,Los Angeles,Angels"
bowst101,Bowsfield,Ted,R,L,LAA,P,Ted Bowsfield,1961,"A,Los Angeles,Angels"
bricf102,Brickell,Fritz,R,R,LAA,SS,Fritz Brickell,1961,"A,Los Angeles,Angels"
bridr101,Bridges,Rocky,R,R,LAA,2B,Rocky Bridges,1961,"A,Los Angeles,Angels"
burkl102,Burke,Leo,R,R,LAA,PH,Leo Burke,1961,"A,Los Angeles,Angels"
casaj101,Casale,Jerry,R,R,LAA,P,Jerry Casale,1961,"A,Los Angeles,Angels"
cervb101,Cerv,Bob,R,R,LAA,OF,Bob Cerv,1961,"A,Los Angeles,Angels"
chand102,Chance,Dean,R,R,LAA,P,Dean Chance,1961,"A,Los Angeles,Angels"
clevt101,Clevenger,Tex,R,R,LAA,P,Tex Clevenger,1961,"A,Los Angeles,Angels"
donoj103,Donohue,Jim,R,R,LAA,P,Jim Donohue,1961,"A,Los Angeles,Angels"
durer101,Duren,Ryne,R,R,LAA,P,Ryne Duren,1961,"A,Los Angeles,Angels"
fowla101,Fowler,Art,R,R,LAA,P,Art Fowler,1961,"A,Los Angeles,Angels"
fregj101,Fregosi,Jim,R,R,LAA,SS,Jim Fregosi,1961,"A,Los Angeles,Angels"
garvn102,Garver,Ned,R,R,LAA,P,Ned Garver,1961,"A,Los Angeles,Angels"
grbae101,Grba,Eli,R,R,LAA,P,Eli Grba,1961,"A,Los Angeles,Angels"
hamlk101,Hamlin,Ken,R,R,LAA,SS,Ken Hamlin,1961,"A,Los Angeles,Angels"
hemar101,Heman,Russ,R,R,LAA,P,Russ Heman,1961,"A,Los Angeles,Angels"
huntk102,Hunt,Ken,R,R,LAA,OF,Ken Hunt,1961,"A,Los Angeles,Angels"
jamej101,James,Johnny,L,R,LAA,P,Johnny James,1961,"A,Los Angeles,Angels"
johnl104,Johnson,Lou,R,R,LAA,OF,Lou Johnson,1961,"A,Los Angeles,Angels"
klinr102,Kline,Ron,R,R,LAA,P,Ron Kline,1961,"A,Los Angeles,Angels"
klust101,Kluszewski,Ted,L,L,LAA,1B,Ted Kluszewski,1961,"A,Los Angeles,Angels"
koppj101,Koppe,Joe,R,R,LAA,SS,Joe Koppe,1961,"A,Los Angeles,Angels"
leekg101,Leek,Gene,R,R,LAA,3B,Gene Leek,1961,"A,Los Angeles,Angels"
mcbrk101,McBride,Ken,R,R,LAA,P,Ken McBride,1961,"A,Los Angeles,Angels"
moelr101,Moeller,Ron,L,L,LAA,P,Ron Moeller,1961,"A,Los Angeles,Angels"
morab101,Moran,Billy,R,R,LAA,2B,Billy Moran,1961,"A,Los Angeles,Angels"
morgt101,Morgan,Tom,R,R,LAA,P,Tom Morgan,1961,"A,Los Angeles,Angels"
peara102,Pearson,Albie,L,L,LAA,OF,Albie Pearson,1961,"A,Los Angeles,Angels"
riced101,Rice,Del,R,R,LAA,C,Del Rice,1961,"A,Los Angeles,Angels"
rodgb102,Rodgers,Buck,B,R,LAA,C,Buck Rodgers,1961,"A,Los Angeles,Angels"
sadoe101,Sadowski,Ed,R,R,LAA,C,Ed Sadowski,1961,"A,Los Angeles,Angels"
satrt101,Satriano,Tom,L,R,LAA,3B,Tom Satriano,1961,"A,Los Angeles,Angels"
sempr101,Semproch,Ray,R,R,LAA,P,Ray Semproch,1961,"A,Los Angeles,Angels"
sprij102,Spring,Jack,R,L,LAA,P,Jack Spring,1961,"A,Los Angeles,Angels"
sprob102,Sprout,Bob,L,L,LAA,P,Bob Sprout,1961,"A,Los Angeles,Angels"
tannc101,Tanner,Chuck,L,L,LAA,OF,Chuck Tanner,1961,"A,Los Angeles,Angels"
thomg102,Thomas,George,R,R,LAA,OF,George Thomas,1961,"A,Los Angeles,Angels"
thoml103,Thomas,Lee,L,R,LAA,OF,Lee Thomas,1961,"A,Los Angeles,Angels"
throf101,Throneberry,Faye,L,R,LAA,OF,Faye Throneberry,1961,"A,Los Angeles,Angels"
wagnl101,Wagner,Leon,L,R,LAA,OF,Leon Wagner,1961,"A,Los Angeles,Angels"
yoste101,Yost,Eddie,R,R,LAA,3B,Eddie Yost,1961,"A,Los Angeles,Angels"
aparl101,Aparicio,Luis,R,R,CHA,SS,Luis Aparicio,1961,"A,Chicago,White Sox"
baumf102,Baumann,Frank,L,L,CHA,P,Frank Baumann,1961,"A,Chicago,White Sox"
brica101,Brice,Alan,R,R,CHA,P,Alan Brice,1961,"A,Chicago,White Sox"
carea101,Carey,Andy,R,R,CHA,3B,Andy Carey,1961,"A,Chicago,White Sox"
carrc104,Carreon,Cam,R,R,CHA,C,Cam Carreon,1961,"A,Chicago,White Sox"
coviw101,Covington,Wes,L,R,CHA,OF,Wes Covington,1961,"A,Chicago,White Sox"
degem101,DeGerick,Mike,R,R,CHA,P,Mike DeGerick,1961,"A,Chicago,White Sox"
espos101,Esposito,Sammy,R,R,CHA,3B,Sammy Esposito,1961,"A,Chicago,White Sox"
fox-n101,Fox,Nellie,L,R,CHA,2B,Nellie Fox,1961,"A,Chicago,White Sox"
ginsj101,Ginsberg,Joe,L,R,CHA,C,Joe Ginsberg,1961,"A,Chicago,White Sox"
goodb101,Goodman,Billy,L,R,CHA,3B,Billy Goodman,1961,"A,Chicago,White Sox"
hackw102,Hacker,Warren,R,R,CHA,P,Warren Hacker,1961,"A,Chicago,White Sox"
herbr101,Herbert,Ray,R,R,CHA,P,Ray Herbert,1961,"A,Chicago,White Sox"
hersm101,Hershberger,Mike,R,R,CHA,OF,Mike Hershberger,1961,"A,Chicago,White Sox"
horlj101,Horlen,Joe,R,R,CHA,P,Joe Horlen,1961,"A,Chicago,White Sox"
kemmr101,Kemmerer,Russ,R,R,CHA,P,Russ Kemmerer,1961,"A,Chicago,White Sox"
landj103,Landis,Jim,R,R,CHA,OF,Jim Landis,1961,"A,Chicago,White Sox"
larsd102,Larsen,Don,R,R,CHA,P,Don Larsen,1961,"A,Chicago,White Sox"
lepct101,Lepcio,Ted,R,R,CHA,3B,Ted Lepcio,1961,"A,Chicago,White Sox"
lolls101,Lollar,Sherm,R,R,CHA,C,Sherm Lollar,1961,"A,Chicago,White Sox"
lookd101,Look,Dean,R,R,CHA,OF,Dean Look,1961,"A,Chicago,White Sox"
lownt101,Lown,Turk,R,R,CHA,P,Turk Lown,1961,"A,Chicago,White Sox"
martj107,Martin,J.C.,L,R,CHA,1B,J.C. Martin,1961,"A,Chicago,White Sox"
mclic101,McLish,Cal,B,R,CHA,P,Cal McLish,1961,"A,Chicago,White Sox"
minom101,Minoso,Minnie,R,R,CHA,OF,Minnie Minoso,1961,"A,Chicago,White Sox"
peteg101,Peters,Gary,L,L,CHA,P,Gary Peters,1961,"A,Chicago,White Sox"
pierb101,Pierce,Billy,L,L,CHA,P,Billy Pierce,1961,"A,Chicago,White Sox"
pilaa101,Pilarcik,Al,L,L,CHA,OF,Al Pilarcik,1961,"A,Chicago,White Sox"
pizaj101,Pizarro,Juan,L,L,CHA,P,Juan Pizarro,1961,"A,Chicago,White Sox"
rivej101,Rivera,Jim,L,L,CHA,PR,Jim Rivera,1961,"A,Chicago,White Sox"
robif102,Robinson,Floyd,L,R,CHA,OF,Floyd Robinson,1961,"A,Chicago,White Sox"
roseb102,Roselli,Bob,R,R,CHA,C,Bob Roselli,1961,"A,Chicago,White Sox"
scorh101,Score,Herb,L,L,CHA,P,Herb Score,1961,"A,Chicago,White Sox"
shawb103,Shaw,Bob,R,R,CHA,P,Bob Shaw,1961,"A,Chicago,White Sox"
sievr101,Sievers,Roy,R,R,CHA,1B,Roy Sievers,1961,"A,Chicago,White Sox"
smita102,Smith,Al,R,R,CHA,3B,Al Smith,1961,"A,Chicago,White Sox"
stalg103,Staley,Gerry,R,R,CHA,P,Gerry Staley,1961,"A,Chicago,White Sox"
torge101,Torgeson,Earl,L,L,CHA,1B,Earl Torgeson,1961,"A,Chicago,White Sox"
wynne101,Wynn,Early,B,R,CHA,P,Early Wynn,1961,"A,Chicago,White Sox"
amarr101,Amaro,Ruben,R,R,PHI,SS,Ruben Amaro,1961,"N,Philadelphia,Phillies"
baldj101,Baldschun,Jack,R,R,PHI,P,Jack Baldschun,1961,"N,Philadelphia,Phillies"
browp101,Brown,Paul,R,R,PHI,P,Paul Brown,1961,"N,Philadelphia,Phillies"
buzhj101,Buzhardt,John,R,R,PHI,P,John Buzhardt,1961,"N,Philadelphia,Phillies"
callj101,Callison,Johnny,L,R,PHI,OF,Johnny Callison,1961,"N,Philadelphia,Phillies"
cokej101,Coker,Jimmie,R,R,PHI,C,Jimmie Coker,1961,"N,Philadelphia,Phillies"
colec105,Coleman,Choo Choo,L,R,PHI,C,Choo Choo Coleman,1961,"N,Philadelphia,Phillies"
coviw101,Covington,Wes,L,R,PHI,OF,Wes Covington,1961,"N,Philadelphia,Phillies"
currt101,Curry,Tony,L,L,PHI,OF,Tony Curry,1961,"N,Philadelphia,Phillies"
dalrc101,Dalrymple,Clay,L,R,PHI,C,Clay Dalrymple,1961,"N,Philadelphia,Phillies"
delgb101,Del Greco,Bobby,R,R,PHI,OF,Bobby Del Greco,1961,"N,Philadelphia,Phillies"
demed101,Demeter,Don,R,R,PHI,OF,Don Demeter,1961,"N,Philadelphia,Phillies"
farrt101,Farrell,Turk,R,R,PHI,P,Turk Farrell,1961,"N,Philadelphia,Phillies"
ferrd102,Ferrarese,Don,R,L,PHI,P,Don Ferrarese,1961,"N,Philadelphia,Phillies"
gonzt101,Gonzalez,Tony,L,R,PHI,OF,Tony Gonzalez,1961,"N,Philadelphia,Phillies"
greed101,Green,Dallas,L,R,PHI,P,Dallas Green,1961,"N,Philadelphia,Phillies"
herrp101,Herrera,Pancho,R,R,PHI,1B,Pancho Herrera,1961,"N,Philadelphia,Phillies"
johnd106,Johnson,Darrell,R,R,PHI,C,Darrell Johnson,1961,"N,Philadelphia,Phillies"
kenda101,Kenders,Al,R,R,PHI,C,Al Kenders,1961,"N,Philadelphia,Phillies"
koppj101,Koppe,Joe,R,R,PHI,SS,Joe Koppe,1961,"N,Philadelphia,Phillies"
lehmk101,Lehman,Ken,L,L,PHI,P,Ken Lehman,1961,"N,Philadelphia,Phillies"
mahaa102,Mahaffey,Art,R,R,PHI,P,Art Mahaffey,1961,"N,Philadelphia,Phillies"
malkb101,Malkmus,Bobby,R,R,PHI,2B,Bobby Malkmus,1961,"N,Philadelphia,Phillies"
meyej101,Meyer,Jack,R,R,PHI,P,Jack Meyer,1961,"N,Philadelphia,Phillies"
neemc101,Neeman,Cal,R,R,PHI,C,Cal Neeman,1961,"N,Philadelphia,Phillies"
owenj101,Owens,Jim,R,R,PHI,P,Jim Owens,1961,"N,Philadelphia,Phillies"
rober102,Roberts,Robin,B,R,PHI,P,Robin Roberts,1961,"N,Philadelphia,Phillies"
sadob101,Sadowski,Bob,L,R,PHI,3B,Bob Sadowski,1961,"N,Philadelphia,Phillies"
shorc102,Short,Chris,R,L,PHI,P,Chris Short,1961,"N,Philadelphia,Phillies"
smitb104,Smith,Bobby,R,R,PHI,OF,Bobby Smith,1961,"N,Philadelphia,Phillies"
smitc105,Smith,Charley,R,R,PHI,3B,Charley Smith,1961,"N,Philadelphia,Phillies"
sullf101,Sullivan,Frank,R,R,PHI,P,Frank Sullivan,1961,"N,Philadelphia,Phillies"
taylt101,Taylor,Tony,R,R,PHI,2B,Tony Taylor,1961,"N,Philadelphia,Phillies"
valoe101,Valo,Elmer,L,R,PHI,OF,Elmer Valo,1961,"N,Philadelphia,Phillies"
walll101,Walls,Lee,R,R,PHI,1B,Lee Walls,1961,"N,Philadelphia,Phillies"
waltk101,Walters,Ken,R,R,PHI,OF,Ken Walters,1961,"N,Philadelphia,Phillies"
willg101,Williams,George,R,R,PHI,2B,George Williams,1961,"N,Philadelphia,Phillies"
woodj103,Woods,Jim,R,R,PHI,3B,Jim Woods,1961,"N,Philadelphia,Phillies"
alleb101,Allen,Bob,L,L,CLE,P,Bob Allen,1961,"A,Cleveland,Indians"
antoj103,Antonelli,Johnny,L,L,CLE,P,Johnny Antonelli,1961,"A,Cleveland,Indians"
asprk101,Aspromonte,Ken,R,R,CLE,2B,Ken Aspromonte,1961,"A,Cleveland,Indians"
bellg102,Bell,Gary,R,R,CLE,P,Gary Bell,1961,"A,Cleveland,Indians"
bondw101,Bond,Walt,L,R,CLE,OF,Walt Bond,1961,"A,Cleveland,Indians"
clint101,Cline,Ty,L,L,CLE,OF,Ty Cline,1961,"A,Cleveland,Indians"
dailb101,Dailey,Bill,R,R,CLE,P,Bill Dailey,1961,"A,Cleveland,Indians"
delam101,de la Hoz,Mike,R,R,CLE,2B,Mike de la Hoz,1961,"A,Cleveland,Indians"
dilld101,Dillard,Don,L,R,CLE,OF,Don Dillard,1961,"A,Cleveland,Indians"
essec101,Essegian,Chuck,R,R,CLE,OF,Chuck Essegian,1961,"A,Cleveland,Indians"
frant101,Francona,Tito,L,L,CLE,OF,Tito Francona,1961,"A,Cleveland,Indians"
funkf101,Funk,Frank,R,R,CLE,P,Frank Funk,1961,"A,Cleveland,Indians"
granj101,Grant,Mudcat,R,R,CLE,P,Mudcat Grant,1961,"A,Cleveland,Indians"
haleb101,Hale,Bob,L,L,CLE,1B,Bob Hale,1961,"A,Cleveland,Indians"
hamis101,Hamilton,Steve,L,L,CLE,P,Steve Hamilton,1961,"A,Cleveland,Indians"
hawkw101,Hawkins,Wynn,R,R,CLE,P,Wynn Hawkins,1961,"A,Cleveland,Indians"
heldw101,Held,Woodie,R,R,CLE,SS,Woodie Held,1961,"A,Cleveland,Indians"
hemar101,Heman,Russ,R,R,CLE,P,Russ Heman,1961,"A,Cleveland,Indians"
joneh103,Jones,Hal,R,R,CLE,1B,Hal Jones,1961,"A,Cleveland,Indians"
kirkw101,Kirkland,Willie,L,R,CLE,OF,Willie Kirkland,1961,"A,Cleveland,Indians"
kubij101,Kubiszyn,Jack,R,R,CLE,3B,Jack Kubiszyn,1961,"A,Cleveland,Indians"
latmb101,Latman,Barry,R,R,CLE,P,Barry Latman,1961,"A,Cleveland,Indians"
lockb101,Locke,Bobby,R,R,CLE,P,Bobby Locke,1961,"A,Cleveland,Indians"
lupla101,Luplow,Al,L,R,CLE,OF,Al Luplow,1961,"A,Cleveland,Indians"
mcdos101,McDowell,Sam,L,L,CLE,P,Sam McDowell,1961,"A,Cleveland,Indians"
morgj101,Morgan,Joe,L,R,CLE,OF,Joe Morgan,1961,"A,Cleveland,Indians"
niemb101,Nieman,Bob,R,R,CLE,OF,Bob Nieman,1961,"A,Cleveland,Indians"
perrj102,Perry,Jim,B,R,CLE,P,Jim Perry,1961,"A,Cleveland,Indians"
philb102,Phillips,Bubba,R,R,CLE,3B,Bubba Phillips,1961,"A,Cleveland,Indians"
pierj102,Piersall,Jim,R,R,CLE,OF,Jim Piersall,1961,"A,Cleveland,Indians"
powev101,Power,Vic,R,R,CLE,1B,Vic Power,1961,"A,Cleveland,Indians"
romaj101,Romano,John,R,R,CLE,C,John Romano,1961,"A,Cleveland,Indians"
schaj105,Schaffernoth,Joe,R,R,CLE,P,Joe Schaffernoth,1961,"A,Cleveland,Indians"
stigd101,Stigman,Dick,R,L,CLE,P,Dick Stigman,1961,"A,Cleveland,Indians"
tempj101,Temple,Johnny,R,R,CLE,2B,Johnny Temple,1961,"A,Cleveland,Indians"
thomv101,Thomas,Valmy,R,R,CLE,C,Valmy Thomas,1961,"A,Cleveland,Indians"
aguih101,Aguirre,Hank,R,L,DET,P,Hank Aguirre,1961,"A,Detroit,Tigers"
alusg101,Alusik,George,R,R,DET,OF,George Alusik,1961,"A,Detroit,Tigers"
bertr101,Bertoia,Reno,R,R,DET,3B,Reno Bertoia,1961,"A,Detroit,Tigers"
boros101,Boros,Steve,R,R,DET,3B,Steve Boros,1961,"A,Detroit,Tigers"
browd102,Brown,Dick,R,R,DET,C,Dick Brown,1961,"A,Detroit,Tigers"
brucb101,Bruce,Bob,R,R,DET,P,Bob Bruce,1961,"A,Detroit,Tigers"
brutb101,Bruton,Bill,L,R,DET,OF,Bill Bruton,1961,"A,Detroit,Tigers"
bunnj101,Bunning,Jim,R,R,DET,P,Jim Bunning,1961,"A,Detroit,Tigers"
casaj101,Casale,Jerry,R,R,DET,P,Jerry Casale,1961,"A,Detroit,Tigers"
cashn101,Cash,Norm,L,L,DET,1B,Norm Cash,1961,"A,Detroit,Tigers"
chith101,Chiti,Harry,R,R,DET,C,Harry Chiti,1961,"A,Detroit,Tigers"
colar101,Colavito,Rocky,R,R,DET,OF,Rocky Colavito,1961,"A,Detroit,Tigers"
cottc101,Cottier,Chuck,R,R,DET,SS,Chuck Cottier,1961,"A,Detroit,Tigers"
donoj103,Donohue,Jim,R,R,DET,P,Jim Donohue,1961,"A,Detroit,Tigers"
fernc102,Fernandez,Chico,R,R,DET,SS,Chico Fernandez,1961,"A,Detroit,Tigers"
fiscb101,Fischer,Bill,R,R,DET,P,Bill Fischer,1961,"A,Detroit,Tigers"
fox-t101,Fox,Terry,R,R,DET,P,Terry Fox,1961,"A,Detroit,Tigers"
foytp101,Foytack,Paul,R,R,DET,P,Paul Foytack,1961,"A,Detroit,Tigers"
freeb103,Freehan,Bill,R,R,DET,C,Bill Freehan,1961,"A,Detroit,Tigers"
gernd101,Gernert,Dick,R,R,DET,PH,Dick Gernert,1961,"A,Detroit,Tigers"
gladf102,Gladding,Fred,L,R,DET,P,Fred Gladding,1961,"A,Detroit,Tigers"
grzej101,Grzenda,Joe,R,L,DET,P,Joe Grzenda,1961,"A,Detroit,Tigers"
housf103,House,Frank,L,R,DET,C,Frank House,1961,"A,Detroit,Tigers"
kalia101,Kaline,Al,R,R,DET,OF,Al Kaline,1961,"A,Detroit,Tigers"
klinr102,Kline,Ron,R,R,DET,P,Ron Kline,1961,"A,Detroit,Tigers"
koplh101,Koplitz,Howie,R,R,DET,P,Howie Koplitz,1961,"A,Detroit,Tigers"
laryf101,Lary,Frank,R,R,DET,P,Frank Lary,1961,"A,Detroit,Tigers"
maxwc101,Maxwell,Charlie,L,L,DET,OF,Charlie Maxwell,1961,"A,Detroit,Tigers"
mcaud101,McAuliffe,Dick,L,R,DET,SS,Dick McAuliffe,1961,"A,Detroit,Tigers"
montm101,Montejo,Manny,R,R,DET,P,Manny Montejo,1961,"A,Detroit,Tigers"
mortb101,Morton,Bubba,R,R,DET,OF,Bubba Morton,1961,"A,Detroit,Tigers"
mossd101,Mossi,Don,L,L,DET,P,Don Mossi,1961,"A,Detroit,Tigers"
niscr101,Nischwitz,Ron,B,L,DET,P,Ron Nischwitz,1961,"A,Detroit,Tigers"
osbob101,Osborne,Bobo,L,R,DET,1B,Bobo Osborne,1961,"A,Detroit,Tigers"
regap101,Regan,Phil,R,R,DET,P,Phil Regan,1961,"A,Detroit,Tigers"
roarm101,Roarke,Mike,R,R,DET,C,Mike Roarke,1961,"A,Detroit,Tigers"
stalg103,Staley,Gerry,R,R,DET,P,Gerry Staley,1961,"A,Detroit,Tigers"
thomg102,Thomas,George,R,R,DET,OF,George Thomas,1961,"A,Detroit,Tigers"
virgo101,Virgil,Ozzie,R,R,DET,3B,Ozzie Virgil,1961,"A,Detroit,Tigers"
wertv101,Wertz,Vic,L,R,DET,PH,Vic Wertz,1961,"A,Detroit,Tigers"
woodh101,Woodeshick,Hal,R,L,DET,P,Hal Woodeshick,1961,"A,Detroit,Tigers"
woodj107,Wood,Jake,R,R,DET,2B,Jake Wood,1961,"A,Detroit,Tigers"
