player_id,last,first,bats,throws,team_id,pos,player_name,year
bairb101,Baird,Bob,L,L,WS2,P,Bob Baird,2196
boulc101,Bouldin,Carl,B,R,WS2,P,Carl Bouldin,2196
brigh101,Bright,Harry,R,R,WS2,1B,Harry Bright,2196
brine101,Brinkman,Ed,R,R,WS2,SS,Ed Brinkman,2196
burnp102,Burnside,Pete,R,L,WS2,P,Pete Burnside,2196
chent101,Cheney,Tom,R,R,WS2,P,Tom Cheney,2196
cottc101,Cottier,Chuck,R,R,WS2,2B,Chuck Cottier,2196
danib102,Daniels,Bennie,L,R,WS2,P,Bennie Daniels,2196
greef101,Green,Fred,R,L,WS2,P,Fred Green,2196
hamis101,Hamilton,Steve,L,L,WS2,P,Steve Hamilton,2196
hamlk101,Hamlin,Ken,R,R,WS2,SS,Ken Hamlin,2196
hannj102,Hannan,Jim,R,R,WS2,P,Jim Hannan,2196
hickj101,Hicks,Joe,L,R,WS2,OF,Joe Hicks,2196
hintc101,Hinton,Chuck,R,R,WS2,OF,Chuck Hinton,2196
hobae101,Hobaugh,Ed,R,R,WS2,P,Ed Hobaugh,2196
jenkj101,Jenkins,Jack,R,R,WS2,P,Jack Jenkins,2196
johnb104,Johnson,Bob,R,R,WS2,3B,Bob Johnson,2196
kennj105,Kennedy,John,R,R,WS2,SS,John Kennedy,2196
kingj101,King,Jim,L,R,WS2,OF,Jim King,2196
kutym101,Kutyna,Marty,R,R,WS2,P,Marty Kutyna,2196
lockd101,Lock,Don,R,R,WS2,OF,Don Lock,2196
longd101,Long,Dale,L,L,WS2,1B,Dale Long,2196
mcclj104,McClain,Joe,R,R,WS2,P,Joe McClain,2196
ocond101,O'Connell,Danny,R,R,WS2,3B,Danny O'Connell,2196
ostec103,Osteen,Claude,L,L,WS2,P,Claude Osteen,2196
pierj102,Piersall,Jim,R,R,WS2,OF,Jim Piersall,2196
retzk101,Retzer,Ken,L,R,WS2,C,Ken Retzer,2196
rippr101,Rippelmeyer,Ray,R,R,WS2,P,Ray Rippelmeyer,2196
rudod103,Rudolph,Don,L,L,WS2,P,Don Rudolph,2196
schaj102,Schaive,Johnny,R,R,WS2,3B,Johnny Schaive,2196
schmb101,Schmidt,Bob,R,R,WS2,C,Bob Schmidt,2196
stend101,Stenhouse,Dave,R,R,WS2,P,Dave Stenhouse,2196
stilr101,Stillwell,Ron,R,R,WS2,2B,Ron Stillwell,2196
tasbw101,Tasby,Willie,R,R,WS2,OF,Willie Tasby,2196
woodg101,Woodling,Gene,L,R,WS2,OF,Gene Woodling,2196
zipfb101,Zipfel,Bud,L,R,WS2,1B,Bud Zipfel,2196
bairb101,Baird,Bob,L,L,WS2,P,Bob Baird,2196
blasd101,Blasingame,Don,L,R,WS2,2B,Don Blasingame,2196
boulc101,Bouldin,Carl,B,R,WS2,P,Carl Bouldin,2196
breem101,Breeding,Marv,R,R,WS2,3B,Marv Breeding,2196
brine101,Brinkman,Ed,R,R,WS2,SS,Ed Brinkman,2196
bronj101,Bronstad,Jim,R,R,WS2,P,Jim Bronstad,2196
browt101,Brown,Tom,B,L,WS2,OF,Tom Brown,2196
burnp102,Burnside,Pete,R,L,WS2,P,Pete Burnside,2196
chent101,Cheney,Tom,R,R,WS2,P,Tom Cheney,2196
coatj101,Coates,Jim,R,R,WS2,P,Jim Coates,2196
cottc101,Cottier,Chuck,R,R,WS2,2B,Chuck Cottier,2196
danib102,Daniels,Bennie,L,R,WS2,P,Bennie Daniels,2196
duckj101,Duckworth,Jim,R,R,WS2,P,Jim Duckworth,2196
hamis101,Hamilton,Steve,L,L,WS2,P,Steve Hamilton,2196
hannj102,Hannan,Jim,R,R,WS2,P,Jim Hannan,2196
hintc101,Hinton,Chuck,R,R,WS2,OF,Chuck Hinton,2196
hobae101,Hobaugh,Ed,R,R,WS2,P,Ed Hobaugh,2196
huntk102,Hunt,Ken,R,R,WS2,OF,Ken Hunt,2196
jenkj101,Jenkins,Jack,R,R,WS2,P,Jack Jenkins,2196
kennj105,Kennedy,John,R,R,WS2,3B,John Kennedy,2196
kingj101,King,Jim,L,R,WS2,OF,Jim King,2196
kliml101,Klimchock,Lou,L,R,WS2,2B,Lou Klimchock,2196
klinr102,Kline,Ron,R,R,WS2,P,Ron Kline,2196
landh101,Landrith,Hobie,L,R,WS2,C,Hobie Landrith,2196
leppd101,Leppert,Don,R,R,WS2,C,Don Leppert,2196
lockd101,Lock,Don,R,R,WS2,OF,Don Lock,2196
minom101,Minoso,Minnie,R,R,WS2,OF,Minnie Minoso,2196
moelr101,Moeller,Ron,L,L,WS2,P,Ron Moeller,2196
neemc101,Neeman,Cal,R,R,WS2,C,Cal Neeman,2196
osbob101,Osborne,Bobo,L,R,WS2,1B,Bobo Osborne,2196
ostec103,Osteen,Claude,L,L,WS2,P,Claude Osteen,2196
phild103,Phillips,Dick,L,R,WS2,1B,Dick Phillips,2196
pierj102,Piersall,Jim,R,R,WS2,OF,Jim Piersall,2196
quira101,Quirk,Art,R,L,WS2,P,Art Quirk,2196
retzk101,Retzer,Ken,L,R,WS2,C,Ken Retzer,2196
ridzs101,Ridzik,Steve,R,R,WS2,P,Steve Ridzik,2196
roebe101,Roebuck,Ed,R,R,WS2,P,Ed Roebuck,2196
rudod103,Rudolph,Don,L,L,WS2,P,Don Rudolph,2196
schaj102,Schaive,Johnny,R,R,WS2,PH,Johnny Schaive,2196
schmb101,Schmidt,Bob,R,R,WS2,C,Bob Schmidt,2196
shetb101,Shetrone,Barry,L,R,WS2,PH,Barry Shetrone,2196
stend101,Stenhouse,Dave,R,R,WS2,P,Dave Stenhouse,2196
zimmd101,Zimmer,Don,R,R,WS2,3B,Don Zimmer,2196
boakc101,Boak,Chet,R,R,WS2,2B,Chet Boak,2196
boulc101,Bouldin,Carl,B,R,WS2,P,Carl Bouldin,2196
brigh101,Bright,Harry,R,R,WS2,3B,Harry Bright,2196
brine101,Brinkman,Ed,R,R,WS2,3B,Ed Brinkman,2196
burnp102,Burnside,Pete,R,L,WS2,P,Pete Burnside,2196
chent101,Cheney,Tom,R,R,WS2,P,Tom Cheney,2196
cottc101,Cottier,Chuck,R,R,WS2,2B,Chuck Cottier,2196
dalep101,Daley,Pete,R,R,WS2,C,Pete Daley,2196
danib102,Daniels,Bennie,L,R,WS2,P,Bennie Daniels,2196
donod101,Donovan,Dick,L,R,WS2,P,Dick Donovan,2196
dottd101,Dotterer,Dutch,R,R,WS2,C,Dutch Dotterer,2196
gablg102,Gabler,John,B,R,WS2,P,John Gabler,2196
garcm101,Garcia,Mike,R,R,WS2,P,Mike Garcia,2196
greeg101,Green,Gene,R,R,WS2,C,Gene Green,2196
heisr101,Heiser,Roy,R,R,WS2,P,Roy Heiser,2196
hernr101,Hernandez,Rudy,R,R,WS2,P,Rudy Hernandez,2196
hickj101,Hicks,Joe,L,R,WS2,OF,Joe Hicks,2196
hintc101,Hinton,Chuck,R,R,WS2,OF,Chuck Hinton,2196
hobae101,Hobaugh,Ed,R,R,WS2,P,Ed Hobaugh,2196
johnb104,Johnson,Bob,R,R,WS2,SS,Bob Johnson,2196
keoum101,Keough,Marty,L,L,WS2,OF,Marty Keough,2196
kingj101,King,Jim,L,R,WS2,OF,Jim King,2196
klaub101,Klaus,Billy,L,R,WS2,3B,Billy Klaus,2196
klipj101,Klippstein,Johnny,R,R,WS2,P,Johnny Klippstein,2196
kutym101,Kutyna,Marty,R,R,WS2,P,Marty Kutyna,2196
longd101,Long,Dale,L,L,WS2,1B,Dale Long,2196
maesh101,Maestri,Hector,R,R,WS2,P,Hector Maestri,2196
mahoj101,Mahoney,Jim,R,R,WS2,SS,Jim Mahoney,2196
mathc101,Mathias,Carl,B,L,WS2,P,Carl Mathias,2196
mcclj104,McClain,Joe,R,R,WS2,P,Joe McClain,2196
ocond101,O'Connell,Danny,R,R,WS2,3B,Danny O'Connell,2196
ostec103,Osteen,Claude,L,L,WS2,P,Claude Osteen,2196
retzk101,Retzer,Ken,L,R,WS2,C,Ken Retzer,2196
sisld102,Sisler,Dave,R,R,WS2,P,Dave Sisler,2196
stevr101,Stevens,R C,R,L,WS2,1B,R C Stevens,2196
stilr101,Stillwell,Ron,R,R,WS2,SS,Ron Stillwell,2196
sturt101,Sturdivant,Tom,L,R,WS2,P,Tom Sturdivant,2196
tasbw101,Tasby,Willie,R,R,WS2,OF,Willie Tasby,2196
vealc101,Veal,Coot,R,R,WS2,SS,Coot Veal,2196
woodg101,Woodling,Gene,L,R,WS2,OF,Gene Woodling,2196
woodh101,Woodeshick,Hal,R,L,WS2,P,Hal Woodeshick,2196
zipfb101,Zipfel,Bud,L,R,WS2,1B,Bud Zipfel,2196
blasd101,Blasingame,Don,L,R,WS2,2B,Don Blasingame,2196
boulc101,Bouldin,Carl,B,R,WS2,P,Carl Bouldin,2196
bridm101,Bridges,Marshall,B,L,WS2,P,Marshall Bridges,2196
brine101,Brinkman,Ed,R,R,WS2,SS,Ed Brinkman,2196
bronj101,Bronstad,Jim,R,R,WS2,P,Jim Bronstad,2196
brumm101,Brumley,Mike,L,R,WS2,C,Mike Brumley,2196
chent101,Cheney,Tom,R,R,WS2,P,Tom Cheney,2196
cottc101,Cottier,Chuck,R,R,WS2,2B,Chuck Cottier,2196
craip101,Craig,Pete,L,R,WS2,P,Pete Craig,2196
cunnj101,Cunningham,Joe,L,L,WS2,1B,Joe Cunningham,2196
danib102,Daniels,Bennie,L,R,WS2,P,Bennie Daniels,2196
duckj101,Duckworth,Jim,R,R,WS2,P,Jim Duckworth,2196
hannj102,Hannan,Jim,R,R,WS2,P,Jim Hannan,2196
hintc101,Hinton,Chuck,R,R,WS2,OF,Chuck Hinton,2196
huntk102,Hunt,Ken,R,R,WS2,OF,Ken Hunt,2196
kennj105,Kennedy,John,R,R,WS2,3B,John Kennedy,2196
kingj101,King,Jim,L,R,WS2,OF,Jim King,2196
kirkw101,Kirkland,Willie,L,R,WS2,OF,Willie Kirkland,2196
klinr102,Kline,Ron,R,R,WS2,P,Ron Kline,2196
kocha101,Koch,Alan,R,R,WS2,P,Alan Koch,2196
koplh101,Koplitz,Howie,R,R,WS2,P,Howie Koplitz,2196
kreuf101,Kreutzer,Frank,R,L,WS2,P,Frank Kreutzer,2196
leppd101,Leppert,Don,R,R,WS2,C,Don Leppert,2196
lockd101,Lock,Don,R,R,WS2,OF,Don Lock,2196
lound101,Loun,Don,R,L,WS2,P,Don Loun,2196
narub101,Narum,Buster,R,R,WS2,P,Buster Narum,2196
ostec103,Osteen,Claude,L,L,WS2,P,Claude Osteen,2196
phild103,Phillips,Dick,L,R,WS2,1B,Dick Phillips,2196
retzk101,Retzer,Ken,L,R,WS2,C,Ken Retzer,2196
ridzs101,Ridzik,Steve,R,R,WS2,P,Steve Ridzik,2196
roebe101,Roebuck,Ed,R,R,WS2,P,Ed Roebuck,2196
rudod103,Rudolph,Don,L,L,WS2,P,Don Rudolph,2196
sievr101,Sievers,Roy,R,R,WS2,1B,Roy Sievers,2196
skowb101,Skowron,Bill,R,R,WS2,1B,Bill Skowron,2196
stend101,Stenhouse,Dave,R,R,WS2,P,Dave Stenhouse,2196
valef101,Valentine,Fred,B,R,WS2,OF,Fred Valentine,2196
zimmd101,Zimmer,Don,R,R,WS2,3B,Don Zimmer,2196
alyeb101,Alyea,Brant,R,R,WS2,1B,Brant Alyea,2196
blasd101,Blasingame,Don,L,R,WS2,2B,Don Blasingame,2196
bridm101,Bridges,Marshall,B,L,WS2,P,Marshall Bridges,2196
brine101,Brinkman,Ed,R,R,WS2,SS,Ed Brinkman,2196
brumm101,Brumley,Mike,L,R,WS2,C,Mike Brumley,2196
camid101,Camilli,Doug,R,R,WS2,C,Doug Camilli,2196
casap101,Casanova,Paul,R,R,WS2,C,Paul Casanova,2196
chanb101,Chance,Bob,L,R,WS2,1B,Bob Chance,2196
colej102,Coleman,Joe,R,R,WS2,P,Joe Coleman,2196
cottc101,Cottier,Chuck,R,R,WS2,PR,Chuck Cottier,2196
craip101,Craig,Pete,L,R,WS2,P,Pete Craig,2196
cunnj101,Cunningham,Joe,L,L,WS2,1B,Joe Cunningham,2196
danib102,Daniels,Bennie,L,R,WS2,P,Bennie Daniels,2196
duckj101,Duckworth,Jim,R,R,WS2,P,Jim Duckworth,2196
durer101,Duren,Ryne,R,R,WS2,P,Ryne Duren,2196
frenj101,French,Jim,L,R,WS2,C,Jim French,2196
greed101,Green,Dallas,L,R,WS2,P,Dallas Green,2196
hamlk101,Hamlin,Ken,R,R,WS2,2B,Ken Hamlin,2196
hannj102,Hannan,Jim,R,R,WS2,P,Jim Hannan,2196
heldw101,Held,Woodie,R,R,WS2,OF,Woodie Held,2196
howaf102,Howard,Frank,R,R,WS2,OF,Frank Howard,2196
kingj101,King,Jim,L,R,WS2,OF,Jim King,2196
kirkw101,Kirkland,Willie,L,R,WS2,OF,Willie Kirkland,2196
klinr102,Kline,Ron,R,R,WS2,P,Ron Kline,2196
koplh101,Koplitz,Howie,R,R,WS2,P,Howie Koplitz,2196
kreuf101,Kreutzer,Frank,R,L,WS2,P,Frank Kreutzer,2196
lockd101,Lock,Don,R,R,WS2,OF,Don Lock,2196
mccaj108,McCabe,Joe,R,R,WS2,C,Joe McCabe,2196
mccom103,McCormick,Mike,L,L,WS2,P,Mike McCormick,2196
mcmuk101,McMullen,Ken,R,R,WS2,3B,Ken McMullen,2196
moorb105,Moore,Barry,L,L,WS2,P,Barry Moore,2196
narub101,Narum,Buster,R,R,WS2,P,Buster Narum,2196
nen-d101,Nen,Dick,L,L,WS2,1B,Dick Nen,2196
ortep101,Ortega,Phil,R,R,WS2,P,Phil Ortega,2196
richp102,Richert,Pete,L,L,WS2,P,Pete Richert,2196
ridzs101,Ridzik,Steve,R,R,WS2,P,Steve Ridzik,2196
sievr101,Sievers,Roy,R,R,WS2,1B,Roy Sievers,2196
valef101,Valentine,Fred,B,R,WS2,OF,Fred Valentine,2196
willn101,Willhite,Nick,L,L,WS2,P,Nick Willhite,2196
zimmd101,Zimmer,Don,R,R,WS2,C,Don Zimmer,2196
alleb105,Allen,Bernie,L,R,WS2,2B,Bernie Allen,2196
alleh104,Allen,Hank,R,R,WS2,OF,Hank Allen,2196
baldd101,Baldwin,Dave,R,R,WS2,P,Dave Baldwin,2196
bertf101,Bertaina,Frank,L,L,WS2,P,Frank Bertaina,2196
bosmd101,Bosman,Dick,R,R,WS2,P,Dick Bosman,2196
brine101,Brinkman,Ed,R,R,WS2,SS,Ed Brinkman,2196
camid101,Camilli,Doug,R,R,WS2,C,Doug Camilli,2196
casap101,Casanova,Paul,R,R,WS2,C,Paul Casanova,2196
chanb101,Chance,Bob,L,R,WS2,1B,Bob Chance,2196
coggf101,Coggins,Frank,B,R,WS2,2B,Frank Coggins,2196
colej102,Coleman,Joe,R,R,WS2,P,Joe Coleman,2196
cox-c101,Cox,Casey,R,R,WS2,P,Casey Cox,2196
cullt101,Cullen,Tim,R,R,WS2,SS,Tim Cullen,2196
epstm101,Epstein,Mike,L,L,WS2,1B,Mike Epstein,2196
frenj101,French,Jim,L,R,WS2,C,Jim French,2196
hannj102,Hannan,Jim,R,R,WS2,P,Jim Hannan,2196
harrk101,Harrelson,Ken,R,R,WS2,1B,Ken Harrelson,2196
howaf102,Howard,Frank,R,R,WS2,OF,Frank Howard,2196
humpb102,Humphreys,Bob,R,R,WS2,P,Bob Humphreys,2196
kingj101,King,Jim,L,R,WS2,OF,Jim King,2196
knowd101,Knowles,Darold,L,L,WS2,P,Darold Knowles,2196
lined101,Lines,Dick,R,L,WS2,P,Dick Lines,2196
mcmuk101,McMullen,Ken,R,R,WS2,3B,Ken McMullen,2196
moorb105,Moore,Barry,L,L,WS2,P,Barry Moore,2196
narub101,Narum,Buster,R,R,WS2,P,Buster Narum,2196
nen-d101,Nen,Dick,L,L,WS2,1B,Dick Nen,2196
noldd101,Nold,Dick,R,R,WS2,P,Dick Nold,2196
orsij101,Orsino,John,R,R,WS2,PH,John Orsino,2196
ortep101,Ortega,Phil,R,R,WS2,P,Phil Ortega,2196
pascc102,Pascual,Camilo,R,R,WS2,P,Camilo Pascual,2196
petec101,Peterson,Cap,R,R,WS2,OF,Cap Peterson,2196
pridb101,Priddy,Bob,R,R,WS2,P,Bob Priddy,2196
richp102,Richert,Pete,L,L,WS2,P,Pete Richert,2196
saveb101,Saverine,Bob,B,R,WS2,2B,Bob Saverine,2196
stroe101,Stroud,Ed,L,R,WS2,OF,Ed Stroud,2196
valef101,Valentine,Fred,B,R,WS2,OF,Fred Valentine,2196
alleh104,Allen,Hank,R,R,WS2,OF,Hank Allen,2196
baldd101,Baldwin,Dave,R,R,WS2,P,Dave Baldwin,2196
blasd101,Blasingame,Don,L,R,WS2,2B,Don Blasingame,2196
bosmd101,Bosman,Dick,R,R,WS2,P,Dick Bosman,2196
brine101,Brinkman,Ed,R,R,WS2,SS,Ed Brinkman,2196
brumm101,Brumley,Mike,L,R,WS2,C,Mike Brumley,2196
camid101,Camilli,Doug,R,R,WS2,C,Doug Camilli,2196
casap101,Casanova,Paul,R,R,WS2,C,Paul Casanova,2196
chanb101,Chance,Bob,L,R,WS2,1B,Bob Chance,2196
chent101,Cheney,Tom,R,R,WS2,P,Tom Cheney,2196
closa101,Closter,Al,L,L,WS2,P,Al Closter,2196
colej102,Coleman,Joe,R,R,WS2,P,Joe Coleman,2196
cox-c101,Cox,Casey,R,R,WS2,P,Casey Cox,2196
craip101,Craig,Pete,L,R,WS2,P,Pete Craig,2196
cullt101,Cullen,Tim,R,R,WS2,3B,Tim Cullen,2196
cunnj101,Cunningham,Joe,L,L,WS2,1B,Joe Cunningham,2196
duckj101,Duckworth,Jim,R,R,WS2,P,Jim Duckworth,2196
frenj101,French,Jim,L,R,WS2,C,Jim French,2196
hamlk101,Hamlin,Ken,R,R,WS2,2B,Ken Hamlin,2196
hannj102,Hannan,Jim,R,R,WS2,P,Jim Hannan,2196
harrk101,Harrelson,Ken,R,R,WS2,1B,Ken Harrelson,2196
howaf102,Howard,Frank,R,R,WS2,OF,Frank Howard,2196
humpb102,Humphreys,Bob,R,R,WS2,P,Bob Humphreys,2196
kingj101,King,Jim,L,R,WS2,OF,Jim King,2196
kirkw101,Kirkland,Willie,L,R,WS2,OF,Willie Kirkland,2196
klinr102,Kline,Ron,R,R,WS2,P,Ron Kline,2196
koplh101,Koplitz,Howie,R,R,WS2,P,Howie Koplitz,2196
kreuf101,Kreutzer,Frank,R,L,WS2,P,Frank Kreutzer,2196
lined101,Lines,Dick,R,L,WS2,P,Dick Lines,2196
lockd101,Lock,Don,R,R,WS2,OF,Don Lock,2196
mccom103,McCormick,Mike,L,L,WS2,P,Mike McCormick,2196
mcmuk101,McMullen,Ken,R,R,WS2,3B,Ken McMullen,2196
moorb105,Moore,Barry,L,L,WS2,P,Barry Moore,2196
narub101,Narum,Buster,R,R,WS2,P,Buster Narum,2196
nen-d101,Nen,Dick,L,L,WS2,1B,Dick Nen,2196
orsij101,Orsino,John,R,R,WS2,1B,John Orsino,2196
ortep101,Ortega,Phil,R,R,WS2,P,Phil Ortega,2196
phild103,Phillips,Dick,L,R,WS2,1B,Dick Phillips,2196
richp102,Richert,Pete,L,L,WS2,P,Pete Richert,2196
saveb101,Saverine,Bob,B,R,WS2,2B,Bob Saverine,2196
segud101,Segui,Diego,R,R,WS2,P,Diego Segui,2196
valef101,Valentine,Fred,B,R,WS2,OF,Fred Valentine,2196
alleb105,Allen,Bernie,L,R,WS2,2B,Bernie Allen,2196
alleh104,Allen,Hank,R,R,WS2,OF,Hank Allen,2196
alyeb101,Alyea,Brant,R,R,WS2,OF,Brant Alyea,2196
baldd101,Baldwin,Dave,R,R,WS2,P,Dave Baldwin,2196
bertf101,Bertaina,Frank,L,L,WS2,P,Frank Bertaina,2196
billd101,Billings,Dick,R,R,WS2,OF,Dick Billings,2196
bosmd101,Bosman,Dick,R,R,WS2,P,Dick Bosman,2196
bowes103,Bowens,Sam,R,R,WS2,OF,Sam Bowens,2196
brine101,Brinkman,Ed,R,R,WS2,SS,Ed Brinkman,2196
bryab101,Bryan,Billy,L,R,WS2,C,Billy Bryan,2196
casap101,Casanova,Paul,R,R,WS2,C,Paul Casanova,2196
coggf101,Coggins,Frank,B,R,WS2,2B,Frank Coggins,2196
colej102,Coleman,Joe,R,R,WS2,P,Joe Coleman,2196
cox-c101,Cox,Casey,R,R,WS2,P,Casey Cox,2196
cullt101,Cullen,Tim,R,R,WS2,SS,Tim Cullen,2196
deneb101,Denehy,Bill,B,R,WS2,P,Bill Denehy,2196
epstm101,Epstein,Mike,L,L,WS2,1B,Mike Epstein,2196
frenj101,French,Jim,L,R,WS2,C,Jim French,2196
hannj102,Hannan,Jim,R,R,WS2,P,Jim Hannan,2196
hansr102,Hansen,Ron,R,R,WS2,SS,Ron Hansen,2196
haywb101,Haywood,Bill,R,R,WS2,P,Bill Haywood,2196
higgd101,Higgins,Dennis,R,R,WS2,P,Dennis Higgins,2196
holmg101,Holman,Gary,L,L,WS2,1B,Gary Holman,2196
howab101,Howard,Bruce,B,R,WS2,P,Bruce Howard,2196
howaf102,Howard,Frank,R,R,WS2,OF,Frank Howard,2196
humpb102,Humphreys,Bob,R,R,WS2,P,Bob Humphreys,2196
jones101,Jones,Steve,L,L,WS2,P,Steve Jones,2196
knowd101,Knowles,Darold,L,L,WS2,P,Darold Knowles,2196
martg101,Martin,Gene,L,R,WS2,OF,Gene Martin,2196
mcmuk101,McMullen,Ken,R,R,WS2,3B,Ken McMullen,2196
milej101,Miles,Jim,R,R,WS2,P,Jim Miles,2196
moorb105,Moore,Barry,L,L,WS2,P,Barry Moore,2196
ortep101,Ortega,Phil,R,R,WS2,P,Phil Ortega,2196
pascc102,Pascual,Camilo,R,R,WS2,P,Camilo Pascual,2196
petec101,Peterson,Cap,R,R,WS2,OF,Cap Peterson,2196
schog102,Schoen,Gerry,R,R,WS2,P,Gerry Schoen,2196
stroe101,Stroud,Ed,L,R,WS2,OF,Ed Stroud,2196
unsed101,Unser,Del,L,L,WS2,OF,Del Unser,2196
valef101,Valentine,Fred,B,R,WS2,OF,Fred Valentine,2196
alleb105,Allen,Bernie,L,R,WS2,2B,Bernie Allen,2196
alleh104,Allen,Hank,R,R,WS2,OF,Hank Allen,2196
alyeb101,Alyea,Brant,R,R,WS2,OF,Brant Alyea,2196
baldd101,Baldwin,Dave,R,R,WS2,P,Dave Baldwin,2196
bertf101,Bertaina,Frank,L,L,WS2,P,Frank Bertaina,2196
billd101,Billings,Dick,R,R,WS2,OF,Dick Billings,2196
bosmd101,Bosman,Dick,R,R,WS2,P,Dick Bosman,2196
bowes103,Bowens,Sam,R,R,WS2,OF,Sam Bowens,2196
brine101,Brinkman,Ed,R,R,WS2,SS,Ed Brinkman,2196
camid101,Camilli,Doug,R,R,WS2,C,Doug Camilli,2196
carlc102,Carlos,Cisco,R,R,WS2,P,Cisco Carlos,2196
casap101,Casanova,Paul,R,R,WS2,C,Paul Casanova,2196
colej102,Coleman,Joe,R,R,WS2,P,Joe Coleman,2196
cox-c101,Cox,Casey,R,R,WS2,P,Casey Cox,2196
cullt101,Cullen,Tim,R,R,WS2,2B,Tim Cullen,2196
dukej101,Dukes,Jan,L,L,WS2,P,Jan Dukes,2196
epstm101,Epstein,Mike,L,L,WS2,1B,Mike Epstein,2196
frenj101,French,Jim,L,R,WS2,C,Jim French,2196
hannj102,Hannan,Jim,R,R,WS2,P,Jim Hannan,2196
harrt001,Harrah,Toby,R,R,WS2,SS,Toby Harrah,2196
higgd101,Higgins,Dennis,R,R,WS2,P,Dennis Higgins,2196
holmg101,Holman,Gary,L,L,WS2,1B,Gary Holman,2196
howaf102,Howard,Frank,R,R,WS2,OF,Frank Howard,2196
humpb102,Humphreys,Bob,R,R,WS2,P,Bob Humphreys,2196
knowd101,Knowles,Darold,L,L,WS2,P,Darold Knowles,2196
kreuf101,Kreutzer,Frank,R,L,WS2,P,Frank Kreutzer,2196
mayel101,Maye,Lee,L,R,WS2,OF,Lee Maye,2196
mcmuk101,McMullen,Ken,R,R,WS2,3B,Ken McMullen,2196
milej101,Miles,Jim,R,R,WS2,P,Jim Miles,2196
moorb105,Moore,Barry,L,L,WS2,P,Barry Moore,2196
pascc102,Pascual,Camilo,R,R,WS2,P,Camilo Pascual,2196
shelj101,Shellenback,Jim,L,L,WS2,P,Jim Shellenback,2196
smitd102,Smith,Dick,R,R,WS2,OF,Dick Smith,2196
stroe101,Stroud,Ed,L,R,WS2,OF,Ed Stroud,2196
unsed101,Unser,Del,L,L,WS2,OF,Del Unser,2196
versz101,Versalles,Zoilo,R,R,WS2,SS,Zoilo Versalles,2196
