player_id,last,first,bats,throws,team_id,pos,player_name,year,team_name
andeb004,Anderson,Brett,L,L,OAK,P,Brett Anderson,2010,"A,Oakland,Athletics"
baila001,Bailey,Andrew,R,R,OAK,P,Andrew Bailey,2010,"A,Oakland,Athletics"
bartd001,Barton,Daric,L,R,OAK,1B,Daric Barton,2010,"A,Oakland,Athletics"
blevj001,Blevins,Jerry,L,L,OAK,P,Jerry Blevins,2010,"A,Oakland,Athletics"
bonsb001,Bonser,Boof,R,R,OAK,P,Boof Bonser,2010,"A,Oakland,Athletics"
bowec001,Bowers,Cedrick,B,L,OAK,P,Cedrick Bowers,2010,"A,Oakland,Athletics"
bradd002,Braden,Dallas,L,L,OAK,P,Dallas Braden,2010,"A,Oakland,Athletics"
bresc001,Breslow,Craig,L,L,OAK,P,Craig Breslow,2010,"A,Oakland,Athletics"
buckt001,Buck,Travis,L,R,OAK,OF,Travis Buck,2010,"A,Oakland,Athletics"
cahit001,Cahill,Trevor,R,R,OAK,P,Trevor Cahill,2010,"A,Oakland,Athletics"
carsm001,Carson,Matt,R,R,OAK,OF,Matt Carson,2010,"A,Oakland,Athletics"
cartc002,Carter,Chris,R,R,OAK,OF,Chris Carter,2010,"A,Oakland,Athletics"
chave001,Chavez,Eric,L,R,OAK,DH,Eric Chavez,2010,"A,Oakland,Athletics"
cramb001,Cramer,Bobby,L,L,OAK,P,Bobby Cramer,2010,"A,Oakland,Athletics"
crisc001,Crisp,Coco,B,R,OAK,OF,Coco Crisp,2010,"A,Oakland,Athletics"
custj001,Cust,Jack,L,R,OAK,DH,Jack Cust,2010,"A,Oakland,Athletics"
davir003,Davis,Rajai,R,R,OAK,OF,Rajai Davis,2010,"A,Oakland,Athletics"
donaj001,Donaldson,Josh,R,R,OAK,C,Josh Donaldson,2010,"A,Oakland,Athletics"
duchj001,Duchscherer,Justin,R,R,OAK,P,Justin Duchscherer,2010,"A,Oakland,Athletics"
ellim001,Ellis,Mark,R,R,OAK,2B,Mark Ellis,2010,"A,Oakland,Athletics"
fox-j001,Fox,Jake,R,R,OAK,DH,Jake Fox,2010,"A,Oakland,Athletics"
gaudc001,Gaudin,Chad,R,R,OAK,P,Chad Gaudin,2010,"A,Oakland,Athletics"
gonzg003,Gonzalez,Gio,R,L,OAK,P,Gio Gonzalez,2010,"A,Oakland,Athletics"
grosg002,Gross,Gabe,L,R,OAK,OF,Gabe Gross,2010,"A,Oakland,Athletics"
hermj001,Hermida,Jeremy,L,R,OAK,OF,Jeremy Hermida,2010,"A,Oakland,Athletics"
iwama001,Iwamura,Akinori,L,R,OAK,3B,Akinori Iwamura,2010,"A,Oakland,Athletics"
jackc002,Jackson,Conor,R,R,OAK,OF,Conor Jackson,2010,"A,Oakland,Athletics"
jamej001,James,Justin,R,R,OAK,P,Justin James,2010,"A,Oakland,Athletics"
kilbb001,Kilby,Brad,L,L,OAK,P,Brad Kilby,2010,"A,Oakland,Athletics"
kouzk001,Kouzmanoff,Kevin,R,R,OAK,3B,Kevin Kouzmanoff,2010,"A,Oakland,Athletics"
larij001,Larish,Jeff,L,R,OAK,1B,Jeff Larish,2010,"A,Oakland,Athletics"
mazzv001,Mazzaro,Vin,R,R,OAK,P,Vin Mazzaro,2010,"A,Oakland,Athletics"
mortc003,Mortensen,Clayton,R,R,OAK,P,Clayton Mortensen,2010,"A,Oakland,Athletics"
patte001,Patterson,Eric,L,R,OAK,OF,Eric Patterson,2010,"A,Oakland,Athletics"
pennc001,Pennington,Cliff,B,R,OAK,SS,Cliff Pennington,2010,"A,Oakland,Athletics"
powel001,Powell,Landon,B,R,OAK,C,Landon Powell,2010,"A,Oakland,Athletics"
ramie003,Ramirez,Edwar,R,R,OAK,P,Edwar Ramirez,2010,"A,Oakland,Athletics"
rodrh002,Rodriguez,Henry,R,R,OAK,P,Henry Rodriguez,2010,"A,Oakland,Athletics"
rosaa001,Rosales,Adam,R,R,OAK,2B,Adam Rosales,2010,"A,Oakland,Athletics"
rosst001,Ross,Tyson,R,R,OAK,P,Tyson Ross,2010,"A,Oakland,Athletics"
sheeb001,Sheets,Ben,R,R,OAK,P,Ben Sheets,2010,"A,Oakland,Athletics"
sogae001,Sogard,Eric,L,R,OAK,2B,Eric Sogard,2010,"A,Oakland,Athletics"
suzuk001,Suzuki,Kurt,R,R,OAK,C,Kurt Suzuki,2010,"A,Oakland,Athletics"
sweer001,Sweeney,Ryan,L,L,OAK,OF,Ryan Sweeney,2010,"A,Oakland,Athletics"
tolls001,Tolleson,Steven,R,R,OAK,SS,Steven Tolleson,2010,"A,Oakland,Athletics"
watsm002,Watson,Matt,L,R,OAK,OF,Matt Watson,2010,"A,Oakland,Athletics"
wolfr002,Wolf,Ross,R,R,OAK,P,Ross Wolf,2010,"A,Oakland,Athletics"
wuerm001,Wuertz,Michael,R,R,OAK,P,Michael Wuertz,2010,"A,Oakland,Athletics"
ziegb001,Ziegler,Brad,R,R,OAK,P,Brad Ziegler,2010,"A,Oakland,Athletics"
badeb001,Badenhop,Burke,R,R,FLO,P,Burke Badenhop,2010,"N,Florida,Marlins"
bakej002,Baker,John,L,R,FLO,C,John Baker,2010,"N,Florida,Marlins"
bardb001,Barden,Brian,R,R,FLO,3B,Brian Barden,2010,"N,Florida,Marlins"
bonie001,Bonifacio,Emilio,B,R,FLO,OF,Emilio Bonifacio,2010,"N,Florida,Marlins"
buenj001,Buente,Jay,R,R,FLO,P,Jay Buente,2010,"N,Florida,Marlins"
cantj001,Cantu,Jorge,R,R,FLO,3B,Jorge Cantu,2010,"N,Florida,Marlins"
carrb001,Carroll,Brett,R,R,FLO,OF,Brett Carroll,2010,"N,Florida,Marlins"
cedaj001,Ceda,Jose,R,R,FLO,P,Jose Ceda,2010,"N,Florida,Marlins"
cishs001,Cishek,Steve,R,R,FLO,P,Steve Cishek,2010,"N,Florida,Marlins"
coghc001,Coghlan,Chris,L,R,FLO,OF,Chris Coghlan,2010,"N,Florida,Marlins"
couss001,Cousins,Scott,L,L,FLO,OF,Scott Cousins,2010,"N,Florida,Marlins"
davib004,Davis,Brad,R,R,FLO,C,Brad Davis,2010,"N,Florida,Marlins"
hatcc002,Hatcher,Chris,B,R,FLO,C,Chris Hatcher,2010,"N,Florida,Marlins"
hayeb001,Hayes,Brett,R,R,FLO,C,Brett Hayes,2010,"N,Florida,Marlins"
helmw001,Helms,Wes,R,R,FLO,3B,Wes Helms,2010,"N,Florida,Marlins"
hensc002,Hensley,Clay,R,R,FLO,P,Clay Hensley,2010,"N,Florida,Marlins"
housj002,Houser,James,L,L,FLO,P,James Houser,2010,"N,Florida,Marlins"
johnj009,Johnson,Josh,L,R,FLO,P,Josh Johnson,2010,"N,Florida,Marlins"
joneh001,Jones,Hunter,L,L,FLO,P,Hunter Jones,2010,"N,Florida,Marlins"
lambm001,Lamb,Mike,L,R,FLO,1B,Mike Lamb,2010,"N,Florida,Marlins"
leroc001,Leroux,Chris,L,R,FLO,P,Chris Leroux,2010,"N,Florida,Marlins"
lunah001,Luna,Hector,R,R,FLO,3B,Hector Luna,2010,"N,Florida,Marlins"
marij001,Marinez,Jhan,R,R,FLO,P,Jhan Marinez,2010,"N,Florida,Marlins"
marto001,Martinez,Osvaldo,R,R,FLO,SS,Osvaldo Martinez,2010,"N,Florida,Marlins"
maybc001,Maybin,Cameron,R,R,FLO,OF,Cameron Maybin,2010,"N,Florida,Marlins"
menda001,Mendez,Adalberto,R,R,FLO,P,Adalberto Mendez,2010,"N,Florida,Marlins"
meyed002,Meyer,Dan,R,L,FLO,P,Dan Meyer,2010,"N,Florida,Marlins"
milla002,Miller,Andrew,L,L,FLO,P,Andrew Miller,2010,"N,Florida,Marlins"
morrl001,Morrison,Logan,L,L,FLO,OF,Logan Morrison,2010,"N,Florida,Marlins"
murpd004,Murphy,Donnie,R,R,FLO,3B,Donnie Murphy,2010,"N,Florida,Marlins"
nolar001,Nolasco,Ricky,R,R,FLO,P,Ricky Nolasco,2010,"N,Florida,Marlins"
nunel001,Nunez,Leo,R,R,FLO,P,Leo Nunez,2010,"N,Florida,Marlins"
ohmaw001,Ohman,Will,L,L,FLO,P,Will Ohman,2010,"N,Florida,Marlins"
paulr001,Paulino,Ronny,R,R,FLO,C,Ronny Paulino,2010,"N,Florida,Marlins"
peteb001,Petersen,Bryan,L,R,FLO,OF,Bryan Petersen,2010,"N,Florida,Marlins"
pintr001,Pinto,Renyel,L,L,FLO,P,Renyel Pinto,2010,"N,Florida,Marlins"
ramih003,Ramirez,Hanley,R,R,FLO,SS,Hanley Ramirez,2010,"N,Florida,Marlins"
rivem003,Rivera,Mike,R,R,FLO,C,Mike Rivera,2010,"N,Florida,Marlins"
roben001,Robertson,Nate,R,L,FLO,P,Nate Robertson,2010,"N,Florida,Marlins"
rosas001,Rosario,Sandy,R,R,FLO,P,Sandy Rosario,2010,"N,Florida,Marlins"
rossc001,Ross,Cody,R,L,FLO,OF,Cody Ross,2010,"N,Florida,Marlins"
sanaa001,Sanabia,Alex,R,R,FLO,P,Alex Sanabia,2010,"N,Florida,Marlins"
sanca004,Sanchez,Anibal,R,R,FLO,P,Anibal Sanchez,2010,"N,Florida,Marlins"
sancb001,Sanches,Brian,R,R,FLO,P,Brian Sanches,2010,"N,Florida,Marlins"
sancg001,Sanchez,Gaby,R,R,FLO,1B,Gaby Sanchez,2010,"N,Florida,Marlins"
sinkb001,Sinkbeil,Brett,R,R,FLO,P,Brett Sinkbeil,2010,"N,Florida,Marlins"
sosaj002,Sosa,Jorge,R,R,FLO,P,Jorge Sosa,2010,"N,Florida,Marlins"
stanm004,Stanton,Giancarlo,R,R,FLO,OF,Giancarlo Stanton,2010,"N,Florida,Marlins"
stris001,Strickland,Scott,R,R,FLO,P,Scott Strickland,2010,"N,Florida,Marlins"
tankt001,Tankersley,Taylor,L,L,FLO,P,Taylor Tankersley,2010,"N,Florida,Marlins"
tracc001,Tracy,Chad,L,R,FLO,3B,Chad Tracy,2010,"N,Florida,Marlins"
uggld001,Uggla,Dan,R,R,FLO,2B,Dan Uggla,2010,"N,Florida,Marlins"
vandr001,van den Hurk,Rick,R,R,FLO,P,Rick van den Hurk,2010,"N,Florida,Marlins"
veraj001,Veras,Jose,R,R,FLO,P,Jose Veras,2010,"N,Florida,Marlins"
volsc001,Volstad,Chris,R,R,FLO,P,Chris Volstad,2010,"N,Florida,Marlins"
wests001,West,Sean,R,L,FLO,P,Sean West,2010,"N,Florida,Marlins"
woodt003,Wood,Tim,R,R,FLO,P,Tim Wood,2010,"N,Florida,Marlins"
barmc001,Barmes,Clint,R,R,COL,2B,Clint Barmes,2010,"N,Colorado,Rockies"
beimj001,Beimel,Joe,L,L,COL,P,Joe Beimel,2010,"N,Colorado,Rockies"
belim001,Belisle,Matt,R,R,COL,P,Matt Belisle,2010,"N,Colorado,Rockies"
betar001,Betancourt,Rafael,R,R,COL,P,Rafael Betancourt,2010,"N,Colorado,Rockies"
bucht001,Buchholz,Taylor,R,R,COL,P,Taylor Buchholz,2010,"N,Colorado,Rockies"
chacj001,Chacin,Jhoulys,R,R,COL,P,Jhoulys Chacin,2010,"N,Colorado,Rockies"
cooka002,Cook,Aaron,R,R,COL,P,Aaron Cook,2010,"N,Colorado,Rockies"
corpm001,Corpas,Manuel,R,R,COL,P,Manuel Corpas,2010,"N,Colorado,Rockies"
dalem002,Daley,Matt,R,R,COL,P,Matt Daley,2010,"N,Colorado,Rockies"
dedus001,Deduno,Samuel,R,R,COL,P,Samuel Deduno,2010,"N,Colorado,Rockies"
delaj001,de la Rosa,Jorge,L,L,COL,P,Jorge de la Rosa,2010,"N,Colorado,Rockies"
delcm001,Delcarmen,Manny,R,R,COL,P,Manny Delcarmen,2010,"N,Colorado,Rockies"
doteo001,Dotel,Octavio,R,R,COL,P,Octavio Dotel,2010,"N,Colorado,Rockies"
eldrb001,Eldred,Brad,R,R,COL,1B,Brad Eldred,2010,"N,Colorado,Rockies"
escae001,Escalona,Edgmer,R,R,COL,P,Edgmer Escalona,2010,"N,Colorado,Rockies"
florr001,Flores,Randy,L,L,COL,P,Randy Flores,2010,"N,Colorado,Rockies"
fowld001,Fowler,Dexter,B,R,COL,OF,Dexter Fowler,2010,"N,Colorado,Rockies"
franj003,Francis,Jeff,L,L,COL,P,Jeff Francis,2010,"N,Colorado,Rockies"
giamj001,Giambi,Jason,L,R,COL,1B,Jason Giambi,2010,"N,Colorado,Rockies"
gonzc001,Gonzalez,Carlos,L,L,COL,OF,Carlos Gonzalez,2010,"N,Colorado,Rockies"
hammj002,Hammel,Jason,R,R,COL,P,Jason Hammel,2010,"N,Colorado,Rockies"
hawpb001,Hawpe,Brad,L,L,COL,OF,Brad Hawpe,2010,"N,Colorado,Rockies"
heltt001,Helton,Todd,L,L,COL,1B,Todd Helton,2010,"N,Colorado,Rockies"
herrj002,Herrera,Jonathan,B,R,COL,2B,Jonathan Herrera,2010,"N,Colorado,Rockies"
iannc001,Iannetta,Chris,R,R,COL,C,Chris Iannetta,2010,"N,Colorado,Rockies"
jimeu001,Jimenez,Ubaldo,R,R,COL,P,Ubaldo Jimenez,2010,"N,Colorado,Rockies"
mckem001,McKenry,Michael,R,R,COL,C,Michael McKenry,2010,"N,Colorado,Rockies"
moraf001,Morales,Franklin,L,L,COL,P,Franklin Morales,2010,"N,Colorado,Rockies"
moram002,Mora,Melvin,R,R,COL,3B,Melvin Mora,2010,"N,Colorado,Rockies"
nelsc001,Nelson,Chris,R,R,COL,2B,Chris Nelson,2010,"N,Colorado,Rockies"
olivm001,Olivo,Miguel,R,R,COL,C,Miguel Olivo,2010,"N,Colorado,Rockies"
paytj001,Payton,Jay,R,R,COL,OF,Jay Payton,2010,"N,Colorado,Rockies"
philp001,Phillips,Paul,R,R,COL,C,Paul Phillips,2010,"N,Colorado,Rockies"
reynm002,Reynolds,Matt,L,L,COL,P,Matt Reynolds,2010,"N,Colorado,Rockies"
rincj001,Rincon,Juan,R,R,COL,P,Juan Rincon,2010,"N,Colorado,Rockies"
rogee002,Rogers,Esmil,R,R,COL,P,Esmil Rogers,2010,"N,Colorado,Rockies"
smitg002,Smith,Greg,L,L,COL,P,Greg Smith,2010,"N,Colorado,Rockies"
smits002,Smith,Seth,L,L,COL,OF,Seth Smith,2010,"N,Colorado,Rockies"
spilr001,Spilborghs,Ryan,R,R,COL,OF,Ryan Spilborghs,2010,"N,Colorado,Rockies"
stewi001,Stewart,Ian,L,R,COL,3B,Ian Stewart,2010,"N,Colorado,Rockies"
streh001,Street,Huston,R,R,COL,P,Huston Street,2010,"N,Colorado,Rockies"
tulot001,Tulowitzki,Troy,R,R,COL,SS,Troy Tulowitzki,2010,"N,Colorado,Rockies"
youne003,Young,Eric,B,R,COL,2B,Eric Young,2010,"N,Colorado,Rockies"
andel002,Anderson,Lars,L,L,BOS,1B,Lars Anderson,2010,"A,Boston,Red Sox"
atchs001,Atchison,Scott,R,R,BOS,P,Scott Atchison,2010,"A,Boston,Red Sox"
bardd001,Bard,Daniel,R,R,BOS,P,Daniel Bard,2010,"A,Boston,Red Sox"
beckj002,Beckett,Josh,R,R,BOS,P,Josh Beckett,2010,"A,Boston,Red Sox"
belta001,Beltre,Adrian,R,R,BOS,3B,Adrian Beltre,2010,"A,Boston,Red Sox"
bonsb001,Bonser,Boof,R,R,BOS,P,Boof Bonser,2010,"A,Boston,Red Sox"
bowdm001,Bowden,Michael,R,R,BOS,P,Michael Bowden,2010,"A,Boston,Red Sox"
browd003,Brown,Dusty,R,R,BOS,C,Dusty Brown,2010,"A,Boston,Red Sox"
buchc001,Buchholz,Clay,L,R,BOS,P,Clay Buchholz,2010,"A,Boston,Red Sox"
cabrf002,Cabrera,Fernando,R,R,BOS,P,Fernando Cabrera,2010,"A,Boston,Red Sox"
camem001,Cameron,Mike,R,R,BOS,OF,Mike Cameron,2010,"A,Boston,Red Sox"
cashk001,Cash,Kevin,R,R,BOS,C,Kevin Cash,2010,"A,Boston,Red Sox"
coelr001,Coello,Robert,R,R,BOS,P,Robert Coello,2010,"A,Boston,Red Sox"
delcm001,Delcarmen,Manny,R,R,BOS,P,Manny Delcarmen,2010,"A,Boston,Red Sox"
doubf001,Doubront,Felix,L,L,BOS,P,Felix Doubront,2010,"A,Boston,Red Sox"
drewj001,Drew,J.D.,L,R,BOS,OF,J.D. Drew,2010,"A,Boston,Red Sox"
ellsj001,Ellsbury,Jacoby,L,L,BOS,OF,Jacoby Ellsbury,2010,"A,Boston,Red Sox"
fox-m001,Fox,Matt,R,R,BOS,P,Matt Fox,2010,"A,Boston,Red Sox"
hallb001,Hall,Bill,R,R,BOS,OF,Bill Hall,2010,"A,Boston,Red Sox"
hermj001,Hermida,Jeremy,L,R,BOS,OF,Jeremy Hermida,2010,"A,Boston,Red Sox"
hillr001,Hill,Rich,L,L,BOS,P,Rich Hill,2010,"A,Boston,Red Sox"
kalir001,Kalish,Ryan,L,L,BOS,OF,Ryan Kalish,2010,"A,Boston,Red Sox"
lackj001,Lackey,John,R,R,BOS,P,John Lackey,2010,"A,Boston,Red Sox"
lestj001,Lester,Jon,L,L,BOS,P,Jon Lester,2010,"A,Boston,Red Sox"
lopef001,Lopez,Felipe,B,R,BOS,2B,Felipe Lopez,2010,"A,Boston,Red Sox"
lowem001,Lowell,Mike,R,R,BOS,1B,Mike Lowell,2010,"A,Boston,Red Sox"
lowrj001,Lowrie,Jed,B,R,BOS,2B,Jed Lowrie,2010,"A,Boston,Red Sox"
manur001,Manuel,Robert,R,R,BOS,P,Robert Manuel,2010,"A,Boston,Red Sox"
martv001,Martinez,Victor,B,R,BOS,C,Victor Martinez,2010,"A,Boston,Red Sox"
matsd001,Matsuzaka,Daisuke,R,R,BOS,P,Daisuke Matsuzaka,2010,"A,Boston,Red Sox"
mcdod002,McDonald,Darnell,R,R,BOS,OF,Darnell McDonald,2010,"A,Boston,Red Sox"
molig002,Molina,Gustavo,R,R,BOS,C,Gustavo Molina,2010,"A,Boston,Red Sox"
navad002,Nava,Daniel,B,L,BOS,OF,Daniel Nava,2010,"A,Boston,Red Sox"
navay001,Navarro,Yamaico,R,R,BOS,SS,Yamaico Navarro,2010,"A,Boston,Red Sox"
nelsj002,Nelson,Joe,R,R,BOS,P,Joe Nelson,2010,"A,Boston,Red Sox"
okajh001,Okajima,Hideki,L,L,BOS,P,Hideki Okajima,2010,"A,Boston,Red Sox"
ortid001,Ortiz,David,L,L,BOS,DH,David Ortiz,2010,"A,Boston,Red Sox"
papej001,Papelbon,Jonathan,R,R,BOS,P,Jonathan Papelbon,2010,"A,Boston,Red Sox"
patte001,Patterson,Eric,L,R,BOS,OF,Eric Patterson,2010,"A,Boston,Red Sox"
pedrd001,Pedroia,Dustin,R,R,BOS,2B,Dustin Pedroia,2010,"A,Boston,Red Sox"
ramir003,Ramirez,Ramon,R,R,BOS,P,Ramon Ramirez,2010,"A,Boston,Red Sox"
reddj001,Reddick,Josh,L,R,BOS,OF,Josh Reddick,2010,"A,Boston,Red Sox"
richd002,Richardson,Dustin,L,L,BOS,P,Dustin Richardson,2010,"A,Boston,Red Sox"
romen001,Romero,Niuman,B,R,BOS,1B,Niuman Romero,2010,"A,Boston,Red Sox"
saltj001,Saltalamacchia,Jarrod,B,R,BOS,C,Jarrod Saltalamacchia,2010,"A,Boston,Red Sox"
sanca005,Sanchez,Angel,R,R,BOS,SS,Angel Sanchez,2010,"A,Boston,Red Sox"
schos001,Schoeneweis,Scott,L,L,BOS,P,Scott Schoeneweis,2010,"A,Boston,Red Sox"
scutm001,Scutaro,Marco,R,R,BOS,SS,Marco Scutaro,2010,"A,Boston,Red Sox"
shear001,Shealy,Ryan,R,R,BOS,1B,Ryan Shealy,2010,"A,Boston,Red Sox"
vanej001,Van Every,Jonathan,L,L,BOS,OF,Jonathan Van Every,2010,"A,Boston,Red Sox"
varij001,Varitek,Jason,B,R,BOS,C,Jason Varitek,2010,"A,Boston,Red Sox"
waket001,Wakefield,Tim,R,R,BOS,P,Tim Wakefield,2010,"A,Boston,Red Sox"
youkk001,Youkilis,Kevin,R,R,BOS,1B,Kevin Youkilis,2010,"A,Boston,Red Sox"
atkim001,Atkins,Mitch,R,R,CHN,P,Mitch Atkins,2010,"N,Chicago,Cubs"
bakej001,Baker,Jeff,R,R,CHN,3B,Jeff Baker,2010,"N,Chicago,Cubs"
barnd001,Barney,Darwin,R,R,CHN,SS,Darwin Barney,2010,"N,Chicago,Cubs"
bergj002,Berg,Justin,R,R,CHN,P,Justin Berg,2010,"N,Chicago,Cubs"
byrdm001,Byrd,Marlon,R,R,CHN,OF,Marlon Byrd,2010,"N,Chicago,Cubs"
carie001,Caridad,Esmailin,R,R,CHN,P,Esmailin Caridad,2010,"N,Chicago,Cubs"
casha001,Cashner,Andrew,R,R,CHN,P,Andrew Cashner,2010,"N,Chicago,Cubs"
casts001,Castro,Starlin,R,R,CHN,SS,Starlin Castro,2010,"N,Chicago,Cubs"
castw002,Castillo,Welington,R,R,CHN,C,Welington Castillo,2010,"N,Chicago,Cubs"
colec001,Coleman,Casey,L,R,CHN,P,Casey Coleman,2010,"N,Chicago,Cubs"
colvt001,Colvin,Tyler,L,L,CHN,OF,Tyler Colvin,2010,"N,Chicago,Cubs"
dempr002,Dempster,Ryan,R,R,CHN,P,Ryan Dempster,2010,"N,Chicago,Cubs"
dewib001,DeWitt,Blake,L,R,CHN,2B,Blake DeWitt,2010,"N,Chicago,Cubs"
diamt001,Diamond,Thomas,R,R,CHN,P,Thomas Diamond,2010,"N,Chicago,Cubs"
fontm001,Fontenot,Mike,L,R,CHN,2B,Mike Fontenot,2010,"N,Chicago,Cubs"
fukuk001,Fukudome,Kosuke,L,R,CHN,OF,Kosuke Fukudome,2010,"N,Chicago,Cubs"
fulds001,Fuld,Sam,L,L,CHN,OF,Sam Fuld,2010,"N,Chicago,Cubs"
gorzt001,Gorzelanny,Tom,L,L,CHN,P,Tom Gorzelanny,2010,"N,Chicago,Cubs"
grabj002,Grabow,John,L,L,CHN,P,John Grabow,2010,"N,Chicago,Cubs"
grayj002,Gray,Jeff,R,R,CHN,P,Jeff Gray,2010,"N,Chicago,Cubs"
hillk002,Hill,Koyie,B,R,CHN,C,Koyie Hill,2010,"N,Chicago,Cubs"
hoffm001,Hoffpauir,Micah,L,L,CHN,1B,Micah Hoffpauir,2010,"N,Chicago,Cubs"
howrb001,Howry,Bob,L,R,CHN,P,Bob Howry,2010,"N,Chicago,Cubs"
lee-d002,Lee,Derrek,R,R,CHN,1B,Derrek Lee,2010,"N,Chicago,Cubs"
lillt001,Lilly,Ted,L,L,CHN,P,Ted Lilly,2010,"N,Chicago,Cubs"
mains001,Maine,Scott,L,L,CHN,P,Scott Maine,2010,"N,Chicago,Cubs"
marmc001,Marmol,Carlos,R,R,CHN,P,Carlos Marmol,2010,"N,Chicago,Cubs"
marss002,Marshall,Sean,L,L,CHN,P,Sean Marshall,2010,"N,Chicago,Cubs"
matem001,Mateo,Marcos,R,R,CHN,P,Marcos Mateo,2010,"N,Chicago,Cubs"
nadyx001,Nady,Xavier,R,R,CHN,1B,Xavier Nady,2010,"N,Chicago,Cubs"
ramia001,Ramirez,Aramis,R,R,CHN,3B,Aramis Ramirez,2010,"N,Chicago,Cubs"
russj003,Russell,James,L,L,CHN,P,James Russell,2010,"N,Chicago,Cubs"
samaj001,Samardzija,Jeff,R,R,CHN,P,Jeff Samardzija,2010,"N,Chicago,Cubs"
scalb001,Scales,Bobby,B,R,CHN,3B,Bobby Scales,2010,"N,Chicago,Cubs"
schlb001,Schlitter,Brian,R,R,CHN,P,Brian Schlitter,2010,"N,Chicago,Cubs"
silvc001,Silva,Carlos,R,R,CHN,P,Carlos Silva,2010,"N,Chicago,Cubs"
snydb002,Snyder,Brad,L,L,CHN,OF,Brad Snyder,2010,"N,Chicago,Cubs"
soria001,Soriano,Alfonso,R,R,CHN,OF,Alfonso Soriano,2010,"N,Chicago,Cubs"
sotog001,Soto,Geovany,R,R,CHN,C,Geovany Soto,2010,"N,Chicago,Cubs"
stevj001,Stevens,Jeff,R,R,CHN,P,Jeff Stevens,2010,"N,Chicago,Cubs"
therr001,Theriot,Ryan,R,R,CHN,2B,Ryan Theriot,2010,"N,Chicago,Cubs"
tracc001,Tracy,Chad,L,R,CHN,3B,Chad Tracy,2010,"N,Chicago,Cubs"
wellr001,Wells,Randy,R,R,CHN,P,Randy Wells,2010,"N,Chicago,Cubs"
zambc001,Zambrano,Carlos,B,R,CHN,P,Carlos Zambrano,2010,"N,Chicago,Cubs"
alony001,Alonso,Yonder,L,R,CIN,1B,Yonder Alonso,2010,"N,Cincinnati,Reds"
arrob001,Arroyo,Bronson,R,R,CIN,P,Bronson Arroyo,2010,"N,Cincinnati,Reds"
bailh001,Bailey,Homer,R,R,CIN,P,Homer Bailey,2010,"N,Cincinnati,Reds"
bloow001,Bloomquist,Willie,R,R,CIN,OF,Willie Bloomquist,2010,"N,Cincinnati,Reds"
brayb001,Bray,Bill,L,L,CIN,P,Bill Bray,2010,"N,Cincinnati,Reds"
brucj001,Bruce,Jay,L,L,CIN,OF,Jay Bruce,2010,"N,Cincinnati,Reds"
burtj001,Burton,Jared,R,R,CIN,P,Jared Burton,2010,"N,Cincinnati,Reds"
cabro001,Cabrera,Orlando,R,R,CIN,SS,Orlando Cabrera,2010,"N,Cincinnati,Reds"
cairm001,Cairo,Miguel,R,R,CIN,3B,Miguel Cairo,2010,"N,Cincinnati,Reds"
chapa001,Chapman,Aroldis,L,L,CIN,P,Aroldis Chapman,2010,"N,Cincinnati,Reds"
cordf002,Cordero,Francisco,R,R,CIN,P,Francisco Cordero,2010,"N,Cincinnati,Reds"
cuetj001,Cueto,Johnny,R,R,CIN,P,Johnny Cueto,2010,"N,Cincinnati,Reds"
delre001,Del Rosario,Enerio,R,R,CIN,P,Enerio Del Rosario,2010,"N,Cincinnati,Reds"
dickc001,Dickerson,Chris,L,L,CIN,OF,Chris Dickerson,2010,"N,Cincinnati,Reds"
edmoj001,Edmonds,Jim,L,L,CIN,OF,Jim Edmonds,2010,"N,Cincinnati,Reds"
fishc001,Fisher,Carlos,R,R,CIN,P,Carlos Fisher,2010,"N,Cincinnati,Reds"
franj005,Francisco,Juan,L,R,CIN,3B,Juan Francisco,2010,"N,Cincinnati,Reds"
gomej001,Gomes,Jonny,R,R,CIN,OF,Jonny Gomes,2010,"N,Cincinnati,Reds"
hanir001,Hanigan,Ryan,R,R,CIN,C,Ryan Hanigan,2010,"N,Cincinnati,Reds"
haraa001,Harang,Aaron,R,R,CIN,P,Aaron Harang,2010,"N,Cincinnati,Reds"
heisc001,Heisey,Chris,R,R,CIN,OF,Chris Heisey,2010,"N,Cincinnati,Reds"
hernr002,Hernandez,Ramon,R,R,CIN,C,Ramon Hernandez,2010,"N,Cincinnati,Reds"
herrd001,Herrera,Danny,L,L,CIN,P,Danny Herrera,2010,"N,Cincinnati,Reds"
janip001,Janish,Paul,R,R,CIN,SS,Paul Janish,2010,"N,Cincinnati,Reds"
leakm001,Leake,Mike,R,R,CIN,P,Mike Leake,2010,"N,Cincinnati,Reds"
lecus001,LeCure,Sam,R,R,CIN,P,Sam LeCure,2010,"N,Cincinnati,Reds"
lincm001,Lincoln,Mike,R,R,CIN,P,Mike Lincoln,2010,"N,Cincinnati,Reds"
malom001,Maloney,Matt,L,L,CIN,P,Matt Maloney,2010,"N,Cincinnati,Reds"
massn001,Masset,Nick,R,R,CIN,P,Nick Masset,2010,"N,Cincinnati,Reds"
millc001,Miller,Corky,R,R,CIN,C,Corky Miller,2010,"N,Cincinnati,Reds"
nix-l001,Nix,Laynce,L,L,CIN,OF,Laynce Nix,2010,"N,Cincinnati,Reds"
ondrl001,Ondrusek,Logan,R,R,CIN,P,Logan Ondrusek,2010,"N,Cincinnati,Reds"
owinm001,Owings,Micah,R,R,CIN,P,Micah Owings,2010,"N,Cincinnati,Reds"
philb001,Phillips,Brandon,R,R,CIN,2B,Brandon Phillips,2010,"N,Cincinnati,Reds"
rhoda001,Rhodes,Arthur,L,L,CIN,P,Arthur Rhodes,2010,"N,Cincinnati,Reds"
roles001,Rolen,Scott,R,R,CIN,3B,Scott Rolen,2010,"N,Cincinnati,Reds"
smitj003,Smith,Jordan,R,R,CIN,P,Jordan Smith,2010,"N,Cincinnati,Reds"
sprir001,Springer,Russ,R,R,CIN,P,Russ Springer,2010,"N,Cincinnati,Reds"
stubd001,Stubbs,Drew,R,R,CIN,OF,Drew Stubbs,2010,"N,Cincinnati,Reds"
suttd002,Sutton,Drew,B,R,CIN,2B,Drew Sutton,2010,"N,Cincinnati,Reds"
valac001,Valaika,Chris,R,R,CIN,2B,Chris Valaika,2010,"N,Cincinnati,Reds"
volqe001,Volquez,Edinson,R,R,CIN,P,Edinson Volquez,2010,"N,Cincinnati,Reds"
vottj001,Votto,Joey,L,R,CIN,1B,Joey Votto,2010,"N,Cincinnati,Reds"
woodt004,Wood,Travis,R,L,CIN,P,Travis Wood,2010,"N,Cincinnati,Reds"
aybaw001,Aybar,Willy,B,R,TBA,DH,Willy Aybar,2010,"A,Tampa Bay,Rays"
baldr001,Baldelli,Rocco,R,R,TBA,DH,Rocco Baldelli,2010,"A,Tampa Bay,Rays"
balfg001,Balfour,Grant,R,R,TBA,P,Grant Balfour,2010,"A,Tampa Bay,Rays"
bartj001,Bartlett,Jason,R,R,TBA,SS,Jason Bartlett,2010,"A,Tampa Bay,Rays"
benoj001,Benoit,Joaquin,R,R,TBA,P,Joaquin Benoit,2010,"A,Tampa Bay,Rays"
blalh001,Blalock,Hank,L,R,TBA,DH,Hank Blalock,2010,"A,Tampa Bay,Rays"
brigr001,Brignac,Reid,L,R,TBA,2B,Reid Brignac,2010,"A,Tampa Bay,Rays"
burrp001,Burrell,Pat,R,R,TBA,DH,Pat Burrell,2010,"A,Tampa Bay,Rays"
choar001,Choate,Randy,L,L,TBA,P,Randy Choate,2010,"A,Tampa Bay,Rays"
corml001,Cormier,Lance,R,R,TBA,P,Lance Cormier,2010,"A,Tampa Bay,Rays"
crawc002,Crawford,Carl,L,L,TBA,OF,Carl Crawford,2010,"A,Tampa Bay,Rays"
daviw001,Davis,Wade,R,R,TBA,P,Wade Davis,2010,"A,Tampa Bay,Rays"
ekstm001,Ekstrom,Mike,R,R,TBA,P,Mike Ekstrom,2010,"A,Tampa Bay,Rays"
garzm001,Garza,Matt,R,R,TBA,P,Matt Garza,2010,"A,Tampa Bay,Rays"
hawpb001,Hawpe,Brad,L,L,TBA,DH,Brad Hawpe,2010,"A,Tampa Bay,Rays"
hellj001,Hellickson,Jeremy,R,R,TBA,P,Jeremy Hellickson,2010,"A,Tampa Bay,Rays"
jasoj001,Jaso,John,L,R,TBA,C,John Jaso,2010,"A,Tampa Bay,Rays"
jennd002,Jennings,Desmond,R,R,TBA,OF,Desmond Jennings,2010,"A,Tampa Bay,Rays"
johnd004,Johnson,Dan,L,R,TBA,DH,Dan Johnson,2010,"A,Tampa Bay,Rays"
joycm001,Joyce,Matthew,L,R,TBA,OF,Matthew Joyce,2010,"A,Tampa Bay,Rays"
kaplg001,Kapler,Gabe,R,R,TBA,OF,Gabe Kapler,2010,"A,Tampa Bay,Rays"
longe001,Longoria,Evan,R,R,TBA,3B,Evan Longoria,2010,"A,Tampa Bay,Rays"
mcgej001,McGee,Jake,L,L,TBA,P,Jake McGee,2010,"A,Tampa Bay,Rays"
navad001,Navarro,Dioner,B,R,TBA,C,Dioner Navarro,2010,"A,Tampa Bay,Rays"
niemj001,Niemann,Jeff,R,R,TBA,P,Jeff Niemann,2010,"A,Tampa Bay,Rays"
penac001,Pena,Carlos,L,L,TBA,1B,Carlos Pena,2010,"A,Tampa Bay,Rays"
pricd001,Price,David,L,L,TBA,P,David Price,2010,"A,Tampa Bay,Rays"
qualc001,Qualls,Chad,R,R,TBA,P,Chad Qualls,2010,"A,Tampa Bay,Rays"
rodrs002,Rodriguez,Sean,R,R,TBA,2B,Sean Rodriguez,2010,"A,Tampa Bay,Rays"
shiej002,Shields,James,R,R,TBA,P,James Shields,2010,"A,Tampa Bay,Rays"
shopk001,Shoppach,Kelly,R,R,TBA,C,Kelly Shoppach,2010,"A,Tampa Bay,Rays"
sonna001,Sonnanstine,Andy,L,R,TBA,P,Andy Sonnanstine,2010,"A,Tampa Bay,Rays"
sorir001,Soriano,Rafael,R,R,TBA,P,Rafael Soriano,2010,"A,Tampa Bay,Rays"
thayd001,Thayer,Dale,R,R,TBA,P,Dale Thayer,2010,"A,Tampa Bay,Rays"
uptob001,Upton,Melvin,R,R,TBA,OF,Melvin Upton,2010,"A,Tampa Bay,Rays"
wheed001,Wheeler,Dan,R,R,TBA,P,Dan Wheeler,2010,"A,Tampa Bay,Rays"
zobrb001,Zobrist,Ben,B,R,TBA,OF,Ben Zobrist,2010,"A,Tampa Bay,Rays"
affej001,Affeldt,Jeremy,L,L,SFN,P,Jeremy Affeldt,2010,"N,San Francisco,Giants"
bautd002,Bautista,Denny,R,R,SFN,P,Denny Bautista,2010,"N,San Francisco,Giants"
bowkj001,Bowker,John,L,L,SFN,OF,John Bowker,2010,"N,San Francisco,Giants"
bumgm001,Bumgarner,Madison,R,L,SFN,P,Madison Bumgarner,2010,"N,San Francisco,Giants"
burre001,Burriss,Emmanuel,B,R,SFN,2B,Emmanuel Burriss,2010,"N,San Francisco,Giants"
burrp001,Burrell,Pat,R,R,SFN,OF,Pat Burrell,2010,"N,San Francisco,Giants"
cainm001,Cain,Matt,R,R,SFN,P,Matt Cain,2010,"N,San Francisco,Giants"
derom001,DeRosa,Mark,R,R,SFN,OF,Mark DeRosa,2010,"N,San Francisco,Giants"
downm001,Downs,Matt,R,R,SFN,2B,Matt Downs,2010,"N,San Francisco,Giants"
fontm001,Fontenot,Mike,L,R,SFN,2B,Mike Fontenot,2010,"N,San Francisco,Giants"
fordd002,Ford,Darren,R,R,SFN,OF,Darren Ford,2010,"N,San Francisco,Giants"
garcj002,Casilla,Santiago,R,R,SFN,P,Santiago Casilla,2010,"N,San Francisco,Giants"
guilj001,Guillen,Jose,R,R,SFN,OF,Jose Guillen,2010,"N,San Francisco,Giants"
huffa001,Huff,Aubrey,L,R,SFN,1B,Aubrey Huff,2010,"N,San Francisco,Giants"
ishit001,Ishikawa,Travis,L,L,SFN,1B,Travis Ishikawa,2010,"N,San Francisco,Giants"
joaqw001,Joaquin,Waldis,R,R,SFN,P,Waldis Joaquin,2010,"N,San Francisco,Giants"
linct001,Lincecum,Tim,L,R,SFN,P,Tim Lincecum,2010,"N,San Francisco,Giants"
lopej002,Lopez,Javier,L,L,SFN,P,Javier Lopez,2010,"N,San Francisco,Giants"
martj004,Martinez,Joe,L,R,SFN,P,Joe Martinez,2010,"N,San Francisco,Giants"
meddb001,Medders,Brandon,R,R,SFN,P,Brandon Medders,2010,"N,San Francisco,Giants"
molib001,Molina,Bengie,R,R,SFN,C,Bengie Molina,2010,"N,San Francisco,Giants"
motag001,Mota,Guillermo,R,R,SFN,P,Guillermo Mota,2010,"N,San Francisco,Giants"
poseb001,Posey,Buster,R,R,SFN,C,Buster Posey,2010,"N,San Francisco,Giants"
ramir003,Ramirez,Ramon,R,R,SFN,P,Ramon Ramirez,2010,"N,San Francisco,Giants"
ray-c001,Ray,Chris,R,R,SFN,P,Chris Ray,2010,"N,San Francisco,Giants"
rente001,Renteria,Edgar,R,R,SFN,SS,Edgar Renteria,2010,"N,San Francisco,Giants"
rohlr001,Rohlinger,Ryan,R,R,SFN,SS,Ryan Rohlinger,2010,"N,San Francisco,Giants"
romos001,Romo,Sergio,R,R,SFN,P,Sergio Romo,2010,"N,San Francisco,Giants"
rossc001,Ross,Cody,R,L,SFN,OF,Cody Ross,2010,"N,San Francisco,Giants"
rowaa001,Rowand,Aaron,R,R,SFN,OF,Aaron Rowand,2010,"N,San Francisco,Giants"
runzd001,Runzler,Dan,L,L,SFN,P,Dan Runzler,2010,"N,San Francisco,Giants"
sancf001,Sanchez,Freddy,R,R,SFN,2B,Freddy Sanchez,2010,"N,San Francisco,Giants"
sancj002,Sanchez,Jonathan,L,L,SFN,P,Jonathan Sanchez,2010,"N,San Francisco,Giants"
sandp001,Sandoval,Pablo,B,R,SFN,3B,Pablo Sandoval,2010,"N,San Francisco,Giants"
schin001,Schierholtz,Nate,L,R,SFN,OF,Nate Schierholtz,2010,"N,San Francisco,Giants"
torra001,Torres,Andres,B,R,SFN,OF,Andres Torres,2010,"N,San Francisco,Giants"
uribj002,Uribe,Juan,R,R,SFN,SS,Juan Uribe,2010,"N,San Francisco,Giants"
velee001,Velez,Eugenio,B,R,SFN,OF,Eugenio Velez,2010,"N,San Francisco,Giants"
wellt002,Wellemeyer,Todd,R,R,SFN,P,Todd Wellemeyer,2010,"N,San Francisco,Giants"
white004,Whiteside,Eli,R,R,SFN,C,Eli Whiteside,2010,"N,San Francisco,Giants"
wilsb001,Wilson,Brian,R,R,SFN,P,Brian Wilson,2010,"N,San Francisco,Giants"
zitob001,Zito,Barry,L,L,SFN,P,Barry Zito,2010,"N,San Francisco,Giants"
aardd001,Aardsma,David,R,R,SEA,P,David Aardsma,2010,"A,Seattle,Mariners"
alfoe002,Alfonzo,Eliezer,R,R,SEA,C,Eliezer Alfonzo,2010,"A,Seattle,Mariners"
bardj001,Bard,Josh,B,R,SEA,C,Josh Bard,2010,"A,Seattle,Mariners"
bradm001,Bradley,Milton,B,R,SEA,OF,Milton Bradley,2010,"A,Seattle,Mariners"
branr001,Branyan,Russell,L,R,SEA,DH,Russell Branyan,2010,"A,Seattle,Mariners"
byrne001,Byrnes,Eric,R,R,SEA,OF,Eric Byrnes,2010,"A,Seattle,Mariners"
carpm001,Carp,Mike,L,R,SEA,1B,Mike Carp,2010,"A,Seattle,Mariners"
coloj001,Colome,Jesus,R,R,SEA,P,Jesus Colome,2010,"A,Seattle,Mariners"
cordc001,Cordero,Chad,R,R,SEA,P,Chad Cordero,2010,"A,Seattle,Mariners"
cortd002,Cortes,Dan,R,R,SEA,P,Dan Cortes,2010,"A,Seattle,Mariners"
figgc001,Figgins,Chone,B,R,SEA,2B,Chone Figgins,2010,"A,Seattle,Mariners"
fistd001,Fister,Doug,L,R,SEA,P,Doug Fister,2010,"A,Seattle,Mariners"
frenl001,French,Lucas,L,L,SEA,P,Lucas French,2010,"A,Seattle,Mariners"
grifk002,Griffey,Ken,L,L,SEA,DH,Ken Griffey,2010,"A,Seattle,Mariners"
gutif001,Gutierrez,Franklin,R,R,SEA,OF,Franklin Gutierrez,2010,"A,Seattle,Mariners"
halmg001,Halman,Greg,R,R,SEA,OF,Greg Halman,2010,"A,Seattle,Mariners"
hernf002,Hernandez,Felix,R,R,SEA,P,Felix Hernandez,2010,"A,Seattle,Mariners"
johnr009,Johnson,Rob,R,R,SEA,C,Rob Johnson,2010,"A,Seattle,Mariners"
kells001,Kelley,Shawn,R,R,SEA,P,Shawn Kelley,2010,"A,Seattle,Mariners"
kotcc001,Kotchman,Casey,L,L,SEA,1B,Casey Kotchman,2010,"A,Seattle,Mariners"
langr002,Langerhans,Ryan,L,L,SEA,OF,Ryan Langerhans,2010,"A,Seattle,Mariners"
leagb001,League,Brandon,R,R,SEA,P,Brandon League,2010,"A,Seattle,Mariners"
lee-c003,Lee,Cliff,L,L,SEA,P,Cliff Lee,2010,"A,Seattle,Mariners"
lopej003,Lopez,Jose,R,R,SEA,3B,Jose Lopez,2010,"A,Seattle,Mariners"
lowem002,Lowe,Mark,L,R,SEA,P,Mark Lowe,2010,"A,Seattle,Mariners"
mangm001,Mangini,Matt,L,R,SEA,3B,Matt Mangini,2010,"A,Seattle,Mariners"
moora001,Moore,Adam,R,R,SEA,C,Adam Moore,2010,"A,Seattle,Mariners"
olsog003,Olson,Garrett,R,L,SEA,P,Garrett Olson,2010,"A,Seattle,Mariners"
pauld001,Pauley,David,R,R,SEA,P,David Pauley,2010,"A,Seattle,Mariners"
quirg001,Quiroz,Guillermo,R,R,SEA,C,Guillermo Quiroz,2010,"A,Seattle,Mariners"
rowlr002,Rowland-Smith,Ryan,L,L,SEA,P,Ryan Rowland-Smith,2010,"A,Seattle,Mariners"
saunm001,Saunders,Michael,L,R,SEA,OF,Michael Saunders,2010,"A,Seattle,Mariners"
seddc001,Seddon,Chris,L,L,SEA,P,Chris Seddon,2010,"A,Seattle,Mariners"
smoaj001,Smoak,Justin,B,L,SEA,1B,Justin Smoak,2010,"A,Seattle,Mariners"
sneli001,Snell,Ian,R,R,SEA,P,Ian Snell,2010,"A,Seattle,Mariners"
suzui001,Suzuki,Ichiro,L,R,SEA,OF,Ichiro Suzuki,2010,"A,Seattle,Mariners"
sweeb001,Sweeney,Brian,R,R,SEA,P,Brian Sweeney,2010,"A,Seattle,Mariners"
sweem002,Sweeney,Mike,R,R,SEA,DH,Mike Sweeney,2010,"A,Seattle,Mariners"
texek001,Texeira,Kanekoa,R,R,SEA,P,Kanekoa Texeira,2010,"A,Seattle,Mariners"
tuiam001,Tuiasosopo,Matt,R,R,SEA,OF,Matt Tuiasosopo,2010,"A,Seattle,Mariners"
vargj001,Vargas,Jason,L,L,SEA,P,Jason Vargas,2010,"A,Seattle,Mariners"
varva001,Varvaro,Anthony,R,R,SEA,P,Anthony Varvaro,2010,"A,Seattle,Mariners"
whits002,White,Sean,R,R,SEA,P,Sean White,2010,"A,Seattle,Mariners"
wilsj002,Wilson,Jack,R,R,SEA,SS,Jack Wilson,2010,"A,Seattle,Mariners"
wilsj003,Wilson,Josh,R,R,SEA,SS,Josh Wilson,2010,"A,Seattle,Mariners"
woodc001,Woodward,Chris,R,R,SEA,SS,Chris Woodward,2010,"A,Seattle,Mariners"
wrigj001,Wright,Jamey,R,R,SEA,P,Jamey Wright,2010,"A,Seattle,Mariners"
andeb005,Anderson,Bryan,L,R,SLN,C,Bryan Anderson,2010,"N,St. Louis,Cardinals"
boggm001,Boggs,Mitchell,R,R,SLN,P,Mitchell Boggs,2010,"N,St. Louis,Cardinals"
carpc002,Carpenter,Chris,R,R,SLN,P,Chris Carpenter,2010,"N,St. Louis,Cardinals"
craia001,Craig,Allen,R,R,SLN,OF,Allen Craig,2010,"N,St. Louis,Cardinals"
descd001,Descalso,Daniel,L,R,SLN,3B,Daniel Descalso,2010,"N,St. Louis,Cardinals"
felip001,Feliz,Pedro,R,R,SLN,3B,Pedro Feliz,2010,"N,St. Louis,Cardinals"
franr001,Franklin,Ryan,R,R,SLN,P,Ryan Franklin,2010,"N,St. Louis,Cardinals"
freed001,Freese,David,R,R,SLN,3B,David Freese,2010,"N,St. Louis,Cardinals"
garcj004,Garcia,Jaime,L,L,SLN,P,Jaime Garcia,2010,"N,St. Louis,Cardinals"
greet004,Greene,Tyler,R,R,SLN,SS,Tyler Greene,2010,"N,St. Louis,Cardinals"
hamim001,Hamilton,Mark,L,L,SLN,1B,Mark Hamilton,2010,"N,St. Louis,Cardinals"
hawkb001,Hawksworth,Blake,R,R,SLN,P,Blake Hawksworth,2010,"N,St. Louis,Cardinals"
hills004,Hill,Steven,R,R,SLN,C,Steven Hill,2010,"N,St. Louis,Cardinals"
hollm001,Holliday,Matt,R,R,SLN,OF,Matt Holliday,2010,"N,St. Louis,Cardinals"
jay-j001,Jay,Jon,L,L,SLN,OF,Jon Jay,2010,"N,St. Louis,Cardinals"
laruj001,LaRue,Jason,R,R,SLN,C,Jason LaRue,2010,"N,St. Louis,Cardinals"
lohsk001,Lohse,Kyle,R,R,SLN,P,Kyle Lohse,2010,"N,St. Louis,Cardinals"
lopef001,Lopez,Felipe,B,R,SLN,3B,Felipe Lopez,2010,"N,St. Louis,Cardinals"
ludwr001,Ludwick,Ryan,R,L,SLN,OF,Ryan Ludwick,2010,"N,St. Louis,Cardinals"
macdm001,MacDougal,Mike,B,R,SLN,P,Mike MacDougal,2010,"N,St. Louis,Cardinals"
macle001,MacLane,Evan,L,L,SLN,P,Evan MacLane,2010,"N,St. Louis,Cardinals"
mathj002,Mather,Joe,R,R,SLN,OF,Joe Mather,2010,"N,St. Louis,Cardinals"
mcclk001,McClellan,Kyle,R,R,SLN,P,Kyle McClellan,2010,"N,St. Louis,Cardinals"
milea001,Miles,Aaron,B,R,SLN,2B,Aaron Miles,2010,"N,St. Louis,Cardinals"
millt002,Miller,Trever,R,L,SLN,P,Trever Miller,2010,"N,St. Louis,Cardinals"
moliy001,Molina,Yadier,R,R,SLN,C,Yadier Molina,2010,"N,St. Louis,Cardinals"
mottj001,Motte,Jason,R,R,SLN,P,Jason Motte,2010,"N,St. Louis,Cardinals"
ottaa001,Ottavino,Adam,L,R,SLN,P,Adam Ottavino,2010,"N,St. Louis,Cardinals"
pagnm001,Pagnozzi,Matt,R,R,SLN,C,Matt Pagnozzi,2010,"N,St. Louis,Cardinals"
pennb002,Penny,Brad,R,R,SLN,P,Brad Penny,2010,"N,St. Louis,Cardinals"
pujoa001,Pujols,Albert,R,R,SLN,1B,Albert Pujols,2010,"N,St. Louis,Cardinals"
rasmc001,Rasmus,Colby,L,L,SLN,OF,Colby Rasmus,2010,"N,St. Louis,Cardinals"
reyed001,Reyes,Dennys,R,L,SLN,P,Dennys Reyes,2010,"N,St. Louis,Cardinals"
ryanb002,Ryan,Brendan,R,R,SLN,SS,Brendan Ryan,2010,"N,St. Louis,Cardinals"
salaf001,Salas,Fernando,R,R,SLN,P,Fernando Salas,2010,"N,St. Louis,Cardinals"
schus001,Schumaker,Skip,L,R,SLN,2B,Skip Schumaker,2010,"N,St. Louis,Cardinals"
stavn001,Stavinoha,Nick,R,R,SLN,OF,Nick Stavinoha,2010,"N,St. Louis,Cardinals"
suppj001,Suppan,Jeff,R,R,SLN,P,Jeff Suppan,2010,"N,St. Louis,Cardinals"
waina001,Wainwright,Adam,R,R,SLN,P,Adam Wainwright,2010,"N,St. Louis,Cardinals"
waltp001,Walters,P.J.,R,R,SLN,P,P.J. Walters,2010,"N,St. Louis,Cardinals"
westj001,Westbrook,Jake,R,R,SLN,P,Jake Westbrook,2010,"N,St. Louis,Cardinals"
winnr001,Winn,Randy,B,R,SLN,OF,Randy Winn,2010,"N,St. Louis,Cardinals"
andeg001,Anderson,Garret,L,L,LAN,OF,Garret Anderson,2010,"N,Los Angeles,Dodgers"
ausmb001,Ausmus,Brad,R,R,LAN,C,Brad Ausmus,2010,"N,Los Angeles,Dodgers"
barar001,Barajas,Rod,R,R,LAN,C,Rod Barajas,2010,"N,Los Angeles,Dodgers"
belir001,Belisario,Ronald,R,R,LAN,P,Ronald Belisario,2010,"N,Los Angeles,Dodgers"
bellr002,Belliard,Ronnie,R,R,LAN,2B,Ronnie Belliard,2010,"N,Los Angeles,Dodgers"
billc001,Billingsley,Chad,R,R,LAN,P,Chad Billingsley,2010,"N,Los Angeles,Dodgers"
blakc001,Blake,Casey,R,R,LAN,3B,Casey Blake,2010,"N,Los Angeles,Dodgers"
broxj001,Broxton,Jonathan,R,R,LAN,P,Jonathan Broxton,2010,"N,Los Angeles,Dodgers"
carrj001,Carroll,Jamey,R,R,LAN,SS,Jamey Carroll,2010,"N,Los Angeles,Dodgers"
castj004,Castro,Juan,R,R,LAN,SS,Juan Castro,2010,"N,Los Angeles,Dodgers"
dewib001,DeWitt,Blake,L,R,LAN,2B,Blake DeWitt,2010,"N,Los Angeles,Dodgers"
doteo001,Dotel,Octavio,R,R,LAN,P,Octavio Dotel,2010,"N,Los Angeles,Dodgers"
elbes001,Elbert,Scott,L,L,LAN,P,Scott Elbert,2010,"N,Los Angeles,Dodgers"
ellia001,Ellis,A.J.,R,R,LAN,C,A.J. Ellis,2010,"N,Los Angeles,Dodgers"
ely-j001,Ely,John,R,R,LAN,P,John Ely,2010,"N,Los Angeles,Dodgers"
ethia001,Ethier,Andre,L,L,LAN,OF,Andre Ethier,2010,"N,Los Angeles,Dodgers"
furcr001,Furcal,Rafael,B,R,LAN,SS,Rafael Furcal,2010,"N,Los Angeles,Dodgers"
gibbj002,Gibbons,Jay,L,L,LAN,OF,Jay Gibbons,2010,"N,Los Angeles,Dodgers"
green001,Green,Nick,R,R,LAN,2B,Nick Green,2010,"N,Los Angeles,Dodgers"
haegc001,Haeger,Charlie,R,R,LAN,P,Charlie Haeger,2010,"N,Los Angeles,Dodgers"
hu--c001,Hu,Chin-lung,R,R,LAN,SS,Chin-lung Hu,2010,"N,Los Angeles,Dodgers"
jansk001,Jansen,Kenley,B,R,LAN,P,Kenley Jansen,2010,"N,Los Angeles,Dodgers"
johnr008,Johnson,Reed,R,R,LAN,OF,Reed Johnson,2010,"N,Los Angeles,Dodgers"
kempm001,Kemp,Matt,R,R,LAN,OF,Matt Kemp,2010,"N,Los Angeles,Dodgers"
kersc001,Kershaw,Clayton,L,L,LAN,P,Clayton Kershaw,2010,"N,Los Angeles,Dodgers"
kuo-h001,Kuo,Hong-Chih,L,L,LAN,P,Hong-Chih Kuo,2010,"N,Los Angeles,Dodgers"
kuroh001,Kuroda,Hiroki,R,R,LAN,P,Hiroki Kuroda,2010,"N,Los Angeles,Dodgers"
lillt001,Lilly,Ted,L,L,LAN,P,Ted Lilly,2010,"N,Los Angeles,Dodgers"
lindj003,Lindsey,John,R,R,LAN,1B,John Lindsey,2010,"N,Los Angeles,Dodgers"
linkj001,Link,Jon,R,R,LAN,P,Jon Link,2010,"N,Los Angeles,Dodgers"
lonej001,Loney,James,L,L,LAN,1B,James Loney,2010,"N,Los Angeles,Dodgers"
martr004,Martin,Russell,R,R,LAN,C,Russell Martin,2010,"N,Los Angeles,Dodgers"
mcdoj004,McDonald,James,L,R,LAN,P,James McDonald,2010,"N,Los Angeles,Dodgers"
millj002,Miller,Justin,R,R,LAN,P,Justin Miller,2010,"N,Los Angeles,Dodgers"
mitcr001,Mitchell,Russ,R,R,LAN,3B,Russ Mitchell,2010,"N,Los Angeles,Dodgers"
monac001,Monasterios,Carlos,R,R,LAN,P,Carlos Monasterios,2010,"N,Los Angeles,Dodgers"
oeltt001,Oeltjen,Trent,L,L,LAN,OF,Trent Oeltjen,2010,"N,Los Angeles,Dodgers"
ortir001,Ortiz,Russ,R,R,LAN,P,Russ Ortiz,2010,"N,Los Angeles,Dodgers"
ortir002,Ortiz,Ramon,R,R,LAN,P,Ramon Ortiz,2010,"N,Los Angeles,Dodgers"
padiv001,Padilla,Vicente,R,R,LAN,P,Vicente Padilla,2010,"N,Los Angeles,Dodgers"
paulx001,Paul,Xavier,L,R,LAN,OF,Xavier Paul,2010,"N,Los Angeles,Dodgers"
podss001,Podsednik,Scott,L,L,LAN,OF,Scott Podsednik,2010,"N,Los Angeles,Dodgers"
ramim002,Ramirez,Manny,R,R,LAN,OF,Manny Ramirez,2010,"N,Los Angeles,Dodgers"
schlt001,Schlichting,Travis,R,R,LAN,P,Travis Schlichting,2010,"N,Los Angeles,Dodgers"
sherg001,Sherrill,George,L,L,LAN,P,George Sherrill,2010,"N,Los Angeles,Dodgers"
tascj001,Taschner,Jack,L,L,LAN,P,Jack Taschner,2010,"N,Los Angeles,Dodgers"
therr001,Theriot,Ryan,R,R,LAN,2B,Ryan Theriot,2010,"N,Los Angeles,Dodgers"
tronr001,Troncoso,Ramon,R,R,LAN,P,Ramon Troncoso,2010,"N,Los Angeles,Dodgers"
weavj002,Weaver,Jeff,R,R,LAN,P,Jeff Weaver,2010,"N,Los Angeles,Dodgers"
ankir001,Ankiel,Rick,L,L,KCA,OF,Rick Ankiel,2010,"A,Kansas City,Royals"
avilm001,Aviles,Mike,R,R,KCA,2B,Mike Aviles,2010,"A,Kansas City,Royals"
bannb001,Bannister,Brian,R,R,KCA,P,Brian Bannister,2010,"A,Kansas City,Royals"
betay001,Betancourt,Yuniesky,R,R,KCA,SS,Yuniesky Betancourt,2010,"A,Kansas City,Royals"
betew001,Betemit,Wilson,B,R,KCA,3B,Wilson Betemit,2010,"A,Kansas City,Royals"
blang001,Blanco,Gregor,L,L,KCA,OF,Gregor Blanco,2010,"A,Kansas City,Royals"
bloow001,Bloomquist,Willie,R,R,KCA,OF,Willie Bloomquist,2010,"A,Kansas City,Royals"
bullb001,Bullington,Bryan,R,R,KCA,P,Bryan Bullington,2010,"A,Kansas City,Royals"
butlb003,Butler,Billy,R,R,KCA,1B,Billy Butler,2010,"A,Kansas City,Royals"
calla001,Callaspo,Alberto,B,R,KCA,3B,Alberto Callaspo,2010,"A,Kansas City,Royals"
chavj001,Chavez,Jesse,R,R,KCA,P,Jesse Chavez,2010,"A,Kansas City,Royals"
chenb001,Chen,Bruce,L,L,KCA,P,Bruce Chen,2010,"A,Kansas City,Royals"
color001,Colon,Roman,R,R,KCA,P,Roman Colon,2010,"A,Kansas City,Royals"
cruzj005,Cruz,Juan,R,R,KCA,P,Juan Cruz,2010,"A,Kansas City,Royals"
davik002,Davies,Kyle,R,R,KCA,P,Kyle Davies,2010,"A,Kansas City,Royals"
dejed001,DeJesus,David,L,L,KCA,OF,David DeJesus,2010,"A,Kansas City,Royals"
dysoj001,Dyson,Jarrod,L,R,KCA,OF,Jarrod Dyson,2010,"A,Kansas City,Royals"
farnk001,Farnsworth,Kyle,R,R,KCA,P,Kyle Farnsworth,2010,"A,Kansas City,Royals"
fielj001,Fields,Josh,R,R,KCA,3B,Josh Fields,2010,"A,Kansas City,Royals"
getzc001,Getz,Chris,L,R,KCA,2B,Chris Getz,2010,"A,Kansas City,Royals"
gorda001,Gordon,Alex,L,R,KCA,OF,Alex Gordon,2010,"A,Kansas City,Royals"
greiz001,Greinke,Zack,R,R,KCA,P,Zack Greinke,2010,"A,Kansas City,Royals"
guilj001,Guillen,Jose,R,R,KCA,DH,Jose Guillen,2010,"A,Kansas City,Royals"
hochl001,Hochevar,Luke,R,R,KCA,P,Luke Hochevar,2010,"A,Kansas City,Royals"
hollg001,Holland,Greg,R,R,KCA,P,Greg Holland,2010,"A,Kansas City,Royals"
hughd001,Hughes,Dusty,L,L,KCA,P,Dusty Hughes,2010,"A,Kansas City,Royals"
humbp001,Humber,Philip,R,R,KCA,P,Philip Humber,2010,"A,Kansas City,Royals"
kaaik001,Ka'aihue,Kila,L,R,KCA,1B,Kila Ka'aihue,2010,"A,Kansas City,Royals"
kendj001,Kendall,Jason,R,R,KCA,C,Jason Kendall,2010,"A,Kansas City,Royals"
lerea001,Lerew,Anthony,L,R,KCA,P,Anthony Lerew,2010,"A,Kansas City,Royals"
maiem001,Maier,Mitch,L,R,KCA,OF,Mitch Maier,2010,"A,Kansas City,Royals"
martv002,Marte,Victor,R,R,KCA,P,Victor Marte,2010,"A,Kansas City,Royals"
may-l001,May,Lucas,R,R,KCA,C,Lucas May,2010,"A,Kansas City,Royals"
mechg001,Meche,Gil,R,R,KCA,P,Gil Meche,2010,"A,Kansas City,Royals"
mendl001,Mendoza,Luis,R,R,KCA,P,Luis Mendoza,2010,"A,Kansas City,Royals"
millj004,Miller,Jai,R,R,KCA,OF,Jai Miller,2010,"A,Kansas City,Royals"
osuls001,O'Sullivan,Sean,R,R,KCA,P,Sean O'Sullivan,2010,"A,Kansas City,Royals"
parrj003,Parrish,John,L,L,KCA,P,John Parrish,2010,"A,Kansas City,Royals"
penab002,Pena,Brayan,B,R,KCA,C,Brayan Pena,2010,"A,Kansas City,Royals"
podss001,Podsednik,Scott,L,L,KCA,OF,Scott Podsednik,2010,"A,Kansas City,Royals"
rupej001,Rupe,Josh,R,R,KCA,P,Josh Rupe,2010,"A,Kansas City,Royals"
sorij001,Soria,Joakim,R,R,KCA,P,Joakim Soria,2010,"A,Kansas City,Royals"
tejer001,Tejeda,Rob,R,R,KCA,P,Rob Tejeda,2010,"A,Kansas City,Royals"
texek001,Texeira,Kanekoa,R,R,KCA,P,Kanekoa Texeira,2010,"A,Kansas City,Royals"
thomb002,Thompson,Brad,R,R,KCA,P,Brad Thompson,2010,"A,Kansas City,Royals"
woodb004,Wood,Blake,R,R,KCA,P,Blake Wood,2010,"A,Kansas City,Royals"
aceva001,Aceves,Alfredo,R,R,NYA,P,Alfredo Aceves,2010,"A,New York,Yankees"
albaj001,Albaladejo,Jonathan,R,R,NYA,P,Jonathan Albaladejo,2010,"A,New York,Yankees"
berkl001,Berkman,Lance,B,L,NYA,DH,Lance Berkman,2010,"A,New York,Yankees"
burna001,Burnett,A.J.,R,R,NYA,P,A.J. Burnett,2010,"A,New York,Yankees"
canor001,Cano,Robinson,L,R,NYA,2B,Robinson Cano,2010,"A,New York,Yankees"
cervf001,Cervelli,Francisco,R,R,NYA,C,Francisco Cervelli,2010,"A,New York,Yankees"
chamj002,Chamberlain,Joba,R,R,NYA,P,Joba Chamberlain,2010,"A,New York,Yankees"
curtc002,Curtis,Colin,L,L,NYA,OF,Colin Curtis,2010,"A,New York,Yankees"
gardb001,Gardner,Brett,L,L,NYA,OF,Brett Gardner,2010,"A,New York,Yankees"
gaudc001,Gaudin,Chad,R,R,NYA,P,Chad Gaudin,2010,"A,New York,Yankees"
golsg001,Golson,Greg,R,R,NYA,OF,Greg Golson,2010,"A,New York,Yankees"
granc001,Granderson,Curtis,L,R,NYA,OF,Curtis Granderson,2010,"A,New York,Yankees"
huffc001,Huffman,Chad,R,R,NYA,OF,Chad Huffman,2010,"A,New York,Yankees"
hughp001,Hughes,Phil,R,R,NYA,P,Phil Hughes,2010,"A,New York,Yankees"
jeted001,Jeter,Derek,R,R,NYA,SS,Derek Jeter,2010,"A,New York,Yankees"
johnn001,Johnson,Nick,L,L,NYA,DH,Nick Johnson,2010,"A,New York,Yankees"
keara001,Kearns,Austin,R,R,NYA,OF,Austin Kearns,2010,"A,New York,Yankees"
logab001,Logan,Boone,R,L,NYA,P,Boone Logan,2010,"A,New York,Yankees"
martd004,Marte,Damaso,L,L,NYA,P,Damaso Marte,2010,"A,New York,Yankees"
melam001,Melancon,Mark,R,R,NYA,P,Mark Melancon,2010,"A,New York,Yankees"
miraj001,Miranda,Juan,L,L,NYA,DH,Juan Miranda,2010,"A,New York,Yankees"
mitrs001,Mitre,Sergio,R,R,NYA,P,Sergio Mitre,2010,"A,New York,Yankees"
moelc001,Moeller,Chad,R,R,NYA,C,Chad Moeller,2010,"A,New York,Yankees"
mosed001,Moseley,Dustin,R,R,NYA,P,Dustin Moseley,2010,"A,New York,Yankees"
novai001,Nova,Ivan,R,R,NYA,P,Ivan Nova,2010,"A,New York,Yankees"
nunee002,Nunez,Eduardo,R,R,NYA,3B,Eduardo Nunez,2010,"A,New York,Yankees"
parkc002,Park,Chan Ho,R,R,NYA,P,Chan Ho Park,2010,"A,New York,Yankees"
penar002,Pena,Ramiro,B,R,NYA,3B,Ramiro Pena,2010,"A,New York,Yankees"
petta001,Pettitte,Andy,L,L,NYA,P,Andy Pettitte,2010,"A,New York,Yankees"
posaj001,Posada,Jorge,B,R,NYA,C,Jorge Posada,2010,"A,New York,Yankees"
ringr001,Ring,Royce,L,L,NYA,P,Royce Ring,2010,"A,New York,Yankees"
rivem002,Rivera,Mariano,R,R,NYA,P,Mariano Rivera,2010,"A,New York,Yankees"
robed002,Robertson,David,R,R,NYA,P,David Robertson,2010,"A,New York,Yankees"
rodra001,Rodriguez,Alex,R,R,NYA,3B,Alex Rodriguez,2010,"A,New York,Yankees"
russk001,Russo,Kevin,R,R,NYA,3B,Kevin Russo,2010,"A,New York,Yankees"
sabac001,Sabathia,CC,L,L,NYA,P,CC Sabathia,2010,"A,New York,Yankees"
sancr002,Sanchez,Romulo,R,R,NYA,P,Romulo Sanchez,2010,"A,New York,Yankees"
swisn001,Swisher,Nick,B,L,NYA,OF,Nick Swisher,2010,"A,New York,Yankees"
teixm001,Teixeira,Mark,B,R,NYA,1B,Mark Teixeira,2010,"A,New York,Yankees"
thamm001,Thames,Marcus,R,R,NYA,DH,Marcus Thames,2010,"A,New York,Yankees"
vazqj001,Vazquez,Javier,R,R,NYA,P,Javier Vazquez,2010,"A,New York,Yankees"
winnr001,Winn,Randy,B,R,NYA,OF,Randy Winn,2010,"A,New York,Yankees"
woodk002,Wood,Kerry,R,R,NYA,P,Kerry Wood,2010,"A,New York,Yankees"
abreb001,Abreu,Bobby,L,R,ANA,OF,Bobby Abreu,2010,"A,Anaheim,Angels"
aldrc001,Aldridge,Cory,L,R,ANA,OF,Cory Aldridge,2010,"A,Anaheim,Angels"
aybae001,Aybar,Erick,B,R,ANA,SS,Erick Aybar,2010,"A,Anaheim,Angels"
bellt002,Bell,Trevor,L,R,ANA,P,Trevor Bell,2010,"A,Anaheim,Angels"
bourp001,Bourjos,Peter,R,R,ANA,OF,Peter Bourjos,2010,"A,Anaheim,Angels"
buddr001,Budde,Ryan,R,R,ANA,C,Ryan Budde,2010,"A,Anaheim,Angels"
bulgj001,Bulger,Jason,R,R,ANA,P,Jason Bulger,2010,"A,Anaheim,Angels"
calla001,Callaspo,Alberto,B,R,ANA,3B,Alberto Callaspo,2010,"A,Anaheim,Angels"
cassb001,Cassevah,Bobby,R,R,ANA,P,Bobby Cassevah,2010,"A,Anaheim,Angels"
congh001,Conger,Hank,B,R,ANA,C,Hank Conger,2010,"A,Anaheim,Angels"
evant002,Evans,Terry,R,R,ANA,OF,Terry Evans,2010,"A,Anaheim,Angels"
frank001,Frandsen,Kevin,R,R,ANA,3B,Kevin Frandsen,2010,"A,Anaheim,Angels"
fuenb001,Fuentes,Brian,L,L,ANA,P,Brian Fuentes,2010,"A,Anaheim,Angels"
hared001,Haren,Dan,R,R,ANA,P,Dan Haren,2010,"A,Anaheim,Angels"
huntt001,Hunter,Torii,R,R,ANA,OF,Torii Hunter,2010,"A,Anaheim,Angels"
iztum001,Izturis,Maicer,B,R,ANA,3B,Maicer Izturis,2010,"A,Anaheim,Angels"
jepsk001,Jepsen,Kevin,R,R,ANA,P,Kevin Jepsen,2010,"A,Anaheim,Angels"
kazms001,Kazmir,Scott,L,L,ANA,P,Scott Kazmir,2010,"A,Anaheim,Angels"
kendh001,Kendrick,Howie,R,R,ANA,2B,Howie Kendrick,2010,"A,Anaheim,Angels"
kohnm001,Kohn,Michael,R,R,ANA,P,Michael Kohn,2010,"A,Anaheim,Angels"
mathj001,Mathis,Jeff,R,R,ANA,C,Jeff Mathis,2010,"A,Anaheim,Angels"
matsh001,Matsui,Hideki,L,R,ANA,DH,Hideki Matsui,2010,"A,Anaheim,Angels"
mcanp001,McAnulty,Paul,L,R,ANA,1B,Paul McAnulty,2010,"A,Anaheim,Angels"
morak001,Morales,Kendrys,B,R,ANA,1B,Kendrys Morales,2010,"A,Anaheim,Angels"
napom001,Napoli,Mike,R,R,ANA,1B,Mike Napoli,2010,"A,Anaheim,Angels"
osuls001,O'Sullivan,Sean,R,R,ANA,P,Sean O'Sullivan,2010,"A,Anaheim,Angels"
palmm001,Palmer,Matt,R,R,ANA,P,Matt Palmer,2010,"A,Anaheim,Angels"
pinej001,Pineiro,Joel,R,R,ANA,P,Joel Pineiro,2010,"A,Anaheim,Angels"
quinr002,Quinlan,Robb,R,R,ANA,1B,Robb Quinlan,2010,"A,Anaheim,Angels"
rivej001,Rivera,Juan,R,R,ANA,OF,Juan Rivera,2010,"A,Anaheim,Angels"
rodnf001,Rodney,Fernando,R,R,ANA,P,Fernando Rodney,2010,"A,Anaheim,Angels"
rodrf005,Rodriguez,Francisco,R,R,ANA,P,Francisco Rodriguez,2010,"A,Anaheim,Angels"
rodrr006,Rodriguez,Rafael,R,R,ANA,P,Rafael Rodriguez,2010,"A,Anaheim,Angels"
romia001,Romine,Andrew,B,R,ANA,SS,Andrew Romine,2010,"A,Anaheim,Angels"
ryanm001,Ryan,Mike,L,R,ANA,OF,Mike Ryan,2010,"A,Anaheim,Angels"
sante001,Santana,Ervin,R,R,ANA,P,Ervin Santana,2010,"A,Anaheim,Angels"
saunj001,Saunders,Joe,L,L,ANA,P,Joe Saunders,2010,"A,Anaheim,Angels"
shies002,Shields,Scot,R,R,ANA,P,Scot Shields,2010,"A,Anaheim,Angels"
stokb001,Stokes,Brian,R,R,ANA,P,Brian Stokes,2010,"A,Anaheim,Angels"
thomr006,Thompson,Rich,R,R,ANA,P,Rich Thompson,2010,"A,Anaheim,Angels"
trumm001,Trumbo,Mark,R,R,ANA,1B,Mark Trumbo,2010,"A,Anaheim,Angels"
waldj001,Walden,Jordan,R,R,ANA,P,Jordan Walden,2010,"A,Anaheim,Angels"
weavj003,Weaver,Jered,R,R,ANA,P,Jered Weaver,2010,"A,Anaheim,Angels"
willr004,Willits,Reggie,B,R,ANA,OF,Reggie Willits,2010,"A,Anaheim,Angels"
wilsb002,Wilson,Bobby,R,R,ANA,C,Bobby Wilson,2010,"A,Anaheim,Angels"
woodb003,Wood,Brandon,R,R,ANA,3B,Brandon Wood,2010,"A,Anaheim,Angels"
ankir001,Ankiel,Rick,L,L,ATL,OF,Rick Ankiel,2010,"N,Atlanta,Braves"
beacb001,Beachy,Brandon,R,R,ATL,P,Brandon Beachy,2010,"N,Atlanta,Braves"
blang001,Blanco,Gregor,L,L,ATL,OF,Gregor Blanco,2010,"N,Atlanta,Braves"
boscj001,Boscan,J.C.,R,R,ATL,C,J.C. Boscan,2010,"N,Atlanta,Braves"
cabrm002,Cabrera,Melky,B,L,ATL,OF,Melky Cabrera,2010,"N,Atlanta,Braves"
chavj001,Chavez,Jesse,R,R,ATL,P,Jesse Chavez,2010,"N,Atlanta,Braves"
clevb001,Clevlen,Brent,R,R,ATL,OF,Brent Clevlen,2010,"N,Atlanta,Braves"
conrb001,Conrad,Brooks,B,R,ATL,3B,Brooks Conrad,2010,"N,Atlanta,Braves"
diazm003,Diaz,Matt,R,R,ATL,OF,Matt Diaz,2010,"N,Atlanta,Braves"
dunnm002,Dunn,Michael,L,L,ATL,P,Michael Dunn,2010,"N,Atlanta,Braves"
escoy001,Escobar,Yunel,R,R,ATL,SS,Yunel Escobar,2010,"N,Atlanta,Braves"
farnk001,Farnsworth,Kyle,R,R,ATL,P,Kyle Farnsworth,2010,"N,Atlanta,Braves"
freef001,Freeman,Freddie,L,R,ATL,1B,Freddie Freeman,2010,"N,Atlanta,Braves"
glaut001,Glaus,Troy,R,R,ATL,1B,Troy Glaus,2010,"N,Atlanta,Braves"
gonza002,Gonzalez,Alex,R,R,ATL,SS,Alex Gonzalez,2010,"N,Atlanta,Braves"
hanst001,Hanson,Tommy,R,R,ATL,P,Tommy Hanson,2010,"N,Atlanta,Braves"
hernd001,Hernandez,Diory,R,R,ATL,SS,Diory Hernandez,2010,"N,Atlanta,Braves"
heywj001,Heyward,Jason,L,L,ATL,OF,Jason Heyward,2010,"N,Atlanta,Braves"
hickb002,Hicks,Brandon,R,R,ATL,3B,Brandon Hicks,2010,"N,Atlanta,Braves"
hinse001,Hinske,Eric,L,R,ATL,OF,Eric Hinske,2010,"N,Atlanta,Braves"
hudst001,Hudson,Tim,R,R,ATL,P,Tim Hudson,2010,"N,Atlanta,Braves"
infao001,Infante,Omar,R,R,ATL,2B,Omar Infante,2010,"N,Atlanta,Braves"
jonec004,Jones,Chipper,B,R,ATL,3B,Chipper Jones,2010,"N,Atlanta,Braves"
jurrj001,Jurrjens,Jair,R,R,ATL,P,Jair Jurrjens,2010,"N,Atlanta,Braves"
kawak001,Kawakami,Kenshin,R,R,ATL,P,Kenshin Kawakami,2010,"N,Atlanta,Braves"
kimbc001,Kimbrel,Craig,R,R,ATL,P,Craig Kimbrel,2010,"N,Atlanta,Braves"
lee-d002,Lee,Derrek,R,R,ATL,1B,Derrek Lee,2010,"N,Atlanta,Braves"
lowed001,Lowe,Derek,R,R,ATL,P,Derek Lowe,2010,"N,Atlanta,Braves"
martc005,Martinez,Cristhian,R,R,ATL,P,Cristhian Martinez,2010,"N,Atlanta,Braves"
mccab002,McCann,Brian,L,R,ATL,C,Brian McCann,2010,"N,Atlanta,Braves"
mclon001,McLouth,Nate,L,R,ATL,OF,Nate McLouth,2010,"N,Atlanta,Braves"
medlk001,Medlen,Kris,B,R,ATL,P,Kris Medlen,2010,"N,Atlanta,Braves"
minom001,Minor,Mike,R,L,ATL,P,Mike Minor,2010,"N,Atlanta,Braves"
moylp001,Moylan,Peter,R,R,ATL,P,Peter Moylan,2010,"N,Atlanta,Braves"
oflae001,O'Flaherty,Eric,L,L,ATL,P,Eric O'Flaherty,2010,"N,Atlanta,Braves"
pradm001,Prado,Martin,R,R,ATL,2B,Martin Prado,2010,"N,Atlanta,Braves"
procs001,Proctor,Scott,R,R,ATL,P,Scott Proctor,2010,"N,Atlanta,Braves"
resoc001,Resop,Chris,R,R,ATL,P,Chris Resop,2010,"N,Atlanta,Braves"
reyej003,Reyes,Jo-Jo,L,L,ATL,P,Jo-Jo Reyes,2010,"N,Atlanta,Braves"
rossd001,Ross,David,R,R,ATL,C,David Ross,2010,"N,Atlanta,Braves"
saitt001,Saito,Takashi,L,R,ATL,P,Takashi Saito,2010,"N,Atlanta,Braves"
ventj001,Venters,Jonny,L,L,ATL,P,Jonny Venters,2010,"N,Atlanta,Braves"
wagnb001,Wagner,Billy,L,L,ATL,P,Billy Wagner,2010,"N,Atlanta,Braves"
albem001,Albers,Matt,L,R,BAL,P,Matt Albers,2010,"A,Baltimore,Orioles"
andir001,Andino,Robert,R,R,BAL,2B,Robert Andino,2010,"A,Baltimore,Orioles"
arrij001,Arrieta,Jake,R,R,BAL,P,Jake Arrieta,2010,"A,Baltimore,Orioles"
atkig001,Atkins,Garrett,R,R,BAL,1B,Garrett Atkins,2010,"A,Baltimore,Orioles"
bellj004,Bell,Josh,B,R,BAL,3B,Josh Bell,2010,"A,Baltimore,Orioles"
bergb002,Bergesen,Brad,L,R,BAL,P,Brad Bergesen,2010,"A,Baltimore,Orioles"
berkj001,Berken,Jason,R,R,BAL,P,Jason Berken,2010,"A,Baltimore,Orioles"
casta002,Castillo,Alberto,L,L,BAL,P,Alberto Castillo,2010,"A,Baltimore,Orioles"
fox-j001,Fox,Jake,R,R,BAL,DH,Jake Fox,2010,"A,Baltimore,Orioles"
gabia001,Gabino,Armando,R,R,BAL,P,Armando Gabino,2010,"A,Baltimore,Orioles"
gonzm001,Gonzalez,Mike,R,L,BAL,P,Mike Gonzalez,2010,"A,Baltimore,Orioles"
guthj001,Guthrie,Jeremy,R,R,BAL,P,Jeremy Guthrie,2010,"A,Baltimore,Orioles"
hendm001,Hendrickson,Mark,L,L,BAL,P,Mark Hendrickson,2010,"A,Baltimore,Orioles"
hernd002,Hernandez,David,R,R,BAL,P,David Hernandez,2010,"A,Baltimore,Orioles"
hughr001,Hughes,Rhyne,L,L,BAL,1B,Rhyne Hughes,2010,"A,Baltimore,Orioles"
iztuc001,Izturis,Cesar,B,R,BAL,SS,Cesar Izturis,2010,"A,Baltimore,Orioles"
johnj010,Johnson,Jim,R,R,BAL,P,Jim Johnson,2010,"A,Baltimore,Orioles"
jonea003,Jones,Adam,R,R,BAL,OF,Adam Jones,2010,"A,Baltimore,Orioles"
lugoj001,Lugo,Julio,R,R,BAL,2B,Julio Lugo,2010,"A,Baltimore,Orioles"
markn001,Markakis,Nick,L,L,BAL,OF,Nick Markakis,2010,"A,Baltimore,Orioles"
mataf001,Mata,Frank,R,R,BAL,P,Frank Mata,2010,"A,Baltimore,Orioles"
matub001,Matusz,Brian,L,L,BAL,P,Brian Matusz,2010,"A,Baltimore,Orioles"
merec001,Meredith,Cla,R,R,BAL,P,Cla Meredith,2010,"A,Baltimore,Orioles"
mickk001,Mickolio,Kameron,R,R,BAL,P,Kameron Mickolio,2010,"A,Baltimore,Orioles"
millk004,Millwood,Kevin,R,R,BAL,P,Kevin Millwood,2010,"A,Baltimore,Orioles"
montl001,Montanez,Luis,R,R,BAL,OF,Luis Montanez,2010,"A,Baltimore,Orioles"
moors001,Moore,Scott,L,R,BAL,2B,Scott Moore,2010,"A,Baltimore,Orioles"
ohmaw001,Ohman,Will,L,L,BAL,P,Will Ohman,2010,"A,Baltimore,Orioles"
pattc001,Patterson,Corey,L,R,BAL,OF,Corey Patterson,2010,"A,Baltimore,Orioles"
pattt001,Patton,Troy,B,L,BAL,P,Troy Patton,2010,"A,Baltimore,Orioles"
pie-f001,Pie,Felix,L,L,BAL,OF,Felix Pie,2010,"A,Baltimore,Orioles"
reimn001,Reimold,Nolan,R,R,BAL,OF,Nolan Reimold,2010,"A,Baltimore,Orioles"
robeb003,Roberts,Brian,B,R,BAL,2B,Brian Roberts,2010,"A,Baltimore,Orioles"
scotl001,Scott,Luke,L,R,BAL,DH,Luke Scott,2010,"A,Baltimore,Orioles"
simoa001,Simon,Alfredo,R,R,BAL,P,Alfredo Simon,2010,"A,Baltimore,Orioles"
snydb003,Snyder,Brandon,R,R,BAL,1B,Brandon Snyder,2010,"A,Baltimore,Orioles"
tatuc001,Tatum,Craig,R,R,BAL,C,Craig Tatum,2010,"A,Baltimore,Orioles"
tejam001,Tejada,Miguel,R,R,BAL,3B,Miguel Tejada,2010,"A,Baltimore,Orioles"
tillc001,Tillman,Chris,R,R,BAL,P,Chris Tillman,2010,"A,Baltimore,Orioles"
turnj001,Turner,Justin,R,R,BAL,2B,Justin Turner,2010,"A,Baltimore,Orioles"
uehak001,Uehara,Koji,R,R,BAL,P,Koji Uehara,2010,"A,Baltimore,Orioles"
vandr001,van den Hurk,Rick,R,R,BAL,P,Rick van den Hurk,2010,"A,Baltimore,Orioles"
violp001,Viola,Pedro,R,L,BAL,P,Pedro Viola,2010,"A,Baltimore,Orioles"
wietm001,Wieters,Matt,B,R,BAL,C,Matt Wieters,2010,"A,Baltimore,Orioles"
wiggt001,Wigginton,Ty,R,R,BAL,1B,Ty Wigginton,2010,"A,Baltimore,Orioles"
alvap001,Alvarez,Pedro,L,R,PIT,3B,Pedro Alvarez,2010,"N,Pittsburgh,Pirates"
bassb001,Bass,Brian,R,R,PIT,P,Brian Bass,2010,"N,Pittsburgh,Pirates"
bowkj001,Bowker,John,L,L,PIT,OF,John Bowker,2010,"N,Pittsburgh,Pirates"
burrb001,Burres,Brian,L,L,PIT,P,Brian Burres,2010,"N,Pittsburgh,Pirates"
carrd001,Carrasco,D.J.,R,R,PIT,P,D.J. Carrasco,2010,"N,Pittsburgh,Pirates"
ceder002,Cedeno,Ronny,R,R,PIT,SS,Ronny Cedeno,2010,"N,Pittsburgh,Pirates"
churr001,Church,Ryan,L,L,PIT,OF,Ryan Church,2010,"N,Pittsburgh,Pirates"
cirip001,Ciriaco,Pedro,R,R,PIT,SS,Pedro Ciriaco,2010,"N,Pittsburgh,Pirates"
clemj001,Clement,Jeff,L,R,PIT,1B,Jeff Clement,2010,"N,Pittsburgh,Pirates"
crosb002,Crosby,Bobby,R,R,PIT,SS,Bobby Crosby,2010,"N,Pittsburgh,Pirates"
diaza002,Diaz,Argenis,R,R,PIT,SS,Argenis Diaz,2010,"N,Pittsburgh,Pirates"
donnb001,Donnelly,Brendan,R,R,PIT,P,Brendan Donnelly,2010,"N,Pittsburgh,Pirates"
doteo001,Dotel,Octavio,R,R,PIT,P,Octavio Dotel,2010,"N,Pittsburgh,Pirates"
doumr001,Doumit,Ryan,B,R,PIT,C,Ryan Doumit,2010,"N,Pittsburgh,Pirates"
dukez001,Duke,Zach,L,L,PIT,P,Zach Duke,2010,"N,Pittsburgh,Pirates"
eveld001,Eveland,Dana,L,L,PIT,P,Dana Eveland,2010,"N,Pittsburgh,Pirates"
galls001,Gallagher,Sean,R,R,PIT,P,Sean Gallagher,2010,"N,Pittsburgh,Pirates"
hanrj001,Hanrahan,Joel,R,R,PIT,P,Joel Hanrahan,2010,"N,Pittsburgh,Pirates"
iwama001,Iwamura,Akinori,L,R,PIT,2B,Akinori Iwamura,2010,"N,Pittsburgh,Pirates"
jacks001,Jackson,Steven,R,R,PIT,P,Steven Jackson,2010,"N,Pittsburgh,Pirates"
jakuc001,Jakubauskas,Chris,L,R,PIT,P,Chris Jakubauskas,2010,"N,Pittsburgh,Pirates"
jaraj001,Jaramillo,Jason,B,R,PIT,C,Jason Jaramillo,2010,"N,Pittsburgh,Pirates"
joneg002,Jones,Garrett,L,L,PIT,1B,Garrett Jones,2010,"N,Pittsburgh,Pirates"
karsj001,Karstens,Jeff,R,R,PIT,P,Jeff Karstens,2010,"N,Pittsburgh,Pirates"
krate001,Kratz,Erik,R,R,PIT,C,Erik Kratz,2010,"N,Pittsburgh,Pirates"
laroa002,LaRoche,Andy,R,R,PIT,3B,Andy LaRoche,2010,"N,Pittsburgh,Pirates"
ledew001,Ledezma,Wil,L,L,PIT,P,Wil Ledezma,2010,"N,Pittsburgh,Pirates"
leroc001,Leroux,Chris,L,R,PIT,P,Chris Leroux,2010,"N,Pittsburgh,Pirates"
lincb001,Lincoln,Brad,L,R,PIT,P,Brad Lincoln,2010,"N,Pittsburgh,Pirates"
lopej002,Lopez,Javier,L,L,PIT,P,Javier Lopez,2010,"N,Pittsburgh,Pirates"
mahop002,Maholm,Paul,L,L,PIT,P,Paul Maholm,2010,"N,Pittsburgh,Pirates"
martj004,Martinez,Joe,L,R,PIT,P,Joe Martinez,2010,"N,Pittsburgh,Pirates"
mccua001,McCutchen,Andrew,R,R,PIT,OF,Andrew McCutchen,2010,"N,Pittsburgh,Pirates"
mccud001,McCutchen,Daniel,R,R,PIT,P,Daniel McCutchen,2010,"N,Pittsburgh,Pirates"
mcdoj004,McDonald,James,L,R,PIT,P,James McDonald,2010,"N,Pittsburgh,Pirates"
meeke001,Meek,Evan,R,R,PIT,P,Evan Meek,2010,"N,Pittsburgh,Pirates"
milll002,Milledge,Lastings,R,R,PIT,OF,Lastings Milledge,2010,"N,Pittsburgh,Pirates"
mortc002,Morton,Charlie,R,R,PIT,P,Charlie Morton,2010,"N,Pittsburgh,Pirates"
mossb001,Moss,Brandon,L,R,PIT,OF,Brandon Moss,2010,"N,Pittsburgh,Pirates"
ohler001,Ohlendorf,Ross,R,R,PIT,P,Ross Ohlendorf,2010,"N,Pittsburgh,Pirates"
parkc002,Park,Chan Ho,R,R,PIT,P,Chan Ho Park,2010,"N,Pittsburgh,Pirates"
pears001,Pearce,Steve,R,R,PIT,1B,Steve Pearce,2010,"N,Pittsburgh,Pirates"
pennh001,Penn,Hayden,R,R,PIT,P,Hayden Penn,2010,"N,Pittsburgh,Pirates"
presa001,Presley,Alex,L,L,PIT,OF,Alex Presley,2010,"N,Pittsburgh,Pirates"
raynj001,Raynor,John,R,R,PIT,OF,John Raynor,2010,"N,Pittsburgh,Pirates"
resoc001,Resop,Chris,R,R,PIT,P,Chris Resop,2010,"N,Pittsburgh,Pirates"
snydc002,Snyder,Chris,R,R,PIT,C,Chris Snyder,2010,"N,Pittsburgh,Pirates"
tabaj002,Tabata,Jose,R,R,PIT,OF,Jose Tabata,2010,"N,Pittsburgh,Pirates"
tascj001,Taschner,Jack,L,L,PIT,P,Jack Taschner,2010,"N,Pittsburgh,Pirates"
thomj006,Thomas,Justin,L,L,PIT,P,Justin Thomas,2010,"N,Pittsburgh,Pirates"
walkn001,Walker,Neil,B,R,PIT,2B,Neil Walker,2010,"N,Pittsburgh,Pirates"
yound004,Young,Delwyn,B,R,PIT,OF,Delwyn Young,2010,"N,Pittsburgh,Pirates"
adamm001,Adams,Mike,R,R,SDN,P,Mike Adams,2010,"N,San Diego,Padres"
baxtm001,Baxter,Mike,L,R,SDN,1B,Mike Baxter,2010,"N,San Diego,Padres"
bellh001,Bell,Heath,R,R,SDN,P,Heath Bell,2010,"N,San Diego,Padres"
blank002,Blanks,Kyle,R,R,SDN,OF,Kyle Blanks,2010,"N,San Diego,Padres"
cabre001,Cabrera,Everth,B,R,SDN,SS,Everth Cabrera,2010,"N,San Diego,Padres"
corrk001,Correia,Kevin,R,R,SDN,P,Kevin Correia,2010,"N,San Diego,Padres"
cunna001,Cunningham,Aaron,R,R,SDN,OF,Aaron Cunningham,2010,"N,San Diego,Padres"
denoc001,Denorfia,Chris,R,R,SDN,OF,Chris Denorfia,2010,"N,San Diego,Padres"
dural001,Durango,Luis,B,R,SDN,OF,Luis Durango,2010,"N,San Diego,Padres"
ecksd001,Eckstein,David,R,R,SDN,2B,David Eckstein,2010,"N,San Diego,Padres"
friee001,Frieri,Ernesto,R,R,SDN,P,Ernesto Frieri,2010,"N,San Diego,Padres"
galls001,Gallagher,Sean,R,R,SDN,P,Sean Gallagher,2010,"N,San Diego,Padres"
garlj001,Garland,Jon,R,R,SDN,P,Jon Garland,2010,"N,San Diego,Padres"
gonza003,Gonzalez,Adrian,L,L,SDN,1B,Adrian Gonzalez,2010,"N,San Diego,Padres"
gregl001,Gregerson,Luke,L,R,SDN,P,Luke Gregerson,2010,"N,San Diego,Padres"
gwynt002,Gwynn,Tony,L,R,SDN,OF,Tony Gwynn,2010,"N,San Diego,Padres"
hairj002,Hairston,Jerry,R,R,SDN,SS,Jerry Hairston,2010,"N,San Diego,Padres"
hairs001,Hairston,Scott,R,R,SDN,OF,Scott Hairston,2010,"N,San Diego,Padres"
headc001,Headley,Chase,B,R,SDN,3B,Chase Headley,2010,"N,San Diego,Padres"
hundn001,Hundley,Nick,R,R,SDN,C,Nick Hundley,2010,"N,San Diego,Padres"
latom001,Latos,Mat,R,R,SDN,P,Mat Latos,2010,"N,San Diego,Padres"
leblw001,LeBlanc,Wade,L,L,SDN,P,Wade LeBlanc,2010,"N,San Diego,Padres"
ludwr001,Ludwick,Ryan,R,L,SDN,OF,Ryan Ludwick,2010,"N,San Diego,Padres"
luebc001,Luebke,Cory,R,L,SDN,P,Cory Luebke,2010,"N,San Diego,Padres"
mujie001,Mujica,Edward,R,R,SDN,P,Edward Mujica,2010,"N,San Diego,Padres"
perdl001,Perdomo,Luis,L,R,SDN,P,Luis Perdomo,2010,"N,San Diego,Padres"
ramoc001,Ramos,Cesar,L,L,SDN,P,Cesar Ramos,2010,"N,San Diego,Padres"
richc002,Richard,Clayton,L,L,SDN,P,Clayton Richard,2010,"N,San Diego,Padres"
russa001,Russell,Adam,R,R,SDN,P,Adam Russell,2010,"N,San Diego,Padres"
salao001,Salazar,Oscar,R,R,SDN,OF,Oscar Salazar,2010,"N,San Diego,Padres"
staim001,Stairs,Matt,L,R,SDN,OF,Matt Stairs,2010,"N,San Diego,Padres"
staut001,Stauffer,Tim,R,R,SDN,P,Tim Stauffer,2010,"N,San Diego,Padres"
stewc001,Stewart,Chris,R,R,SDN,1B,Chris Stewart,2010,"N,San Diego,Padres"
tejam001,Tejada,Miguel,R,R,SDN,SS,Miguel Tejada,2010,"N,San Diego,Padres"
thatj001,Thatcher,Joe,L,L,SDN,P,Joe Thatcher,2010,"N,San Diego,Padres"
torry001,Torrealba,Yorvit,R,R,SDN,C,Yorvit Torrealba,2010,"N,San Diego,Padres"
venaw001,Venable,Will,L,L,SDN,OF,Will Venable,2010,"N,San Diego,Padres"
webbr001,Webb,Ryan,R,R,SDN,P,Ryan Webb,2010,"N,San Diego,Padres"
younc003,Young,Chris,R,R,SDN,P,Chris Young,2010,"N,San Diego,Padres"
zawal001,Zawadzki,Lance,B,R,SDN,2B,Lance Zawadzki,2010,"N,San Diego,Padres"
avila001,Avila,Alex,L,R,DET,C,Alex Avila,2010,"A,Detroit,Tigers"
boesb001,Boesch,Brennan,L,L,DET,OF,Brennan Boesch,2010,"A,Detroit,Tigers"
bondj001,Bonderman,Jeremy,R,R,DET,P,Jeremy Bonderman,2010,"A,Detroit,Tigers"
bonie002,Bonine,Eddie,R,R,DET,P,Eddie Bonine,2010,"A,Detroit,Tigers"
cabrm001,Cabrera,Miguel,R,R,DET,1B,Miguel Cabrera,2010,"A,Detroit,Tigers"
cokep001,Coke,Phil,L,L,DET,P,Phil Coke,2010,"A,Detroit,Tigers"
damoj001,Damon,Johnny,L,L,DET,DH,Johnny Damon,2010,"A,Detroit,Tigers"
evera001,Everett,Adam,R,R,DET,SS,Adam Everett,2010,"A,Detroit,Tigers"
fienc001,Fien,Casey,R,R,DET,P,Casey Fien,2010,"A,Detroit,Tigers"
figaa001,Figaro,Alfredo,R,R,DET,P,Alfredo Figaro,2010,"A,Detroit,Tigers"
frazj001,Frazier,Jeff,R,R,DET,OF,Jeff Frazier,2010,"A,Detroit,Tigers"
galaa002,Galarraga,Armando,R,R,DET,P,Armando Galarraga,2010,"A,Detroit,Tigers"
gonze002,Gonzalez,Enrique,R,R,DET,P,Enrique Gonzalez,2010,"A,Detroit,Tigers"
guilc001,Guillen,Carlos,B,R,DET,2B,Carlos Guillen,2010,"A,Detroit,Tigers"
ingeb001,Inge,Brandon,R,R,DET,3B,Brandon Inge,2010,"A,Detroit,Tigers"
jacka001,Jackson,Austin,R,R,DET,OF,Austin Jackson,2010,"A,Detroit,Tigers"
kelld001,Kelly,Don,L,R,DET,OF,Don Kelly,2010,"A,Detroit,Tigers"
lairg001,Laird,Gerald,R,R,DET,C,Gerald Laird,2010,"A,Detroit,Tigers"
larij001,Larish,Jeff,L,R,DET,DH,Jeff Larish,2010,"A,Detroit,Tigers"
ni--f001,Ni,Fu-Te,L,L,DET,P,Fu-Te Ni,2010,"A,Detroit,Tigers"
oliva002,Oliver,Andy,L,L,DET,P,Andy Oliver,2010,"A,Detroit,Tigers"
ordom001,Ordonez,Magglio,R,R,DET,OF,Magglio Ordonez,2010,"A,Detroit,Tigers"
peraj001,Peralta,Jhonny,R,R,DET,SS,Jhonny Peralta,2010,"A,Detroit,Tigers"
perrr001,Perry,Ryan,R,R,DET,P,Ryan Perry,2010,"A,Detroit,Tigers"
porcr001,Porcello,Rick,R,R,DET,P,Rick Porcello,2010,"A,Detroit,Tigers"
rabur001,Raburn,Ryan,R,R,DET,OF,Ryan Raburn,2010,"A,Detroit,Tigers"
rhymw001,Rhymes,Will,L,R,DET,2B,Will Rhymes,2010,"A,Detroit,Tigers"
santr002,Santiago,Ramon,B,R,DET,SS,Ramon Santiago,2010,"A,Detroit,Tigers"
sborj001,Sborz,Jay,R,R,DET,P,Jay Sborz,2010,"A,Detroit,Tigers"
schem001,Scherzer,Max,R,R,DET,P,Max Scherzer,2010,"A,Detroit,Tigers"
schld001,Schlereth,Daniel,L,L,DET,P,Daniel Schlereth,2010,"A,Detroit,Tigers"
sizes001,Sizemore,Scott,R,R,DET,2B,Scott Sizemore,2010,"A,Detroit,Tigers"
stpim001,St. Pierre,Max,R,R,DET,C,Max St. Pierre,2010,"A,Detroit,Tigers"
thomb001,Thomas,Brad,L,L,DET,P,Brad Thomas,2010,"A,Detroit,Tigers"
valvj001,Valverde,Jose,R,R,DET,P,Jose Valverde,2010,"A,Detroit,Tigers"
verlj001,Verlander,Justin,R,R,DET,P,Justin Verlander,2010,"A,Detroit,Tigers"
weinr001,Weinhardt,Robbie,R,R,DET,P,Robbie Weinhardt,2010,"A,Detroit,Tigers"
wellc001,Wells,Casper,R,R,DET,OF,Casper Wells,2010,"A,Detroit,Tigers"
willd003,Willis,Dontrelle,L,L,DET,P,Dontrelle Willis,2010,"A,Detroit,Tigers"
wortd001,Worth,Danny,R,R,DET,SS,Danny Worth,2010,"A,Detroit,Tigers"
zumaj001,Zumaya,Joel,R,R,DET,P,Joel Zumaya,2010,"A,Detroit,Tigers"
andre001,Andrus,Elvis,R,R,TEX,SS,Elvis Andrus,2010,"A,Texas,Rangers"
ariaj001,Arias,Joaquin,R,R,TEX,2B,Joaquin Arias,2010,"A,Texas,Rangers"
belto001,Beltre,Omar,R,R,TEX,P,Omar Beltre,2010,"A,Texas,Rangers"
blana001,Blanco,Andres,B,R,TEX,2B,Andres Blanco,2010,"A,Texas,Rangers"
boggb001,Boggs,Brandon,B,R,TEX,OF,Brandon Boggs,2010,"A,Texas,Rangers"
borbj001,Borbon,Julio,L,L,TEX,OF,Julio Borbon,2010,"A,Texas,Rangers"
cantj001,Cantu,Jorge,R,R,TEX,1B,Jorge Cantu,2010,"A,Texas,Rangers"
coraa001,Cora,Alex,L,R,TEX,2B,Alex Cora,2010,"A,Texas,Rangers"
cruzn002,Cruz,Nelson,R,R,TEX,OF,Nelson Cruz,2010,"A,Texas,Rangers"
davic003,Davis,Chris,L,R,TEX,1B,Chris Davis,2010,"A,Texas,Rangers"
felds001,Feldman,Scott,L,R,TEX,P,Scott Feldman,2010,"A,Texas,Rangers"
felin001,Feliz,Neftali,R,R,TEX,P,Neftali Feliz,2010,"A,Texas,Rangers"
franf001,Francisco,Frank,R,R,TEX,P,Frank Francisco,2010,"A,Texas,Rangers"
franj004,Francoeur,Jeff,R,R,TEX,OF,Jeff Francoeur,2010,"A,Texas,Rangers"
garkr001,Garko,Ryan,R,R,TEX,1B,Ryan Garko,2010,"A,Texas,Rangers"
gentc001,Gentry,Craig,R,R,TEX,OF,Craig Gentry,2010,"A,Texas,Rangers"
germe001,German,Esteban,R,R,TEX,DH,Esteban German,2010,"A,Texas,Rangers"
guerv001,Guerrero,Vladimir,R,R,TEX,DH,Vladimir Guerrero,2010,"A,Texas,Rangers"
guzmc001,Guzman,Cristian,B,R,TEX,2B,Cristian Guzman,2010,"A,Texas,Rangers"
hamij003,Hamilton,Josh,L,L,TEX,OF,Josh Hamilton,2010,"A,Texas,Rangers"
hardr001,Harden,Rich,L,R,TEX,P,Rich Harden,2010,"A,Texas,Rangers"
harrm001,Harrison,Matt,L,L,TEX,P,Matt Harrison,2010,"A,Texas,Rangers"
holld003,Holland,Derek,B,L,TEX,P,Derek Holland,2010,"A,Texas,Rangers"
huntt002,Hunter,Tommy,R,R,TEX,P,Tommy Hunter,2010,"A,Texas,Rangers"
kinsi001,Kinsler,Ian,R,R,TEX,2B,Ian Kinsler,2010,"A,Texas,Rangers"
kirkm001,Kirkman,Michael,L,L,TEX,P,Michael Kirkman,2010,"A,Texas,Rangers"
lee-c003,Lee,Cliff,L,L,TEX,P,Cliff Lee,2010,"A,Texas,Rangers"
lewic001,Lewis,Colby,R,R,TEX,P,Colby Lewis,2010,"A,Texas,Rangers"
lowem002,Lowe,Mark,L,R,TEX,P,Mark Lowe,2010,"A,Texas,Rangers"
mathd001,Mathis,Doug,R,R,TEX,P,Doug Mathis,2010,"A,Texas,Rangers"
molib001,Molina,Bengie,R,R,TEX,C,Bengie Molina,2010,"A,Texas,Rangers"
morem001,Moreland,Mitch,L,L,TEX,1B,Mitch Moreland,2010,"A,Texas,Rangers"
moscg001,Moscoso,Guillermo,R,R,TEX,P,Guillermo Moscoso,2010,"A,Texas,Rangers"
murpd005,Murphy,David,L,L,TEX,OF,David Murphy,2010,"A,Texas,Rangers"
nippd001,Nippert,Dustin,R,R,TEX,P,Dustin Nippert,2010,"A,Texas,Rangers"
odayd001,O'Day,Darren,R,R,TEX,P,Darren O'Day,2010,"A,Texas,Rangers"
ogana001,Ogando,Alexi,R,R,TEX,P,Alexi Ogando,2010,"A,Texas,Rangers"
olivd001,Oliver,Darren,R,L,TEX,P,Darren Oliver,2010,"A,Texas,Rangers"
ramim003,Ramirez,Max,R,R,TEX,C,Max Ramirez,2010,"A,Texas,Rangers"
rapac001,Rapada,Clay,R,L,TEX,P,Clay Rapada,2010,"A,Texas,Rangers"
ray-c001,Ray,Chris,R,R,TEX,P,Chris Ray,2010,"A,Texas,Rangers"
saltj001,Saltalamacchia,Jarrod,B,R,TEX,C,Jarrod Saltalamacchia,2010,"A,Texas,Rangers"
smoaj001,Smoak,Justin,B,L,TEX,1B,Justin Smoak,2010,"A,Texas,Rangers"
strop001,Strop,Pedro,R,R,TEX,P,Pedro Strop,2010,"A,Texas,Rangers"
teagt001,Teagarden,Taylor,R,R,TEX,C,Taylor Teagarden,2010,"A,Texas,Rangers"
tream001,Treanor,Matt,R,R,TEX,C,Matt Treanor,2010,"A,Texas,Rangers"
wilsc004,Wilson,C.J.,L,L,TEX,P,C.J. Wilson,2010,"A,Texas,Rangers"
younm003,Young,Michael,R,R,TEX,3B,Michael Young,2010,"A,Texas,Rangers"
ambrh001,Ambriz,Hector,L,R,CLE,P,Hector Ambriz,2010,"A,Cleveland,Indians"
branm003,Brantley,Michael,L,L,CLE,OF,Michael Brantley,2010,"A,Cleveland,Indians"
branr001,Branyan,Russell,L,R,CLE,1B,Russell Branyan,2010,"A,Cleveland,Indians"
browj006,Brown,Jordan,L,L,CLE,1B,Jordan Brown,2010,"A,Cleveland,Indians"
cabra002,Cabrera,Asdrubal,B,R,CLE,SS,Asdrubal Cabrera,2010,"A,Cleveland,Indians"
carll001,Carlin,Luke,B,R,CLE,C,Luke Carlin,2010,"A,Cleveland,Indians"
carmf001,Carmona,Fausto,R,R,CLE,P,Fausto Carmona,2010,"A,Cleveland,Indians"
carrc003,Carrasco,Carlos,R,R,CLE,P,Carlos Carrasco,2010,"A,Cleveland,Indians"
choos001,Choo,Shin-Soo,L,L,CLE,OF,Shin-Soo Choo,2010,"A,Cleveland,Indians"
crowt001,Crowe,Trevor,B,R,CLE,OF,Trevor Crowe,2010,"A,Cleveland,Indians"
donaj002,Donald,Jason,R,R,CLE,SS,Jason Donald,2010,"A,Cleveland,Indians"
duncs001,Duncan,Shelley,R,R,CLE,OF,Shelley Duncan,2010,"A,Cleveland,Indians"
germj001,Germano,Justin,R,R,CLE,P,Justin Germano,2010,"A,Cleveland,Indians"
gimec001,Gimenez,Chris,R,R,CLE,C,Chris Gimenez,2010,"A,Cleveland,Indians"
gomej002,Gomez,Jeanmar,R,R,CLE,P,Jeanmar Gomez,2010,"A,Cleveland,Indians"
grudm001,Grudzielanek,Mark,R,R,CLE,2B,Mark Grudzielanek,2010,"A,Cleveland,Indians"
hafnt001,Hafner,Travis,L,R,CLE,DH,Travis Hafner,2010,"A,Cleveland,Indians"
herna003,Hernandez,Anderson,B,R,CLE,SS,Anderson Hernandez,2010,"A,Cleveland,Indians"
herrf001,Herrmann,Frank,L,R,CLE,P,Frank Herrmann,2010,"A,Cleveland,Indians"
huffd001,Huff,David,B,L,CLE,P,David Huff,2010,"A,Cleveland,Indians"
keara001,Kearns,Austin,R,R,CLE,OF,Austin Kearns,2010,"A,Cleveland,Indians"
laffa001,Laffey,Aaron,L,L,CLE,P,Aaron Laffey,2010,"A,Cleveland,Indians"
lapom001,LaPorta,Matt,R,R,CLE,1B,Matt LaPorta,2010,"A,Cleveland,Indians"
lewij003,Lewis,Jensen,R,R,CLE,P,Jensen Lewis,2010,"A,Cleveland,Indians"
marsl001,Marson,Lou,R,R,CLE,C,Lou Marson,2010,"A,Cleveland,Indians"
marta004,Marte,Andy,R,R,CLE,3B,Andy Marte,2010,"A,Cleveland,Indians"
mastj001,Masterson,Justin,R,R,CLE,P,Justin Masterson,2010,"A,Cleveland,Indians"
nix-j001,Nix,Jayson,R,R,CLE,3B,Jayson Nix,2010,"A,Cleveland,Indians"
peraj001,Peralta,Jhonny,R,R,CLE,3B,Jhonny Peralta,2010,"A,Cleveland,Indians"
perec002,Perez,Chris,R,R,CLE,P,Chris Perez,2010,"A,Cleveland,Indians"
perer002,Perez,Rafael,L,L,CLE,P,Rafael Perez,2010,"A,Cleveland,Indians"
pestv001,Pestano,Vinnie,R,R,CLE,P,Vinnie Pestano,2010,"A,Cleveland,Indians"
redmm001,Redmond,Mike,R,R,CLE,C,Mike Redmond,2010,"A,Cleveland,Indians"
santc002,Santana,Carlos,B,R,CLE,C,Carlos Santana,2010,"A,Cleveland,Indians"
sippt001,Sipp,Tony,L,L,CLE,P,Tony Sipp,2010,"A,Cleveland,Indians"
sizeg001,Sizemore,Grady,L,L,CLE,OF,Grady Sizemore,2010,"A,Cleveland,Indians"
smitj002,Smith,Joe,R,R,CLE,P,Joe Smith,2010,"A,Cleveland,Indians"
suttd002,Sutton,Drew,B,R,CLE,SS,Drew Sutton,2010,"A,Cleveland,Indians"
talbm001,Talbot,Mitch,R,R,CLE,P,Mitch Talbot,2010,"A,Cleveland,Indians"
toddj001,Todd,Jess,R,R,CLE,P,Jess Todd,2010,"A,Cleveland,Indians"
tomlj001,Tomlin,Josh,R,R,CLE,P,Josh Tomlin,2010,"A,Cleveland,Indians"
valbl001,Valbuena,Luis,L,R,CLE,2B,Luis Valbuena,2010,"A,Cleveland,Indians"
westj001,Westbrook,Jake,R,R,CLE,P,Jake Westbrook,2010,"A,Cleveland,Indians"
woodk002,Wood,Kerry,R,R,CLE,P,Kerry Wood,2010,"A,Cleveland,Indians"
wrigj001,Wright,Jamey,R,R,CLE,P,Jamey Wright,2010,"A,Cleveland,Indians"
baezd001,Baez,Danys,R,R,PHI,P,Danys Baez,2010,"N,Philadelphia,Phillies"
basta001,Bastardo,Antonio,R,L,PHI,P,Antonio Bastardo,2010,"N,Philadelphia,Phillies"
blanj001,Blanton,Joe,R,R,PHI,P,Joe Blanton,2010,"N,Philadelphia,Phillies"
bocob001,Bocock,Brian,R,R,PHI,SS,Brian Bocock,2010,"N,Philadelphia,Phillies"
browd004,Brown,Domonic,L,L,PHI,OF,Domonic Brown,2010,"N,Philadelphia,Phillies"
carpa001,Carpenter,Andrew,R,R,PHI,P,Andrew Carpenter,2010,"N,Philadelphia,Phillies"
castj004,Castro,Juan,R,R,PHI,SS,Juan Castro,2010,"N,Philadelphia,Phillies"
contj002,Contreras,Jose,R,R,PHI,P,Jose Contreras,2010,"N,Philadelphia,Phillies"
dobbg001,Dobbs,Greg,L,R,PHI,3B,Greg Dobbs,2010,"N,Philadelphia,Phillies"
durbc001,Durbin,Chad,R,R,PHI,P,Chad Durbin,2010,"N,Philadelphia,Phillies"
figun001,Figueroa,Nelson,B,R,PHI,P,Nelson Figueroa,2010,"N,Philadelphia,Phillies"
franb001,Francisco,Ben,R,R,PHI,OF,Ben Francisco,2010,"N,Philadelphia,Phillies"
gloar001,Gload,Ross,L,L,PHI,1B,Ross Gload,2010,"N,Philadelphia,Phillies"
hallr001,Halladay,Roy,R,R,PHI,P,Roy Halladay,2010,"N,Philadelphia,Phillies"
hamec001,Hamels,Cole,L,L,PHI,P,Cole Hamels,2010,"N,Philadelphia,Phillies"
happj001,Happ,J.A.,L,L,PHI,P,J.A. Happ,2010,"N,Philadelphia,Phillies"
hernd003,Herndon,David,R,R,PHI,P,David Herndon,2010,"N,Philadelphia,Phillies"
hoovp001,Hoover,Paul,R,R,PHI,C,Paul Hoover,2010,"N,Philadelphia,Phillies"
howar001,Howard,Ryan,L,L,PHI,1B,Ryan Howard,2010,"N,Philadelphia,Phillies"
ibanr001,Ibanez,Raul,L,R,PHI,OF,Raul Ibanez,2010,"N,Philadelphia,Phillies"
kendk001,Kendrick,Kyle,R,R,PHI,P,Kyle Kendrick,2010,"N,Philadelphia,Phillies"
lidgb001,Lidge,Brad,R,R,PHI,P,Brad Lidge,2010,"N,Philadelphia,Phillies"
madsr001,Madson,Ryan,L,R,PHI,P,Ryan Madson,2010,"N,Philadelphia,Phillies"
maths001,Mathieson,Scott,R,R,PHI,P,Scott Mathieson,2010,"N,Philadelphia,Phillies"
maybj001,Mayberry,John,R,R,PHI,OF,John Mayberry,2010,"N,Philadelphia,Phillies"
moyej001,Moyer,Jamie,L,L,PHI,P,Jamie Moyer,2010,"N,Philadelphia,Phillies"
oswar001,Oswalt,Roy,R,R,PHI,P,Roy Oswalt,2010,"N,Philadelphia,Phillies"
polap001,Polanco,Placido,R,R,PHI,3B,Placido Polanco,2010,"N,Philadelphia,Phillies"
ransc001,Ransom,Cody,R,R,PHI,3B,Cody Ransom,2010,"N,Philadelphia,Phillies"
roben001,Robertson,Nate,R,L,PHI,P,Nate Robertson,2010,"N,Philadelphia,Phillies"
rollj001,Rollins,Jimmy,B,R,PHI,SS,Jimmy Rollins,2010,"N,Philadelphia,Phillies"
romej001,Romero,J.C.,B,L,PHI,P,J.C. Romero,2010,"N,Philadelphia,Phillies"
ruizc001,Ruiz,Carlos,R,R,PHI,C,Carlos Ruiz,2010,"N,Philadelphia,Phillies"
sardd001,Sardinha,Dane,R,R,PHI,C,Dane Sardinha,2010,"N,Philadelphia,Phillies"
schnb001,Schneider,Brian,L,R,PHI,C,Brian Schneider,2010,"N,Philadelphia,Phillies"
sweem002,Sweeney,Mike,R,R,PHI,1B,Mike Sweeney,2010,"N,Philadelphia,Phillies"
utlec001,Utley,Chase,L,R,PHI,2B,Chase Utley,2010,"N,Philadelphia,Phillies"
valdw001,Valdez,Wilson,R,R,PHI,SS,Wilson Valdez,2010,"N,Philadelphia,Phillies"
victs001,Victorino,Shane,B,R,PHI,OF,Shane Victorino,2010,"N,Philadelphia,Phillies"
wertj001,Werth,Jayson,R,R,PHI,OF,Jayson Werth,2010,"N,Philadelphia,Phillies"
worlv001,Worley,Vance,R,R,PHI,P,Vance Worley,2010,"N,Philadelphia,Phillies"
zagum001,Zagurski,Mike,L,L,PHI,P,Mike Zagurski,2010,"N,Philadelphia,Phillies"
beckg001,Beckham,Gordon,R,R,CHA,2B,Gordon Beckham,2010,"A,Chicago,White Sox"
buehm001,Buehrle,Mark,L,L,CHA,P,Mark Buehrle,2010,"A,Chicago,White Sox"
castr002,Castro,Ramon,R,R,CHA,C,Ramon Castro,2010,"A,Chicago,White Sox"
dankj001,Danks,John,L,L,CHA,P,John Danks,2010,"A,Chicago,White Sox"
deaza001,de Aza,Alejandro,L,L,CHA,OF,Alejandro de Aza,2010,"A,Chicago,White Sox"
flowt001,Flowers,Tyler,R,R,CHA,C,Tyler Flowers,2010,"A,Chicago,White Sox"
floyg001,Floyd,Gavin,R,R,CHA,P,Gavin Floyd,2010,"A,Chicago,White Sox"
garcf002,Garcia,Freddy,R,R,CHA,P,Freddy Garcia,2010,"A,Chicago,White Sox"
harrl002,Harrell,Lucas,B,R,CHA,P,Lucas Harrell,2010,"A,Chicago,White Sox"
hudsd001,Hudson,Daniel,R,R,CHA,P,Daniel Hudson,2010,"A,Chicago,White Sox"
infag001,Infante,Gregory,R,R,CHA,P,Gregory Infante,2010,"A,Chicago,White Sox"
jacke001,Jackson,Edwin,R,R,CHA,P,Edwin Jackson,2010,"A,Chicago,White Sox"
jenkb001,Jenks,Bobby,R,R,CHA,P,Bobby Jenks,2010,"A,Chicago,White Sox"
jonea002,Jones,Andruw,R,R,CHA,OF,Andruw Jones,2010,"A,Chicago,White Sox"
konep001,Konerko,Paul,R,R,CHA,1B,Paul Konerko,2010,"A,Chicago,White Sox"
kotsm001,Kotsay,Mark,L,L,CHA,DH,Mark Kotsay,2010,"A,Chicago,White Sox"
lillb001,Lillibridge,Brent,R,R,CHA,2B,Brent Lillibridge,2010,"A,Chicago,White Sox"
lines001,Linebrink,Scott,R,R,CHA,P,Scott Linebrink,2010,"A,Chicago,White Sox"
lucyd001,Lucy,Donny,R,R,CHA,C,Donny Lucy,2010,"A,Chicago,White Sox"
marqj002,Marquez,Jeffrey,R,R,CHA,P,Jeffrey Marquez,2010,"A,Chicago,White Sox"
moreb001,Morel,Brent,R,R,CHA,3B,Brent Morel,2010,"A,Chicago,White Sox"
nix-j001,Nix,Jayson,R,R,CHA,3B,Jayson Nix,2010,"A,Chicago,White Sox"
peavj001,Peavy,Jake,R,R,CHA,P,Jake Peavy,2010,"A,Chicago,White Sox"
penat003,Pena,Tony,R,R,CHA,P,Tony Pena,2010,"A,Chicago,White Sox"
piera001,Pierzynski,A.J.,L,R,CHA,C,A.J. Pierzynski,2010,"A,Chicago,White Sox"
pierj002,Pierre,Juan,L,L,CHA,OF,Juan Pierre,2010,"A,Chicago,White Sox"
putzj001,Putz,J.J.,R,R,CHA,P,J.J. Putz,2010,"A,Chicago,White Sox"
quenc001,Quentin,Carlos,R,R,CHA,OF,Carlos Quentin,2010,"A,Chicago,White Sox"
ramia003,Ramirez,Alexei,R,R,CHA,SS,Alexei Ramirez,2010,"A,Chicago,White Sox"
ramim002,Ramirez,Manny,R,R,CHA,DH,Manny Ramirez,2010,"A,Chicago,White Sox"
riosa002,Rios,Alex,R,R,CHA,OF,Alex Rios,2010,"A,Chicago,White Sox"
salec001,Sale,Chris,L,L,CHA,P,Chris Sale,2010,"A,Chicago,White Sox"
sants001,Santos,Sergio,R,R,CHA,P,Sergio Santos,2010,"A,Chicago,White Sox"
teahm001,Teahen,Mark,L,R,CHA,3B,Mark Teahen,2010,"A,Chicago,White Sox"
thorm001,Thornton,Matt,L,L,CHA,P,Matt Thornton,2010,"A,Chicago,White Sox"
three001,Threets,Erick,L,L,CHA,P,Erick Threets,2010,"A,Chicago,White Sox"
torrc001,Torres,Carlos,R,R,CHA,P,Carlos Torres,2010,"A,Chicago,White Sox"
vicid001,Viciedo,Dayan,R,R,CHA,3B,Dayan Viciedo,2010,"A,Chicago,White Sox"
vizqo001,Vizquel,Omar,B,R,CHA,3B,Omar Vizquel,2010,"A,Chicago,White Sox"
willr003,Williams,Randy,L,L,CHA,P,Randy Williams,2010,"A,Chicago,White Sox"
axfoj001,Axford,John,R,R,MIL,P,John Axford,2010,"N,Milwaukee,Brewers"
bradz001,Braddock,Zach,L,L,MIL,P,Zach Braddock,2010,"N,Milwaukee,Brewers"
braur002,Braun,Ryan,R,R,MIL,OF,Ryan Braun,2010,"N,Milwaukee,Brewers"
bushd001,Bush,David,R,R,MIL,P,David Bush,2010,"N,Milwaukee,Brewers"
cainl001,Cain,Lorenzo,R,R,MIL,OF,Lorenzo Cain,2010,"N,Milwaukee,Brewers"
capuc001,Capuano,Chris,L,L,MIL,P,Chris Capuano,2010,"N,Milwaukee,Brewers"
cofft001,Coffey,Todd,R,R,MIL,P,Todd Coffey,2010,"N,Milwaukee,Brewers"
counc001,Counsell,Craig,L,R,MIL,SS,Craig Counsell,2010,"N,Milwaukee,Brewers"
cruzl001,Cruz,Luis,R,R,MIL,SS,Luis Cruz,2010,"N,Milwaukee,Brewers"
david002,Davis,Doug,R,L,MIL,P,Doug Davis,2010,"N,Milwaukee,Brewers"
dickc001,Dickerson,Chris,L,L,MIL,OF,Chris Dickerson,2010,"N,Milwaukee,Brewers"
edmoj001,Edmonds,Jim,L,L,MIL,OF,Jim Edmonds,2010,"N,Milwaukee,Brewers"
escoa003,Escobar,Alcides,R,R,MIL,SS,Alcides Escobar,2010,"N,Milwaukee,Brewers"
estrm001,Estrada,Marco,R,R,MIL,P,Marco Estrada,2010,"N,Milwaukee,Brewers"
fielp001,Fielder,Prince,L,R,MIL,1B,Prince Fielder,2010,"N,Milwaukee,Brewers"
gally001,Gallardo,Yovani,R,R,MIL,P,Yovani Gallardo,2010,"N,Milwaukee,Brewers"
gamem001,Gamel,Mat,L,R,MIL,3B,Mat Gamel,2010,"N,Milwaukee,Brewers"
geruj001,Gerut,Jody,L,L,MIL,OF,Jody Gerut,2010,"N,Milwaukee,Brewers"
gomec002,Gomez,Carlos,R,R,MIL,OF,Carlos Gomez,2010,"N,Milwaukee,Brewers"
hartc001,Hart,Corey,R,R,MIL,OF,Corey Hart,2010,"N,Milwaukee,Brewers"
hawkl001,Hawkins,LaTroy,R,R,MIL,P,LaTroy Hawkins,2010,"N,Milwaukee,Brewers"
hofft001,Hoffman,Trevor,R,R,MIL,P,Trevor Hoffman,2010,"N,Milwaukee,Brewers"
inglj001,Inglett,Joe,L,R,MIL,OF,Joe Inglett,2010,"N,Milwaukee,Brewers"
jeffj001,Jeffress,Jeremy,R,R,MIL,P,Jeremy Jeffress,2010,"N,Milwaukee,Brewers"
kintb001,Kintzler,Brandon,R,R,MIL,P,Brandon Kintzler,2010,"N,Milwaukee,Brewers"
kottg001,Kottaras,George,L,R,MIL,C,George Kottaras,2010,"N,Milwaukee,Brewers"
loe-k001,Loe,Kameron,R,R,MIL,P,Kameron Loe,2010,"N,Milwaukee,Brewers"
lucrj001,Lucroy,Jonathan,R,R,MIL,C,Jonathan Lucroy,2010,"N,Milwaukee,Brewers"
mcclm001,McClendon,Mike,R,R,MIL,P,Mike McClendon,2010,"N,Milwaukee,Brewers"
mcgec001,McGehee,Casey,R,R,MIL,3B,Casey McGehee,2010,"N,Milwaukee,Brewers"
narvc001,Narveson,Chris,L,L,MIL,P,Chris Narveson,2010,"N,Milwaukee,Brewers"
parrm001,Parra,Manny,L,L,MIL,P,Manny Parra,2010,"N,Milwaukee,Brewers"
riskd001,Riske,David,R,R,MIL,P,David Riske,2010,"N,Milwaukee,Brewers"
rogem001,Rogers,Mark,R,R,MIL,P,Mark Rogers,2010,"N,Milwaukee,Brewers"
smitc002,Smith,Chris,R,R,MIL,P,Chris Smith,2010,"N,Milwaukee,Brewers"
stera001,Stern,Adam,L,R,MIL,OF,Adam Stern,2010,"N,Milwaukee,Brewers"
stetm001,Stetter,Mitch,L,L,MIL,P,Mitch Stetter,2010,"N,Milwaukee,Brewers"
suppj001,Suppan,Jeff,R,R,MIL,P,Jeff Suppan,2010,"N,Milwaukee,Brewers"
vargc001,Vargas,Claudio,R,R,MIL,P,Claudio Vargas,2010,"N,Milwaukee,Brewers"
villc001,Villanueva,Carlos,R,R,MIL,P,Carlos Villanueva,2010,"N,Milwaukee,Brewers"
weekr001,Weeks,Rickie,R,R,MIL,2B,Rickie Weeks,2010,"N,Milwaukee,Brewers"
wolfr001,Wolf,Randy,L,L,MIL,P,Randy Wolf,2010,"N,Milwaukee,Brewers"
zaung001,Zaun,Gregg,B,R,MIL,C,Gregg Zaun,2010,"N,Milwaukee,Brewers"
atill001,Atilano,Luis,R,R,WAS,P,Luis Atilano,2010,"N,Washington,Nationals"
balec001,Balester,Collin,R,R,WAS,P,Collin Balester,2010,"N,Washington,Nationals"
batim001,Batista,Miguel,R,R,WAS,P,Miguel Batista,2010,"N,Washington,Nationals"
bergj001,Bergmann,Jason,R,R,WAS,P,Jason Bergmann,2010,"N,Washington,Nationals"
bernr001,Bernadina,Roger,L,L,WAS,OF,Roger Bernadina,2010,"N,Washington,Nationals"
bisej001,Bisenius,Joe,R,R,WAS,P,Joe Bisenius,2010,"N,Washington,Nationals"
brunb001,Bruney,Brian,R,R,WAS,P,Brian Bruney,2010,"N,Washington,Nationals"
burkj003,Burke,Jamie,R,R,WAS,C,Jamie Burke,2010,"N,Washington,Nationals"
burns001,Burnett,Sean,L,L,WAS,P,Sean Burnett,2010,"N,Washington,Nationals"
cappm001,Capps,Matt,R,R,WAS,P,Matt Capps,2010,"N,Washington,Nationals"
chicm001,Chico,Matt,L,L,WAS,P,Matt Chico,2010,"N,Washington,Nationals"
clipt001,Clippard,Tyler,R,R,WAS,P,Tyler Clippard,2010,"N,Washington,Nationals"
desmi001,Desmond,Ian,R,R,WAS,SS,Ian Desmond,2010,"N,Washington,Nationals"
detwr001,Detwiler,Ross,R,L,WAS,P,Ross Detwiler,2010,"N,Washington,Nationals"
dunna001,Dunn,Adam,L,R,WAS,1B,Adam Dunn,2010,"N,Washington,Nationals"
englj001,English,Jesse,L,L,WAS,P,Jesse English,2010,"N,Washington,Nationals"
espid001,Espinosa,Danny,B,R,WAS,2B,Danny Espinosa,2010,"N,Washington,Nationals"
gonza005,Gonzalez,Alberto,R,R,WAS,2B,Alberto Gonzalez,2010,"N,Washington,Nationals"
guzmc001,Guzman,Cristian,B,R,WAS,2B,Cristian Guzman,2010,"N,Washington,Nationals"
harrw001,Harris,Willie,L,R,WAS,OF,Willie Harris,2010,"N,Washington,Nationals"
hernl003,Hernandez,Livan,R,R,WAS,P,Livan Hernandez,2010,"N,Washington,Nationals"
kenna001,Kennedy,Adam,L,R,WAS,2B,Adam Kennedy,2010,"N,Washington,Nationals"
lannj001,Lannan,John,L,L,WAS,P,John Lannan,2010,"N,Washington,Nationals"
maldc003,Maldonado,Carlos,R,R,WAS,C,Carlos Maldonado,2010,"N,Washington,Nationals"
marqj001,Marquis,Jason,L,R,WAS,P,Jason Marquis,2010,"N,Washington,Nationals"
martj005,Martin,J.D.,R,R,WAS,P,J.D. Martin,2010,"N,Washington,Nationals"
maxwj002,Maxwell,Justin,R,R,WAS,OF,Justin Maxwell,2010,"N,Washington,Nationals"
mayay001,Maya,Yuniesky,R,R,WAS,P,Yuniesky Maya,2010,"N,Washington,Nationals"
menck001,Mench,Kevin,R,R,WAS,OF,Kevin Mench,2010,"N,Washington,Nationals"
mockg001,Mock,Garrett,R,R,WAS,P,Garrett Mock,2010,"N,Washington,Nationals"
morgn001,Morgan,Nyjer,L,L,WAS,OF,Nyjer Morgan,2010,"N,Washington,Nationals"
morsm001,Morse,Michael,R,R,WAS,OF,Michael Morse,2010,"N,Washington,Nationals"
nievw001,Nieves,Wil,R,R,WAS,C,Wil Nieves,2010,"N,Washington,Nationals"
olses001,Olsen,Scott,L,L,WAS,P,Scott Olsen,2010,"N,Washington,Nationals"
peraj002,Peralta,Joel,R,R,WAS,P,Joel Peralta,2010,"N,Washington,Nationals"
ramow001,Ramos,Wilson,R,R,WAS,C,Wilson Ramos,2010,"N,Washington,Nationals"
rodri001,Rodriguez,Ivan,R,R,WAS,C,Ivan Rodriguez,2010,"N,Washington,Nationals"
slatd001,Slaten,Doug,L,L,WAS,P,Doug Slaten,2010,"N,Washington,Nationals"
stamc001,Stammen,Craig,R,R,WAS,P,Craig Stammen,2010,"N,Washington,Nationals"
stord001,Storen,Drew,B,R,WAS,P,Drew Storen,2010,"N,Washington,Nationals"
stras001,Strasburg,Stephen,R,R,WAS,P,Stephen Strasburg,2010,"N,Washington,Nationals"
tavew001,Taveras,Willy,R,R,WAS,OF,Willy Taveras,2010,"N,Washington,Nationals"
walkt003,Walker,Tyler,R,R,WAS,P,Tyler Walker,2010,"N,Washington,Nationals"
willj004,Willingham,Josh,R,R,WAS,OF,Josh Willingham,2010,"N,Washington,Nationals"
zimmj003,Zimmermann,Jordan,R,R,WAS,P,Jordan Zimmermann,2010,"N,Washington,Nationals"
zimmr001,Zimmerman,Ryan,R,R,WAS,3B,Ryan Zimmerman,2010,"N,Washington,Nationals"
bakes002,Baker,Scott,R,R,MIN,P,Scott Baker,2010,"A,Minnesota,Twins"
blacn001,Blackburn,Nick,R,R,MIN,P,Nick Blackburn,2010,"A,Minnesota,Twins"
burna002,Burnett,Alex,R,R,MIN,P,Alex Burnett,2010,"A,Minnesota,Twins"
buted001,Butera,Drew,R,R,MIN,C,Drew Butera,2010,"A,Minnesota,Twins"
cappm001,Capps,Matt,R,R,MIN,P,Matt Capps,2010,"A,Minnesota,Twins"
casia001,Casilla,Alexi,B,R,MIN,SS,Alexi Casilla,2010,"A,Minnesota,Twins"
craij001,Crain,Jesse,R,R,MIN,P,Jesse Crain,2010,"A,Minnesota,Twins"
cuddm001,Cuddyer,Michael,R,R,MIN,1B,Michael Cuddyer,2010,"A,Minnesota,Twins"
delar002,Delaney,Rob,L,R,MIN,P,Rob Delaney,2010,"A,Minnesota,Twins"
duenb001,Duensing,Brian,L,L,MIN,P,Brian Duensing,2010,"A,Minnesota,Twins"
florr001,Flores,Randy,L,L,MIN,P,Randy Flores,2010,"A,Minnesota,Twins"
fox-m001,Fox,Matt,R,R,MIN,P,Matt Fox,2010,"A,Minnesota,Twins"
fuenb001,Fuentes,Brian,L,L,MIN,P,Brian Fuentes,2010,"A,Minnesota,Twins"
guerm001,Guerrier,Matt,R,R,MIN,P,Matt Guerrier,2010,"A,Minnesota,Twins"
hardj003,Hardy,J.J.,R,R,MIN,SS,J.J. Hardy,2010,"A,Minnesota,Twins"
harrb001,Harris,Brendan,R,R,MIN,3B,Brendan Harris,2010,"A,Minnesota,Twins"
hudso001,Hudson,Orlando,B,R,MIN,2B,Orlando Hudson,2010,"A,Minnesota,Twins"
hughl001,Hughes,Luke,R,R,MIN,3B,Luke Hughes,2010,"A,Minnesota,Twins"
kubej002,Kubel,Jason,L,R,MIN,OF,Jason Kubel,2010,"A,Minnesota,Twins"
lirif001,Liriano,Francisco,L,L,MIN,P,Francisco Liriano,2010,"A,Minnesota,Twins"
mahar001,Mahay,Ron,L,L,MIN,P,Ron Mahay,2010,"A,Minnesota,Twins"
mansj001,Manship,Jeff,R,R,MIN,P,Jeff Manship,2010,"A,Minnesota,Twins"
mauej001,Mauer,Joe,L,R,MIN,C,Joe Mauer,2010,"A,Minnesota,Twins"
mijaj001,Mijares,Jose,L,L,MIN,P,Jose Mijares,2010,"A,Minnesota,Twins"
moraj002,Morales,Jose,B,R,MIN,C,Jose Morales,2010,"A,Minnesota,Twins"
mornj001,Morneau,Justin,L,R,MIN,1B,Justin Morneau,2010,"A,Minnesota,Twins"
neshp001,Neshek,Pat,B,R,MIN,P,Pat Neshek,2010,"A,Minnesota,Twins"
pavac001,Pavano,Carl,R,R,MIN,P,Carl Pavano,2010,"A,Minnesota,Twins"
perkg001,Perkins,Glen,L,L,MIN,P,Glen Perkins,2010,"A,Minnesota,Twins"
plout001,Plouffe,Trevor,R,R,MIN,DH,Trevor Plouffe,2010,"A,Minnesota,Twins"
puntn001,Punto,Nick,B,R,MIN,3B,Nick Punto,2010,"A,Minnesota,Twins"
ramow001,Ramos,Wilson,R,R,MIN,C,Wilson Ramos,2010,"A,Minnesota,Twins"
raucj001,Rauch,Jon,R,R,MIN,P,Jon Rauch,2010,"A,Minnesota,Twins"
repkj001,Repko,Jason,R,R,MIN,OF,Jason Repko,2010,"A,Minnesota,Twins"
reveb001,Revere,Ben,L,R,MIN,OF,Ben Revere,2010,"A,Minnesota,Twins"
slama001,Slama,Anthony,R,R,MIN,P,Anthony Slama,2010,"A,Minnesota,Twins"
slowk001,Slowey,Kevin,R,R,MIN,P,Kevin Slowey,2010,"A,Minnesota,Twins"
spand001,Span,Denard,L,L,MIN,OF,Denard Span,2010,"A,Minnesota,Twins"
thomj002,Thome,Jim,L,R,MIN,DH,Jim Thome,2010,"A,Minnesota,Twins"
tolbm001,Tolbert,Matt,B,R,MIN,2B,Matt Tolbert,2010,"A,Minnesota,Twins"
valed001,Valencia,Danny,R,R,MIN,3B,Danny Valencia,2010,"A,Minnesota,Twins"
yound003,Young,Delmon,R,R,MIN,OF,Delmon Young,2010,"A,Minnesota,Twins"
abadf001,Abad,Fernando,L,L,HOU,P,Fernando Abad,2010,"N,Houston,Astros"
bankj001,Banks,Josh,R,R,HOU,P,Josh Banks,2010,"N,Houston,Astros"
berkl001,Berkman,Lance,B,L,HOU,1B,Lance Berkman,2010,"N,Houston,Astros"
blumg001,Blum,Geoff,B,R,HOU,SS,Geoff Blum,2010,"N,Houston,Astros"
bogub001,Bogusevic,Brian,L,L,HOU,OF,Brian Bogusevic,2010,"N,Houston,Astros"
bourj001,Bourgeois,Jason,R,R,HOU,OF,Jason Bourgeois,2010,"N,Houston,Astros"
bourm001,Bourn,Michael,L,R,HOU,OF,Michael Bourn,2010,"N,Houston,Astros"
byrdt001,Byrdak,Tim,L,L,HOU,P,Tim Byrdak,2010,"N,Houston,Astros"
cashk001,Cash,Kevin,R,R,HOU,C,Kevin Cash,2010,"N,Houston,Astros"
castj006,Castro,Jason,L,R,HOU,C,Jason Castro,2010,"N,Houston,Astros"
chacg001,Chacin,Gustavo,L,L,HOU,P,Gustavo Chacin,2010,"N,Houston,Astros"
daigc001,Daigle,Casey,R,R,HOU,P,Casey Daigle,2010,"N,Houston,Astros"
delre001,Del Rosario,Enerio,R,R,HOU,P,Enerio Del Rosario,2010,"N,Houston,Astros"
downm001,Downs,Matt,R,R,HOU,2B,Matt Downs,2010,"N,Houston,Astros"
espob001,Esposito,Brian,R,R,HOU,C,Brian Esposito,2010,"N,Houston,Astros"
felip001,Feliz,Pedro,R,R,HOU,3B,Pedro Feliz,2010,"N,Houston,Astros"
figun001,Figueroa,Nelson,B,R,HOU,P,Nelson Figueroa,2010,"N,Houston,Astros"
fulcj001,Fulchino,Jeff,R,R,HOU,P,Jeff Fulchino,2010,"N,Houston,Astros"
gervs001,Gervacio,Samuel,R,R,HOU,P,Samuel Gervacio,2010,"N,Houston,Astros"
happj001,Happ,J.A.,L,L,HOU,P,J.A. Happ,2010,"N,Houston,Astros"
herna003,Hernandez,Anderson,B,R,HOU,2B,Anderson Hernandez,2010,"N,Houston,Astros"
johnc003,Johnson,Chris,R,R,HOU,3B,Chris Johnson,2010,"N,Houston,Astros"
keppj001,Keppinger,Jeff,R,R,HOU,2B,Jeff Keppinger,2010,"N,Houston,Astros"
lee-c001,Lee,Carlos,R,R,HOU,OF,Carlos Lee,2010,"N,Houston,Astros"
lindm001,Lindstrom,Matt,R,R,HOU,P,Matt Lindstrom,2010,"N,Houston,Astros"
lopew001,Lopez,Wilton,R,R,HOU,P,Wilton Lopez,2010,"N,Houston,Astros"
lyonb003,Lyon,Brandon,R,R,HOU,P,Brandon Lyon,2010,"N,Houston,Astros"
majeg001,Majewski,Gary,R,R,HOU,P,Gary Majewski,2010,"N,Houston,Astros"
manzt001,Manzella,Tommy,R,R,HOU,SS,Tommy Manzella,2010,"N,Houston,Astros"
matsk001,Matsui,Kazuo,B,R,HOU,2B,Kazuo Matsui,2010,"N,Houston,Astros"
melam001,Melancon,Mark,R,R,HOU,P,Mark Melancon,2010,"N,Houston,Astros"
michj001,Michaels,Jason,R,R,HOU,OF,Jason Michaels,2010,"N,Houston,Astros"
moehb001,Moehler,Brian,R,R,HOU,P,Brian Moehler,2010,"N,Houston,Astros"
myerb001,Myers,Brett,R,R,HOU,P,Brett Myers,2010,"N,Houston,Astros"
navao001,Navarro,Oswaldo,R,R,HOU,SS,Oswaldo Navarro,2010,"N,Houston,Astros"
norrb001,Norris,Bud,R,R,HOU,P,Bud Norris,2010,"N,Houston,Astros"
oswar001,Oswalt,Roy,R,R,HOU,P,Roy Oswalt,2010,"N,Houston,Astros"
paulf001,Paulino,Felipe,R,R,HOU,P,Felipe Paulino,2010,"N,Houston,Astros"
pench001,Pence,Hunter,R,R,HOU,OF,Hunter Pence,2010,"N,Houston,Astros"
quinh001,Quintero,Humberto,R,R,HOU,C,Humberto Quintero,2010,"N,Houston,Astros"
rodrw002,Rodriguez,Wandy,B,L,HOU,P,Wandy Rodriguez,2010,"N,Houston,Astros"
sampc001,Sampson,Chris,R,R,HOU,P,Chris Sampson,2010,"N,Houston,Astros"
sanca005,Sanchez,Angel,R,R,HOU,SS,Angel Sanchez,2010,"N,Houston,Astros"
sullc001,Sullivan,Cory,L,L,HOU,OF,Cory Sullivan,2010,"N,Houston,Astros"
towlj001,Towles,J.R.,R,R,HOU,C,J.R. Towles,2010,"N,Houston,Astros"
villh002,Villar,Henry,R,R,HOU,P,Henry Villar,2010,"N,Houston,Astros"
wallb001,Wallace,Brett,L,R,HOU,1B,Brett Wallace,2010,"N,Houston,Astros"
wrigw001,Wright,Wesley,R,L,HOU,P,Wesley Wright,2010,"N,Houston,Astros"
acosm001,Acosta,Manny,R,R,NYN,P,Manny Acosta,2010,"N,New York,Mets"
ariaj001,Arias,Joaquin,R,R,NYN,2B,Joaquin Arias,2010,"N,New York,Mets"
barar001,Barajas,Rod,R,R,NYN,C,Rod Barajas,2010,"N,New York,Mets"
bay-j001,Bay,Jason,R,R,NYN,OF,Jason Bay,2010,"N,New York,Mets"
beltc001,Beltran,Carlos,B,R,NYN,OF,Carlos Beltran,2010,"N,New York,Mets"
blanh001,Blanco,Henry,R,R,NYN,C,Henry Blanco,2010,"N,New York,Mets"
cartc001,Carter,Chris,L,L,NYN,OF,Chris Carter,2010,"N,New York,Mets"
castl001,Castillo,Luis,B,R,NYN,2B,Luis Castillo,2010,"N,New York,Mets"
cataf001,Catalanotto,Frank,L,R,NYN,1B,Frank Catalanotto,2010,"N,New York,Mets"
coraa001,Cora,Alex,L,R,NYN,2B,Alex Cora,2010,"N,New York,Mets"
davii001,Davis,Ike,L,L,NYN,1B,Ike Davis,2010,"N,New York,Mets"
desse001,Dessens,Elmer,R,R,NYN,P,Elmer Dessens,2010,"N,New York,Mets"
dickr001,Dickey,R.A.,R,R,NYN,P,R.A. Dickey,2010,"N,New York,Mets"
dudal001,Duda,Lucas,L,R,NYN,OF,Lucas Duda,2010,"N,New York,Mets"
evann001,Evans,Nick,R,R,NYN,OF,Nick Evans,2010,"N,New York,Mets"
felij002,Feliciano,Jesus,L,L,NYN,OF,Jesus Feliciano,2010,"N,New York,Mets"
felip002,Feliciano,Pedro,L,L,NYN,P,Pedro Feliciano,2010,"N,New York,Mets"
franj004,Francoeur,Jeff,R,R,NYN,OF,Jeff Francoeur,2010,"N,New York,Mets"
gee-d001,Gee,Dillon,R,R,NYN,P,Dillon Gee,2010,"N,New York,Mets"
grees004,Green,Sean,R,R,NYN,P,Sean Green,2010,"N,New York,Mets"
hernl004,Hernandez,Luis,B,R,NYN,2B,Luis Hernandez,2010,"N,New York,Mets"
hessm001,Hessman,Mike,R,R,NYN,3B,Mike Hessman,2010,"N,New York,Mets"
igarr001,Igarashi,Ryota,R,R,NYN,P,Ryota Igarashi,2010,"N,New York,Mets"
jacom001,Jacobs,Mike,L,R,NYN,1B,Mike Jacobs,2010,"N,New York,Mets"
mainj001,Maine,John,R,R,NYN,P,John Maine,2010,"N,New York,Mets"
martf002,Martinez,Fernando,L,R,NYN,OF,Fernando Martinez,2010,"N,New York,Mets"
mattg002,Matthews,Gary,B,R,NYN,OF,Gary Matthews,2010,"N,New York,Mets"
mejij001,Mejia,Jenrry,R,R,NYN,P,Jenrry Mejia,2010,"N,New York,Mets"
miscp001,Misch,Pat,R,L,NYN,P,Pat Misch,2010,"N,New York,Mets"
nickm001,Nickeas,Mike,R,R,NYN,C,Mike Nickeas,2010,"N,New York,Mets"
niesj001,Niese,Jon,L,L,NYN,P,Jon Niese,2010,"N,New York,Mets"
nievf001,Nieve,Fernando,R,R,NYN,P,Fernando Nieve,2010,"N,New York,Mets"
pagaa001,Pagan,Angel,B,R,NYN,OF,Angel Pagan,2010,"N,New York,Mets"
parnb001,Parnell,Bobby,R,R,NYN,P,Bobby Parnell,2010,"N,New York,Mets"
pelfm001,Pelfrey,Mike,R,R,NYN,P,Mike Pelfrey,2010,"N,New York,Mets"
pereo002,Perez,Oliver,L,L,NYN,P,Oliver Perez,2010,"N,New York,Mets"
reyej001,Reyes,Jose,B,R,NYN,SS,Jose Reyes,2010,"N,New York,Mets"
rodrf003,Rodriguez,Francisco,R,R,NYN,P,Francisco Rodriguez,2010,"N,New York,Mets"
santj003,Santana,Johan,L,L,NYN,P,Johan Santana,2010,"N,New York,Mets"
stont001,Stoner,Tobi,B,R,NYN,P,Tobi Stoner,2010,"N,New York,Mets"
takah001,Takahashi,Hisanori,L,L,NYN,P,Hisanori Takahashi,2010,"N,New York,Mets"
tatif001,Tatis,Fernando,R,R,NYN,1B,Fernando Tatis,2010,"N,New York,Mets"
tejar001,Tejada,Ruben,R,R,NYN,2B,Ruben Tejada,2010,"N,New York,Mets"
tholj001,Thole,Josh,L,R,NYN,C,Josh Thole,2010,"N,New York,Mets"
turnj001,Turner,Justin,R,R,NYN,2B,Justin Turner,2010,"N,New York,Mets"
valdr002,Valdes,Raul,L,L,NYN,P,Raul Valdes,2010,"N,New York,Mets"
wrigd002,Wright,David,R,R,NYN,3B,David Wright,2010,"N,New York,Mets"
abret001,Abreu,Tony,B,R,ARI,3B,Tony Abreu,2010,"N,Arizona,Diamondbacks"
alleb001,Allen,Brandon,L,R,ARI,OF,Brandon Allen,2010,"N,Arizona,Diamondbacks"
bensk001,Benson,Kris,R,R,ARI,P,Kris Benson,2010,"N,Arizona,Diamondbacks"
boyeb001,Boyer,Blaine,R,R,ARI,P,Blaine Boyer,2010,"N,Arizona,Diamondbacks"
buckb002,Buckner,Billy,R,R,ARI,P,Billy Buckner,2010,"N,Arizona,Diamondbacks"
carrd001,Carrasco,D.J.,R,R,ARI,P,D.J. Carrasco,2010,"N,Arizona,Diamondbacks"
churr001,Church,Ryan,L,L,ARI,OF,Ryan Church,2010,"N,Arizona,Diamondbacks"
crosb002,Crosby,Bobby,R,R,ARI,3B,Bobby Crosby,2010,"N,Arizona,Diamondbacks"
demes001,Demel,Sam,R,R,ARI,P,Sam Demel,2010,"N,Arizona,Diamondbacks"
drews001,Drew,Stephen,L,R,ARI,SS,Stephen Drew,2010,"N,Arizona,Diamondbacks"
enrib001,Enright,Barry,R,R,ARI,P,Barry Enright,2010,"N,Arizona,Diamondbacks"
gillc002,Gillespie,Cole,R,R,ARI,OF,Cole Gillespie,2010,"N,Arizona,Diamondbacks"
gutij002,Gutierrez,Juan,R,R,ARI,P,Juan Gutierrez,2010,"N,Arizona,Diamondbacks"
hampm001,Hampton,Mike,R,L,ARI,P,Mike Hampton,2010,"N,Arizona,Diamondbacks"
hared001,Haren,Dan,R,R,ARI,P,Dan Haren,2010,"N,Arizona,Diamondbacks"
heila001,Heilman,Aaron,R,R,ARI,P,Aaron Heilman,2010,"N,Arizona,Diamondbacks"
hestj001,Hester,John,R,R,ARI,C,John Hester,2010,"N,Arizona,Diamondbacks"
howrb001,Howry,Bob,L,R,ARI,P,Bob Howry,2010,"N,Arizona,Diamondbacks"
hudsd001,Hudson,Daniel,R,R,ARI,P,Daniel Hudson,2010,"N,Arizona,Diamondbacks"
jackc002,Jackson,Conor,R,R,ARI,OF,Conor Jackson,2010,"N,Arizona,Diamondbacks"
jacke001,Jackson,Edwin,R,R,ARI,P,Edwin Jackson,2010,"N,Arizona,Diamondbacks"
johnk003,Johnson,Kelly,L,R,ARI,2B,Kelly Johnson,2010,"N,Arizona,Diamondbacks"
kenni001,Kennedy,Ian,R,R,ARI,P,Ian Kennedy,2010,"N,Arizona,Diamondbacks"
kroez001,Kroenke,Zach,R,L,ARI,P,Zach Kroenke,2010,"N,Arizona,Diamondbacks"
laroa001,LaRoche,Adam,L,L,ARI,1B,Adam LaRoche,2010,"N,Arizona,Diamondbacks"
loper001,Lopez,Rodrigo,R,R,ARI,P,Rodrigo Lopez,2010,"N,Arizona,Diamondbacks"
montm001,Montero,Miguel,L,R,ARI,C,Miguel Montero,2010,"N,Arizona,Diamondbacks"
mulvk001,Mulvey,Kevin,R,R,ARI,P,Kevin Mulvey,2010,"N,Arizona,Diamondbacks"
norbj001,Norberto,Jordan,L,L,ARI,P,Jordan Norberto,2010,"N,Arizona,Diamondbacks"
ojeda001,Ojeda,Augie,B,R,ARI,2B,Augie Ojeda,2010,"N,Arizona,Diamondbacks"
parrg001,Parra,Gerardo,L,L,ARI,OF,Gerardo Parra,2010,"N,Arizona,Diamondbacks"
qualc001,Qualls,Chad,R,R,ARI,P,Chad Qualls,2010,"N,Arizona,Diamondbacks"
reynm001,Reynolds,Mark,R,R,ARI,3B,Mark Reynolds,2010,"N,Arizona,Diamondbacks"
rives001,Rivera,Saul,B,R,ARI,P,Saul Rivera,2010,"N,Arizona,Diamondbacks"
rober002,Roberts,Ryan,R,R,ARI,OF,Ryan Roberts,2010,"N,Arizona,Diamondbacks"
rodrr006,Rodriguez,Rafael,R,R,ARI,P,Rafael Rodriguez,2010,"N,Arizona,Diamondbacks"
rosac001,Rosa,Carlos,R,R,ARI,P,Carlos Rosa,2010,"N,Arizona,Diamondbacks"
rosal001,Rosales,Leo,R,R,ARI,P,Leo Rosales,2010,"N,Arizona,Diamondbacks"
ryalr001,Ryal,Rusty,R,R,ARI,OF,Rusty Ryal,2010,"N,Arizona,Diamondbacks"
saunj001,Saunders,Joe,L,L,ARI,P,Joe Saunders,2010,"N,Arizona,Diamondbacks"
schmk001,Schmidt,Konrad,R,R,ARI,C,Konrad Schmidt,2010,"N,Arizona,Diamondbacks"
snydc002,Snyder,Chris,R,R,ARI,C,Chris Snyder,2010,"N,Arizona,Diamondbacks"
stand001,Stange,Daniel,R,R,ARI,P,Daniel Stange,2010,"N,Arizona,Diamondbacks"
uptoj001,Upton,Justin,R,R,ARI,OF,Justin Upton,2010,"N,Arizona,Diamondbacks"
valdc003,Valdez,Cesar,R,R,ARI,P,Cesar Valdez,2010,"N,Arizona,Diamondbacks"
vasqe001,Vasquez,Esmerling,R,R,ARI,P,Esmerling Vasquez,2010,"N,Arizona,Diamondbacks"
willd003,Willis,Dontrelle,L,L,ARI,P,Dontrelle Willis,2010,"N,Arizona,Diamondbacks"
younc004,Young,Chris,R,R,ARI,OF,Chris Young,2010,"N,Arizona,Diamondbacks"
accaj001,Accardo,Jeremy,R,R,TOR,P,Jeremy Accardo,2010,"A,Toronto,Blue Jays"
arenj001,Arencibia,J.P.,R,R,TOR,C,J.P. Arencibia,2010,"A,Toronto,Blue Jays"
bautj002,Bautista,Jose,R,R,TOR,OF,Jose Bautista,2010,"A,Toronto,Blue Jays"
bucht001,Buchholz,Taylor,R,R,TOR,P,Taylor Buchholz,2010,"A,Toronto,Blue Jays"
buckj001,Buck,John,R,R,TOR,C,John Buck,2010,"A,Toronto,Blue Jays"
camps002,Camp,Shawn,R,R,TOR,P,Shawn Camp,2010,"A,Toronto,Blue Jays"
carlj001,Carlson,Jesse,L,L,TOR,P,Jesse Carlson,2010,"A,Toronto,Blue Jays"
cecib001,Cecil,Brett,R,L,TOR,P,Brett Cecil,2010,"A,Toronto,Blue Jays"
downs001,Downs,Scott,L,L,TOR,P,Scott Downs,2010,"A,Toronto,Blue Jays"
drabk001,Drabek,Kyle,R,R,TOR,P,Kyle Drabek,2010,"A,Toronto,Blue Jays"
encae001,Encarnacion,Edwin,R,R,TOR,3B,Edwin Encarnacion,2010,"A,Toronto,Blue Jays"
escoy001,Escobar,Yunel,R,R,TOR,SS,Yunel Escobar,2010,"A,Toronto,Blue Jays"
eveld001,Eveland,Dana,L,L,TOR,P,Dana Eveland,2010,"A,Toronto,Blue Jays"
frasj002,Frasor,Jason,R,R,TOR,P,Jason Frasor,2010,"A,Toronto,Blue Jays"
gonza002,Gonzalez,Alex,R,R,TOR,SS,Alex Gonzalez,2010,"A,Toronto,Blue Jays"
green001,Green,Nick,R,R,TOR,2B,Nick Green,2010,"A,Toronto,Blue Jays"
gregk001,Gregg,Kevin,R,R,TOR,P,Kevin Gregg,2010,"A,Toronto,Blue Jays"
hilla001,Hill,Aaron,R,R,TOR,2B,Aaron Hill,2010,"A,Toronto,Blue Jays"
hills003,Hill,Shawn,R,R,TOR,P,Shawn Hill,2010,"A,Toronto,Blue Jays"
hoffj002,Hoffpauir,Jarrett,R,R,TOR,3B,Jarrett Hoffpauir,2010,"A,Toronto,Blue Jays"
jansc001,Janssen,Casey,R,R,TOR,P,Casey Janssen,2010,"A,Toronto,Blue Jays"
lewif001,Lewis,Fred,L,R,TOR,OF,Fred Lewis,2010,"A,Toronto,Blue Jays"
lewir002,Lewis,Rommie,L,L,TOR,P,Rommie Lewis,2010,"A,Toronto,Blue Jays"
linda001,Lind,Adam,L,L,TOR,DH,Adam Lind,2010,"A,Toronto,Blue Jays"
litsj001,Litsch,Jesse,R,R,TOR,P,Jesse Litsch,2010,"A,Toronto,Blue Jays"
marcs001,Marcum,Shaun,R,R,TOR,P,Shaun Marcum,2010,"A,Toronto,Blue Jays"
mccom001,McCoy,Mike,R,R,TOR,OF,Mike McCoy,2010,"A,Toronto,Blue Jays"
mcdoj003,McDonald,John,R,R,TOR,2B,John McDonald,2010,"A,Toronto,Blue Jays"
millb001,Mills,Brad,R,L,TOR,P,Brad Mills,2010,"A,Toronto,Blue Jays"
molij001,Molina,Jose,R,R,TOR,C,Jose Molina,2010,"A,Toronto,Blue Jays"
morrb001,Morrow,Brandon,R,R,TOR,P,Brandon Morrow,2010,"A,Toronto,Blue Jays"
overl001,Overbay,Lyle,L,L,TOR,1B,Lyle Overbay,2010,"A,Toronto,Blue Jays"
purcd001,Purcey,David,L,L,TOR,P,David Purcey,2010,"A,Toronto,Blue Jays"
ray-r001,Ray,Robert,R,R,TOR,P,Robert Ray,2010,"A,Toronto,Blue Jays"
reedj004,Reed,Jeremy,L,L,TOR,OF,Jeremy Reed,2010,"A,Toronto,Blue Jays"
roenj001,Roenicke,Josh,R,R,TOR,P,Josh Roenicke,2010,"A,Toronto,Blue Jays"
romer002,Romero,Ricky,R,L,TOR,P,Ricky Romero,2010,"A,Toronto,Blue Jays"
ruizr001,Ruiz,Randy,R,R,TOR,DH,Randy Ruiz,2010,"A,Toronto,Blue Jays"
rzepm001,Rzepczynski,Marc,L,L,TOR,P,Marc Rzepczynski,2010,"A,Toronto,Blue Jays"
snidt001,Snider,Travis,L,L,TOR,OF,Travis Snider,2010,"A,Toronto,Blue Jays"
tallb001,Tallet,Brian,L,L,TOR,P,Brian Tallet,2010,"A,Toronto,Blue Jays"
valdm003,Valdez,Merkin,R,R,TOR,P,Merkin Valdez,2010,"A,Toronto,Blue Jays"
wellv001,Wells,Vernon,R,R,TOR,OF,Vernon Wells,2010,"A,Toronto,Blue Jays"
wised001,Wise,Dewayne,L,L,TOR,OF,Dewayne Wise,2010,"A,Toronto,Blue Jays"
