player_id,last,first,bats,throws,team_id,pos,player_name,year
almam101,Almada,Mel,L,L,WS1,OF,Mel Almada,1193
applp101,Appleton,Pete,R,R,WS1,P,Pete Appleton,1193
blueo102,Bluege,Ossie,R,R,WS1,2B,Ossie Bluege,1193
bonuz101,Bonura,Zeke,R,R,WS1,1B,Zeke Bonura,1193
caseg101,Case,George,R,R,WS1,OF,George Case,1193
chask101,Chase,Ken,L,L,WS1,P,Ken Chase,1193
deshj101,DeShong,Jimmie,R,R,WS1,P,Jimmie DeShong,1193
ferrr101,Ferrell,Rick,R,R,WS1,C,Rick Ferrell,1193
ferrw101,Ferrell,Wes,R,R,WS1,P,Wes Ferrell,1193
giult101,Giuliani,Tony,R,R,WS1,C,Tony Giuliani,1193
goslg101,Goslin,Goose,L,R,WS1,OF,Goose Goslin,1193
hogsc101,Hogsett,Chief,L,L,WS1,P,Chief Hogsett,1193
kellh101,Kelley,Harry,R,R,WS1,P,Harry Kelley,1193
kohlj101,Kohlman,Joe,R,R,WS1,P,Joe Kohlman,1193
krakj101,Krakauskas,Joe,L,L,WS1,P,Joe Krakauskas,1193
leond103,Leonard,Dutch,R,R,WS1,P,Dutch Leonard,1193
lewib103,Lewis,Buddy,L,R,WS1,3B,Buddy Lewis,1193
livim101,Livingston,Mickey,R,R,WS1,C,Mickey Livingston,1193
montr101,Monteagudo,Rene,L,L,WS1,P,Rene Monteagudo,1193
myerb103,Myer,Buddy,L,R,WS1,2B,Buddy Myer,1193
phebb101,Phebus,Bill,R,R,WS1,P,Bill Phebus,1193
simma101,Simmons,Al,R,R,WS1,OF,Al Simmons,1193
stonj102,Stone,John,L,R,WS1,OF,John Stone,1193
travc101,Travis,Cecil,L,R,WS1,SS,Cecil Travis,1193
wasdj101,Wasdell,Jimmy,L,L,WS1,1B,Jimmy Wasdell,1193
weavm101,Weaver,Monte,L,R,WS1,P,Monte Weaver,1193
wests101,West,Sam,L,L,WS1,OF,Sam West,1193
wrigt102,Wright,Taffy,L,R,WS1,OF,Taffy Wright,1193
aderm101,Aderholt,Morrie,L,R,WS1,2B,Morrie Aderholt,1193
applp101,Appleton,Pete,R,R,WS1,P,Pete Appleton,1193
bassd102,Bass,Dick,R,R,WS1,P,Dick Bass,1193
blooj101,Bloodworth,Jimmy,R,R,WS1,2B,Jimmy Bloodworth,1193
blueo102,Bluege,Ossie,R,R,WS1,1B,Ossie Bluege,1193
carra101,Carrasquel,Alex,R,R,WS1,P,Alex Carrasquel,1193
caseg101,Case,George,R,R,WS1,OF,George Case,1193
chask101,Chase,Ken,L,L,WS1,P,Ken Chase,1193
deshj101,DeShong,Jimmie,R,R,WS1,P,Jimmie DeShong,1193
earlj101,Early,Jake,L,R,WS1,C,Jake Early,1193
estab101,Estalella,Bobby,R,R,WS1,OF,Bobby Estalella,1193
evana101,Evans,Al,R,R,WS1,C,Al Evans,1193
ferrr101,Ferrell,Rick,R,R,WS1,C,Rick Ferrell,1193
gedej102,Gedeon,Elmer,R,R,WS1,OF,Elmer Gedeon,1193
gelbc101,Gelbert,Charlie,R,R,WS1,SS,Charlie Gelbert,1193
giult101,Giuliani,Tony,R,R,WS1,C,Tony Giuliani,1193
haynj101,Haynes,Joe,R,R,WS1,P,Joe Haynes,1193
hollb105,Holland,Bill,L,L,WS1,P,Bill Holland,1193
jacob102,Jacobs,Bucky,R,R,WS1,P,Bucky Jacobs,1193
kellh101,Kelley,Harry,R,R,WS1,P,Harry Kelley,1193
krakj101,Krakauskas,Joe,L,L,WS1,P,Joe Krakauskas,1193
leipe101,Leip,Ed,R,R,WS1,2B,Ed Leip,1193
leond103,Leonard,Dutch,R,R,WS1,P,Dutch Leonard,1193
lewib103,Lewis,Buddy,L,R,WS1,3B,Buddy Lewis,1193
loanb101,Loane,Bob,R,R,WS1,OF,Bob Loane,1193
mastw101,Masterson,Walt,R,R,WS1,P,Walt Masterson,1193
myerb103,Myer,Buddy,L,R,WS1,2B,Buddy Myer,1193
palam101,Palagyi,Mike,R,R,WS1,P,Mike Palagyi,1193
pitka101,Pitko,Alex,R,R,WS1,OF,Alex Pitko,1193
pricb101,Prichard,Bob,L,L,WS1,1B,Bob Prichard,1193
quich101,Quick,Hal,R,R,WS1,SS,Hal Quick,1193
thomb102,Thomas,Bud,R,R,WS1,P,Bud Thomas,1193
thuml101,Thuman,Lou,R,R,WS1,P,Lou Thuman,1193
travc101,Travis,Cecil,L,R,WS1,SS,Cecil Travis,1193
vernm101,Vernon,Mickey,L,L,WS1,1B,Mickey Vernon,1193
wasdj101,Wasdell,Jimmy,L,L,WS1,1B,Jimmy Wasdell,1193
welaj101,Welaj,Johnny,R,R,WS1,OF,Johnny Welaj,1193
wests101,West,Sam,L,L,WS1,OF,Sam West,1193
wrigt102,Wright,Taffy,L,R,WS1,OF,Taffy Wright,1193
wynne101,Wynn,Early,B,R,WS1,P,Early Wynn,1193
bonuz101,Bonura,Zeke,R,R,NY1,1B,Zeke Bonura,1193
browj110,Brown,Jumbo,R,R,NY1,P,Jumbo Brown,1193
casts101,Castleman,Slick,R,R,NY1,P,Slick Castleman,1193
chiol101,Chiozza,Lou,L,R,NY1,3B,Lou Chiozza,1193
coffd101,Coffman,Dick,R,R,NY1,P,Dick Coffman,1193
dannh101,Danning,Harry,R,R,NY1,C,Harry Danning,1193
demaf102,Demaree,Frank,R,R,NY1,OF,Frank Demaree,1193
dickj102,Dickshot,Johnny,R,R,NY1,OF,Johnny Dickshot,1193
glosa101,Glossop,Al,B,R,NY1,2B,Al Glossop,1193
gormt101,Gorman,Tom,R,L,NY1,P,Tom Gorman,1193
gumbh101,Gumbert,Harry,R,R,NY1,P,Harry Gumbert,1193
hafet101,Hafey,Tom,R,R,NY1,3B,Tom Hafey,1193
haywr101,Hayworth,Ray,R,R,NY1,C,Ray Hayworth,1193
hubbc101,Hubbell,Carl,R,L,NY1,P,Carl Hubbell,1193
jurgb101,Jurges,Billy,R,R,NY1,SS,Billy Jurges,1193
kampa101,Kampouris,Alex,R,R,NY1,2B,Alex Kampouris,1193
lazzt101,Lazzeri,Tony,R,R,NY1,3B,Tony Lazzeri,1193
lohrb101,Lohrman,Bill,R,R,NY1,P,Bill Lohrman,1193
lynnr101,Lynn,Red,R,R,NY1,P,Red Lynn,1193
mccaj104,McCarthy,Johnny,L,L,NY1,1B,Johnny McCarthy,1193
meltc101,Melton,Cliff,L,L,NY1,P,Cliff Melton,1193
moorj103,Moore,Jo-Jo,L,R,NY1,OF,Jo-Jo Moore,1193
myatg102,Myatt,George,L,R,NY1,3B,George Myatt,1193
odeak101,O'Dea,Ken,L,R,NY1,C,Ken O'Dea,1193
ott-m101,Ott,Mel,L,R,NY1,OF,Mel Ott,1193
rippj101,Ripple,Jimmy,L,R,NY1,OF,Jimmy Ripple,1193
salvm101,Salvo,Manny,R,R,NY1,P,Manny Salvo,1193
scals101,Scalzi,Skeeter,R,R,NY1,SS,Skeeter Scalzi,1193
schuh103,Schumacher,Hal,R,R,NY1,P,Hal Schumacher,1193
seedb101,Seeds,Bob,R,R,NY1,OF,Bob Seeds,1193
vandh101,Vandenberg,Hy,R,R,NY1,P,Hy Vandenberg,1193
whitb101,Whitehead,Burgess,R,R,NY1,2B,Burgess Whitehead,1193
wittj101,Wittig,Johnnie,R,R,NY1,P,Johnnie Wittig,1193
younb102,Young,Babe,L,L,NY1,1B,Babe Young,1193
baket103,Baker,Tom,R,R,NY1,P,Tom Baker,1193
bartd101,Bartell,Dick,R,R,NY1,SS,Dick Bartell,1193
bergw101,Berger,Wally,R,R,NY1,OF,Wally Berger,1193
browj110,Brown,Jumbo,R,R,NY1,P,Jumbo Brown,1193
casts101,Castleman,Slick,R,R,NY1,P,Slick Castleman,1193
chiol101,Chiozza,Lou,L,R,NY1,2B,Lou Chiozza,1193
cissb101,Cissell,Bill,R,R,NY1,2B,Bill Cissell,1193
coffd101,Coffman,Dick,R,R,NY1,P,Dick Coffman,1193
dannh101,Danning,Harry,R,R,NY1,C,Harry Danning,1193
georo101,Georgy,Oscar,R,R,NY1,P,Oscar Georgy,1193
gumbh101,Gumbert,Harry,R,R,NY1,P,Harry Gumbert,1193
haslm101,Haslin,Mickey,R,R,NY1,3B,Mickey Haslin,1193
hubbc101,Hubbell,Carl,R,L,NY1,P,Carl Hubbell,1193
kampa101,Kampouris,Alex,R,R,NY1,2B,Alex Kampouris,1193
leibh101,Leiber,Hank,R,R,NY1,OF,Hank Leiber,1193
lesls101,Leslie,Sam,L,L,NY1,1B,Sam Leslie,1193
lohrb101,Lohrman,Bill,R,R,NY1,P,Bill Lohrman,1193
mancg101,Mancuso,Gus,R,R,NY1,C,Gus Mancuso,1193
mccaj104,McCarthy,Johnny,L,L,NY1,1B,Johnny McCarthy,1193
meltc101,Melton,Cliff,L,L,NY1,P,Cliff Melton,1193
moorj103,Moore,Jo-Jo,L,R,NY1,OF,Jo-Jo Moore,1193
myatg102,Myatt,George,L,R,NY1,SS,George Myatt,1193
ott-m101,Ott,Mel,L,R,NY1,3B,Mel Ott,1193
powel102,Powers,Les,L,L,NY1,PH,Les Powers,1193
rippj101,Ripple,Jimmy,L,R,NY1,OF,Jimmy Ripple,1193
ryanb101,Ryan,Blondy,R,R,NY1,2B,Blondy Ryan,1193
schuh103,Schumacher,Hal,R,R,NY1,P,Hal Schumacher,1193
seedb101,Seeds,Bob,R,R,NY1,OF,Bob Seeds,1193
vandh101,Vandenberg,Hy,R,R,NY1,P,Hy Vandenberg,1193
wittj101,Wittig,Johnnie,R,R,NY1,P,Johnnie Wittig,1193
bartd101,Bartell,Dick,R,R,NY1,SS,Dick Bartell,1193
casts101,Castleman,Slick,R,R,NY1,P,Slick Castleman,1193
coffd101,Coffman,Dick,R,R,NY1,P,Dick Coffman,1193
dannh101,Danning,Harry,R,R,NY1,C,Harry Danning,1193
davik101,Davis,Kiddo,R,R,NY1,OF,Kiddo Davis,1193
englc101,English,Charlie,R,R,NY1,2B,Charlie English,1193
fitzf101,Fitzsimmons,Freddie,R,R,NY1,P,Freddie Fitzsimmons,1193
gablf101,Gabler,Frank,R,R,NY1,P,Frank Gabler,1193
gumbh101,Gumbert,Harry,R,R,NY1,P,Harry Gumbert,1193
hubbc101,Hubbell,Carl,R,L,NY1,P,Carl Hubbell,1193
jackt101,Jackson,Travis,R,R,NY1,3B,Travis Jackson,1193
koenm101,Koenig,Mark,B,R,NY1,SS,Mark Koenig,1193
leibh101,Leiber,Hank,R,R,NY1,OF,Hank Leiber,1193
lesls101,Leslie,Sam,L,L,NY1,1B,Sam Leslie,1193
mancg101,Mancuso,Gus,R,R,NY1,C,Gus Mancuso,1193
marbf101,Marberry,Firpo,R,R,NY1,P,Firpo Marberry,1193
martj105,Martin,Joe,R,R,NY1,3B,Joe Martin,1193
mayoe101,Mayo,Eddie,L,R,NY1,3B,Eddie Mayo,1193
mccaj104,McCarthy,Johnny,L,L,NY1,1B,Johnny McCarthy,1193
moorj103,Moore,Jo-Jo,L,R,NY1,OF,Jo-Jo Moore,1193
ott-m101,Ott,Mel,L,R,NY1,OF,Mel Ott,1193
rippj101,Ripple,Jimmy,L,R,NY1,OF,Jimmy Ripple,1193
schuh103,Schumacher,Hal,R,R,NY1,P,Hal Schumacher,1193
sheej102,Sheehan,Jim,R,R,NY1,C,Jim Sheehan,1193
smita104,Smith,Al,L,L,NY1,P,Al Smith,1193
spenr101,Spencer,Roy,R,R,NY1,C,Roy Spencer,1193
terrb101,Terry,Bill,L,L,NY1,1B,Bill Terry,1193
whitb101,Whitehead,Burgess,R,R,NY1,2B,Burgess Whitehead,1193
younb102,Young,Babe,L,L,NY1,PH,Babe Young,1193
baket103,Baker,Tom,R,R,NY1,P,Tom Baker,1193
bartd101,Bartell,Dick,R,R,NY1,SS,Dick Bartell,1193
bergw101,Berger,Wally,R,R,NY1,OF,Wally Berger,1193
brend101,Brennan,Don,R,R,NY1,P,Don Brennan,1193
browj110,Brown,Jumbo,R,R,NY1,P,Jumbo Brown,1193
cantb102,Cantwell,Ben,R,R,NY1,P,Ben Cantwell,1193
casts101,Castleman,Slick,R,R,NY1,P,Slick Castleman,1193
chiol101,Chiozza,Lou,L,R,NY1,3B,Lou Chiozza,1193
coffd101,Coffman,Dick,R,R,NY1,P,Dick Coffman,1193
dannh101,Danning,Harry,R,R,NY1,C,Harry Danning,1193
davik101,Davis,Kiddo,R,R,NY1,OF,Kiddo Davis,1193
fitzf101,Fitzsimmons,Freddie,R,R,NY1,P,Freddie Fitzsimmons,1193
gablf101,Gabler,Frank,R,R,NY1,P,Frank Gabler,1193
gumbh101,Gumbert,Harry,R,R,NY1,P,Harry Gumbert,1193
haslm101,Haslin,Mickey,R,R,NY1,SS,Mickey Haslin,1193
hubbc101,Hubbell,Carl,R,L,NY1,P,Carl Hubbell,1193
leibh101,Leiber,Hank,R,R,NY1,OF,Hank Leiber,1193
lesls101,Leslie,Sam,L,L,NY1,1B,Sam Leslie,1193
lohrb101,Lohrman,Bill,R,R,NY1,P,Bill Lohrman,1193
madje101,Madjeski,Ed,R,R,NY1,C,Ed Madjeski,1193
mancg101,Mancuso,Gus,R,R,NY1,C,Gus Mancuso,1193
mccaj104,McCarthy,Johnny,L,L,NY1,1B,Johnny McCarthy,1193
meltc101,Melton,Cliff,L,L,NY1,P,Cliff Melton,1193
moorj103,Moore,Jo-Jo,L,R,NY1,OF,Jo-Jo Moore,1193
ott-m101,Ott,Mel,L,R,NY1,OF,Mel Ott,1193
rippj101,Ripple,Jimmy,L,R,NY1,OF,Jimmy Ripple,1193
ryanb101,Ryan,Blondy,R,R,NY1,SS,Blondy Ryan,1193
schuh103,Schumacher,Hal,R,R,NY1,P,Hal Schumacher,1193
smita104,Smith,Al,L,L,NY1,P,Al Smith,1193
vandh101,Vandenberg,Hy,R,R,NY1,P,Hy Vandenberg,1193
weinp101,Weintraub,Phil,L,L,NY1,OF,Phil Weintraub,1193
whitb101,Whitehead,Burgess,R,R,NY1,2B,Burgess Whitehead,1193
bartd101,Bartell,Dick,R,R,NY1,SS,Dick Bartell,1193
casts101,Castleman,Slick,R,R,NY1,P,Slick Castleman,1193
chagl101,Chagnon,Leon,R,R,NY1,P,Leon Chagnon,1193
crith101,Critz,Hughie,R,R,NY1,2B,Hughie Critz,1193
cucca101,Cuccinello,Al,R,R,NY1,2B,Al Cuccinello,1193
dannh101,Danning,Harry,R,R,NY1,C,Harry Danning,1193
davik101,Davis,Kiddo,R,R,NY1,OF,Kiddo Davis,1193
fitzf101,Fitzsimmons,Freddie,R,R,NY1,P,Freddie Fitzsimmons,1193
gablf101,Gabler,Frank,R,R,NY1,P,Frank Gabler,1193
gumbh101,Gumbert,Harry,R,R,NY1,P,Harry Gumbert,1193
hubbc101,Hubbell,Carl,R,L,NY1,P,Carl Hubbell,1193
jackt101,Jackson,Travis,R,R,NY1,3B,Travis Jackson,1193
koenm101,Koenig,Mark,B,R,NY1,2B,Mark Koenig,1193
leibh101,Leiber,Hank,R,R,NY1,OF,Hank Leiber,1193
luqud101,Luque,Dolf,R,R,NY1,P,Dolf Luque,1193
malaj101,Malay,Joe,L,L,NY1,PH,Joe Malay,1193
mancg101,Mancuso,Gus,R,R,NY1,C,Gus Mancuso,1193
moore101,Moore,Euel,R,R,NY1,P,Euel Moore,1193
moorj103,Moore,Jo-Jo,L,R,NY1,OF,Jo-Jo Moore,1193
myatg101,Myatt,Glenn,L,R,NY1,C,Glenn Myatt,1193
ott-m101,Ott,Mel,L,R,NY1,OF,Mel Ott,1193
parmr101,Parmelee,Roy,R,R,NY1,P,Roy Parmelee,1193
richp101,Richards,Paul,R,R,NY1,C,Paul Richards,1193
schuh103,Schumacher,Hal,R,R,NY1,P,Hal Schumacher,1193
smita104,Smith,Al,L,L,NY1,P,Al Smith,1193
stoua101,Stout,Allyn,R,R,NY1,P,Allyn Stout,1193
terrb101,Terry,Bill,L,L,NY1,1B,Bill Terry,1193
weinp101,Weintraub,Phil,L,L,NY1,1B,Phil Weintraub,1193
bellh101,Bell,Hi,R,R,NY1,P,Hi Bell,1193
bowmj101,Bowman,Joe,L,R,NY1,P,Joe Bowman,1193
casts101,Castleman,Slick,R,R,NY1,P,Slick Castleman,1193
clarw101,Clark,Watty,L,L,NY1,P,Watty Clark,1193
crith101,Critz,Hughie,R,R,NY1,2B,Hughie Critz,1193
dannh101,Danning,Harry,R,R,NY1,C,Harry Danning,1193
fitzf101,Fitzsimmons,Freddie,R,R,NY1,P,Freddie Fitzsimmons,1193
grang102,Grantham,George,L,R,NY1,1B,George Grantham,1193
hubbc101,Hubbell,Carl,R,L,NY1,P,Carl Hubbell,1193
jackt101,Jackson,Travis,R,R,NY1,SS,Travis Jackson,1193
leibh101,Leiber,Hank,R,R,NY1,OF,Hank Leiber,1193
luqud101,Luque,Dolf,R,R,NY1,P,Dolf Luque,1193
mancg101,Mancuso,Gus,R,R,NY1,C,Gus Mancuso,1193
moorj103,Moore,Jo-Jo,L,R,NY1,OF,Jo-Jo Moore,1193
odoul101,O'Doul,Lefty,L,L,NY1,OF,Lefty O'Doul,1193
ott-m101,Ott,Mel,L,R,NY1,OF,Mel Ott,1193
parmr101,Parmelee,Roy,R,R,NY1,P,Roy Parmelee,1193
peelh101,Peel,Homer,R,R,NY1,OF,Homer Peel,1193
richp101,Richards,Paul,R,R,NY1,C,Paul Richards,1193
ryanb101,Ryan,Blondy,R,R,NY1,3B,Blondy Ryan,1193
salvj101,Salveson,Jack,R,R,NY1,P,Jack Salveson,1193
schuh103,Schumacher,Hal,R,R,NY1,P,Hal Schumacher,1193
smita104,Smith,Al,L,L,NY1,P,Al Smith,1193
terrb101,Terry,Bill,L,L,NY1,1B,Bill Terry,1193
thomf106,Thompson,Fresco,R,R,NY1,PH,Fresco Thompson,1193
vergj101,Vergez,Johnny,R,R,NY1,3B,Johnny Vergez,1193
watkg101,Watkins,George,L,R,NY1,OF,George Watkins,1193
weinp101,Weintraub,Phil,L,L,NY1,OF,Phil Weintraub,1193
allee101,Allen,Ethan,R,R,NY1,OF,Ethan Allen,1193
bancd101,Bancroft,Dave,B,R,NY1,SS,Dave Bancroft,1193
bentl101,Benton,Larry,R,R,NY1,P,Larry Benton,1193
chapt101,Chaplin,Tiny,R,R,NY1,P,Tiny Chaplin,1193
crawp101,Crawford,Pat,L,R,NY1,2B,Pat Crawford,1193
crith101,Critz,Hughie,R,R,NY1,2B,Hughie Critz,1193
donop102,Donohue,Pete,R,R,NY1,P,Pete Donohue,1193
fitzf101,Fitzsimmons,Freddie,R,R,NY1,P,Freddie Fitzsimmons,1193
fullc101,Fullis,Chick,R,R,NY1,OF,Chick Fullis,1193
genej101,Genewich,Joe,R,R,NY1,P,Joe Genewich,1193
healf101,Healy,Francis,R,R,NY1,C,Francis Healy,1193
hevij101,Heving,Joe,R,R,NY1,P,Joe Heving,1193
hogas101,Hogan,Shanty,R,R,NY1,C,Shanty Hogan,1193
hubbc101,Hubbell,Carl,R,L,NY1,P,Carl Hubbell,1193
jackt101,Jackson,Travis,R,R,NY1,SS,Travis Jackson,1193
juddr101,Judd,Ralph,L,R,NY1,P,Ralph Judd,1193
leacf101,Leach,Freddy,L,R,NY1,OF,Freddy Leach,1193
lesls101,Leslie,Sam,L,L,NY1,PH,Sam Leslie,1193
lindf101,Lindstrom,Freddie,R,R,NY1,3B,Freddie Lindstrom,1193
lucar101,Lucas,Ray,R,R,NY1,P,Ray Lucas,1193
marse101,Marshall,Doc,R,R,NY1,SS,Doc Marshall,1193
mitcc102,Mitchell,Clarence,L,L,NY1,P,Clarence Mitchell,1193
moorj103,Moore,Jo-Jo,L,R,NY1,OF,Jo-Jo Moore,1193
morrb101,Morrell,Bill,R,R,NY1,P,Bill Morrell,1193
ofarb101,O'Farrell,Bob,R,R,NY1,C,Bob O'Farrell,1193
ott-m101,Ott,Mel,L,R,NY1,OF,Mel Ott,1193
parmr101,Parmelee,Roy,R,R,NY1,P,Roy Parmelee,1193
prueh101,Pruett,Hub,L,L,NY1,P,Hub Pruett,1193
reesr102,Reese,Andy,R,R,NY1,OF,Andy Reese,1193
roetw101,Roettger,Wally,R,R,NY1,OF,Wally Roettger,1193
roseh101,Rosenberg,Harry,R,R,NY1,OF,Harry Rosenberg,1193
terrb101,Terry,Bill,L,L,NY1,1B,Bill Terry,1193
walkb101,Walker,Bill,R,L,NY1,P,Bill Walker,1193
allee101,Allen,Ethan,R,R,NY1,OF,Ethan Allen,1193
berlj101,Berly,Jack,R,R,NY1,P,Jack Berly,1193
chapt101,Chaplin,Tiny,R,R,NY1,P,Tiny Chaplin,1193
crith101,Critz,Hughie,R,R,NY1,2B,Hughie Critz,1193
donop102,Donohue,Pete,R,R,NY1,P,Pete Donohue,1193
englg101,English,Gil,R,R,NY1,3B,Gil English,1193
fitzf101,Fitzsimmons,Freddie,R,R,NY1,P,Freddie Fitzsimmons,1193
fullc101,Fullis,Chick,R,R,NY1,OF,Chick Fullis,1193
healf101,Healy,Francis,R,R,NY1,C,Francis Healy,1193
hevij101,Heving,Joe,R,R,NY1,P,Joe Heving,1193
hogas101,Hogan,Shanty,R,R,NY1,C,Shanty Hogan,1193
hubbc101,Hubbell,Carl,R,L,NY1,P,Carl Hubbell,1193
hunnb101,Hunnefield,Bill,B,R,NY1,2B,Bill Hunnefield,1193
jackt101,Jackson,Travis,R,R,NY1,SS,Travis Jackson,1193
leacf101,Leach,Freddy,L,R,NY1,OF,Freddy Leach,1193
lesls101,Leslie,Sam,L,L,NY1,1B,Sam Leslie,1193
lindf101,Lindstrom,Freddie,R,R,NY1,OF,Freddie Lindstrom,1193
lucar101,Lucas,Ray,R,R,NY1,P,Ray Lucas,1193
marse101,Marshall,Doc,R,R,NY1,2B,Doc Marshall,1193
mitcc102,Mitchell,Clarence,L,L,NY1,P,Clarence Mitchell,1193
moonj101,Mooney,Jim,R,L,NY1,P,Jim Mooney,1193
moorj103,Moore,Jo-Jo,L,R,NY1,OF,Jo-Jo Moore,1193
morrb101,Morrell,Bill,R,R,NY1,P,Bill Morrell,1193
ofarb101,O'Farrell,Bob,R,R,NY1,C,Bob O'Farrell,1193
ott-m101,Ott,Mel,L,R,NY1,OF,Mel Ott,1193
parmr101,Parmelee,Roy,R,R,NY1,P,Roy Parmelee,1193
plane102,Planeta,Emil,R,R,NY1,P,Emil Planeta,1193
schuh103,Schumacher,Hal,R,R,NY1,P,Hal Schumacher,1193
terrb101,Terry,Bill,L,L,NY1,1B,Bill Terry,1193
vergj101,Vergez,Johnny,R,R,NY1,3B,Johnny Vergez,1193
walkb101,Walker,Bill,R,L,NY1,P,Bill Walker,1193
bellh101,Bell,Hi,R,R,NY1,P,Hi Bell,1193
clarw101,Clark,Watty,L,L,NY1,P,Watty Clark,1193
crith101,Critz,Hughie,R,R,NY1,2B,Hughie Critz,1193
dannh101,Danning,Harry,R,R,NY1,C,Harry Danning,1193
davik101,Davis,Kiddo,R,R,NY1,OF,Kiddo Davis,1193
dresc101,Dressen,Chuck,R,R,NY1,3B,Chuck Dressen,1193
fitzf101,Fitzsimmons,Freddie,R,R,NY1,P,Freddie Fitzsimmons,1193
hubbc101,Hubbell,Carl,R,L,NY1,P,Carl Hubbell,1193
jackt101,Jackson,Travis,R,R,NY1,3B,Travis Jackson,1193
jameb104,James,Bernie,B,R,NY1,2B,Bernie James,1193
leibh101,Leiber,Hank,R,R,NY1,OF,Hank Leiber,1193
lesls101,Leslie,Sam,L,L,NY1,1B,Sam Leslie,1193
luqud101,Luque,Dolf,R,R,NY1,P,Dolf Luque,1193
malaj101,Malay,Joe,L,L,NY1,1B,Joe Malay,1193
mancg101,Mancuso,Gus,R,R,NY1,C,Gus Mancuso,1193
moorj103,Moore,Jo-Jo,L,R,NY1,OF,Jo-Jo Moore,1193
odoul101,O'Doul,Lefty,L,L,NY1,OF,Lefty O'Doul,1193
ott-m101,Ott,Mel,L,R,NY1,OF,Mel Ott,1193
parmr101,Parmelee,Roy,R,R,NY1,P,Roy Parmelee,1193
peelh101,Peel,Homer,R,R,NY1,OF,Homer Peel,1193
richp101,Richards,Paul,R,R,NY1,C,Paul Richards,1193
ryanb101,Ryan,Blondy,R,R,NY1,SS,Blondy Ryan,1193
salvj101,Salveson,Jack,R,R,NY1,P,Jack Salveson,1193
schuh103,Schumacher,Hal,R,R,NY1,P,Hal Schumacher,1193
shorb102,Shores,Bill,R,R,NY1,P,Bill Shores,1193
speng101,Spencer,Glenn,R,R,NY1,P,Glenn Spencer,1193
starr101,Starr,Ray,R,R,NY1,P,Ray Starr,1193
terrb101,Terry,Bill,L,L,NY1,1B,Bill Terry,1193
uhleg101,Uhle,George,R,R,NY1,P,George Uhle,1193
vergj101,Vergez,Johnny,R,R,NY1,3B,Johnny Vergez,1193
weinp101,Weintraub,Phil,L,L,NY1,OF,Phil Weintraub,1193
allee101,Allen,Ethan,R,R,NY1,OF,Ethan Allen,1193
bellh101,Bell,Hi,R,R,NY1,P,Hi Bell,1193
crith101,Critz,Hughie,R,R,NY1,2B,Hughie Critz,1193
englg101,English,Gil,R,R,NY1,3B,Gil English,1193
fitzf101,Fitzsimmons,Freddie,R,R,NY1,P,Freddie Fitzsimmons,1193
fullc101,Fullis,Chick,R,R,NY1,OF,Chick Fullis,1193
gibss101,Gibson,Sam,L,R,NY1,P,Sam Gibson,1193
healf101,Healy,Francis,R,R,NY1,C,Francis Healy,1193
hogas101,Hogan,Shanty,R,R,NY1,C,Shanty Hogan,1193
hoytw101,Hoyt,Waite,R,R,NY1,P,Waite Hoyt,1193
hubbc101,Hubbell,Carl,R,L,NY1,P,Carl Hubbell,1193
jackt101,Jackson,Travis,R,R,NY1,SS,Travis Jackson,1193
koenl101,Koenecke,Len,L,R,NY1,OF,Len Koenecke,1193
lesls101,Leslie,Sam,L,L,NY1,1B,Sam Leslie,1193
lindf101,Lindstrom,Freddie,R,R,NY1,OF,Freddie Lindstrom,1193
luqud101,Luque,Dolf,R,R,NY1,P,Dolf Luque,1193
marse101,Marshall,Doc,R,R,NY1,SS,Doc Marshall,1193
mclaa101,McLarney,Art,B,R,NY1,SS,Art McLarney,1193
mitcc102,Mitchell,Clarence,L,L,NY1,P,Clarence Mitchell,1193
moonj101,Mooney,Jim,R,L,NY1,P,Jim Mooney,1193
moore102,Moore,Eddie,R,R,NY1,SS,Eddie Moore,1193
moorj103,Moore,Jo-Jo,L,R,NY1,OF,Jo-Jo Moore,1193
ofarb101,O'Farrell,Bob,R,R,NY1,C,Bob O'Farrell,1193
ott-m101,Ott,Mel,L,R,NY1,OF,Mel Ott,1193
parmr101,Parmelee,Roy,R,R,NY1,P,Roy Parmelee,1193
schuh103,Schumacher,Hal,R,R,NY1,P,Hal Schumacher,1193
terrb101,Terry,Bill,L,L,NY1,1B,Bill Terry,1193
tobit101,Tobin,Tip,R,R,NY1,PH,Tip Tobin,1193
veltp101,Veltman,Pat,R,R,NY1,PH,Pat Veltman,1193
vergj101,Vergez,Johnny,R,R,NY1,3B,Johnny Vergez,1193
walkb101,Walker,Bill,R,L,NY1,P,Bill Walker,1193
almam101,Almada,Mel,L,L,WS1,OF,Mel Almada,1193
ander102,Anderson,Red,R,R,WS1,P,Red Anderson,1193
applp101,Appleton,Pete,R,R,WS1,P,Pete Appleton,1193
blooj101,Bloodworth,Jimmy,R,R,WS1,2B,Jimmy Bloodworth,1193
blueo102,Bluege,Ossie,R,R,WS1,SS,Ossie Bluege,1193
cascj101,Cascarella,Joe,R,R,WS1,P,Joe Cascarella,1193
caseg101,Case,George,R,R,WS1,OF,George Case,1193
chapb102,Chapman,Ben,R,R,WS1,OF,Ben Chapman,1193
chask101,Chase,Ken,L,L,WS1,P,Ken Chase,1193
cohes101,Cohen,Syd,B,L,WS1,P,Syd Cohen,1193
cromh101,Crompton,Herb,R,R,WS1,C,Herb Crompton,1193
deshj101,DeShong,Jimmie,R,R,WS1,P,Jimmie DeShong,1193
ferrr101,Ferrell,Rick,R,R,WS1,C,Rick Ferrell,1193
ferrw101,Ferrell,Wes,R,R,WS1,P,Wes Ferrell,1193
fiscc101,Fischer,Carl,R,L,WS1,P,Carl Fischer,1193
graym101,Gray,Milt,R,R,WS1,C,Milt Gray,1193
guerm102,Guerra,Mike,R,R,WS1,C,Mike Guerra,1193
hillj102,Hill,Jesse,R,R,WS1,OF,Jesse Hill,1193
hogas101,Hogan,Shanty,R,R,WS1,C,Shanty Hogan,1193
jacob102,Jacobs,Bucky,R,R,WS1,P,Bucky Jacobs,1193
kohlj101,Kohlman,Joe,R,R,WS1,P,Joe Kohlman,1193
krakj101,Krakauskas,Joe,L,L,WS1,P,Joe Krakauskas,1193
kuhej101,Kuhel,Joe,L,L,WS1,1B,Joe Kuhel,1193
lanad101,Lanahan,Dick,L,L,WS1,P,Dick Lanahan,1193
lewib103,Lewis,Buddy,L,R,WS1,3B,Buddy Lewis,1193
linke101,Linke,Ed,R,R,WS1,P,Ed Linke,1193
lynnj101,Lynn,Jerry,R,R,WS1,2B,Jerry Lynn,1193
mihaj101,Mihalic,John,R,R,WS1,2B,John Mihalic,1193
millw102,Millies,Wally,R,R,WS1,C,Wally Millies,1193
myerb103,Myer,Buddy,L,R,WS1,2B,Buddy Myer,1193
newsb101,Newsom,Bobo,R,R,WS1,P,Bobo Newsom,1193
phebb101,Phebus,Bill,R,R,WS1,P,Bill Phebus,1193
riddj101,Riddle,Johnny,R,R,WS1,C,Johnny Riddle,1193
saboa101,Sabo,Alex,R,R,WS1,C,Alex Sabo,1193
simma101,Simmons,Al,R,R,WS1,OF,Al Simmons,1193
singf101,Sington,Fred,R,R,WS1,OF,Fred Sington,1193
stonj102,Stone,John,L,R,WS1,OF,John Stone,1193
travc101,Travis,Cecil,L,R,WS1,SS,Cecil Travis,1193
trecf101,Trechock,Frank,R,R,WS1,SS,Frank Trechock,1193
wasdj101,Wasdell,Jimmy,L,L,WS1,1B,Jimmy Wasdell,1193
weavm101,Weaver,Monte,L,R,WS1,P,Monte Weaver,1193
applp101,Appleton,Pete,R,R,WS1,P,Pete Appleton,1193
blueo102,Bluege,Ossie,R,R,WS1,2B,Ossie Bluege,1193
bokij101,Bokina,Joe,R,R,WS1,P,Joe Bokina,1193
boltc101,Bolton,Cliff,L,R,WS1,C,Cliff Bolton,1193
cascj101,Cascarella,Joe,R,R,WS1,P,Joe Cascarella,1193
chapb102,Chapman,Ben,R,R,WS1,OF,Ben Chapman,1193
chask101,Chase,Ken,L,L,WS1,P,Ken Chase,1193
cohes101,Cohen,Syd,B,L,WS1,P,Syd Cohen,1193
copph101,Coppola,Henry,R,R,WS1,P,Henry Coppola,1193
deshj101,DeShong,Jimmie,R,R,WS1,P,Jimmie DeShong,1193
dietb101,Dietrich,Bill,R,R,WS1,P,Bill Dietrich,1193
estab101,Estalella,Bobby,R,R,WS1,PH,Bobby Estalella,1193
hillj102,Hill,Jesse,R,R,WS1,OF,Jesse Hill,1193
hogas101,Hogan,Shanty,R,R,WS1,C,Shanty Hogan,1193
kresr101,Kress,Red,R,R,WS1,SS,Red Kress,1193
kuhej101,Kuhel,Joe,L,L,WS1,1B,Joe Kuhel,1193
lewib103,Lewis,Buddy,L,R,WS1,3B,Buddy Lewis,1193
linke101,Linke,Ed,R,R,WS1,P,Ed Linke,1193
marbf101,Marberry,Firpo,R,R,WS1,P,Firpo Marberry,1193
mihaj101,Mihalic,John,R,R,WS1,2B,John Mihalic,1193
miled101,Miles,Dee,L,R,WS1,OF,Dee Miles,1193
millw102,Millies,Wally,R,R,WS1,C,Wally Millies,1193
myerb103,Myer,Buddy,L,R,WS1,2B,Buddy Myer,1193
newsb101,Newsom,Bobo,R,R,WS1,P,Bobo Newsom,1193
phebb101,Phebus,Bill,R,R,WS1,P,Bill Phebus,1193
powej106,Powell,Jake,R,R,WS1,OF,Jake Powell,1193
reync102,Reynolds,Carl,R,R,WS1,OF,Carl Reynolds,1193
russj103,Russell,Jack,R,R,WS1,P,Jack Russell,1193
saboa101,Sabo,Alex,R,R,WS1,C,Alex Sabo,1193
singf101,Sington,Fred,R,R,WS1,OF,Fred Sington,1193
starc102,Starr,Chick,R,R,WS1,C,Chick Starr,1193
stonj102,Stone,John,L,R,WS1,OF,John Stone,1193
travc101,Travis,Cecil,L,R,WS1,SS,Cecil Travis,1193
weavm101,Weaver,Monte,L,R,WS1,P,Monte Weaver,1193
white102,Whitehill,Earl,L,L,WS1,P,Earl Whitehill,1193
armbo101,Armbrust,Orville,R,R,WS1,P,Orville Armbrust,1193
bensa101,Benson,Allen,R,R,WS1,P,Allen Benson,1193
bergm103,Berg,Moe,R,R,WS1,C,Moe Berg,1193
blueo102,Bluege,Ossie,R,R,WS1,3B,Ossie Bluege,1193
bokeb101,Boken,Bob,R,R,WS1,3B,Bob Boken,1193
boltc101,Bolton,Cliff,L,R,WS1,C,Cliff Bolton,1193
burkb102,Burke,Bobby,L,L,WS1,P,Bobby Burke,1193
cohes101,Cohen,Syd,B,L,WS1,P,Syd Cohen,1193
cronj101,Cronin,Joe,R,R,WS1,SS,Joe Cronin,1193
crowg102,Crowder,General,L,R,WS1,P,General Crowder,1193
diggr101,Diggs,Reese,B,R,WS1,P,Reese Diggs,1193
dugag101,Dugas,Gus,L,L,WS1,OF,Gus Dugas,1193
fillm101,Filley,Mark,R,R,WS1,P,Mark Filley,1193
gillj105,Gill,Johnny,L,R,WS1,OF,Johnny Gill,1193
harrd101,Harris,Dave,R,R,WS1,OF,Dave Harris,1193
kerrj102,Kerr,John,R,R,WS1,3B,John Kerr,1193
klinb103,Kline,Bob,R,R,WS1,P,Bob Kline,1193
klume101,Klumpp,Elmer,R,R,WS1,C,Elmer Klumpp,1193
kresr101,Kress,Red,R,R,WS1,1B,Red Kress,1193
kuhej101,Kuhel,Joe,L,L,WS1,1B,Joe Kuhel,1193
linke101,Linke,Ed,R,R,WS1,P,Ed Linke,1193
manuh101,Manush,Heinie,L,L,WS1,OF,Heinie Manush,1193
mccoa103,McColl,Alex,B,R,WS1,P,Alex McColl,1193
millj110,Milligan,John,R,L,WS1,P,John Milligan,1193
myerb103,Myer,Buddy,L,R,WS1,2B,Buddy Myer,1193
phile102,Phillips,Eddie,R,R,WS1,C,Eddie Phillips,1193
powej106,Powell,Jake,R,R,WS1,OF,Jake Powell,1193
primr101,Prim,Ray,R,L,WS1,P,Ray Prim,1193
russj103,Russell,Jack,R,R,WS1,P,Jack Russell,1193
schuf101,Schulte,Fred,R,R,WS1,OF,Fred Schulte,1193
sewel101,Sewell,Luke,R,R,WS1,C,Luke Sewell,1193
singf101,Sington,Fred,R,R,WS1,OF,Fred Sington,1193
stewl101,Stewart,Lefty,R,L,WS1,P,Lefty Stewart,1193
stonj102,Stone,John,L,R,WS1,OF,John Stone,1193
suskp101,Susko,Pete,L,L,WS1,1B,Pete Susko,1193
thomt103,Thomas,Tommy,R,R,WS1,P,Tommy Thomas,1193
travc101,Travis,Cecil,L,R,WS1,3B,Cecil Travis,1193
weavm101,Weaver,Monte,L,R,WS1,P,Monte Weaver,1193
white102,Whitehill,Earl,L,L,WS1,P,Earl Whitehill,1193
beanb101,Bean,Belve,R,R,WS1,P,Belve Bean,1193
blueo102,Bluege,Ossie,R,R,WS1,SS,Ossie Bluege,1193
boltc101,Bolton,Cliff,L,R,WS1,C,Cliff Bolton,1193
burkb102,Burke,Bobby,L,L,WS1,P,Bobby Burke,1193
copph101,Coppola,Henry,R,R,WS1,P,Henry Coppola,1193
estab101,Estalella,Bobby,R,R,WS1,3B,Bobby Estalella,1193
hadlb101,Hadley,Bump,R,R,WS1,P,Bump Hadley,1193
hayej103,Hayes,Jim,L,R,WS1,P,Jim Hayes,1193
hensp101,Hensiek,Phil,R,R,WS1,P,Phil Hensiek,1193
holbs101,Holbrook,Sammy,R,R,WS1,C,Sammy Holbrook,1193
kresr101,Kress,Red,R,R,WS1,SS,Red Kress,1193
kuhej101,Kuhel,Joe,L,L,WS1,1B,Joe Kuhel,1193
lanad101,Lanahan,Dick,L,L,WS1,P,Dick Lanahan,1193
laryl101,Lary,Lyn,R,R,WS1,SS,Lyn Lary,1193
lewib103,Lewis,Buddy,L,R,WS1,3B,Buddy Lewis,1193
linke101,Linke,Ed,R,R,WS1,P,Ed Linke,1193
manuh101,Manush,Heinie,L,L,WS1,OF,Heinie Manush,1193
marir102,Marion,Red,R,R,WS1,OF,Red Marion,1193
mclea101,McLean,Al,R,R,WS1,P,Al McLean,1193
mihaj101,Mihalic,John,R,R,WS1,SS,John Mihalic,1193
miled101,Miles,Dee,L,R,WS1,OF,Dee Miles,1193
myerb103,Myer,Buddy,L,R,WS1,2B,Buddy Myer,1193
newsb101,Newsom,Bobo,R,R,WS1,P,Bobo Newsom,1193
pettl101,Pettit,Leon,L,L,WS1,P,Leon Pettit,1193
powej106,Powell,Jake,R,R,WS1,OF,Jake Powell,1193
redmj101,Redmond,Jack,L,R,WS1,C,Jack Redmond,1193
rogeb101,Rogers,Buck,R,L,WS1,P,Buck Rogers,1193
russj103,Russell,Jack,R,R,WS1,P,Jack Russell,1193
schuf101,Schulte,Fred,R,R,WS1,OF,Fred Schulte,1193
singf101,Sington,Fred,R,R,WS1,OF,Fred Sington,1193
starc102,Starr,Chick,R,R,WS1,C,Chick Starr,1193
stewl101,Stewart,Lefty,R,L,WS1,P,Lefty Stewart,1193
stonj102,Stone,John,L,R,WS1,OF,John Stone,1193
straa102,Strange,Alan,R,R,WS1,SS,Alan Strange,1193
thomt103,Thomas,Tommy,R,R,WS1,P,Tommy Thomas,1193
travc101,Travis,Cecil,L,R,WS1,3B,Cecil Travis,1193
weavm101,Weaver,Monte,L,R,WS1,P,Monte Weaver,1193
white102,Whitehill,Earl,L,L,WS1,P,Earl Whitehill,1193
altrn101,Altrock,Nick,B,L,WS1,PH,Nick Altrock,1193
andrb101,Andrus,Bill,R,R,WS1,3B,Bill Andrus,1193
blueo102,Bluege,Ossie,R,R,WS1,3B,Ossie Bluege,1193
boltc101,Bolton,Cliff,L,R,WS1,C,Cliff Bolton,1193
browl101,Brown,Lloyd,L,L,WS1,P,Lloyd Brown,1193
burkb102,Burke,Bobby,L,L,WS1,P,Bobby Burke,1193
cronj101,Cronin,Joe,R,R,WS1,SS,Joe Cronin,1193
crowg102,Crowder,General,L,R,WS1,P,General Crowder,1193
fiscc101,Fischer,Carl,R,L,WS1,P,Carl Fischer,1193
gillj105,Gill,Johnny,L,R,WS1,OF,Johnny Gill,1193
hadlb101,Hadley,Bump,R,R,WS1,P,Bump Hadley,1193
hargp101,Hargrave,Pinky,B,R,WS1,C,Pinky Hargrave,1193
harrd101,Harris,Dave,R,R,WS1,OF,Dave Harris,1193
hayej101,Hayes,Jackie,R,R,WS1,2B,Jackie Hayes,1193
jones104,Jones,Sad Sam,R,R,WS1,P,Sad Sam Jones,1193
jordb101,Jordan,Buck,L,R,WS1,1B,Buck Jordan,1193
judgj101,Judge,Joe,L,L,WS1,1B,Joe Judge,1193
kuhej101,Kuhel,Joe,L,L,WS1,1B,Joe Kuhel,1193
liska101,Liska,Ad,R,R,WS1,P,Ad Liska,1193
manuh101,Manush,Heinie,L,L,WS1,OF,Heinie Manush,1193
marbf101,Marberry,Firpo,R,R,WS1,P,Firpo Marberry,1193
mastw102,Masters,Walt,R,R,WS1,P,Walt Masters,1193
myerb103,Myer,Buddy,L,R,WS1,2B,Buddy Myer,1193
phelb101,Phelps,Babe,L,R,WS1,PH,Babe Phelps,1193
riceh101,Rice,Harry,L,R,WS1,OF,Harry Rice,1193
rices101,Rice,Sam,L,R,WS1,OF,Sam Rice,1193
spenr101,Spencer,Roy,R,R,WS1,C,Roy Spencer,1193
tausw101,Tauscher,Walt,R,R,WS1,P,Walt Tauscher,1193
weavm101,Weaver,Monte,L,R,WS1,P,Monte Weaver,1193
wests101,West,Sam,L,L,WS1,OF,Sam West,1193
barnr104,Barnes,Red,L,R,WS1,PH,Red Barnes,1193
barrb105,Barrett,Bill,R,R,WS1,OF,Bill Barrett,1193
blueo102,Bluege,Ossie,R,R,WS1,3B,Ossie Bluege,1193
bossh101,Boss,Harley,L,L,WS1,1B,Harley Boss,1193
braxg101,Braxton,Garland,L,L,WS1,P,Garland Braxton,1193
browl101,Brown,Lloyd,L,L,WS1,P,Lloyd Brown,1193
burkb102,Burke,Bobby,L,L,WS1,P,Bobby Burke,1193
chilh101,Child,Harry,B,R,WS1,P,Harry Child,1193
cronj101,Cronin,Joe,R,R,WS1,SS,Joe Cronin,1193
crowg102,Crowder,General,L,R,WS1,P,General Crowder,1193
fiscc101,Fischer,Carl,R,L,WS1,P,Carl Fischer,1193
gharp101,Gharrity,Patsy,R,R,WS1,1B,Patsy Gharrity,1193
goslg101,Goslin,Goose,L,R,WS1,OF,Goose Goslin,1193
hadlb101,Hadley,Bump,R,R,WS1,P,Bump Hadley,1193
hargp101,Hargrave,Pinky,B,R,WS1,C,Pinky Hargrave,1193
harrd101,Harris,Dave,R,R,WS1,OF,Dave Harris,1193
hayej101,Hayes,Jackie,R,R,WS1,2B,Jackie Hayes,1193
jones104,Jones,Sad Sam,R,R,WS1,P,Sad Sam Jones,1193
judgj101,Judge,Joe,L,L,WS1,1B,Joe Judge,1193
kuhej101,Kuhel,Joe,L,L,WS1,1B,Joe Kuhel,1193
liska101,Liska,Ad,R,R,WS1,P,Ad Liska,1193
loepg101,Loepp,George,R,R,WS1,OF,George Loepp,1193
manuh101,Manush,Heinie,L,L,WS1,OF,Heinie Manush,1193
marbf101,Marberry,Firpo,R,R,WS1,P,Firpo Marberry,1193
mclej101,McLeod,Jim,R,R,WS1,3B,Jim McLeod,1193
moorc103,Moore,Carlos,R,R,WS1,P,Carlos Moore,1193
myerb103,Myer,Buddy,L,R,WS1,2B,Buddy Myer,1193
powej106,Powell,Jake,R,R,WS1,OF,Jake Powell,1193
rices101,Rice,Sam,L,R,WS1,OF,Sam Rice,1193
ruelm101,Ruel,Muddy,R,R,WS1,C,Muddy Ruel,1193
shira101,Shires,Art,L,R,WS1,1B,Art Shires,1193
spenr101,Spencer,Roy,R,R,WS1,C,Roy Spencer,1193
tateb101,Tate,Bennie,L,R,WS1,C,Bennie Tate,1193
thomm101,Thomas,Myles,R,R,WS1,P,Myles Thomas,1193
trear102,Treadaway,Ray,L,R,WS1,3B,Ray Treadaway,1193
wests101,West,Sam,L,L,WS1,OF,Sam West,1193
bergm103,Berg,Moe,R,R,WS1,C,Moe Berg,1193
blueo102,Bluege,Ossie,R,R,WS1,3B,Ossie Bluege,1193
browl101,Brown,Lloyd,L,L,WS1,P,Lloyd Brown,1193
burkb102,Burke,Bobby,L,L,WS1,P,Bobby Burke,1193
coffd101,Coffman,Dick,R,R,WS1,P,Dick Coffman,1193
cronj101,Cronin,Joe,R,R,WS1,SS,Joe Cronin,1193
crowg102,Crowder,General,L,R,WS1,P,General Crowder,1193
edele101,Edelen,Ed,R,R,WS1,P,Ed Edelen,1193
fiscc101,Fischer,Carl,R,L,WS1,P,Carl Fischer,1193
frieb104,Friedrichs,Bob,R,R,WS1,P,Bob Friedrichs,1193
harrd101,Harris,Dave,R,R,WS1,OF,Dave Harris,1193
judgj101,Judge,Joe,L,L,WS1,1B,Joe Judge,1193
kerrj102,Kerr,John,R,R,WS1,2B,John Kerr,1193
kingw101,Kingdon,Wes,R,R,WS1,3B,Wes Kingdon,1193
kuhej101,Kuhel,Joe,L,L,WS1,1B,Joe Kuhel,1193
manuh101,Manush,Heinie,L,L,WS1,OF,Heinie Manush,1193
maplh101,Maple,Howard,L,R,WS1,C,Howard Maple,1193
marbf101,Marberry,Firpo,R,R,WS1,P,Firpo Marberry,1193
mcafb101,McAfee,Bill,R,R,WS1,P,Bill McAfee,1193
mclej101,McLeod,Jim,R,R,WS1,SS,Jim McLeod,1193
mussd101,Musser,Danny,L,R,WS1,3B,Danny Musser,1193
myerb103,Myer,Buddy,L,R,WS1,2B,Buddy Myer,1193
raglf101,Ragland,Frank,R,R,WS1,P,Frank Ragland,1193
reync102,Reynolds,Carl,R,R,WS1,OF,Carl Reynolds,1193
rices101,Rice,Sam,L,R,WS1,OF,Sam Rice,1193
spenr101,Spencer,Roy,R,R,WS1,C,Roy Spencer,1193
thomb102,Thomas,Bud,R,R,WS1,P,Bud Thomas,1193
thomt103,Thomas,Tommy,R,R,WS1,P,Tommy Thomas,1193
weavm101,Weaver,Monte,L,R,WS1,P,Monte Weaver,1193
wests101,West,Sam,L,L,WS1,OF,Sam West,1193
altrn101,Altrock,Nick,B,L,WS1,PH,Nick Altrock,1193
bergm103,Berg,Moe,R,R,WS1,C,Moe Berg,1193
blueo102,Bluege,Ossie,R,R,WS1,3B,Ossie Bluege,1193
bokeb101,Boken,Bob,R,R,WS1,2B,Bob Boken,1193
boltc101,Bolton,Cliff,L,R,WS1,C,Cliff Bolton,1193
burkb102,Burke,Bobby,L,L,WS1,P,Bobby Burke,1193
campj102,Campbell,John,R,R,WS1,P,John Campbell,1193
chape101,Chapman,Ed,B,R,WS1,P,Ed Chapman,1193
cronj101,Cronin,Joe,R,R,WS1,SS,Joe Cronin,1193
crowg102,Crowder,General,L,R,WS1,P,General Crowder,1193
goslg101,Goslin,Goose,L,R,WS1,OF,Goose Goslin,1193
harrd101,Harris,Dave,R,R,WS1,OF,Dave Harris,1193
kerrj102,Kerr,John,R,R,WS1,2B,John Kerr,1193
kuhej101,Kuhel,Joe,L,L,WS1,1B,Joe Kuhel,1193
linke101,Linke,Ed,R,R,WS1,P,Ed Linke,1193
manuh101,Manush,Heinie,L,L,WS1,OF,Heinie Manush,1193
mcafb101,McAfee,Bill,R,R,WS1,P,Bill McAfee,1193
mccoa103,McColl,Alex,B,R,WS1,P,Alex McColl,1193
myerb103,Myer,Buddy,L,R,WS1,2B,Buddy Myer,1193
primr101,Prim,Ray,R,L,WS1,P,Ray Prim,1193
rices101,Rice,Sam,L,R,WS1,OF,Sam Rice,1193
russj103,Russell,Jack,R,R,WS1,P,Jack Russell,1193
schuf101,Schulte,Fred,R,R,WS1,OF,Fred Schulte,1193
sewel101,Sewell,Luke,R,R,WS1,C,Luke Sewell,1193
stewl101,Stewart,Lefty,R,L,WS1,P,Lefty Stewart,1193
thomb102,Thomas,Bud,R,R,WS1,P,Bud Thomas,1193
thomt103,Thomas,Tommy,R,R,WS1,P,Tommy Thomas,1193
travc101,Travis,Cecil,L,R,WS1,3B,Cecil Travis,1193
weavm101,Weaver,Monte,L,R,WS1,P,Monte Weaver,1193
white102,Whitehill,Earl,L,L,WS1,P,Earl Whitehill,1193
