player_id,last,first,bats,throws,team_id,pos,player_name,year,team_name
ayalb001,Ayala,Benny,R,R,BAL,DH,Benny Ayala,1981,"A,Baltimore,Orioles"
belam101,Belanger,Mark,R,R,BAL,SS,Mark Belanger,1981,"A,Baltimore,Orioles"
boddm001,Boddicker,Mike,R,R,BAL,P,Mike Boddicker,1981,"A,Baltimore,Orioles"
bonnb101,Bonner,Bobby,R,R,BAL,SS,Bobby Bonner,1981,"A,Baltimore,Orioles"
bumba001,Bumbry,Al,L,R,BAL,OF,Al Bumbry,1981,"A,Baltimore,Orioles"
corem101,Corey,Mark,R,R,BAL,OF,Mark Corey,1981,"A,Baltimore,Orioles"
crowt101,Crowley,Terry,L,L,BAL,DH,Terry Crowley,1981,"A,Baltimore,Orioles"
dauer001,Dauer,Rich,R,R,BAL,2B,Rich Dauer,1981,"A,Baltimore,Orioles"
decid001,DeCinces,Doug,R,R,BAL,3B,Doug DeCinces,1981,"A,Baltimore,Orioles"
dempr001,Dempsey,Rick,R,R,BAL,C,Rick Dempsey,1981,"A,Baltimore,Orioles"
dwyej001,Dwyer,Jim,L,L,BAL,OF,Jim Dwyer,1981,"A,Baltimore,Orioles"
flanm001,Flanagan,Mike,L,L,BAL,P,Mike Flanagan,1981,"A,Baltimore,Orioles"
fordd101,Ford,Dave,R,R,BAL,P,Dave Ford,1981,"A,Baltimore,Orioles"
grahd101,Graham,Dan,L,R,BAL,C,Dan Graham,1981,"A,Baltimore,Orioles"
krenw001,Krenchicki,Wayne,L,R,BAL,SS,Wayne Krenchicki,1981,"A,Baltimore,Orioles"
lowej001,Lowenstein,John,L,R,BAL,OF,John Lowenstein,1981,"A,Baltimore,Orioles"
luebs101,Luebber,Steve,R,R,BAL,P,Steve Luebber,1981,"A,Baltimore,Orioles"
martd001,Martinez,Dennis,R,R,BAL,P,Dennis Martinez,1981,"A,Baltimore,Orioles"
martt001,Martinez,Tippy,L,L,BAL,P,Tippy Martinez,1981,"A,Baltimore,Orioles"
mcgrs001,McGregor,Scott,B,L,BAL,P,Scott McGregor,1981,"A,Baltimore,Orioles"
moraj001,Morales,Jose,R,R,BAL,DH,Jose Morales,1981,"A,Baltimore,Orioles"
murre001,Murray,Eddie,B,R,BAL,1B,Eddie Murray,1981,"A,Baltimore,Orioles"
palmj001,Palmer,Jim,R,R,BAL,P,Jim Palmer,1981,"A,Baltimore,Orioles"
ripkc001,Ripken,Cal,R,R,BAL,SS,Cal Ripken,1981,"A,Baltimore,Orioles"
roeng001,Roenicke,Gary,R,R,BAL,OF,Gary Roenicke,1981,"A,Baltimore,Orioles"
roysw101,Royster,Willie,R,R,BAL,C,Willie Royster,1981,"A,Baltimore,Orioles"
sakal001,Sakata,Lenn,R,R,BAL,SS,Lenn Sakata,1981,"A,Baltimore,Orioles"
schnj101,Schneider,Jeff,B,L,BAL,P,Jeff Schneider,1981,"A,Baltimore,Orioles"
shelj001,Shelby,John,B,R,BAL,OF,John Shelby,1981,"A,Baltimore,Orioles"
singk001,Singleton,Ken,B,R,BAL,OF,Ken Singleton,1981,"A,Baltimore,Orioles"
stews001,Stewart,Sammy,R,R,BAL,P,Sammy Stewart,1981,"A,Baltimore,Orioles"
stodt001,Stoddard,Tim,R,R,BAL,P,Tim Stoddard,1981,"A,Baltimore,Orioles"
stons101,Stone,Steve,R,R,BAL,P,Steve Stone,1981,"A,Baltimore,Orioles"
willd101,Williams,Dallas,L,L,BAL,OF,Dallas Williams,1981,"A,Baltimore,Orioles"
alexg101,Alexander,Gary,R,R,PIT,1B,Gary Alexander,1981,"N,Pittsburgh,Pirates"
alexm101,Alexander,Matt,B,R,PIT,OF,Matt Alexander,1981,"N,Pittsburgh,Pirates"
berrd001,Berra,Dale,R,R,PIT,3B,Dale Berra,1981,"N,Pittsburgh,Pirates"
bevak001,Bevacqua,Kurt,R,R,PIT,2B,Kurt Bevacqua,1981,"N,Pittsburgh,Pirates"
bibbj001,Bibby,Jim,R,R,PIT,P,Jim Bibby,1981,"N,Pittsburgh,Pirates"
boyld101,Boyland,Doe,L,L,PIT,PH,Doe Boyland,1981,"N,Pittsburgh,Pirates"
camae001,Camacho,Ernie,R,R,PIT,P,Ernie Camacho,1981,"N,Pittsburgh,Pirates"
candj001,Candelaria,John,L,L,PIT,P,John Candelaria,1981,"N,Pittsburgh,Pirates"
cruzv101,Cruz,Victor,R,R,PIT,P,Victor Cruz,1981,"N,Pittsburgh,Pirates"
easlm001,Easler,Mike,L,R,PIT,OF,Mike Easler,1981,"N,Pittsburgh,Pirates"
folit001,Foli,Tim,R,R,PIT,SS,Tim Foli,1981,"N,Pittsburgh,Pirates"
garnp001,Garner,Phil,R,R,PIT,2B,Phil Garner,1981,"N,Pittsburgh,Pirates"
jackg101,Jackson,Grant,B,L,PIT,P,Grant Jackson,1981,"N,Pittsburgh,Pirates"
joneo001,Jones,Odell,R,R,PIT,P,Odell Jones,1981,"N,Pittsburgh,Pirates"
lacyl001,Lacy,Lee,R,R,PIT,OF,Lee Lacy,1981,"N,Pittsburgh,Pirates"
law-v001,Law,Vance,R,R,PIT,2B,Vance Law,1981,"N,Pittsburgh,Pirates"
lee-m101,Lee,Mark,R,R,PIT,P,Mark Lee,1981,"N,Pittsburgh,Pirates"
longb001,Long,Bob,R,R,PIT,P,Bob Long,1981,"N,Pittsburgh,Pirates"
madlb001,Madlock,Bill,R,R,PIT,3B,Bill Madlock,1981,"N,Pittsburgh,Pirates"
milnj101,Milner,John,L,L,PIT,1B,John Milner,1981,"N,Pittsburgh,Pirates"
montw101,Montanez,Willie,L,L,PIT,1B,Willie Montanez,1981,"N,Pittsburgh,Pirates"
moreo001,Moreno,Omar,L,L,PIT,OF,Omar Moreno,1981,"N,Pittsburgh,Pirates"
nicos001,Nicosia,Steve,R,R,PIT,C,Steve Nicosia,1981,"N,Pittsburgh,Pirates"
parkd001,Parker,Dave,L,R,PIT,OF,Dave Parker,1981,"N,Pittsburgh,Pirates"
penat001,Pena,Tony,R,R,PIT,C,Tony Pena,1981,"N,Pittsburgh,Pirates"
perep001,Perez,Pascual,R,R,PIT,P,Pascual Perez,1981,"N,Pittsburgh,Pirates"
ray-j001,Ray,Johnny,B,R,PIT,2B,Johnny Ray,1981,"N,Pittsburgh,Pirates"
rhodr001,Rhoden,Rick,R,R,PIT,P,Rick Rhoden,1981,"N,Pittsburgh,Pirates"
robib101,Robinson,Bill,R,R,PIT,1B,Bill Robinson,1981,"N,Pittsburgh,Pirates"
robid001,Robinson,Don,R,R,PIT,P,Don Robinson,1981,"N,Pittsburgh,Pirates"
romoe101,Romo,Enrique,R,R,PIT,P,Enrique Romo,1981,"N,Pittsburgh,Pirates"
scurr001,Scurry,Rod,L,L,PIT,P,Rod Scurry,1981,"N,Pittsburgh,Pirates"
soloe101,Solomon,Eddie,R,R,PIT,P,Eddie Solomon,1981,"N,Pittsburgh,Pirates"
starw101,Stargell,Willie,L,L,PIT,1B,Willie Stargell,1981,"N,Pittsburgh,Pirates"
tekuk001,Tekulve,Kent,R,R,PIT,P,Kent Tekulve,1981,"N,Pittsburgh,Pirates"
thomj001,Thompson,Jason,L,L,PIT,1B,Jason Thompson,1981,"N,Pittsburgh,Pirates"
tianl101,Tiant,Luis,R,R,PIT,P,Luis Tiant,1981,"N,Pittsburgh,Pirates"
armsm001,Armstrong,Mike,R,R,SDN,P,Mike Armstrong,1981,"N,San Diego,Padres"
bassr101,Bass,Randy,L,R,SDN,1B,Randy Bass,1981,"N,San Diego,Padres"
bonij001,Bonilla,Juan,R,R,SDN,2B,Juan Bonilla,1981,"N,San Diego,Padres"
boond101,Boone,Danny,L,L,SDN,P,Danny Boone,1981,"N,San Diego,Padres"
curtj001,Curtis,John,L,L,SDN,P,John Curtis,1981,"N,San Diego,Padres"
edwad101,Edwards,Dave,R,R,SDN,OF,Dave Edwards,1981,"N,San Diego,Padres"
eichj001,Eichelberger,Juan,R,R,SDN,P,Juan Eichelberger,1981,"N,San Diego,Padres"
evanb101,Evans,Barry,R,R,SDN,3B,Barry Evans,1981,"N,San Diego,Padres"
fires001,Fireovid,Steve,B,R,SDN,P,Steve Fireovid,1981,"N,San Diego,Padres"
flant001,Flannery,Tim,L,R,SDN,3B,Tim Flannery,1981,"N,San Diego,Padres"
gwosd001,Gwosdz,Doug,R,R,SDN,C,Doug Gwosdz,1981,"N,San Diego,Padres"
joner002,Jones,Ruppert,L,L,SDN,OF,Ruppert Jones,1981,"N,San Diego,Padres"
kennt001,Kennedy,Terry,L,R,SDN,C,Terry Kennedy,1981,"N,San Diego,Padres"
kuhaf101,Kuhaulua,Fred,L,L,SDN,P,Fred Kuhaulua,1981,"N,San Diego,Padres"
lefej001,Lefebvre,Joe,L,R,SDN,OF,Joe Lefebvre,1981,"N,San Diego,Padres"
littj102,Littlefield,John,R,R,SDN,P,John Littlefield,1981,"N,San Diego,Padres"
lollt001,Lollar,Tim,L,L,SDN,P,Tim Lollar,1981,"N,San Diego,Padres"
lucag001,Lucas,Gary,L,L,SDN,P,Gary Lucas,1981,"N,San Diego,Padres"
morej101,Moreno,Jose,B,R,SDN,OF,Jose Moreno,1981,"N,San Diego,Padres"
muras001,Mura,Steve,R,R,SDN,P,Steve Mura,1981,"N,San Diego,Padres"
perkb001,Perkins,Broderick,L,L,SDN,1B,Broderick Perkins,1981,"N,San Diego,Padres"
philm101,Phillips,Mike,L,R,SDN,2B,Mike Phillips,1981,"N,San Diego,Padres"
ramim001,Ramirez,Mario,R,R,SDN,3B,Mario Ramirez,1981,"N,San Diego,Padres"
richg001,Richards,Gene,L,L,SDN,OF,Gene Richards,1981,"N,San Diego,Padres"
salal001,Salazar,Luis,R,R,SDN,3B,Luis Salazar,1981,"N,San Diego,Padres"
showe001,Show,Eric,R,R,SDN,P,Eric Show,1981,"N,San Diego,Padres"
smito001,Smith,Ozzie,B,R,SDN,SS,Ozzie Smith,1981,"N,San Diego,Padres"
stimc101,Stimac,Craig,R,R,SDN,PH,Craig Stimac,1981,"N,San Diego,Padres"
swiss101,Swisher,Steve,R,R,SDN,C,Steve Swisher,1981,"N,San Diego,Padres"
turnj101,Turner,Jerry,L,L,SDN,OF,Jerry Turner,1981,"N,San Diego,Padres"
urrej101,Urrea,John,R,R,SDN,P,John Urrea,1981,"N,San Diego,Padres"
welsc001,Welsh,Chris,L,L,SDN,P,Chris Welsh,1981,"N,San Diego,Padres"
wigga001,Wiggins,Alan,B,R,SDN,OF,Alan Wiggins,1981,"N,San Diego,Padres"
wiser101,Wise,Rick,R,R,SDN,P,Rick Wise,1981,"N,San Diego,Padres"
bailh101,Bailey,Howard,R,L,DET,P,Howard Bailey,1981,"A,Detroit,Tigers"
broot001,Brookens,Tom,R,R,DET,3B,Tom Brookens,1981,"A,Detroit,Tigers"
browd001,Brown,Darrell,B,R,DET,OF,Darrell Brown,1981,"A,Detroit,Tigers"
cappg101,Cappuzzello,George,R,L,DET,P,George Cappuzzello,1981,"A,Detroit,Tigers"
castm001,Castillo,Marty,R,R,DET,3B,Marty Castillo,1981,"A,Detroit,Tigers"
cowea001,Cowens,Al,R,R,DET,OF,Al Cowens,1981,"A,Detroit,Tigers"
dyerd101,Dyer,Duffy,R,R,DET,C,Duffy Dyer,1981,"A,Detroit,Tigers"
faheb101,Fahey,Bill,L,R,DET,C,Bill Fahey,1981,"A,Detroit,Tigers"
gibsk001,Gibson,Kirk,L,L,DET,OF,Kirk Gibson,1981,"A,Detroit,Tigers"
hebnr001,Hebner,Richie,L,R,DET,1B,Richie Hebner,1981,"A,Detroit,Tigers"
jackr002,Jackson,Ron,R,R,DET,1B,Ron Jackson,1981,"A,Detroit,Tigers"
jonel001,Jones,Lynn,R,R,DET,OF,Lynn Jones,1981,"A,Detroit,Tigers"
kellm101,Kelleher,Mick,R,R,DET,3B,Mick Kelleher,1981,"A,Detroit,Tigers"
kemps001,Kemp,Steve,L,L,DET,OF,Steve Kemp,1981,"A,Detroit,Tigers"
kinnd101,Kinney,Dennis,L,L,DET,P,Dennis Kinney,1981,"A,Detroit,Tigers"
leacr001,Leach,Rick,L,L,DET,1B,Rick Leach,1981,"A,Detroit,Tigers"
lopea001,Lopez,Aurelio,R,R,DET,P,Aurelio Lopez,1981,"A,Detroit,Tigers"
morrj001,Morris,Jack,R,R,DET,P,Jack Morris,1981,"A,Detroit,Tigers"
papis101,Papi,Stan,R,R,DET,3B,Stan Papi,1981,"A,Detroit,Tigers"
parrl001,Parrish,Lance,R,R,DET,C,Lance Parrish,1981,"A,Detroit,Tigers"
peter001,Peters,Rick,B,R,DET,OF,Rick Peters,1981,"A,Detroit,Tigers"
petrd001,Petry,Dan,R,R,DET,P,Dan Petry,1981,"A,Detroit,Tigers"
rothl101,Rothschild,Larry,L,R,DET,P,Larry Rothschild,1981,"A,Detroit,Tigers"
rozed001,Rozema,Dave,R,R,DET,P,Dave Rozema,1981,"A,Detroit,Tigers"
ruckd001,Rucker,Dave,L,L,DET,P,Dave Rucker,1981,"A,Detroit,Tigers"
sauck101,Saucier,Kevin,L,L,DET,P,Kevin Saucier,1981,"A,Detroit,Tigers"
schad001,Schatzeder,Dan,L,L,DET,P,Dan Schatzeder,1981,"A,Detroit,Tigers"
summc001,Summers,Champ,L,R,DET,DH,Champ Summers,1981,"A,Detroit,Tigers"
tobid001,Tobik,Dave,R,R,DET,P,Dave Tobik,1981,"A,Detroit,Tigers"
trama001,Trammell,Alan,R,R,DET,SS,Alan Trammell,1981,"A,Detroit,Tigers"
ujduj001,Ujdur,Jerry,R,R,DET,P,Jerry Ujdur,1981,"A,Detroit,Tigers"
whitl001,Whitaker,Lou,L,R,DET,2B,Lou Whitaker,1981,"A,Detroit,Tigers"
wilcm001,Wilcox,Milt,R,R,DET,P,Milt Wilcox,1981,"A,Detroit,Tigers"
wockj001,Wockenfuss,John,R,R,DET,DH,John Wockenfuss,1981,"A,Detroit,Tigers"
babcb101,Babcock,Bob,R,R,TEX,P,Bob Babcock,1981,"A,Texas,Rangers"
bellb001,Bell,Buddy,R,R,TEX,3B,Buddy Bell,1981,"A,Texas,Rangers"
butcj001,Butcher,John,R,R,TEX,P,John Butcher,1981,"A,Texas,Rangers"
comes001,Comer,Steve,B,R,TEX,P,Steve Comer,1981,"A,Texas,Rangers"
cox-l101,Cox,Larry,R,R,TEX,C,Larry Cox,1981,"A,Texas,Rangers"
darwd001,Darwin,Danny,R,R,TEX,P,Danny Darwin,1981,"A,Texas,Rangers"
durad101,Duran,Dan,L,L,TEX,OF,Dan Duran,1981,"A,Texas,Rangers"
ellij101,Ellis,John,R,R,TEX,1B,John Ellis,1981,"A,Texas,Rangers"
grubj001,Grubb,Johnny,L,R,TEX,OF,Johnny Grubb,1981,"A,Texas,Rangers"
honer001,Honeycutt,Rick,L,L,TEX,P,Rick Honeycutt,1981,"A,Texas,Rangers"
hougc001,Hough,Charlie,R,R,TEX,P,Charlie Hough,1981,"A,Texas,Rangers"
jenkf101,Jenkins,Fergie,R,R,TEX,P,Fergie Jenkins,1981,"A,Texas,Rangers"
johnb101,Johnson,Bob,R,R,TEX,C,Bob Johnson,1981,"A,Texas,Rangers"
johnj001,Johnson,John Henry,L,L,TEX,P,John Henry Johnson,1981,"A,Texas,Rangers"
joneb001,Jones,Bob,L,L,TEX,OF,Bob Jones,1981,"A,Texas,Rangers"
kernj001,Kern,Jim,R,R,TEX,P,Jim Kern,1981,"A,Texas,Rangers"
laceb001,Lacey,Bob,R,L,TEX,P,Bob Lacey,1981,"A,Texas,Rangers"
lisir101,Lisi,Rick,R,R,TEX,OF,Rick Lisi,1981,"A,Texas,Rangers"
matlj101,Matlack,Jon,L,L,TEX,P,Jon Matlack,1981,"A,Texas,Rangers"
medid101,Medich,Doc,R,R,TEX,P,Doc Medich,1981,"A,Texas,Rangers"
mendm101,Mendoza,Mario,R,R,TEX,SS,Mario Mendoza,1981,"A,Texas,Rangers"
mercm101,Mercer,Mark,L,L,TEX,P,Mark Mercer,1981,"A,Texas,Rangers"
normn001,Norman,Nelson,B,R,TEX,SS,Nelson Norman,1981,"A,Texas,Rangers"
oliva001,Oliver,Al,L,L,TEX,DH,Al Oliver,1981,"A,Texas,Rangers"
poqut101,Poquette,Tom,L,R,TEX,OF,Tom Poquette,1981,"A,Texas,Rangers"
putnp001,Putnam,Pat,L,R,TEX,1B,Pat Putnam,1981,"A,Texas,Rangers"
rivem001,Rivers,Mickey,L,L,TEX,OF,Mickey Rivers,1981,"A,Texas,Rangers"
robel001,Roberts,Leon,R,R,TEX,OF,Leon Roberts,1981,"A,Texas,Rangers"
sampb001,Sample,Billy,R,R,TEX,OF,Billy Sample,1981,"A,Texas,Rangers"
schmd001,Schmidt,Dave J.,R,R,TEX,P,Dave J. Schmidt,1981,"A,Texas,Rangers"
steib001,Stein,Bill,R,R,TEX,1B,Bill Stein,1981,"A,Texas,Rangers"
sundj001,Sundberg,Jim,R,R,TEX,C,Jim Sundberg,1981,"A,Texas,Rangers"
tollw001,Tolleson,Wayne,B,R,TEX,3B,Wayne Tolleson,1981,"A,Texas,Rangers"
wagnm001,Wagner,Mark,R,R,TEX,SS,Mark Wagner,1981,"A,Texas,Rangers"
wernd101,Werner,Don,R,R,TEX,DH,Don Werner,1981,"A,Texas,Rangers"
whitl003,Whitehouse,Len,L,L,TEX,P,Len Whitehouse,1981,"A,Texas,Rangers"
willb101,Wills,Bump,B,R,TEX,2B,Bump Wills,1981,"A,Texas,Rangers"
bandc001,Bando,Chris,B,R,CLE,C,Chris Bando,1981,"A,Cleveland,Indians"
banna001,Bannister,Alan,R,R,CLE,OF,Alan Bannister,1981,"A,Cleveland,Indians"
barkl001,Barker,Len,R,R,CLE,P,Len Barker,1981,"A,Cleveland,Indians"
blylb001,Blyleven,Bert,R,R,CLE,P,Bert Blyleven,1981,"A,Cleveland,Indians"
brent001,Brennan,Tom,R,R,CLE,P,Tom Brennan,1981,"A,Cleveland,Indians"
charj101,Charboneau,Joe,R,R,CLE,OF,Joe Charboneau,1981,"A,Cleveland,Indians"
dennj001,Denny,John,R,R,CLE,P,John Denny,1981,"A,Cleveland,Indians"
diazb001,Diaz,Bo,R,R,CLE,C,Bo Diaz,1981,"A,Cleveland,Indians"
dilom001,Dilone,Miguel,B,R,CLE,OF,Miguel Dilone,1981,"A,Cleveland,Indians"
dybzj001,Dybzinski,Jerry,R,R,CLE,SS,Jerry Dybzinski,1981,"A,Cleveland,Indians"
fiscm001,Fischlin,Mike,R,R,CLE,SS,Mike Fischlin,1981,"A,Cleveland,Indians"
garlw101,Garland,Wayne,R,R,CLE,P,Wayne Garland,1981,"A,Cleveland,Indians"
glyne001,Glynn,Ed,R,L,CLE,P,Ed Glynn,1981,"A,Cleveland,Indians"
hargm001,Hargrove,Mike,L,L,CLE,1B,Mike Hargrove,1981,"A,Cleveland,Indians"
harrt001,Harrah,Toby,R,R,CLE,3B,Toby Harrah,1981,"A,Cleveland,Indians"
hassr001,Hassey,Ron,L,R,CLE,C,Ron Hassey,1981,"A,Cleveland,Indians"
hayev001,Hayes,Von,L,R,CLE,DH,Von Hayes,1981,"A,Cleveland,Indians"
kellp101,Kelly,Pat,L,L,CLE,DH,Pat Kelly,1981,"A,Cleveland,Indians"
kuipd001,Kuiper,Duane,L,R,CLE,2B,Duane Kuiper,1981,"A,Cleveland,Indians"
laceb001,Lacey,Bob,R,L,CLE,P,Bob Lacey,1981,"A,Cleveland,Indians"
lewad101,Lewallyn,Dennis,R,R,CLE,P,Dennis Lewallyn,1981,"A,Cleveland,Indians"
littl101,Littleton,Larry,R,R,CLE,OF,Larry Littleton,1981,"A,Cleveland,Indians"
mannr001,Manning,Rick,L,R,CLE,OF,Rick Manning,1981,"A,Cleveland,Indians"
mongs001,Monge,Sid,B,L,CLE,P,Sid Monge,1981,"A,Cleveland,Indians"
ortaj001,Orta,Jorge,L,R,CLE,OF,Jorge Orta,1981,"A,Cleveland,Indians"
pagek101,Pagel,Karl,L,L,CLE,1B,Karl Pagel,1981,"A,Cleveland,Indians"
pruir101,Pruitt,Ron,R,R,CLE,OF,Ron Pruitt,1981,"A,Cleveland,Indians"
rosed101,Rosello,Dave,R,R,CLE,2B,Dave Rosello,1981,"A,Cleveland,Indians"
spild001,Spillner,Dan,R,R,CLE,P,Dan Spillner,1981,"A,Cleveland,Indians"
stanm001,Stanton,Mike,B,R,CLE,P,Mike Stanton,1981,"A,Cleveland,Indians"
thora001,Thornton,Andre,R,R,CLE,DH,Andre Thornton,1981,"A,Cleveland,Indians"
veryt001,Veryzer,Tom,R,R,CLE,SS,Tom Veryzer,1981,"A,Cleveland,Indians"
waitr001,Waits,Rick,L,L,CLE,P,Rick Waits,1981,"A,Cleveland,Indians"
agual001,Aguayo,Luis,R,R,PHI,2B,Luis Aguayo,1981,"N,Philadelphia,Phillies"
avilr101,Aviles,Ramon,R,R,PHI,2B,Ramon Aviles,1981,"N,Philadelphia,Phillies"
boonb001,Boone,Bob,R,R,PHI,C,Bob Boone,1981,"N,Philadelphia,Phillies"
bowal001,Bowa,Larry,B,R,PHI,SS,Larry Bowa,1981,"N,Philadelphia,Phillies"
brusw001,Brusstar,Warren,R,R,PHI,P,Warren Brusstar,1981,"N,Philadelphia,Phillies"
bystm001,Bystrom,Marty,R,R,PHI,P,Marty Bystrom,1981,"N,Philadelphia,Phillies"
carls001,Carlton,Steve,L,L,PHI,P,Steve Carlton,1981,"N,Philadelphia,Phillies"
chril101,Christenson,Larry,R,R,PHI,P,Larry Christenson,1981,"N,Philadelphia,Phillies"
david101,Davis,Dick,R,R,PHI,OF,Dick Davis,1981,"N,Philadelphia,Phillies"
davim001,Davis,Mark,L,L,PHI,P,Mark Davis,1981,"N,Philadelphia,Phillies"
dernb001,Dernier,Bob,R,R,PHI,OF,Bob Dernier,1981,"N,Philadelphia,Phillies"
espin101,Espinosa,Nino,R,R,PHI,P,Nino Espinosa,1981,"N,Philadelphia,Phillies"
grosg001,Gross,Greg,L,L,PHI,OF,Greg Gross,1981,"N,Philadelphia,Phillies"
larsd101,Larson,Dan,R,R,PHI,P,Dan Larson,1981,"N,Philadelphia,Phillies"
lyles101,Lyle,Sparky,L,L,PHI,P,Sparky Lyle,1981,"N,Philadelphia,Phillies"
maddg001,Maddox,Garry,R,R,PHI,OF,Garry Maddox,1981,"N,Philadelphia,Phillies"
mattg001,Matthews,Gary,R,R,PHI,OF,Gary Matthews,1981,"N,Philadelphia,Phillies"
matul001,Matuszek,Len,L,R,PHI,1B,Len Matuszek,1981,"N,Philadelphia,Phillies"
mcbrb101,McBride,Bake,L,R,PHI,OF,Bake McBride,1981,"N,Philadelphia,Phillies"
mccod101,McCormack,Don,R,R,PHI,C,Don McCormack,1981,"N,Philadelphia,Phillies"
mcgrt001,McGraw,Tug,R,L,PHI,P,Tug McGraw,1981,"N,Philadelphia,Phillies"
morek001,Moreland,Keith,R,R,PHI,C,Keith Moreland,1981,"N,Philadelphia,Phillies"
noled001,Noles,Dickie,R,R,PHI,P,Dickie Noles,1981,"N,Philadelphia,Phillies"
prolm101,Proly,Mike,R,R,PHI,P,Mike Proly,1981,"N,Philadelphia,Phillies"
reedj002,Reed,Jerry,R,R,PHI,P,Jerry Reed,1981,"N,Philadelphia,Phillies"
reedr001,Reed,Ron,R,R,PHI,P,Ron Reed,1981,"N,Philadelphia,Phillies"
rosep001,Rose,Pete,B,R,PHI,1B,Pete Rose,1981,"N,Philadelphia,Phillies"
ruthd001,Ruthven,Dick,R,R,PHI,P,Dick Ruthven,1981,"N,Philadelphia,Phillies"
sandr001,Sandberg,Ryne,R,R,PHI,SS,Ryne Sandberg,1981,"N,Philadelphia,Phillies"
schmm001,Schmidt,Mike,R,R,PHI,3B,Mike Schmidt,1981,"N,Philadelphia,Phillies"
smitl002,Smith,Lonnie,R,R,PHI,OF,Lonnie Smith,1981,"N,Philadelphia,Phillies"
trilm001,Trillo,Manny,R,R,PHI,2B,Manny Trillo,1981,"N,Philadelphia,Phillies"
unsed101,Unser,Del,L,L,PHI,1B,Del Unser,1981,"N,Philadelphia,Phillies"
virgo001,Virgil,Ozzie,R,R,PHI,C,Ozzie Virgil,1981,"N,Philadelphia,Phillies"
vukog001,Vukovich,George,L,R,PHI,OF,George Vukovich,1981,"N,Philadelphia,Phillies"
vukoj101,Vukovich,John,R,R,PHI,3B,John Vukovich,1981,"N,Philadelphia,Phillies"
bahns101,Bahnsen,Stan,R,R,MON,P,Stan Bahnsen,1981,"N,Montreal,Expos"
brigd101,Briggs,Dan,L,L,MON,1B,Dan Briggs,1981,"N,Montreal,Expos"
burrr001,Burris,Ray,R,R,MON,P,Ray Burris,1981,"N,Montreal,Expos"
cartg001,Carter,Gary,R,R,MON,C,Gary Carter,1981,"N,Montreal,Expos"
cromw101,Cromartie,Warren,L,L,MON,1B,Warren Cromartie,1981,"N,Montreal,Expos"
dawsa001,Dawson,Andre,R,R,MON,OF,Andre Dawson,1981,"N,Montreal,Expos"
englr101,Engle,Rick,R,L,MON,P,Rick Engle,1981,"N,Montreal,Expos"
frant001,Francona,Terry,L,L,MON,OF,Terry Francona,1981,"N,Montreal,Expos"
frymw101,Fryman,Woodie,R,L,MON,P,Woodie Fryman,1981,"N,Montreal,Expos"
gatem101,Gates,Mike,L,R,MON,2B,Mike Gates,1981,"N,Montreal,Expos"
gormt001,Gorman,Tom,L,L,MON,P,Tom Gorman,1981,"N,Montreal,Expos"
gullb001,Gullickson,Bill,R,R,MON,P,Bill Gullickson,1981,"N,Montreal,Expos"
hostd001,Hostetler,Dave,R,R,MON,1B,Dave Hostetler,1981,"N,Montreal,Expos"
huttt101,Hutton,Tom,L,L,MON,1B,Tom Hutton,1981,"N,Montreal,Expos"
jackg101,Jackson,Grant,B,L,MON,P,Grant Jackson,1981,"N,Montreal,Expos"
johnt101,Johnson,Tony,R,R,MON,OF,Tony Johnson,1981,"N,Montreal,Expos"
johnw001,Johnson,Wallace,B,R,MON,2B,Wallace Johnson,1981,"N,Montreal,Expos"
lea-c001,Lea,Charlie,R,R,MON,P,Charlie Lea,1981,"N,Montreal,Expos"
lee-b101,Lee,Bill,L,L,MON,P,Bill Lee,1981,"N,Montreal,Expos"
manuj101,Manuel,Jerry,B,R,MON,2B,Jerry Manuel,1981,"N,Montreal,Expos"
millb101,Mills,Brad,L,R,MON,3B,Brad Mills,1981,"N,Montreal,Expos"
milnj101,Milner,John,L,L,MON,1B,John Milner,1981,"N,Montreal,Expos"
montw101,Montanez,Willie,L,L,MON,1B,Willie Montanez,1981,"N,Montreal,Expos"
offir101,Office,Rowland,L,L,MON,OF,Rowland Office,1981,"N,Montreal,Expos"
parrl002,Parrish,Larry,R,R,MON,3B,Larry Parrish,1981,"N,Montreal,Expos"
pateb101,Pate,Bob,R,R,MON,OF,Bob Pate,1981,"N,Montreal,Expos"
philm101,Phillips,Mike,L,R,MON,SS,Mike Phillips,1981,"N,Montreal,Expos"
raint001,Raines,Tim,B,R,MON,OF,Tim Raines,1981,"N,Montreal,Expos"
ramor001,Ramos,Bobby,R,R,MON,C,Bobby Ramos,1981,"N,Montreal,Expos"
ratzs101,Ratzer,Steve,R,R,MON,P,Steve Ratzer,1981,"N,Montreal,Expos"
rearj001,Reardon,Jeff,R,R,MON,P,Jeff Reardon,1981,"N,Montreal,Expos"
roges001,Rogers,Steve,R,R,MON,P,Steve Rogers,1981,"N,Montreal,Expos"
roonp101,Rooney,Pat,R,R,MON,OF,Pat Rooney,1981,"N,Montreal,Expos"
sands001,Sanderson,Scott,R,R,MON,P,Scott Sanderson,1981,"N,Montreal,Expos"
scotr101,Scott,Rodney,B,R,MON,2B,Rodney Scott,1981,"N,Montreal,Expos"
smitb001,Smith,Bryn,R,R,MON,P,Bryn Smith,1981,"N,Montreal,Expos"
smitc101,Smith,Chris,B,R,MON,2B,Chris Smith,1981,"N,Montreal,Expos"
sosae101,Sosa,Elias,R,R,MON,P,Elias Sosa,1981,"N,Montreal,Expos"
speic001,Speier,Chris,R,R,MON,SS,Chris Speier,1981,"N,Montreal,Expos"
valee001,Valentine,Ellis,R,R,MON,OF,Ellis Valentine,1981,"N,Montreal,Expos"
wallt001,Wallach,Tim,R,R,MON,OF,Tim Wallach,1981,"N,Montreal,Expos"
whitj001,White,Jerry,B,R,MON,OF,Jerry White,1981,"N,Montreal,Expos"
wiegt001,Wieghaus,Tom,R,R,MON,C,Tom Wieghaus,1981,"N,Montreal,Expos"
auguj001,Augustine,Jerry,L,L,MIL,P,Jerry Augustine,1981,"A,Milwaukee,Brewers"
bands101,Bando,Sal,R,R,MIL,3B,Sal Bando,1981,"A,Milwaukee,Brewers"
bernd101,Bernard,Dwight,R,R,MIL,P,Dwight Bernard,1981,"A,Milwaukee,Brewers"
boslt001,Bosley,Thad,L,L,MIL,OF,Thad Bosley,1981,"A,Milwaukee,Brewers"
broum001,Brouhard,Mark,R,R,MIL,OF,Mark Brouhard,1981,"A,Milwaukee,Brewers"
caldm001,Caldwell,Mike,R,L,MIL,P,Mike Caldwell,1981,"A,Milwaukee,Brewers"
clevr101,Cleveland,Reggie,R,R,MIL,P,Reggie Cleveland,1981,"A,Milwaukee,Brewers"
coopc001,Cooper,Cecil,L,L,MIL,1B,Cecil Cooper,1981,"A,Milwaukee,Brewers"
dipif001,DiPino,Frank,L,L,MIL,P,Frank DiPino,1981,"A,Milwaukee,Brewers"
eastj001,Easterly,Jamie,L,L,MIL,P,Jamie Easterly,1981,"A,Milwaukee,Brewers"
edwam102,Edwards,Marshall,L,L,MIL,OF,Marshall Edwards,1981,"A,Milwaukee,Brewers"
fingr001,Fingers,Rollie,R,R,MIL,P,Rollie Fingers,1981,"A,Milwaukee,Brewers"
gantj001,Gantner,Jim,L,R,MIL,2B,Jim Gantner,1981,"A,Milwaukee,Brewers"
haasm001,Haas,Moose,R,R,MIL,P,Moose Haas,1981,"A,Milwaukee,Brewers"
hisll101,Hisle,Larry,R,R,MIL,DH,Larry Hisle,1981,"A,Milwaukee,Brewers"
hower001,Howell,Roy,L,R,MIL,3B,Roy Howell,1981,"A,Milwaukee,Brewers"
keetr101,Keeton,Rickey,R,R,MIL,P,Rickey Keeton,1981,"A,Milwaukee,Brewers"
lercr001,Lerch,Randy,L,L,MIL,P,Randy Lerch,1981,"A,Milwaukee,Brewers"
mcclb001,McClure,Bob,R,L,MIL,P,Bob McClure,1981,"A,Milwaukee,Brewers"
molip001,Molitor,Paul,R,R,MIL,OF,Paul Molitor,1981,"A,Milwaukee,Brewers"
moned101,Money,Don,R,R,MIL,3B,Don Money,1981,"A,Milwaukee,Brewers"
moorc001,Moore,Charlie,R,R,MIL,C,Charlie Moore,1981,"A,Milwaukee,Brewers"
moord001,Moore,Donnie,L,R,MIL,P,Donnie Moore,1981,"A,Milwaukee,Brewers"
muelw101,Mueller,Willie,R,R,MIL,P,Willie Mueller,1981,"A,Milwaukee,Brewers"
oglib001,Oglivie,Ben,L,L,MIL,OF,Ben Oglivie,1981,"A,Milwaukee,Brewers"
portc001,Porter,Chuck,R,R,MIL,P,Chuck Porter,1981,"A,Milwaukee,Brewers"
romee001,Romero,Ed,R,R,MIL,SS,Ed Romero,1981,"A,Milwaukee,Brewers"
simmt001,Simmons,Ted,B,R,MIL,C,Ted Simmons,1981,"A,Milwaukee,Brewers"
slatj001,Slaton,Jim,R,R,MIL,P,Jim Slaton,1981,"A,Milwaukee,Brewers"
thomg001,Thomas,Gorman,R,R,MIL,OF,Gorman Thomas,1981,"A,Milwaukee,Brewers"
vuckp001,Vuckovich,Pete,R,R,MIL,P,Pete Vuckovich,1981,"A,Milwaukee,Brewers"
yoste001,Yost,Ned,R,R,MIL,C,Ned Yost,1981,"A,Milwaukee,Brewers"
younr001,Yount,Robin,R,R,MIL,SS,Robin Yount,1981,"A,Milwaukee,Brewers"
agosj001,Agosto,Juan,L,L,CHA,P,Juan Agosto,1981,"A,Chicago,White Sox"
almob001,Almon,Bill,R,R,CHA,SS,Bill Almon,1981,"A,Chicago,White Sox"
bainh001,Baines,Harold,L,L,CHA,OF,Harold Baines,1981,"A,Chicago,White Sox"
barrf101,Barrios,Francisco,R,R,CHA,P,Francisco Barrios,1981,"A,Chicago,White Sox"
baumr101,Baumgarten,Ross,L,L,CHA,P,Ross Baumgarten,1981,"A,Chicago,White Sox"
bernt001,Bernazard,Tony,B,R,CHA,2B,Tony Bernazard,1981,"A,Chicago,White Sox"
burnb001,Burns,Britt,L,L,CHA,P,Britt Burns,1981,"A,Chicago,White Sox"
dotsr001,Dotson,Richard,R,R,CHA,P,Richard Dotson,1981,"A,Chicago,White Sox"
essij001,Essian,Jim,R,R,CHA,C,Jim Essian,1981,"A,Chicago,White Sox"
farme101,Farmer,Ed,R,R,CHA,P,Ed Farmer,1981,"A,Chicago,White Sox"
fiskc001,Fisk,Carlton,R,R,CHA,C,Carlton Fisk,1981,"A,Chicago,White Sox"
hairj001,Hairston,Jerry,B,R,CHA,OF,Jerry Hairston,1981,"A,Chicago,White Sox"
hickk001,Hickey,Kevin,L,L,CHA,P,Kevin Hickey,1981,"A,Chicago,White Sox"
hillm001,Hill,Marc,R,R,CHA,C,Marc Hill,1981,"A,Chicago,White Sox"
hoytl001,Hoyt,LaMarr,R,R,CHA,P,LaMarr Hoyt,1981,"A,Chicago,White Sox"
johnl101,Johnson,Lamar,R,R,CHA,1B,Lamar Johnson,1981,"A,Chicago,White Sox"
koosj001,Koosman,Jerry,R,L,CHA,P,Jerry Koosman,1981,"A,Chicago,White Sox"
kuntr001,Kuntz,Rusty,R,R,CHA,OF,Rusty Kuntz,1981,"A,Chicago,White Sox"
lampd001,Lamp,Dennis,R,R,CHA,P,Dennis Lamp,1981,"A,Chicago,White Sox"
leflr101,LeFlore,Ron,R,R,CHA,OF,Ron LeFlore,1981,"A,Chicago,White Sox"
lemoc001,Lemon,Chet,R,R,CHA,OF,Chet Lemon,1981,"A,Chicago,White Sox"
lovij101,Loviglio,Jay,R,R,CHA,3B,Jay Loviglio,1981,"A,Chicago,White Sox"
luzig001,Luzinski,Greg,R,R,CHA,DH,Greg Luzinski,1981,"A,Chicago,White Sox"
mcgll101,McGlothen,Lynn,L,R,CHA,P,Lynn McGlothen,1981,"A,Chicago,White Sox"
molib101,Molinaro,Bob,L,R,CHA,DH,Bob Molinaro,1981,"A,Chicago,White Sox"
morrj002,Morrison,Jim,R,R,CHA,3B,Jim Morrison,1981,"A,Chicago,White Sox"
nordw101,Nordhagen,Wayne,R,R,CHA,OF,Wayne Nordhagen,1981,"A,Chicago,White Sox"
pattr001,Patterson,Reggie,R,R,CHA,P,Reggie Patterson,1981,"A,Chicago,White Sox"
pryog001,Pryor,Greg,R,R,CHA,3B,Greg Pryor,1981,"A,Chicago,White Sox"
robid101,Robinson,Dewey,R,R,CHA,P,Dewey Robinson,1981,"A,Chicago,White Sox"
squim001,Squires,Mike,L,L,CHA,1B,Mike Squires,1981,"A,Chicago,White Sox"
suthl101,Sutherland,Leo,L,L,CHA,OF,Leo Sutherland,1981,"A,Chicago,White Sox"
trous001,Trout,Steve,L,L,CHA,P,Steve Trout,1981,"A,Chicago,White Sox"
turnj101,Turner,Jerry,L,L,CHA,OF,Jerry Turner,1981,"A,Chicago,White Sox"
aased001,Aase,Don,R,R,CAL,P,Don Aase,1981,"A,California,Angels"
bayld001,Baylor,Don,R,R,CAL,DH,Don Baylor,1981,"A,California,Angels"
benij001,Beniquez,Juan,R,R,CAL,OF,Juan Beniquez,1981,"A,California,Angels"
brunt001,Brunansky,Tom,R,R,CAL,OF,Tom Brunansky,1981,"A,California,Angels"
burlr001,Burleson,Rick,R,R,CAL,SS,Rick Burleson,1981,"A,California,Angels"
campb101,Campaneris,Bert,R,R,CAL,3B,Bert Campaneris,1981,"A,California,Angels"
carer001,Carew,Rod,L,R,CAL,1B,Rod Carew,1981,"A,California,Angels"
clarb002,Clark,Bobby,R,R,CAL,OF,Bobby Clark,1981,"A,California,Angels"
dacqj101,D'Acquisto,John,R,R,CAL,P,John D'Acquisto,1981,"A,California,Angels"
davib101,Davis,Bob,R,R,CAL,C,Bob Davis,1981,"A,California,Angels"
downb001,Downing,Brian,R,R,CAL,OF,Brian Downing,1981,"A,California,Angels"
fergj101,Ferguson,Joe,R,R,CAL,C,Joe Ferguson,1981,"A,California,Angels"
fordd001,Ford,Dan,R,R,CAL,OF,Dan Ford,1981,"A,California,Angels"
forsk001,Forsch,Ken,R,R,CAL,P,Ken Forsch,1981,"A,California,Angels"
frosd101,Frost,Dave,R,R,CAL,P,Dave Frost,1981,"A,California,Angels"
gricb001,Grich,Bobby,R,R,CAL,2B,Bobby Grich,1981,"A,California,Angels"
harll101,Harlow,Larry,L,L,CAL,OF,Larry Harlow,1981,"A,California,Angels"
harpb001,Harper,Brian,R,R,CAL,OF,Brian Harper,1981,"A,California,Angels"
harrj101,Harris,John,L,L,CAL,1B,John Harris,1981,"A,California,Angels"
hassa001,Hassler,Andy,L,L,CAL,P,Andy Hassler,1981,"A,California,Angels"
hobsb101,Hobson,Butch,R,R,CAL,3B,Butch Hobson,1981,"A,California,Angels"
jeffj101,Jefferson,Jesse,R,R,CAL,P,Jesse Jefferson,1981,"A,California,Angels"
kisob001,Kison,Bruce,R,R,CAL,P,Bruce Kison,1981,"A,California,Angels"
lubrs101,Lubratich,Steve,R,R,CAL,3B,Steve Lubratich,1981,"A,California,Angels"
lynnf001,Lynn,Fred,L,L,CAL,OF,Fred Lynn,1981,"A,California,Angels"
mahlm001,Mahler,Mickey,B,L,CAL,P,Mickey Mahler,1981,"A,California,Angels"
marta101,Martinez,Alfredo,R,R,CAL,P,Alfredo Martinez,1981,"A,California,Angels"
morea101,Moreno,Angel,L,L,CAL,P,Angel Moreno,1981,"A,California,Angels"
ott-e101,Ott,Ed,L,R,CAL,C,Ed Ott,1981,"A,California,Angels"
patef101,Patek,Freddie,R,R,CAL,2B,Freddie Patek,1981,"A,California,Angels"
rau-d101,Rau,Doug,L,L,CAL,P,Doug Rau,1981,"A,California,Angels"
renks101,Renko,Steve,R,R,CAL,P,Steve Renko,1981,"A,California,Angels"
sancl001,Sanchez,Luis,R,R,CAL,P,Luis Sanchez,1981,"A,California,Angels"
scond001,Sconiers,Daryl,L,L,CAL,1B,Daryl Sconiers,1981,"A,California,Angels"
travb101,Travers,Bill,L,L,CAL,P,Bill Travers,1981,"A,California,Angels"
wittm001,Witt,Mike,R,R,CAL,P,Mike Witt,1981,"A,California,Angels"
zahng001,Zahn,Geoff,L,L,CAL,P,Geoff Zahn,1981,"A,California,Angels"
adamg101,Adams,Glenn,L,R,MIN,DH,Glenn Adams,1981,"A,Minnesota,Twins"
arrof001,Arroyo,Fernando,R,R,MIN,P,Fernando Arroyo,1981,"A,Minnesota,Twins"
bakec101,Baker,Chuck,R,R,MIN,SS,Chuck Baker,1981,"A,Minnesota,Twins"
butes001,Butera,Sal,R,R,MIN,C,Sal Butera,1981,"A,Minnesota,Twins"
castj001,Castino,John,R,R,MIN,3B,John Castino,1981,"A,Minnesota,Twins"
coopd001,Cooper,Don,R,R,MIN,P,Don Cooper,1981,"A,Minnesota,Twins"
corbd001,Corbett,Doug,R,R,MIN,P,Doug Corbett,1981,"A,Minnesota,Twins"
corct001,Corcoran,Tim,L,L,MIN,1B,Tim Corcoran,1981,"A,Minnesota,Twins"
engld001,Engle,Dave,R,R,MIN,OF,Dave Engle,1981,"A,Minnesota,Twins"
ericr101,Erickson,Roger,R,R,MIN,P,Roger Erickson,1981,"A,Minnesota,Twins"
faedl001,Faedo,Lenny,R,R,MIN,SS,Lenny Faedo,1981,"A,Minnesota,Twins"
feltt101,Felton,Terry,R,R,MIN,P,Terry Felton,1981,"A,Minnesota,Twins"
fundm001,Funderburk,Mark,R,R,MIN,OF,Mark Funderburk,1981,"A,Minnesota,Twins"
gaetg001,Gaetti,Gary,R,R,MIN,3B,Gary Gaetti,1981,"A,Minnesota,Twins"
goodd101,Goodwin,Danny,L,R,MIN,1B,Danny Goodwin,1981,"A,Minnesota,Twins"
hatcm001,Hatcher,Mickey,R,R,MIN,OF,Mickey Hatcher,1981,"A,Minnesota,Twins"
haveb001,Havens,Brad,L,L,MIN,P,Brad Havens,1981,"A,Minnesota,Twins"
hobbj101,Hobbs,John,R,L,MIN,P,John Hobbs,1981,"A,Minnesota,Twins"
hrbek001,Hrbek,Kent,L,R,MIN,1B,Kent Hrbek,1981,"A,Minnesota,Twins"
jackd101,Jackson,Darrell,B,L,MIN,P,Darrell Jackson,1981,"A,Minnesota,Twins"
jackr002,Jackson,Ron,R,R,MIN,1B,Ron Jackson,1981,"A,Minnesota,Twins"
johng101,Johnston,Greg,L,L,MIN,OF,Greg Johnston,1981,"A,Minnesota,Twins"
koosj001,Koosman,Jerry,R,L,MIN,P,Jerry Koosman,1981,"A,Minnesota,Twins"
laudt001,Laudner,Tim,R,R,MIN,C,Tim Laudner,1981,"A,Minnesota,Twins"
mackp101,Mackanin,Pete,R,R,MIN,2B,Pete Mackanin,1981,"A,Minnesota,Twins"
oconj001,O'Connor,Jack,L,L,MIN,P,Jack O'Connor,1981,"A,Minnesota,Twins"
poweh101,Powell,Hosken,L,L,MIN,OF,Hosken Powell,1981,"A,Minnesota,Twins"
redfp101,Redfern,Pete,R,R,MIN,P,Pete Redfern,1981,"A,Minnesota,Twins"
smalr001,Smalley,Roy,B,R,MIN,SS,Roy Smalley,1981,"A,Minnesota,Twins"
smitr102,Smith,Ray,R,R,MIN,C,Ray Smith,1981,"A,Minnesota,Twins"
sofir101,Sofield,Rick,L,R,MIN,OF,Rick Sofield,1981,"A,Minnesota,Twins"
verhj101,Verhoeven,John,R,R,MIN,P,John Verhoeven,1981,"A,Minnesota,Twins"
veseb101,Veselic,Bob,R,R,MIN,P,Bob Veselic,1981,"A,Minnesota,Twins"
wardg001,Ward,Gary,R,R,MIN,OF,Gary Ward,1981,"A,Minnesota,Twins"
washr001,Washington,Ron,R,R,MIN,SS,Ron Washington,1981,"A,Minnesota,Twins"
wilfr001,Wilfong,Rob,L,R,MIN,2B,Rob Wilfong,1981,"A,Minnesota,Twins"
willa001,Williams,Albert,R,R,MIN,P,Albert Williams,1981,"A,Minnesota,Twins"
wyneb001,Wynegar,Butch,B,R,MIN,C,Butch Wynegar,1981,"A,Minnesota,Twins"
anduj001,Andujar,Joaquin,B,R,HOU,P,Joaquin Andujar,1981,"N,Houston,Astros"
ashba001,Ashby,Alan,B,R,HOU,C,Alan Ashby,1981,"N,Houston,Astros"
bergd001,Bergman,Dave,L,L,HOU,1B,Dave Bergman,1981,"N,Houston,Astros"
cedec001,Cedeno,Cesar,R,R,HOU,1B,Cesar Cedeno,1981,"N,Houston,Astros"
cruzj001,Cruz,Jose,L,L,HOU,OF,Jose Cruz,1981,"N,Houston,Astros"
garck001,Garcia,Kiko,R,R,HOU,SS,Kiko Garcia,1981,"N,Houston,Astros"
garnp001,Garner,Phil,R,R,HOU,2B,Phil Garner,1981,"N,Houston,Astros"
heepd001,Heep,Danny,L,L,HOU,1B,Danny Heep,1981,"N,Houston,Astros"
howea001,Howe,Art,R,R,HOU,3B,Art Howe,1981,"N,Houston,Astros"
iviem101,Ivie,Mike,R,R,HOU,1B,Mike Ivie,1981,"N,Houston,Astros"
knepb001,Knepper,Bob,L,L,HOU,P,Bob Knepper,1981,"N,Houston,Astros"
knica001,Knicely,Alan,R,R,HOU,C,Alan Knicely,1981,"N,Houston,Astros"
lacof001,LaCorte,Frank,R,R,HOU,P,Frank LaCorte,1981,"N,Houston,Astros"
landr001,Landestoy,Rafael,B,R,HOU,2B,Rafael Landestoy,1981,"N,Houston,Astros"
leonj001,Leonard,Jeffrey,R,R,HOU,1B,Jeffrey Leonard,1981,"N,Houston,Astros"
loucs001,Loucks,Scott,R,R,HOU,OF,Scott Loucks,1981,"N,Houston,Astros"
niekj001,Niekro,Joe,R,R,HOU,P,Joe Niekro,1981,"N,Houston,Astros"
penab001,Pena,Bert,R,R,HOU,SS,Bert Pena,1981,"N,Houston,Astros"
pittj001,Pittman,Joe,R,R,HOU,2B,Joe Pittman,1981,"N,Houston,Astros"
pladg101,Pladson,Gordie,R,R,HOU,P,Gordie Pladson,1981,"N,Houston,Astros"
puhlt001,Puhl,Terry,L,R,HOU,OF,Terry Puhl,1981,"N,Houston,Astros"
pujol001,Pujols,Luis,R,R,HOU,C,Luis Pujols,1981,"N,Houston,Astros"
reync001,Reynolds,Craig,L,R,HOU,SS,Craig Reynolds,1981,"N,Houston,Astros"
robed102,Roberts,Dave,R,R,HOU,1B,Dave Roberts,1981,"N,Houston,Astros"
ruhlv001,Ruhle,Vern,R,R,HOU,P,Vern Ruhle,1981,"N,Houston,Astros"
ryann001,Ryan,Nolan,R,R,HOU,P,Nolan Ryan,1981,"N,Houston,Astros"
sambj001,Sambito,Joe,L,L,HOU,P,Joe Sambito,1981,"N,Houston,Astros"
scott001,Scott,Tony,B,R,HOU,OF,Tony Scott,1981,"N,Houston,Astros"
smitb102,Smith,Billy,R,R,HOU,P,Billy Smith,1981,"N,Houston,Astros"
smitd001,Smith,Dave,R,R,HOU,P,Dave Smith,1981,"N,Houston,Astros"
spilh001,Spilman,Harry,L,R,HOU,1B,Harry Spilman,1981,"N,Houston,Astros"
sprob101,Sprowl,Bobby,L,L,HOU,P,Bobby Sprowl,1981,"N,Houston,Astros"
suttd001,Sutton,Don,R,R,HOU,P,Don Sutton,1981,"N,Houston,Astros"
thond001,Thon,Dickie,R,R,HOU,2B,Dickie Thon,1981,"N,Houston,Astros"
tolmt001,Tolman,Tim,R,R,HOU,OF,Tim Tolman,1981,"N,Houston,Astros"
walld001,Walling,Denny,L,R,HOU,1B,Denny Walling,1981,"N,Houston,Astros"
woodg001,Woods,Gary,R,R,HOU,OF,Gary Woods,1981,"N,Houston,Astros"
allen001,Allen,Neil,R,R,NYN,P,Neil Allen,1981,"N,New York,Mets"
backw001,Backman,Wally,B,R,NYN,2B,Wally Backman,1981,"N,New York,Mets"
bailb001,Bailor,Bob,R,R,NYN,SS,Bob Bailor,1981,"N,New York,Mets"
boitd101,Boitano,Dan,R,R,NYN,P,Dan Boitano,1981,"N,New York,Mets"
brooh001,Brooks,Hubie,R,R,NYN,3B,Hubie Brooks,1981,"N,New York,Mets"
cubbm101,Cubbage,Mike,L,R,NYN,3B,Mike Cubbage,1981,"N,New York,Mets"
falcp001,Falcone,Pete,L,L,NYN,P,Pete Falcone,1981,"N,New York,Mets"
flynd001,Flynn,Doug,R,R,NYN,2B,Doug Flynn,1981,"N,New York,Mets"
gardr001,Gardenhire,Ron,R,R,NYN,SS,Ron Gardenhire,1981,"N,New York,Mets"
gileb001,Giles,Brian,R,R,NYN,2B,Brian Giles,1981,"N,New York,Mets"
harrg001,Harris,Greg,B,R,NYN,P,Greg Harris,1981,"N,New York,Mets"
haust101,Hausman,Tom,R,R,NYN,P,Tom Hausman,1981,"N,New York,Mets"
hodgr001,Hodges,Ron,L,R,NYN,C,Ron Hodges,1981,"N,New York,Mets"
howam101,Howard,Mike,B,R,NYN,OF,Mike Howard,1981,"N,New York,Mets"
joner101,Jones,Randy,R,L,NYN,P,Randy Jones,1981,"N,New York,Mets"
jorgm001,Jorgensen,Mike,L,L,NYN,1B,Mike Jorgensen,1981,"N,New York,Mets"
kingd001,Kingman,Dave,R,R,NYN,1B,Dave Kingman,1981,"N,New York,Mets"
leact001,Leach,Terry,R,R,NYN,P,Terry Leach,1981,"N,New York,Mets"
leart001,Leary,Tim,R,R,NYN,P,Tim Leary,1981,"N,New York,Mets"
lynce001,Lynch,Ed,R,R,NYN,P,Ed Lynch,1981,"N,New York,Mets"
marsm101,Marshall,Mike,R,R,NYN,P,Mike Marshall,1981,"N,New York,Mets"
mazzl001,Mazzilli,Lee,B,R,NYN,OF,Lee Mazzilli,1981,"N,New York,Mets"
milld101,Miller,Dyar,R,R,NYN,P,Dyar Miller,1981,"N,New York,Mets"
orosj001,Orosco,Jesse,R,L,NYN,P,Jesse Orosco,1981,"N,New York,Mets"
pulec001,Puleo,Charlie,R,R,NYN,P,Charlie Puleo,1981,"N,New York,Mets"
rearj001,Reardon,Jeff,R,R,NYN,P,Jeff Reardon,1981,"N,New York,Mets"
robed101,Roberts,Dave,L,L,NYN,P,Dave Roberts,1981,"N,New York,Mets"
scotm001,Scott,Mike,R,R,NYN,P,Mike Scott,1981,"N,New York,Mets"
searr001,Searage,Ray,L,L,NYN,P,Ray Searage,1981,"N,New York,Mets"
staur001,Staub,Rusty,L,R,NYN,1B,Rusty Staub,1981,"N,New York,Mets"
steaj001,Stearns,John,R,R,NYN,C,John Stearns,1981,"N,New York,Mets"
swanc001,Swan,Craig,R,R,NYN,P,Craig Swan,1981,"N,New York,Mets"
tavef101,Taveras,Frank,R,R,NYN,SS,Frank Taveras,1981,"N,New York,Mets"
treva001,Trevino,Alex,R,R,NYN,C,Alex Trevino,1981,"N,New York,Mets"
valee001,Valentine,Ellis,R,R,NYN,OF,Ellis Valentine,1981,"N,New York,Mets"
wilsm001,Wilson,Mookie,B,R,NYN,OF,Mookie Wilson,1981,"N,New York,Mets"
younj001,Youngblood,Joel,R,R,NYN,OF,Joel Youngblood,1981,"N,New York,Mets"
zachp001,Zachry,Pat,R,R,NYN,P,Pat Zachry,1981,"N,New York,Mets"
aingd101,Ainge,Danny,R,R,TOR,3B,Danny Ainge,1981,"A,Toronto,Blue Jays"
barfj001,Barfield,Jesse,R,R,TOR,OF,Jesse Barfield,1981,"A,Toronto,Blue Jays"
barlm101,Barlow,Mike,L,R,TOR,P,Mike Barlow,1981,"A,Toronto,Blue Jays"
beamc101,Beamon,Charlie,L,L,TOR,DH,Charlie Beamon,1981,"A,Toronto,Blue Jays"
bellg001,Bell,George,R,R,TOR,OF,George Bell,1981,"A,Toronto,Blue Jays"
berej001,Berenguer,Juan,R,R,TOR,P,Juan Berenguer,1981,"A,Toronto,Blue Jays"
bombm101,Bomback,Mark,R,R,TOR,P,Mark Bomback,1981,"A,Toronto,Blue Jays"
bonnb001,Bonnell,Barry,R,R,TOR,OF,Barry Bonnell,1981,"A,Toronto,Blue Jays"
boser101,Bosetti,Rick,R,R,TOR,OF,Rick Bosetti,1981,"A,Toronto,Blue Jays"
clanj001,Clancy,Jim,R,R,TOR,P,Jim Clancy,1981,"A,Toronto,Blue Jays"
cox-t101,Cox,Ted,R,R,TOR,3B,Ted Cox,1981,"A,Toronto,Blue Jays"
espin101,Espinosa,Nino,R,R,TOR,P,Nino Espinosa,1981,"A,Toronto,Blue Jays"
garcd001,Garcia,Damaso,R,R,TOR,2B,Damaso Garcia,1981,"A,Toronto,Blue Jays"
garvj101,Garvin,Jerry,L,L,TOR,P,Jerry Garvin,1981,"A,Toronto,Blue Jays"
grifa001,Griffin,Alfredo,B,R,TOR,SS,Alfredo Griffin,1981,"A,Toronto,Blue Jays"
iorgg001,Iorg,Garth,R,R,TOR,2B,Garth Iorg,1981,"A,Toronto,Blue Jays"
jackr003,Jackson,Roy Lee,R,R,TOR,P,Roy Lee Jackson,1981,"A,Toronto,Blue Jays"
leall001,Leal,Luis,R,R,TOR,P,Luis Leal,1981,"A,Toronto,Blue Jays"
machk101,Macha,Ken,R,R,TOR,3B,Ken Macha,1981,"A,Toronto,Blue Jays"
manrf001,Manrique,Fred,R,R,TOR,SS,Fred Manrique,1981,"A,Toronto,Blue Jays"
martb001,Martinez,Buck,R,R,TOR,C,Buck Martinez,1981,"A,Toronto,Blue Jays"
maybj101,Mayberry,John,L,L,TOR,1B,John Mayberry,1981,"A,Toronto,Blue Jays"
mclaj001,McLaughlin,Joey,R,R,TOR,P,Joey McLaughlin,1981,"A,Toronto,Blue Jays"
mirap001,Mirabella,Paul,L,L,TOR,P,Paul Mirabella,1981,"A,Toronto,Blue Jays"
mosel001,Moseby,Lloyd,L,R,TOR,OF,Lloyd Moseby,1981,"A,Toronto,Blue Jays"
murrd001,Murray,Dale,R,R,TOR,P,Dale Murray,1981,"A,Toronto,Blue Jays"
stied001,Stieb,Dave,R,R,TOR,P,Dave Stieb,1981,"A,Toronto,Blue Jays"
toddj101,Todd,Jackson,R,R,TOR,P,Jackson Todd,1981,"A,Toronto,Blue Jays"
upshw001,Upshaw,Willie,L,L,TOR,DH,Willie Upshaw,1981,"A,Toronto,Blue Jays"
veleo101,Velez,Otto,R,R,TOR,DH,Otto Velez,1981,"A,Toronto,Blue Jays"
wellg101,Wells,Greg,R,R,TOR,1B,Greg Wells,1981,"A,Toronto,Blue Jays"
whitd101,Whitmer,Dan,R,R,TOR,C,Dan Whitmer,1981,"A,Toronto,Blue Jays"
white002,Whitt,Ernie,L,R,TOR,C,Ernie Whitt,1981,"A,Toronto,Blue Jays"
willm101,Willis,Mike,L,L,TOR,P,Mike Willis,1981,"A,Toronto,Blue Jays"
wooda001,Woods,Al,L,L,TOR,OF,Al Woods,1981,"A,Toronto,Blue Jays"
armat001,Armas,Tony,R,R,OAK,OF,Tony Armas,1981,"A,Oakland,Athletics"
babis101,Babitt,Shooty,R,R,OAK,2B,Shooty Babitt,1981,"A,Oakland,Athletics"
beard001,Beard,Dave,L,R,OAK,P,Dave Beard,1981,"A,Oakland,Athletics"
bordr001,Bordi,Rich,R,R,OAK,P,Rich Bordi,1981,"A,Oakland,Athletics"
boser101,Bosetti,Rick,R,R,OAK,OF,Rick Bosetti,1981,"A,Oakland,Athletics"
budam101,Budaska,Mark,B,L,OAK,DH,Mark Budaska,1981,"A,Oakland,Athletics"
cox-j101,Cox,Jeff,R,R,OAK,2B,Jeff Cox,1981,"A,Oakland,Athletics"
davim002,Davis,Mike,L,L,OAK,DH,Mike Davis,1981,"A,Oakland,Athletics"
doylb101,Doyle,Brian,L,R,OAK,2B,Brian Doyle,1981,"A,Oakland,Athletics"
drumk101,Drumright,Keith,L,R,OAK,2B,Keith Drumright,1981,"A,Oakland,Athletics"
figue101,Figueroa,Ed,R,R,OAK,P,Ed Figueroa,1981,"A,Oakland,Athletics"
grosw001,Gross,Wayne,L,R,OAK,3B,Wayne Gross,1981,"A,Oakland,Athletics"
heatm001,Heath,Mike,R,R,OAK,C,Mike Heath,1981,"A,Oakland,Athletics"
heavd101,Heaverlo,Dave,R,R,OAK,P,Dave Heaverlo,1981,"A,Oakland,Athletics"
hendr001,Henderson,Rickey,R,L,OAK,OF,Rickey Henderson,1981,"A,Oakland,Athletics"
hoslt101,Hosley,Tim,R,R,OAK,DH,Tim Hosley,1981,"A,Oakland,Athletics"
johnc001,Johnson,Cliff,R,R,OAK,DH,Cliff Johnson,1981,"A,Oakland,Athletics"
jonej001,Jones,Jeff,R,R,OAK,P,Jeff Jones,1981,"A,Oakland,Athletics"
kearb001,Kearney,Bob,R,R,OAK,C,Bob Kearney,1981,"A,Oakland,Athletics"
keoum001,Keough,Matt,R,R,OAK,P,Matt Keough,1981,"A,Oakland,Athletics"
kingb101,Kingman,Brian,R,R,OAK,P,Brian Kingman,1981,"A,Oakland,Athletics"
klutm101,Klutts,Mickey,R,R,OAK,3B,Mickey Klutts,1981,"A,Oakland,Athletics"
langr001,Langford,Rick,R,R,OAK,P,Rick Langford,1981,"A,Oakland,Athletics"
mccas001,McCatty,Steve,R,R,OAK,P,Steve McCatty,1981,"A,Oakland,Athletics"
mckad101,McKay,Dave,B,R,OAK,3B,Dave McKay,1981,"A,Oakland,Athletics"
mclab101,McLaughlin,Bo,R,R,OAK,P,Bo McLaughlin,1981,"A,Oakland,Athletics"
minec101,Minetto,Craig,L,L,OAK,P,Craig Minetto,1981,"A,Oakland,Athletics"
moork101,Moore,Kelvin,R,L,OAK,1B,Kelvin Moore,1981,"A,Oakland,Athletics"
murpd002,Murphy,Dwayne,L,R,OAK,OF,Dwayne Murphy,1981,"A,Oakland,Athletics"
nettj101,Nettles,Jim,L,L,OAK,OF,Jim Nettles,1981,"A,Oakland,Athletics"
newmj001,Newman,Jeff,R,R,OAK,C,Jeff Newman,1981,"A,Oakland,Athletics"
norrm101,Norris,Mike,R,R,OAK,P,Mike Norris,1981,"A,Oakland,Athletics"
owchb001,Owchinko,Bob,L,L,OAK,P,Bob Owchinko,1981,"A,Oakland,Athletics"
pagem001,Page,Mitchell,L,R,OAK,DH,Mitchell Page,1981,"A,Oakland,Athletics"
pattm102,Patterson,Mike,L,R,OAK,OF,Mike Patterson,1981,"A,Oakland,Athletics"
piccr001,Picciolo,Rob,R,R,OAK,SS,Rob Picciolo,1981,"A,Oakland,Athletics"
reved101,Revering,Dave,L,R,OAK,1B,Dave Revering,1981,"A,Oakland,Athletics"
sextj101,Sexton,Jimmy,R,R,OAK,3B,Jimmy Sexton,1981,"A,Oakland,Athletics"
spenj101,Spencer,Jim,L,L,OAK,1B,Jim Spencer,1981,"A,Oakland,Athletics"
stanf101,Stanley,Fred,R,R,OAK,SS,Fred Stanley,1981,"A,Oakland,Athletics"
undet001,Underwood,Tom,R,L,OAK,P,Tom Underwood,1981,"A,Oakland,Athletics"
alleg001,Allenson,Gary,R,R,BOS,C,Gary Allenson,1981,"A,Boston,Red Sox"
aponl001,Aponte,Luis,R,R,BOS,P,Luis Aponte,1981,"A,Boston,Red Sox"
burgt001,Burgmeier,Tom,L,L,BOS,P,Tom Burgmeier,1981,"A,Boston,Red Sox"
campb001,Campbell,Bill,R,R,BOS,P,Bill Campbell,1981,"A,Boston,Red Sox"
cleam001,Clear,Mark,R,R,BOS,P,Mark Clear,1981,"A,Boston,Red Sox"
craws001,Crawford,Steve,R,R,BOS,P,Steve Crawford,1981,"A,Boston,Red Sox"
ecked001,Eckersley,Dennis,R,R,BOS,P,Dennis Eckersley,1981,"A,Boston,Red Sox"
evand002,Evans,Dwight,R,R,BOS,OF,Dwight Evans,1981,"A,Boston,Red Sox"
gedmr001,Gedman,Rich,L,R,BOS,C,Rich Gedman,1981,"A,Boston,Red Sox"
hancg001,Hancock,Garry,L,L,BOS,OF,Garry Hancock,1981,"A,Boston,Red Sox"
hoffg001,Hoffman,Glenn,R,R,BOS,SS,Glenn Hoffman,1981,"A,Boston,Red Sox"
hursb001,Hurst,Bruce,L,L,BOS,P,Bruce Hurst,1981,"A,Boston,Red Sox"
lansc001,Lansford,Carney,R,R,BOS,3B,Carney Lansford,1981,"A,Boston,Red Sox"
lickj101,Lickert,John,R,R,BOS,C,John Lickert,1981,"A,Boston,Red Sox"
millr001,Miller,Rick,L,L,BOS,OF,Rick Miller,1981,"A,Boston,Red Sox"
nichr001,Nichols,Reid,R,R,BOS,OF,Reid Nichols,1981,"A,Boston,Red Sox"
ojedb001,Ojeda,Bob,L,L,BOS,P,Bob Ojeda,1981,"A,Boston,Red Sox"
peret001,Perez,Tony,R,R,BOS,1B,Tony Perez,1981,"A,Boston,Red Sox"
poqut101,Poquette,Tom,L,R,BOS,OF,Tom Poquette,1981,"A,Boston,Red Sox"
rainc001,Rainey,Chuck,R,R,BOS,P,Chuck Rainey,1981,"A,Boston,Red Sox"
remyj001,Remy,Jerry,L,R,BOS,2B,Jerry Remy,1981,"A,Boston,Red Sox"
ricej001,Rice,Jim,R,R,BOS,OF,Jim Rice,1981,"A,Boston,Red Sox"
rudij101,Rudi,Joe,R,R,BOS,DH,Joe Rudi,1981,"A,Boston,Red Sox"
schmd101,Schmidt,Dave F.,R,R,BOS,C,Dave F. Schmidt,1981,"A,Boston,Red Sox"
stanb001,Stanley,Bob,R,R,BOS,P,Bob Stanley,1981,"A,Boston,Red Sox"
stapd001,Stapleton,Dave,R,R,BOS,SS,Dave Stapleton,1981,"A,Boston,Red Sox"
tanaf001,Tanana,Frank,L,L,BOS,P,Frank Tanana,1981,"A,Boston,Red Sox"
torrm001,Torrez,Mike,R,R,BOS,P,Mike Torrez,1981,"A,Boston,Red Sox"
tudoj001,Tudor,John,L,L,BOS,P,John Tudor,1981,"A,Boston,Red Sox"
valdj101,Valdez,Julio,B,R,BOS,SS,Julio Valdez,1981,"A,Boston,Red Sox"
walkc001,Walker,Chico,B,R,BOS,2B,Chico Walker,1981,"A,Boston,Red Sox"
yastc101,Yastrzemski,Carl,L,R,BOS,DH,Carl Yastrzemski,1981,"A,Boston,Red Sox"
birdd101,Bird,Doug,R,R,CHN,P,Doug Bird,1981,"N,Chicago,Cubs"
blact101,Blackwell,Tim,B,R,CHN,C,Tim Blackwell,1981,"N,Chicago,Cubs"
bondb101,Bonds,Bobby,R,R,CHN,OF,Bobby Bonds,1981,"N,Chicago,Cubs"
buckb001,Buckner,Bill,L,L,CHN,1B,Bill Buckner,1981,"N,Chicago,Cubs"
capid101,Capilla,Doug,L,L,CHN,P,Doug Capilla,1981,"N,Chicago,Cubs"
caudb001,Caudill,Bill,R,R,CHN,P,Bill Caudill,1981,"N,Chicago,Cubs"
cruzh101,Cruz,Hector,R,R,CHN,3B,Hector Cruz,1981,"N,Chicago,Cubs"
davij001,Davis,Jody,R,R,CHN,C,Jody Davis,1981,"N,Chicago,Cubs"
dejei001,De Jesus,Ivan,R,R,CHN,SS,Ivan De Jesus,1981,"N,Chicago,Cubs"
dills101,Dillard,Steve,R,R,CHN,2B,Steve Dillard,1981,"N,Chicago,Cubs"
durhl001,Durham,Leon,L,L,CHN,OF,Leon Durham,1981,"N,Chicago,Cubs"
eastr101,Eastwick,Rawly,R,R,CHN,P,Rawly Eastwick,1981,"N,Chicago,Cubs"
flets001,Fletcher,Scott,R,R,CHN,2B,Scott Fletcher,1981,"N,Chicago,Cubs"
footb101,Foote,Barry,R,R,CHN,C,Barry Foote,1981,"N,Chicago,Cubs"
geisd001,Geisel,Dave,L,L,CHN,P,Dave Geisel,1981,"N,Chicago,Cubs"
grifm001,Griffin,Mike,R,R,CHN,P,Mike Griffin,1981,"N,Chicago,Cubs"
hallm001,Hall,Mel,L,L,CHN,OF,Mel Hall,1981,"N,Chicago,Cubs"
hayeb101,Hayes,Bill,R,R,CHN,C,Bill Hayes,1981,"N,Chicago,Cubs"
hends001,Henderson,Steve,R,R,CHN,OF,Steve Henderson,1981,"N,Chicago,Cubs"
hernw001,Hernandez,Guillermo,L,L,CHN,P,Guillermo Hernandez,1981,"N,Chicago,Cubs"
howej001,Howell,Jay,R,R,CHN,P,Jay Howell,1981,"N,Chicago,Cubs"
kravk101,Kravec,Ken,L,L,CHN,P,Ken Kravec,1981,"N,Chicago,Cubs"
krugg101,Krug,Gene,L,L,CHN,PH,Gene Krug,1981,"N,Chicago,Cubs"
krukm001,Krukow,Mike,R,R,CHN,P,Mike Krukow,1981,"N,Chicago,Cubs"
lezcc101,Lezcano,Carlos,R,R,CHN,OF,Carlos Lezcano,1981,"N,Chicago,Cubs"
lum-m101,Lum,Mike,L,L,CHN,OF,Mike Lum,1981,"N,Chicago,Cubs"
martr101,Martz,Randy,L,R,CHN,P,Randy Martz,1981,"N,Chicago,Cubs"
mcgll101,McGlothen,Lynn,L,R,CHN,P,Lynn McGlothen,1981,"N,Chicago,Cubs"
moraj101,Morales,Jerry,R,R,CHN,OF,Jerry Morales,1981,"N,Chicago,Cubs"
reitk101,Reitz,Ken,R,R,CHN,3B,Ken Reitz,1981,"N,Chicago,Cubs"
reusr001,Reuschel,Rick,R,R,CHN,P,Rick Reuschel,1981,"N,Chicago,Cubs"
smitl001,Smith,Lee,R,R,CHN,P,Lee Smith,1981,"N,Chicago,Cubs"
straj101,Strain,Joe,R,R,CHN,2B,Joe Strain,1981,"N,Chicago,Cubs"
tablp001,Tabler,Pat,R,R,CHN,2B,Pat Tabler,1981,"N,Chicago,Cubs"
thoms001,Thompson,Scot,L,L,CHN,OF,Scot Thompson,1981,"N,Chicago,Cubs"
tidrd001,Tidrow,Dick,R,R,CHN,P,Dick Tidrow,1981,"N,Chicago,Cubs"
tracj101,Tracy,Jim,L,R,CHN,OF,Jim Tracy,1981,"N,Chicago,Cubs"
tysom101,Tyson,Mike,R,R,CHN,2B,Mike Tyson,1981,"N,Chicago,Cubs"
wallt002,Waller,Ty,R,R,CHN,3B,Ty Waller,1981,"N,Chicago,Cubs"
baird001,Bair,Doug,R,R,CIN,P,Doug Bair,1981,"N,Cincinnati,Reds"
barrg101,Barranca,German,L,R,CIN,PH,German Barranca,1981,"N,Cincinnati,Reds"
bencj101,Bench,Johnny,R,R,CIN,1B,Johnny Bench,1981,"N,Cincinnati,Reds"
bereb001,Berenyi,Bruce,R,R,CIN,P,Bruce Berenyi,1981,"N,Cincinnati,Reds"
biitl101,Biittner,Larry,L,L,CIN,1B,Larry Biittner,1981,"N,Cincinnati,Reds"
brows101,Brown,Scott,R,R,CIN,P,Scott Brown,1981,"N,Cincinnati,Reds"
colld001,Collins,Dave,B,L,CIN,OF,Dave Collins,1981,"N,Cincinnati,Reds"
combg101,Combe,Geoff,R,R,CIN,P,Geoff Combe,1981,"N,Cincinnati,Reds"
concd001,Concepcion,Dave,R,R,CIN,SS,Dave Concepcion,1981,"N,Cincinnati,Reds"
dried001,Driessen,Dan,L,R,CIN,1B,Dan Driessen,1981,"N,Cincinnati,Reds"
edelj101,Edelen,Joe,R,R,CIN,P,Joe Edelen,1981,"N,Cincinnati,Reds"
fialn101,Fiala,Neil,L,R,CIN,PH,Neil Fiala,1981,"N,Cincinnati,Reds"
fostg001,Foster,George,R,R,CIN,OF,George Foster,1981,"N,Cincinnati,Reds"
grifk001,Griffey,Ken,L,L,CIN,OF,Ken Griffey,1981,"N,Cincinnati,Reds"
housp001,Householder,Paul,B,R,CIN,OF,Paul Householder,1981,"N,Cincinnati,Reds"
humet001,Hume,Tom,R,R,CIN,P,Tom Hume,1981,"N,Cincinnati,Reds"
kennj101,Kennedy,Junior,R,R,CIN,2B,Junior Kennedy,1981,"N,Cincinnati,Reds"
knigr001,Knight,Ray,R,R,CIN,3B,Ray Knight,1981,"N,Cincinnati,Reds"
lacom001,LaCoss,Mike,R,R,CIN,P,Mike LaCoss,1981,"N,Cincinnati,Reds"
landr001,Landestoy,Rafael,B,R,CIN,2B,Rafael Landestoy,1981,"N,Cincinnati,Reds"
leibc001,Leibrandt,Charlie,R,L,CIN,P,Charlie Leibrandt,1981,"N,Cincinnati,Reds"
mejis101,Mejias,Sam,R,R,CIN,OF,Sam Mejias,1981,"N,Cincinnati,Reds"
milne001,Milner,Eddie,L,L,CIN,OF,Eddie Milner,1981,"N,Cincinnati,Reds"
moskp101,Moskau,Paul,R,R,CIN,P,Paul Moskau,1981,"N,Cincinnati,Reds"
nolaj001,Nolan,Joe,L,R,CIN,C,Joe Nolan,1981,"N,Cincinnati,Reds"
oberm001,O'Berry,Mike,R,R,CIN,C,Mike O'Berry,1981,"N,Cincinnati,Reds"
oestr001,Oester,Ron,B,R,CIN,2B,Ron Oester,1981,"N,Cincinnati,Reds"
pastf001,Pastore,Frank,R,R,CIN,P,Frank Pastore,1981,"N,Cincinnati,Reds"
pricj001,Price,Joe,R,L,CIN,P,Joe Price,1981,"N,Cincinnati,Reds"
seavt001,Seaver,Tom,R,R,CIN,P,Tom Seaver,1981,"N,Cincinnati,Reds"
sotom001,Soto,Mario,R,R,CIN,P,Mario Soto,1981,"N,Cincinnati,Reds"
spilh001,Spilman,Harry,L,R,CIN,3B,Harry Spilman,1981,"N,Cincinnati,Reds"
vailm001,Vail,Mike,R,R,CIN,OF,Mike Vail,1981,"N,Cincinnati,Reds"
alexd001,Alexander,Doyle,R,R,SFN,P,Doyle Alexander,1981,"N,San Francisco,Giants"
bergd001,Bergman,Dave,L,L,SFN,1B,Dave Bergman,1981,"N,San Francisco,Giants"
bluev001,Blue,Vida,B,L,SFN,P,Vida Blue,1981,"N,San Francisco,Giants"
breif001,Breining,Fred,R,R,SFN,P,Fred Breining,1981,"N,San Francisco,Giants"
brenb001,Brenly,Bob,R,R,SFN,C,Bob Brenly,1981,"N,San Francisco,Giants"
cabee001,Cabell,Enos,R,R,SFN,1B,Enos Cabell,1981,"N,San Francisco,Giants"
clarj001,Clark,Jack,R,R,SFN,OF,Jack Clark,1981,"N,San Francisco,Giants"
davic001,Davis,Chili,B,R,SFN,OF,Chili Davis,1981,"N,San Francisco,Giants"
evand001,Evans,Darrell,L,R,SFN,3B,Darrell Evans,1981,"N,San Francisco,Giants"
grift101,Griffin,Tom,R,R,SFN,P,Tom Griffin,1981,"N,San Francisco,Giants"
harga001,Hargesheimer,Alan,R,R,SFN,P,Alan Hargesheimer,1981,"N,San Francisco,Giants"
hernl001,Herndon,Larry,R,R,SFN,OF,Larry Herndon,1981,"N,San Francisco,Giants"
holla001,Holland,Al,R,L,SFN,P,Al Holland,1981,"N,San Francisco,Giants"
iviem101,Ivie,Mike,R,R,SFN,1B,Mike Ivie,1981,"N,San Francisco,Giants"
laveg001,Lavelle,Gary,B,L,SFN,P,Gary Lavelle,1981,"N,San Francisco,Giants"
lemaj001,LeMaster,Johnnie,R,R,SFN,SS,Johnnie LeMaster,1981,"N,San Francisco,Giants"
leonj001,Leonard,Jeffrey,R,R,SFN,OF,Jeffrey Leonard,1981,"N,San Francisco,Giants"
martj001,Martin,Jerry,R,R,SFN,OF,Jerry Martin,1981,"N,San Francisco,Giants"
may-m001,May,Milt,L,R,SFN,C,Milt May,1981,"N,San Francisco,Giants"
mintg001,Minton,Greg,B,R,SFN,P,Greg Minton,1981,"N,San Francisco,Giants"
moffr101,Moffitt,Randy,R,R,SFN,P,Randy Moffitt,1981,"N,San Francisco,Giants"
morgj001,Morgan,Joe,L,R,SFN,2B,Joe Morgan,1981,"N,San Francisco,Giants"
nortb101,North,Bill,B,R,SFN,OF,Bill North,1981,"N,San Francisco,Giants"
pettj101,Pettini,Joe,R,R,SFN,2B,Joe Pettini,1981,"N,San Francisco,Giants"
ransj101,Ransom,Jeff,R,R,SFN,C,Jeff Ransom,1981,"N,San Francisco,Giants"
ripla101,Ripley,Allen,R,R,SFN,P,Allen Ripley,1981,"N,San Francisco,Giants"
rowlm101,Rowland,Mike,R,R,SFN,P,Mike Rowland,1981,"N,San Francisco,Giants"
sadem101,Sadek,Mike,R,R,SFN,C,Mike Sadek,1981,"N,San Francisco,Giants"
smitb101,Smith,Billy,B,R,SFN,SS,Billy Smith,1981,"N,San Francisco,Giants"
stenr101,Stennett,Rennie,R,R,SFN,2B,Rennie Stennett,1981,"N,San Francisco,Giants"
sulag101,Sularz,Guy,R,R,SFN,2B,Guy Sularz,1981,"N,San Francisco,Giants"
tuftb101,Tufts,Bob,L,L,SFN,P,Bob Tufts,1981,"N,San Francisco,Giants"
venam001,Venable,Max,L,R,SFN,OF,Max Venable,1981,"N,San Francisco,Giants"
white001,Whitson,Ed,R,R,SFN,P,Ed Whitson,1981,"N,San Francisco,Giants"
wohlj001,Wohlford,Jim,R,R,SFN,OF,Jim Wohlford,1981,"N,San Francisco,Giants"
abbog001,Abbott,Glenn,R,R,SEA,P,Glenn Abbott,1981,"A,Seattle,Mariners"
allab101,Allard,Brian,R,R,SEA,P,Brian Allard,1981,"A,Seattle,Mariners"
allek101,Allen,Kim,R,R,SEA,2B,Kim Allen,1981,"A,Seattle,Mariners"
andej001,Anderson,Jim,R,R,SEA,SS,Jim Anderson,1981,"A,Seattle,Mariners"
andel001,Andersen,Larry,R,R,SEA,P,Larry Andersen,1981,"A,Seattle,Mariners"
auerr101,Auerbach,Rick,R,R,SEA,SS,Rick Auerbach,1981,"A,Seattle,Mariners"
bannf001,Bannister,Floyd,L,L,SEA,P,Floyd Bannister,1981,"A,Seattle,Mariners"
beatj001,Beattie,Jim,R,R,SEA,P,Jim Beattie,1981,"A,Seattle,Mariners"
blacb001,Black,Buddy,L,L,SEA,P,Buddy Black,1981,"A,Seattle,Mariners"
bochb001,Bochte,Bruce,L,L,SEA,1B,Bruce Bochte,1981,"A,Seattle,Mariners"
bullb101,Bulling,Bud,R,R,SEA,C,Bud Bulling,1981,"A,Seattle,Mariners"
burrj001,Burroughs,Jeff,R,R,SEA,OF,Jeff Burroughs,1981,"A,Seattle,Mariners"
clarb001,Clark,Bryan,L,L,SEA,P,Bryan Clark,1981,"A,Seattle,Mariners"
clayk101,Clay,Ken,R,R,SEA,P,Ken Clay,1981,"A,Seattle,Mariners"
cruzj002,Cruz,Julio,B,R,SEA,2B,Julio Cruz,1981,"A,Seattle,Mariners"
dragd101,Drago,Dick,R,R,SEA,P,Dick Drago,1981,"A,Seattle,Mariners"
edled101,Edler,Dave,R,R,SEA,3B,Dave Edler,1981,"A,Seattle,Mariners"
firod001,Firova,Dan,R,R,SEA,C,Dan Firova,1981,"A,Seattle,Mariners"
galab101,Galasso,Bob,L,R,SEA,P,Bob Galasso,1981,"A,Seattle,Mariners"
gleaj001,Gleaton,Jerry,L,L,SEA,P,Jerry Gleaton,1981,"A,Seattle,Mariners"
grayg101,Gray,Gary,R,R,SEA,1B,Gary Gray,1981,"A,Seattle,Mariners"
guldb001,Gulden,Brad,L,R,SEA,C,Brad Gulden,1981,"A,Seattle,Mariners"
hendd001,Henderson,Dave,R,R,SEA,OF,Dave Henderson,1981,"A,Seattle,Mariners"
malej101,Maler,Jim,R,R,SEA,1B,Jim Maler,1981,"A,Seattle,Mariners"
mchev101,McHenry,Vance,R,R,SEA,SS,Vance McHenry,1981,"A,Seattle,Mariners"
meyed001,Meyer,Dan,L,R,SEA,3B,Dan Meyer,1981,"A,Seattle,Mariners"
narrj001,Narron,Jerry,L,R,SEA,C,Jerry Narron,1981,"A,Seattle,Mariners"
pacit001,Paciorek,Tom,R,R,SEA,OF,Tom Paciorek,1981,"A,Seattle,Mariners"
parrm101,Parrott,Mike,R,R,SEA,P,Mike Parrott,1981,"A,Seattle,Mariners"
parsc001,Parsons,Casey,L,R,SEA,OF,Casey Parsons,1981,"A,Seattle,Mariners"
randl101,Randle,Lenny,B,R,SEA,3B,Lenny Randle,1981,"A,Seattle,Mariners"
rawls001,Rawley,Shane,R,L,SEA,P,Shane Rawley,1981,"A,Seattle,Mariners"
sernp101,Serna,Paul,R,R,SEA,SS,Paul Serna,1981,"A,Seattle,Mariners"
simpj101,Simpson,Joe,L,L,SEA,OF,Joe Simpson,1981,"A,Seattle,Mariners"
steir101,Stein,Randy,R,R,SEA,P,Randy Stein,1981,"A,Seattle,Mariners"
stodb001,Stoddard,Bob,R,R,SEA,P,Bob Stoddard,1981,"A,Seattle,Mariners"
waltr101,Walton,Reggie,R,R,SEA,OF,Reggie Walton,1981,"A,Seattle,Mariners"
ziskr101,Zisk,Richie,R,R,SEA,DH,Richie Zisk,1981,"A,Seattle,Mariners"
baked002,Baker,Dusty,R,R,LAN,OF,Dusty Baker,1981,"N,Los Angeles,Dodgers"
bradm101,Bradley,Mark,R,R,LAN,OF,Mark Bradley,1981,"N,Los Angeles,Dodgers"
castr001,Castillo,Bobby,R,R,LAN,P,Bobby Castillo,1981,"N,Los Angeles,Dodgers"
cey-r001,Cey,Ron,R,R,LAN,3B,Ron Cey,1981,"N,Los Angeles,Dodgers"
fergj101,Ferguson,Joe,R,R,LAN,OF,Joe Ferguson,1981,"N,Los Angeles,Dodgers"
forst001,Forster,Terry,L,L,LAN,P,Terry Forster,1981,"N,Los Angeles,Dodgers"
friap101,Frias,Pepe,R,R,LAN,SS,Pepe Frias,1981,"N,Los Angeles,Dodgers"
garvs001,Garvey,Steve,R,R,LAN,1B,Steve Garvey,1981,"N,Los Angeles,Dodgers"
goltd101,Goltz,Dave,R,R,LAN,P,Dave Goltz,1981,"N,Los Angeles,Dodgers"
grotj101,Grote,Jerry,R,R,LAN,C,Jerry Grote,1981,"N,Los Angeles,Dodgers"
guerp001,Guerrero,Pedro,R,R,LAN,OF,Pedro Guerrero,1981,"N,Los Angeles,Dodgers"
hootb001,Hooton,Burt,R,R,LAN,P,Burt Hooton,1981,"N,Los Angeles,Dodgers"
howes001,Howe,Steve,L,L,LAN,P,Steve Howe,1981,"N,Los Angeles,Dodgers"
johnj002,Johnstone,Jay,L,R,LAN,OF,Jay Johnstone,1981,"N,Los Angeles,Dodgers"
landk001,Landreaux,Ken,L,R,LAN,OF,Ken Landreaux,1981,"N,Los Angeles,Dodgers"
loped001,Lopes,Davey,R,R,LAN,2B,Davey Lopes,1981,"N,Los Angeles,Dodgers"
maldc001,Maldonado,Candy,R,R,LAN,OF,Candy Maldonado,1981,"N,Los Angeles,Dodgers"
marsm001,Marshall,Mike,R,R,LAN,1B,Mike Marshall,1981,"N,Los Angeles,Dodgers"
mitcb101,Mitchell,Bobby,L,L,LAN,OF,Bobby Mitchell,1981,"N,Los Angeles,Dodgers"
mondr001,Monday,Rick,L,L,LAN,OF,Rick Monday,1981,"N,Los Angeles,Dodgers"
niedt001,Niedenfuer,Tom,R,R,LAN,P,Tom Niedenfuer,1981,"N,Los Angeles,Dodgers"
penaa001,Pena,Alejandro,R,R,LAN,P,Alejandro Pena,1981,"N,Los Angeles,Dodgers"
percj001,Perconte,Jack,L,R,LAN,2B,Jack Perconte,1981,"N,Los Angeles,Dodgers"
powet001,Power,Ted,R,R,LAN,P,Ted Power,1981,"N,Los Angeles,Dodgers"
reusj001,Reuss,Jerry,L,L,LAN,P,Jerry Reuss,1981,"N,Los Angeles,Dodgers"
roenr001,Roenicke,Ron,B,L,LAN,OF,Ron Roenicke,1981,"N,Los Angeles,Dodgers"
russb001,Russell,Bill,R,R,LAN,SS,Bill Russell,1981,"N,Los Angeles,Dodgers"
sax-s001,Sax,Steve,R,R,LAN,2B,Steve Sax,1981,"N,Los Angeles,Dodgers"
sciom001,Scioscia,Mike,L,R,LAN,C,Mike Scioscia,1981,"N,Los Angeles,Dodgers"
smitr101,Smith,Reggie,B,R,LAN,1B,Reggie Smith,1981,"N,Los Angeles,Dodgers"
stewd001,Stewart,Dave,R,R,LAN,P,Dave Stewart,1981,"N,Los Angeles,Dodgers"
sutcr001,Sutcliffe,Rick,L,R,LAN,P,Rick Sutcliffe,1981,"N,Los Angeles,Dodgers"
thomd001,Thomas,Derrel,B,R,LAN,2B,Derrel Thomas,1981,"N,Los Angeles,Dodgers"
valef001,Valenzuela,Fernando,L,L,LAN,P,Fernando Valenzuela,1981,"N,Los Angeles,Dodgers"
weisg101,Weiss,Gary,B,R,LAN,SS,Gary Weiss,1981,"N,Los Angeles,Dodgers"
welcb001,Welch,Bob,R,R,LAN,P,Bob Welch,1981,"N,Los Angeles,Dodgers"
yeags001,Yeager,Steve,R,R,LAN,C,Steve Yeager,1981,"N,Los Angeles,Dodgers"
anduj001,Andujar,Joaquin,B,R,SLN,P,Joaquin Andujar,1981,"N,St. Louis,Cardinals"
baird001,Bair,Doug,R,R,SLN,P,Doug Bair,1981,"N,St. Louis,Cardinals"
braus001,Braun,Steve,L,R,SLN,OF,Steve Braun,1981,"N,St. Louis,Cardinals"
brumg001,Brummer,Glenn,R,R,SLN,C,Glenn Brummer,1981,"N,St. Louis,Cardinals"
delel001,DeLeon,Luis,R,R,SLN,P,Luis DeLeon,1981,"N,St. Louis,Cardinals"
edelj101,Edelen,Joe,R,R,SLN,P,Joe Edelen,1981,"N,St. Louis,Cardinals"
fialn101,Fiala,Neil,L,R,SLN,PH,Neil Fiala,1981,"N,St. Louis,Cardinals"
forsb001,Forsch,Bob,R,R,SLN,P,Bob Forsch,1981,"N,St. Louis,Cardinals"
gonzj101,Gonzalez,Julio,R,R,SLN,SS,Julio Gonzalez,1981,"N,St. Louis,Cardinals"
greed001,Green,David,R,R,SLN,OF,David Green,1981,"N,St. Louis,Cardinals"
hendg001,Hendrick,George,R,R,SLN,OF,George Hendrick,1981,"N,St. Louis,Cardinals"
hernk001,Hernandez,Keith,L,L,SLN,1B,Keith Hernandez,1981,"N,St. Louis,Cardinals"
herrt001,Herr,Tom,B,R,SLN,2B,Tom Herr,1981,"N,St. Louis,Cardinals"
iorgd001,Iorg,Dane,L,R,SLN,OF,Dane Iorg,1981,"N,St. Louis,Cardinals"
kaatj101,Kaat,Jim,L,L,SLN,P,Jim Kaat,1981,"N,St. Louis,Cardinals"
landt001,Landrum,Tito,R,R,SLN,OF,Tito Landrum,1981,"N,St. Louis,Cardinals"
lapod001,LaPoint,Dave,L,L,SLN,P,Dave LaPoint,1981,"N,St. Louis,Cardinals"
lezcs001,Lezcano,Sixto,R,R,SLN,OF,Sixto Lezcano,1981,"N,St. Louis,Cardinals"
littm101,Littell,Mark,L,R,SLN,P,Mark Littell,1981,"N,St. Louis,Cardinals"
martj101,Martin,John,B,L,SLN,P,John Martin,1981,"N,St. Louis,Cardinals"
marts101,Martinez,Silvio,R,R,SLN,P,Silvio Martinez,1981,"N,St. Louis,Cardinals"
oberk001,Oberkfell,Ken,L,R,SLN,3B,Ken Oberkfell,1981,"N,St. Louis,Cardinals"
ottej101,Otten,Jim,R,R,SLN,P,Jim Otten,1981,"N,St. Louis,Cardinals"
portd001,Porter,Darrell,L,R,SLN,C,Darrell Porter,1981,"N,St. Louis,Cardinals"
ramsm001,Ramsey,Mike,B,R,SLN,SS,Mike Ramsey,1981,"N,St. Louis,Cardinals"
rinca101,Rincon,Andy,R,R,SLN,P,Andy Rincon,1981,"N,St. Louis,Cardinals"
roofg101,Roof,Gene,B,R,SLN,OF,Gene Roof,1981,"N,St. Louis,Cardinals"
sanco001,Sanchez,Orlando,L,R,SLN,C,Orlando Sanchez,1981,"N,St. Louis,Cardinals"
scott001,Scott,Tony,B,R,SLN,OF,Tony Scott,1981,"N,St. Louis,Cardinals"
shirb001,Shirley,Bob,R,L,SLN,P,Bob Shirley,1981,"N,St. Louis,Cardinals"
sorel001,Sorensen,Lary,R,R,SLN,P,Lary Sorensen,1981,"N,St. Louis,Cardinals"
suttb001,Sutter,Bruce,R,R,SLN,P,Bruce Sutter,1981,"N,St. Louis,Cardinals"
sykeb101,Sykes,Bob,B,L,SLN,P,Bob Sykes,1981,"N,St. Louis,Cardinals"
tempg001,Templeton,Garry,B,R,SLN,SS,Garry Templeton,1981,"N,St. Louis,Cardinals"
tenag101,Tenace,Gene,R,R,SLN,C,Gene Tenace,1981,"N,St. Louis,Cardinals"
aikew001,Aikens,Willie,L,R,KCA,1B,Willie Aikens,1981,"A,Kansas City,Royals"
berej001,Berenguer,Juan,R,R,KCA,P,Juan Berenguer,1981,"A,Kansas City,Royals"
bretg001,Brett,George,L,R,KCA,3B,George Brett,1981,"A,Kansas City,Royals"
bretk101,Brett,Ken,L,L,KCA,P,Ken Brett,1981,"A,Kansas City,Royals"
chald101,Chalk,Dave,R,R,KCA,3B,Dave Chalk,1981,"A,Kansas City,Royals"
conco001,Concepcion,Onix,R,R,KCA,SS,Onix Concepcion,1981,"A,Kansas City,Royals"
galer001,Gale,Rich,R,R,KCA,P,Rich Gale,1981,"A,Kansas City,Royals"
garcd101,Garcia,Danny,L,L,KCA,OF,Danny Garcia,1981,"A,Kansas City,Royals"
geroc101,Geronimo,Cesar,L,L,KCA,OF,Cesar Geronimo,1981,"A,Kansas City,Royals"
grotj101,Grote,Jerry,R,R,KCA,C,Jerry Grote,1981,"A,Kansas City,Royals"
gural001,Gura,Larry,B,L,KCA,P,Larry Gura,1981,"A,Kansas City,Royals"
hamma001,Hammaker,Atlee,B,L,KCA,P,Atlee Hammaker,1981,"A,Kansas City,Royals"
hurdc001,Hurdle,Clint,L,R,KCA,OF,Clint Hurdle,1981,"A,Kansas City,Royals"
irelt101,Ireland,Tim,B,R,KCA,1B,Tim Ireland,1981,"A,Kansas City,Royals"
jonem001,Jones,Mike,L,L,KCA,P,Mike Jones,1981,"A,Kansas City,Royals"
keatg101,Keatley,Greg,R,R,KCA,C,Greg Keatley,1981,"A,Kansas City,Royals"
leond001,Leonard,Dennis,R,R,KCA,P,Dennis Leonard,1981,"A,Kansas City,Royals"
martr001,Martin,Renie,R,R,KCA,P,Renie Martin,1981,"A,Kansas City,Royals"
may-l101,May,Lee,R,R,KCA,1B,Lee May,1981,"A,Kansas City,Royals"
mcrah001,McRae,Hal,R,R,KCA,DH,Hal McRae,1981,"A,Kansas City,Royals"
motld001,Motley,Darryl,R,R,KCA,OF,Darryl Motley,1981,"A,Kansas City,Royals"
mullr001,Mulliniks,Rance,L,R,KCA,2B,Rance Mulliniks,1981,"A,Kansas City,Royals"
otisa001,Otis,Amos,R,R,KCA,OF,Amos Otis,1981,"A,Kansas City,Royals"
pascb101,Paschall,Bill,R,R,KCA,P,Bill Paschall,1981,"A,Kansas City,Royals"
phelk001,Phelps,Ken,L,L,KCA,DH,Ken Phelps,1981,"A,Kansas City,Royals"
quirj001,Quirk,Jamie,L,R,KCA,C,Jamie Quirk,1981,"A,Kansas City,Royals"
quisd001,Quisenberry,Dan,R,R,KCA,P,Dan Quisenberry,1981,"A,Kansas City,Royals"
schaj101,Schattinger,Jeff,L,R,KCA,P,Jeff Schattinger,1981,"A,Kansas City,Royals"
sherp001,Sheridan,Pat,L,R,KCA,OF,Pat Sheridan,1981,"A,Kansas City,Royals"
splip001,Splittorff,Paul,L,L,KCA,P,Paul Splittorff,1981,"A,Kansas City,Royals"
washu001,Washington,U L,B,R,KCA,SS,U L Washington,1981,"A,Kansas City,Royals"
wathj001,Wathan,John,R,R,KCA,C,John Wathan,1981,"A,Kansas City,Royals"
whitf001,White,Frank,R,R,KCA,2B,Frank White,1981,"A,Kansas City,Royals"
wilsw001,Wilson,Willie,B,R,KCA,OF,Willie Wilson,1981,"A,Kansas City,Royals"
wrigj101,Wright,Jim,R,R,KCA,P,Jim Wright,1981,"A,Kansas City,Royals"
ashft001,Ashford,Tucker,R,R,NYA,2B,Tucker Ashford,1981,"A,New York,Yankees"
balbs001,Balboni,Steve,R,R,NYA,1B,Steve Balboni,1981,"A,New York,Yankees"
birdd101,Bird,Doug,R,R,NYA,P,Doug Bird,1981,"A,New York,Yankees"
browb001,Brown,Bobby,B,R,NYA,OF,Bobby Brown,1981,"A,New York,Yankees"
castb101,Castro,Bill,R,R,NYA,P,Bill Castro,1981,"A,New York,Yankees"
ceror001,Cerone,Rick,R,R,NYA,C,Rick Cerone,1981,"A,New York,Yankees"
davir001,Davis,Ron,R,R,NYA,P,Ron Davis,1981,"A,New York,Yankees"
dentb001,Dent,Bucky,R,R,NYA,SS,Bucky Dent,1981,"A,New York,Yankees"
footb101,Foote,Barry,R,R,NYA,C,Barry Foote,1981,"A,New York,Yankees"
frazg001,Frazier,George,R,R,NYA,P,George Frazier,1981,"A,New York,Yankees"
gambo001,Gamble,Oscar,L,R,NYA,OF,Oscar Gamble,1981,"A,New York,Yankees"
gossr001,Gossage,Rich,R,R,NYA,P,Rich Gossage,1981,"A,New York,Yankees"
grifm001,Griffin,Mike,R,R,NYA,P,Mike Griffin,1981,"A,New York,Yankees"
guidr001,Guidry,Ron,L,L,NYA,P,Ron Guidry,1981,"A,New York,Yankees"
jackr001,Jackson,Reggie,L,L,NYA,OF,Reggie Jackson,1981,"A,New York,Yankees"
johnt001,John,Tommy,R,L,NYA,P,Tommy John,1981,"A,New York,Yankees"
larod101,LaRoche,Dave,L,L,NYA,P,Dave LaRoche,1981,"A,New York,Yankees"
may-r101,May,Rudy,L,L,NYA,P,Rudy May,1981,"A,New York,Yankees"
mcgaa001,McGaffigan,Andy,R,R,NYA,P,Andy McGaffigan,1981,"A,New York,Yankees"
milbl001,Milbourne,Larry,B,R,NYA,SS,Larry Milbourne,1981,"A,New York,Yankees"
mumpj001,Mumphrey,Jerry,B,R,NYA,OF,Jerry Mumphrey,1981,"A,New York,Yankees"
murcb101,Murcer,Bobby,L,R,NYA,DH,Bobby Murcer,1981,"A,New York,Yankees"
nelsg001,Nelson,Gene,R,R,NYA,P,Gene Nelson,1981,"A,New York,Yankees"
nettg001,Nettles,Graig,L,R,NYA,3B,Graig Nettles,1981,"A,New York,Yankees"
oatej101,Oates,Johnny,L,R,NYA,C,Johnny Oates,1981,"A,New York,Yankees"
pattm102,Patterson,Mike,L,R,NYA,OF,Mike Patterson,1981,"A,New York,Yankees"
pinil001,Piniella,Lou,R,R,NYA,OF,Lou Piniella,1981,"A,New York,Yankees"
randw001,Randolph,Willie,R,R,NYA,2B,Willie Randolph,1981,"A,New York,Yankees"
reusr001,Reuschel,Rick,R,R,NYA,P,Rick Reuschel,1981,"A,New York,Yankees"
reved101,Revering,Dave,L,R,NYA,1B,Dave Revering,1981,"A,New York,Yankees"
righd001,Righetti,Dave,L,L,NYA,P,Dave Righetti,1981,"A,New York,Yankees"
robea001,Robertson,Andre,R,R,NYA,SS,Andre Robertson,1981,"A,New York,Yankees"
rodra101,Rodriguez,Aurelio,R,R,NYA,3B,Aurelio Rodriguez,1981,"A,New York,Yankees"
spenj101,Spencer,Jim,L,L,NYA,1B,Jim Spencer,1981,"A,New York,Yankees"
undet001,Underwood,Tom,R,L,NYA,P,Tom Underwood,1981,"A,New York,Yankees"
watsb001,Watson,Bob,R,R,NYA,1B,Bob Watson,1981,"A,New York,Yankees"
wehrd001,Wehrmeister,Dave,R,R,NYA,P,Dave Wehrmeister,1981,"A,New York,Yankees"
wertd101,Werth,Dennis,R,R,NYA,1B,Dennis Werth,1981,"A,New York,Yankees"
winfd001,Winfield,Dave,R,R,NYA,OF,Dave Winfield,1981,"A,New York,Yankees"
alvaj001,Alvarez,Jose,R,R,ATL,P,Jose Alvarez,1981,"N,Atlanta,Braves"
asseb101,Asselstine,Brian,L,R,ATL,OF,Brian Asselstine,1981,"N,Atlanta,Braves"
bedrs001,Bedrosian,Steve,R,R,ATL,P,Steve Bedrosian,1981,"N,Atlanta,Braves"
beneb001,Benedict,Bruce,R,R,ATL,C,Bruce Benedict,1981,"N,Atlanta,Braves"
boggt001,Boggs,Tommy,R,R,ATL,P,Tommy Boggs,1981,"N,Atlanta,Braves"
bradl101,Bradford,Larry,R,L,ATL,P,Larry Bradford,1981,"N,Atlanta,Braves"
butlb001,Butler,Brett,L,L,ATL,OF,Brett Butler,1981,"N,Atlanta,Braves"
campr001,Camp,Rick,R,R,ATL,P,Rick Camp,1981,"N,Atlanta,Braves"
chamc001,Chambliss,Chris,L,R,ATL,1B,Chris Chambliss,1981,"N,Atlanta,Braves"
garbg001,Garber,Gene,R,R,ATL,P,Gene Garber,1981,"N,Atlanta,Braves"
gomel101,Gomez,Luis,R,R,ATL,SS,Luis Gomez,1981,"N,Atlanta,Braves"
halla001,Hall,Albert,B,R,ATL,OF,Albert Hall,1981,"N,Atlanta,Braves"
hannp101,Hanna,Preston,R,R,ATL,P,Preston Hanna,1981,"N,Atlanta,Braves"
harpt001,Harper,Terry,R,R,ATL,OF,Terry Harper,1981,"N,Atlanta,Braves"
hornb001,Horner,Bob,R,R,ATL,3B,Bob Horner,1981,"N,Atlanta,Braves"
hraba101,Hrabosky,Al,R,L,ATL,P,Al Hrabosky,1981,"N,Atlanta,Braves"
hubbg001,Hubbard,Glenn,R,R,ATL,2B,Glenn Hubbard,1981,"N,Atlanta,Braves"
jacob001,Jacoby,Brook,R,R,ATL,3B,Brook Jacoby,1981,"N,Atlanta,Braves"
linar001,Linares,Rufino,R,R,ATL,OF,Rufino Linares,1981,"N,Atlanta,Braves"
lum-m101,Lum,Mike,L,L,ATL,OF,Mike Lum,1981,"N,Atlanta,Braves"
mahlr001,Mahler,Rick,R,R,ATL,P,Rick Mahler,1981,"N,Atlanta,Braves"
matur101,Matula,Rick,R,R,ATL,P,Rick Matula,1981,"N,Atlanta,Braves"
mcwil001,McWilliams,Larry,L,L,ATL,P,Larry McWilliams,1981,"N,Atlanta,Braves"
mille001,Miller,Eddie,B,R,ATL,OF,Eddie Miller,1981,"N,Atlanta,Braves"
montj001,Montefusco,John,R,R,ATL,P,John Montefusco,1981,"N,Atlanta,Braves"
murpd001,Murphy,Dale,R,R,ATL,OF,Dale Murphy,1981,"N,Atlanta,Braves"
nahob001,Nahorodny,Bill,R,R,ATL,C,Bill Nahorodny,1981,"N,Atlanta,Braves"
niekp001,Niekro,Phil,R,R,ATL,P,Phil Niekro,1981,"N,Atlanta,Braves"
owenl001,Owen,Larry,R,R,ATL,C,Larry Owen,1981,"N,Atlanta,Braves"
perrg101,Perry,Gaylord,R,R,ATL,P,Gaylord Perry,1981,"N,Atlanta,Braves"
pocob001,Pocoroba,Biff,B,R,ATL,3B,Biff Pocoroba,1981,"N,Atlanta,Braves"
portb101,Porter,Bob,L,L,ATL,PH,Bob Porter,1981,"N,Atlanta,Braves"
ramir001,Ramirez,Rafael,R,R,ATL,SS,Rafael Ramirez,1981,"N,Atlanta,Braves"
roysj001,Royster,Jerry,R,R,ATL,3B,Jerry Royster,1981,"N,Atlanta,Braves"
rungp001,Runge,Paul,R,R,ATL,SS,Paul Runge,1981,"N,Atlanta,Braves"
sinam001,Sinatro,Matt,R,R,ATL,C,Matt Sinatro,1981,"N,Atlanta,Braves"
smitk102,Smith,Ken,L,R,ATL,1B,Ken Smith,1981,"N,Atlanta,Braves"
walkb001,Walk,Bob,R,R,ATL,P,Bob Walk,1981,"N,Atlanta,Braves"
washc001,Washington,Claudell,L,L,ATL,OF,Claudell Washington,1981,"N,Atlanta,Braves"
whisl101,Whisenton,Larry,L,L,ATL,OF,Larry Whisenton,1981,"N,Atlanta,Braves"
