player_id,last,first,bats,throws,team_id,pos,player_name,year,team_name
astrj101,Astroth,Joe,R,R,PHA,C,Joe Astroth,1954,"A,Philadelphia,Athletics"
bishc101,Bishop,Charlie,R,R,PHA,P,Charlie Bishop,1954,"A,Philadelphia,Athletics"
bolld101,Bollweg,Don,L,L,PHA,1B,Don Bollweg,1954,"A,Philadelphia,Athletics"
burtm101,Burtschy,Moe,R,R,PHA,P,Moe Burtschy,1954,"A,Philadelphia,Athletics"
demaj101,DeMaestri,Joe,R,R,PHA,SS,Joe DeMaestri,1954,"A,Philadelphia,Athletics"
ditma101,Ditmar,Art,R,R,PHA,P,Art Ditmar,1954,"A,Philadelphia,Athletics"
dixos101,Dixon,Sonny,B,R,PHA,P,Sonny Dixon,1954,"A,Philadelphia,Athletics"
finij101,Finigan,Jim,R,R,PHA,3B,Jim Finigan,1954,"A,Philadelphia,Athletics"
fricm101,Fricano,Marion,R,R,PHA,P,Marion Fricano,1954,"A,Philadelphia,Athletics"
grayj101,Gray,Johnny,R,R,PHA,P,Johnny Gray,1954,"A,Philadelphia,Athletics"
jacos101,Jacobs,Spook,R,R,PHA,2B,Spook Jacobs,1954,"A,Philadelphia,Athletics"
joose101,Joost,Eddie,R,R,PHA,SS,Eddie Joost,1954,"A,Philadelphia,Athletics"
kella103,Kellner,Alex,R,L,PHA,P,Alex Kellner,1954,"A,Philadelphia,Athletics"
limml101,Limmer,Lou,L,L,PHA,1B,Lou Limmer,1954,"A,Philadelphia,Athletics"
littj104,Littrell,Jack,R,R,PHA,SS,Jack Littrell,1954,"A,Philadelphia,Athletics"
martm101,Martin,Morrie,L,L,PHA,P,Morrie Martin,1954,"A,Philadelphia,Athletics"
mcghe101,McGhee,Ed,R,R,PHA,OF,Ed McGhee,1954,"A,Philadelphia,Athletics"
osteb101,Oster,Bill,L,L,PHA,P,Bill Oster,1954,"A,Philadelphia,Athletics"
porta101,Portocarrero,Arnie,R,R,PHA,P,Arnie Portocarrero,1954,"A,Philadelphia,Athletics"
powev101,Power,Vic,R,R,PHA,OF,Vic Power,1954,"A,Philadelphia,Athletics"
raeth101,Raether,Hal,R,R,PHA,P,Hal Raether,1954,"A,Philadelphia,Athletics"
rennb101,Renna,Bill,R,R,PHA,OF,Bill Renna,1954,"A,Philadelphia,Athletics"
robej103,Robertson,Jim,R,R,PHA,C,Jim Robertson,1954,"A,Philadelphia,Athletics"
rombd101,Romberger,Dutch,R,R,PHA,P,Dutch Romberger,1954,"A,Philadelphia,Athletics"
rozed101,Rozek,Dick,L,L,PHA,P,Dick Rozek,1954,"A,Philadelphia,Athletics"
schec101,Scheib,Carl,R,R,PHA,P,Carl Scheib,1954,"A,Philadelphia,Athletics"
shanb101,Shantz,Billy,R,R,PHA,C,Billy Shantz,1954,"A,Philadelphia,Athletics"
shanb102,Shantz,Bobby,R,L,PHA,P,Bobby Shantz,1954,"A,Philadelphia,Athletics"
simaa101,Sima,Al,R,L,PHA,P,Al Sima,1954,"A,Philadelphia,Athletics"
sudep101,Suder,Pete,R,R,PHA,2B,Pete Suder,1954,"A,Philadelphia,Athletics"
taylj103,Taylor,Joe,R,R,PHA,OF,Joe Taylor,1954,"A,Philadelphia,Athletics"
tricb101,Trice,Bob,R,R,PHA,P,Bob Trice,1954,"A,Philadelphia,Athletics"
uptob101,Upton,Bill,R,R,PHA,P,Bill Upton,1954,"A,Philadelphia,Athletics"
valoe101,Valo,Elmer,L,R,PHA,OF,Elmer Valo,1954,"A,Philadelphia,Athletics"
vanbo101,Van Brabant,Ozzie,R,R,PHA,P,Ozzie Van Brabant,1954,"A,Philadelphia,Athletics"
wheal101,Wheat,Lee,R,R,PHA,P,Lee Wheat,1954,"A,Philadelphia,Athletics"
wilsb103,Wilson,Bill,R,R,PHA,OF,Bill Wilson,1954,"A,Philadelphia,Athletics"
zerng101,Zernial,Gus,R,R,PHA,OF,Gus Zernial,1954,"A,Philadelphia,Athletics"
abrac101,Abrams,Cal,L,L,PIT,OF,Cal Abrams,1954,"N,Pittsburgh,Pirates"
allig101,Allie,Gair,R,R,PIT,SS,Gair Allie,1954,"N,Pittsburgh,Pirates"
atwet101,Atwell,Toby,L,R,PIT,C,Toby Atwell,1954,"N,Pittsburgh,Pirates"
coled101,Cole,Dick,R,R,PIT,SS,Dick Cole,1954,"N,Pittsburgh,Pirates"
coopw102,Cooper,Walker,R,R,PIT,C,Walker Cooper,1954,"N,Pittsburgh,Pirates"
frieb102,Friend,Bob,R,R,PIT,P,Bob Friend,1954,"N,Pittsburgh,Pirates"
gords101,Gordon,Sid,R,R,PIT,OF,Sid Gordon,1954,"N,Pittsburgh,Pirates"
hallb105,Hall,Bill,L,R,PIT,C,Bill Hall,1954,"N,Pittsburgh,Pirates"
halld101,Hall,Dick,R,R,PIT,OF,Dick Hall,1954,"N,Pittsburgh,Pirates"
henlg101,Henley,Gail,L,R,PIT,OF,Gail Henley,1954,"N,Pittsburgh,Pirates"
hetkj101,Hetki,Johnny,R,R,PIT,P,Johnny Hetki,1954,"N,Pittsburgh,Pirates"
hoguc101,Hogue,Cal,R,R,PIT,P,Cal Hogue,1954,"N,Pittsburgh,Pirates"
janov101,Janowicz,Vic,R,R,PIT,3B,Vic Janowicz,1954,"N,Pittsburgh,Pirates"
jeths101,Jethroe,Sam,B,R,PIT,OF,Sam Jethroe,1954,"N,Pittsburgh,Pirates"
kingn101,King,Nellie,R,R,PIT,P,Nellie King,1954,"N,Pittsburgh,Pirates"
koban101,Koback,Nick,R,R,PIT,C,Nick Koback,1954,"N,Pittsburgh,Pirates"
lapap102,LaPalme,Paul,L,L,PIT,P,Paul LaPalme,1954,"N,Pittsburgh,Pirates"
law-v101,Law,Vern,R,R,PIT,P,Vern Law,1954,"N,Pittsburgh,Pirates"
littd102,Littlefield,Dick,L,L,PIT,P,Dick Littlefield,1954,"N,Pittsburgh,Pirates"
lyncj102,Lynch,Jerry,L,R,PIT,OF,Jerry Lynch,1954,"N,Pittsburgh,Pirates"
mangj101,Mangan,Jim,R,R,PIT,C,Jim Mangan,1954,"N,Pittsburgh,Pirates"
marql101,Marquez,Luis,R,R,PIT,OF,Luis Marquez,1954,"N,Pittsburgh,Pirates"
odong101,O'Donnell,George,R,R,PIT,P,George O'Donnell,1954,"N,Pittsburgh,Pirates"
pagej101,Page,Joe,L,L,PIT,P,Joe Page,1954,"N,Pittsburgh,Pirates"
pelle101,Pellagrini,Eddie,R,R,PIT,3B,Eddie Pellagrini,1954,"N,Pittsburgh,Pirates"
peppl101,Pepper,Laurin,R,R,PIT,P,Laurin Pepper,1954,"N,Pittsburgh,Pirates"
purkb101,Purkey,Bob,R,R,PIT,P,Bob Purkey,1954,"N,Pittsburgh,Pirates"
riceh102,Rice,Hal,L,R,PIT,OF,Hal Rice,1954,"N,Pittsburgh,Pirates"
robec102,Roberts,Curt,R,R,PIT,2B,Curt Roberts,1954,"N,Pittsburgh,Pirates"
shepj102,Shepard,Jack,R,R,PIT,C,Jack Shepard,1954,"N,Pittsburgh,Pirates"
skinb101,Skinner,Bob,L,R,PIT,1B,Bob Skinner,1954,"N,Pittsburgh,Pirates"
smitd103,Smith,Dick,R,R,PIT,3B,Dick Smith,1954,"N,Pittsburgh,Pirates"
surkm101,Surkont,Max,R,R,PIT,P,Max Surkont,1954,"N,Pittsburgh,Pirates"
thiej101,Thies,Jake,R,R,PIT,P,Jake Thies,1954,"N,Pittsburgh,Pirates"
thomf103,Thomas,Frank,R,R,PIT,OF,Frank Thomas,1954,"N,Pittsburgh,Pirates"
wardp101,Ward,Preston,L,R,PIT,1B,Preston Ward,1954,"N,Pittsburgh,Pirates"
yochl101,Yochim,Len,L,L,PIT,P,Len Yochim,1954,"N,Pittsburgh,Pirates"
amors101,Amoros,Sandy,L,L,BRO,OF,Sandy Amoros,1954,"N,Brooklyn,Dodgers"
belaw101,Belardi,Wayne,L,L,BRO,PH,Wayne Belardi,1954,"N,Brooklyn,Dodgers"
blacj103,Black,Joe,R,R,BRO,P,Joe Black,1954,"N,Brooklyn,Dodgers"
campr102,Campanella,Roy,R,R,BRO,C,Roy Campanella,1954,"N,Brooklyn,Dodgers"
cox-b101,Cox,Billy,R,R,BRO,3B,Billy Cox,1954,"N,Brooklyn,Dodgers"
darnb101,Darnell,Bob,R,R,BRO,P,Bob Darnell,1954,"N,Brooklyn,Dodgers"
erskc101,Erskine,Carl,R,R,BRO,P,Carl Erskine,1954,"N,Brooklyn,Dodgers"
furic101,Furillo,Carl,R,R,BRO,OF,Carl Furillo,1954,"N,Brooklyn,Dodgers"
gillj102,Gilliam,Jim,B,R,BRO,2B,Jim Gilliam,1954,"N,Brooklyn,Dodgers"
hoakd101,Hoak,Don,R,R,BRO,3B,Don Hoak,1954,"N,Brooklyn,Dodgers"
hodgg101,Hodges,Gil,R,R,BRO,1B,Gil Hodges,1954,"N,Brooklyn,Dodgers"
hughj103,Hughes,Jim,R,R,BRO,P,Jim Hughes,1954,"N,Brooklyn,Dodgers"
kresc101,Kress,Chuck,L,L,BRO,1B,Chuck Kress,1954,"N,Brooklyn,Dodgers"
labic101,Labine,Clem,R,R,BRO,P,Clem Labine,1954,"N,Brooklyn,Dodgers"
lasot101,Lasorda,Tom,L,L,BRO,P,Tom Lasorda,1954,"N,Brooklyn,Dodgers"
loesb101,Loes,Billy,R,R,BRO,P,Billy Loes,1954,"N,Brooklyn,Dodgers"
meyer101,Meyer,Russ,B,R,BRO,P,Russ Meyer,1954,"N,Brooklyn,Dodgers"
millb114,Milliken,Bob,R,R,BRO,P,Bob Milliken,1954,"N,Brooklyn,Dodgers"
moryw101,Moryn,Walt,L,R,BRO,OF,Walt Moryn,1954,"N,Brooklyn,Dodgers"
newcd101,Newcombe,Don,L,R,BRO,P,Don Newcombe,1954,"N,Brooklyn,Dodgers"
palie101,Palica,Erv,R,R,BRO,P,Erv Palica,1954,"N,Brooklyn,Dodgers"
podrj101,Podres,Johnny,L,L,BRO,P,Johnny Podres,1954,"N,Brooklyn,Dodgers"
reesp101,Reese,Pee Wee,R,R,BRO,SS,Pee Wee Reese,1954,"N,Brooklyn,Dodgers"
robij103,Robinson,Jackie,R,R,BRO,OF,Jackie Robinson,1954,"N,Brooklyn,Dodgers"
roe-p101,Roe,Preacher,R,L,BRO,P,Preacher Roe,1954,"N,Brooklyn,Dodgers"
shubg101,Shuba,George,L,R,BRO,OF,George Shuba,1954,"N,Brooklyn,Dodgers"
snidd101,Snider,Duke,L,R,BRO,OF,Duke Snider,1954,"N,Brooklyn,Dodgers"
spook101,Spooner,Karl,R,L,BRO,P,Karl Spooner,1954,"N,Brooklyn,Dodgers"
thomd102,Thompson,Don,L,L,BRO,OF,Don Thompson,1954,"N,Brooklyn,Dodgers"
thomt106,Thompson,Tim,L,R,BRO,C,Tim Thompson,1954,"N,Brooklyn,Dodgers"
wadeb101,Wade,Ben,R,R,BRO,P,Ben Wade,1954,"N,Brooklyn,Dodgers"
walkr101,Walker,Rube,L,R,BRO,C,Rube Walker,1954,"N,Brooklyn,Dodgers"
willd104,Williams,Dick,R,R,BRO,OF,Dick Williams,1954,"N,Brooklyn,Dodgers"
wojep101,Wojey,Pete,R,R,BRO,P,Pete Wojey,1954,"N,Brooklyn,Dodgers"
zimmd101,Zimmer,Don,R,R,BRO,SS,Don Zimmer,1954,"N,Brooklyn,Dodgers"
abrac101,Abrams,Cal,L,L,BAL,OF,Cal Abrams,1954,"A,Baltimore,Orioles"
berrn101,Berry,Neil,R,R,BAL,SS,Neil Berry,1954,"A,Baltimore,Orioles"
bickv101,Bickford,Vern,R,R,BAL,P,Vern Bickford,1954,"A,Baltimore,Orioles"
blyzm101,Blyzka,Mike,R,R,BAL,P,Mike Blyzka,1954,"A,Baltimore,Orioles"
bridj101,Brideweser,Jim,R,R,BAL,SS,Jim Brideweser,1954,"A,Baltimore,Orioles"
chakb101,Chakales,Bob,R,R,BAL,P,Bob Chakales,1954,"A,Baltimore,Orioles"
coang101,Coan,Gil,L,R,BAL,OF,Gil Coan,1954,"A,Baltimore,Orioles"
colej101,Coleman,Joe,R,R,BAL,P,Joe Coleman,1954,"A,Baltimore,Orioles"
courc101,Courtney,Clint,L,R,BAL,C,Clint Courtney,1954,"A,Baltimore,Orioles"
dierc101,Diering,Chuck,R,R,BAL,OF,Chuck Diering,1954,"A,Baltimore,Orioles"
durer101,Duren,Ryne,R,R,BAL,P,Ryne Duren,1954,"A,Baltimore,Orioles"
durhj101,Durham,Joe,R,R,BAL,OF,Joe Durham,1954,"A,Baltimore,Orioles"
fox-h101,Fox,Howie,R,R,BAL,P,Howie Fox,1954,"A,Baltimore,Orioles"
fridj101,Fridley,Jim,R,R,BAL,OF,Jim Fridley,1954,"A,Baltimore,Orioles"
garcc101,Garcia,Chico,R,R,BAL,2B,Chico Garcia,1954,"A,Baltimore,Orioles"
hearj101,Heard,Jay,L,L,BAL,P,Jay Heard,1954,"A,Baltimore,Orioles"
huntb105,Hunter,Billy,R,R,BAL,SS,Billy Hunter,1954,"A,Baltimore,Orioles"
kellf102,Kellert,Frank,R,R,BAL,1B,Frank Kellert,1954,"A,Baltimore,Orioles"
kennb104,Kennedy,Bob,R,R,BAL,3B,Bob Kennedy,1954,"A,Baltimore,Orioles"
kokod101,Kokos,Dick,L,L,BAL,OF,Dick Kokos,1954,"A,Baltimore,Orioles"
kosld101,Koslo,Dave,L,L,BAL,P,Dave Koslo,1954,"A,Baltimore,Orioles"
kretl101,Kretlow,Lou,R,R,BAL,P,Lou Kretlow,1954,"A,Baltimore,Orioles"
kryhd101,Kryhoski,Dick,L,L,BAL,1B,Dick Kryhoski,1954,"A,Baltimore,Orioles"
kuzab101,Kuzava,Bob,B,L,BAL,P,Bob Kuzava,1954,"A,Baltimore,Orioles"
larsd102,Larsen,Don,R,R,BAL,P,Don Larsen,1954,"A,Baltimore,Orioles"
lenhd101,Lenhardt,Don,R,R,BAL,OF,Don Lenhardt,1954,"A,Baltimore,Orioles"
littd102,Littlefield,Dick,L,L,BAL,P,Dick Littlefield,1954,"A,Baltimore,Orioles"
meles101,Mele,Sam,R,R,BAL,OF,Sam Mele,1954,"A,Baltimore,Orioles"
mossl101,Moss,Les,R,R,BAL,C,Les Moss,1954,"A,Baltimore,Orioles"
murrr102,Murray,Ray,R,R,BAL,C,Ray Murray,1954,"A,Baltimore,Orioles"
odelb101,O'Dell,Billy,B,L,BAL,P,Billy O'Dell,1954,"A,Baltimore,Orioles"
pilld101,Pillette,Duane,R,R,BAL,P,Duane Pillette,1954,"A,Baltimore,Orioles"
stepv101,Stephens,Vern,R,R,BAL,3B,Vern Stephens,1954,"A,Baltimore,Orioles"
stuam101,Stuart,Marlin,L,R,BAL,P,Marlin Stuart,1954,"A,Baltimore,Orioles"
turlb101,Turley,Bob,R,R,BAL,P,Bob Turley,1954,"A,Baltimore,Orioles"
waite101,Waitkus,Eddie,L,L,BAL,1B,Eddie Waitkus,1954,"A,Baltimore,Orioles"
wertv101,Wertz,Vic,L,R,BAL,OF,Vic Wertz,1954,"A,Baltimore,Orioles"
younb101,Young,Bobby,L,R,BAL,2B,Bobby Young,1954,"A,Baltimore,Orioles"
battm101,Batts,Matt,R,R,CHA,C,Matt Batts,1954,"A,Chicago,White Sox"
boydb102,Boyd,Bob,L,L,CHA,OF,Bob Boyd,1954,"A,Chicago,White Sox"
cainb101,Cain,Bob,L,L,CHA,PR,Bob Cain,1954,"A,Chicago,White Sox"
carrc105,Carrasquel,Chico,R,R,CHA,SS,Chico Carrasquel,1954,"A,Chicago,White Sox"
cavap101,Cavarretta,Phil,L,L,CHA,1B,Phil Cavarretta,1954,"A,Chicago,White Sox"
conss101,Consuegra,Sandy,R,R,CHA,P,Sandy Consuegra,1954,"A,Chicago,White Sox"
dorif101,Dorish,Fritz,R,R,CHA,P,Fritz Dorish,1954,"A,Chicago,White Sox"
fainf101,Fain,Ferris,L,L,CHA,1B,Ferris Fain,1954,"A,Chicago,White Sox"
flant101,Flanigan,Tom,R,L,CHA,P,Tom Flanigan,1954,"A,Chicago,White Sox"
fornm101,Fornieles,Mike,R,R,CHA,P,Mike Fornieles,1954,"A,Chicago,White Sox"
fox-n101,Fox,Nellie,L,R,CHA,2B,Nellie Fox,1954,"A,Chicago,White Sox"
grotj102,Groth,Johnny,R,R,CHA,OF,Johnny Groth,1954,"A,Chicago,White Sox"
harsj101,Harshman,Jack,L,L,CHA,P,Jack Harshman,1954,"A,Chicago,White Sox"
hattg101,Hatton,Grady,L,R,CHA,3B,Grady Hatton,1954,"A,Chicago,White Sox"
jackr101,Jackson,Ron,R,R,CHA,1B,Ron Jackson,1954,"A,Chicago,White Sox"
johnd102,Johnson,Don,R,R,CHA,P,Don Johnson,1954,"A,Chicago,White Sox"
jok-s101,Jok,Stan,R,R,CHA,3B,Stan Jok,1954,"A,Chicago,White Sox"
keegb101,Keegan,Bob,R,R,CHA,P,Bob Keegan,1954,"A,Chicago,White Sox"
kellg102,Kell,George,R,R,CHA,1B,George Kell,1954,"A,Chicago,White Sox"
kirrj101,Kirrene,Joe,R,R,CHA,3B,Joe Kirrene,1954,"A,Chicago,White Sox"
lolls101,Lollar,Sherm,R,R,CHA,C,Sherm Lollar,1954,"A,Chicago,White Sox"
marsf101,Marsh,Fred,R,R,CHA,3B,Fred Marsh,1954,"A,Chicago,White Sox"
marsw101,Marshall,Willard,L,R,CHA,OF,Willard Marshall,1954,"A,Chicago,White Sox"
martm101,Martin,Morrie,L,L,CHA,P,Morrie Martin,1954,"A,Chicago,White Sox"
mcghe101,McGhee,Ed,R,R,CHA,OF,Ed McGhee,1954,"A,Chicago,White Sox"
michc101,Michaels,Cass,R,R,CHA,3B,Cass Michaels,1954,"A,Chicago,White Sox"
minom101,Minoso,Minnie,R,R,CHA,OF,Minnie Minoso,1954,"A,Chicago,White Sox"
nichd103,Nicholas,Don,L,R,CHA,PR,Don Nicholas,1954,"A,Chicago,White Sox"
pierb101,Pierce,Billy,L,L,CHA,P,Billy Pierce,1954,"A,Chicago,White Sox"
rivej101,Rivera,Jim,L,L,CHA,OF,Jim Rivera,1954,"A,Chicago,White Sox"
sawac101,Sawatski,Carl,L,R,CHA,C,Carl Sawatski,1954,"A,Chicago,White Sox"
simaa101,Sima,Al,R,L,CHA,P,Al Sima,1954,"A,Chicago,White Sox"
stewb101,Stewart,Bud,L,R,CHA,OF,Bud Stewart,1954,"A,Chicago,White Sox"
strad101,Strahs,Dick,L,R,CHA,P,Dick Strahs,1954,"A,Chicago,White Sox"
trucv101,Trucks,Virgil,R,R,CHA,P,Virgil Trucks,1954,"A,Chicago,White Sox"
valev101,Valentinetti,Vito,R,R,CHA,P,Vito Valentinetti,1954,"A,Chicago,White Sox"
wilsb103,Wilson,Bill,R,R,CHA,OF,Bill Wilson,1954,"A,Chicago,White Sox"
wilsr102,Wilson,Red,R,R,CHA,C,Red Wilson,1954,"A,Chicago,White Sox"
ashbr101,Ashburn,Richie,L,R,PHI,OF,Richie Ashburn,1954,"N,Philadelphia,Phillies"
bakef103,Baker,Floyd,L,R,PHI,3B,Floyd Baker,1954,"N,Philadelphia,Phillies"
burgs101,Burgess,Smoky,L,R,PHI,C,Smoky Burgess,1954,"N,Philadelphia,Phillies"
clarm102,Clark,Mel,R,R,PHI,OF,Mel Clark,1954,"N,Philadelphia,Phillies"
commj101,Command,Jim,L,R,PHI,3B,Jim Command,1954,"N,Philadelphia,Phillies"
dickm101,Dickson,Murry,R,R,PHI,P,Murry Dickson,1954,"N,Philadelphia,Phillies"
drewk101,Drews,Karl,R,R,PHI,P,Karl Drews,1954,"N,Philadelphia,Phillies"
ennid101,Ennis,Del,R,R,PHI,OF,Del Ennis,1954,"N,Philadelphia,Phillies"
greeb103,Greenwood,Bob,R,R,PHI,P,Bob Greenwood,1954,"N,Philadelphia,Phillies"
hamng102,Hamner,Granny,R,R,PHI,2B,Granny Hamner,1954,"N,Philadelphia,Phillies"
jok-s101,Jok,Stan,R,R,PHI,PH,Stan Jok,1954,"N,Philadelphia,Phillies"
jonew101,Jones,Willie,R,R,PHI,3B,Willie Jones,1954,"N,Philadelphia,Phillies"
kazat101,Kazanski,Ted,R,R,PHI,SS,Ted Kazanski,1954,"N,Philadelphia,Phillies"
kippt101,Kipper,Thornton,R,R,PHI,P,Thornton Kipper,1954,"N,Philadelphia,Phillies"
konsj101,Konstanty,Jim,R,R,PHI,P,Jim Konstanty,1954,"N,Philadelphia,Phillies"
lindj101,Lindell,Johnny,R,R,PHI,PH,Johnny Lindell,1954,"N,Philadelphia,Phillies"
lopas101,Lopata,Stan,R,R,PHI,C,Stan Lopata,1954,"N,Philadelphia,Phillies"
micem101,Micelotta,Mickey,R,R,PHI,SS,Mickey Micelotta,1954,"N,Philadelphia,Phillies"
millb103,Miller,Bob,R,R,PHI,P,Bob Miller,1954,"N,Philadelphia,Phillies"
morgb102,Morgan,Bobby,R,R,PHI,SS,Bobby Morgan,1954,"N,Philadelphia,Phillies"
mrozr101,Mrozinski,Ron,R,L,PHI,P,Ron Mrozinski,1954,"N,Philadelphia,Phillies"
niarg101,Niarhos,Gus,R,R,PHI,C,Gus Niarhos,1954,"N,Philadelphia,Phillies"
palys101,Palys,Stan,R,R,PHI,OF,Stan Palys,1954,"N,Philadelphia,Phillies"
pensp101,Penson,Paul,R,R,PHI,P,Paul Penson,1954,"N,Philadelphia,Phillies"
ridzs101,Ridzik,Steve,R,R,PHI,P,Steve Ridzik,1954,"N,Philadelphia,Phillies"
rober102,Roberts,Robin,B,R,PHI,P,Robin Roberts,1954,"N,Philadelphia,Phillies"
sched102,Schell,Danny,R,R,PHI,OF,Danny Schell,1954,"N,Philadelphia,Phillies"
simmc101,Simmons,Curt,L,L,PHI,P,Curt Simmons,1954,"N,Philadelphia,Phillies"
torge101,Torgeson,Earl,L,L,PHI,1B,Earl Torgeson,1954,"N,Philadelphia,Phillies"
wehmh101,Wehmeier,Herm,R,R,PHI,P,Herm Wehmeier,1954,"N,Philadelphia,Phillies"
wyroj101,Wyrostek,Johnny,L,R,PHI,OF,Johnny Wyrostek,1954,"N,Philadelphia,Phillies"
avilb101,Avila,Bobby,R,R,CLE,2B,Bobby Avila,1954,"A,Cleveland,Indians"
chakb101,Chakales,Bob,R,R,CLE,P,Bob Chakales,1954,"A,Cleveland,Indians"
dents101,Dente,Sam,R,R,CLE,SS,Sam Dente,1954,"A,Cleveland,Indians"
dobyl101,Doby,Larry,L,R,CLE,OF,Larry Doby,1954,"A,Cleveland,Indians"
dyckj101,Dyck,Jim,R,R,CLE,PH,Jim Dyck,1954,"A,Cleveland,Indians"
eastl101,Easter,Luke,L,R,CLE,PH,Luke Easter,1954,"A,Cleveland,Indians"
fellb101,Feller,Bob,R,R,CLE,P,Bob Feller,1954,"A,Cleveland,Indians"
garcm101,Garcia,Mike,R,R,CLE,P,Mike Garcia,1954,"A,Cleveland,Indians"
ginsj101,Ginsberg,Joe,L,R,CLE,C,Joe Ginsberg,1954,"A,Cleveland,Indians"
glynb101,Glynn,Bill,L,L,CLE,1B,Bill Glynn,1954,"A,Cleveland,Indians"
grasm101,Grasso,Mickey,R,R,CLE,C,Mickey Grasso,1954,"A,Cleveland,Indians"
hegaj101,Hegan,Jim,R,R,CLE,C,Jim Hegan,1954,"A,Cleveland,Indians"
hoopb101,Hooper,Bob,R,R,CLE,P,Bob Hooper,1954,"A,Cleveland,Indians"
hoskd101,Hoskins,Dave,L,R,CLE,P,Dave Hoskins,1954,"A,Cleveland,Indians"
houta101,Houtteman,Art,R,R,CLE,P,Art Houtteman,1954,"A,Cleveland,Indians"
kennb104,Kennedy,Bob,R,R,CLE,OF,Bob Kennedy,1954,"A,Cleveland,Indians"
lemob101,Lemon,Bob,L,R,CLE,P,Bob Lemon,1954,"A,Cleveland,Indians"
majeh101,Majeski,Hank,R,R,CLE,2B,Hank Majeski,1954,"A,Cleveland,Indians"
mitcd101,Mitchell,Dale,L,L,CLE,OF,Dale Mitchell,1954,"A,Cleveland,Indians"
mossd101,Mossi,Don,L,L,CLE,P,Don Mossi,1954,"A,Cleveland,Indians"
narah101,Naragon,Hal,L,R,CLE,C,Hal Naragon,1954,"A,Cleveland,Indians"
narlr101,Narleski,Ray,R,R,CLE,P,Ray Narleski,1954,"A,Cleveland,Indians"
nelsr103,Nelson,Rocky,L,L,CLE,1B,Rocky Nelson,1954,"A,Cleveland,Indians"
newhh101,Newhouser,Hal,L,L,CLE,P,Hal Newhouser,1954,"A,Cleveland,Indians"
phild102,Philley,Dave,B,R,CLE,OF,Dave Philley,1954,"A,Cleveland,Indians"
poped101,Pope,Dave,L,R,CLE,OF,Dave Pope,1954,"A,Cleveland,Indians"
regar101,Regalado,Rudy,R,R,CLE,3B,Rudy Regalado,1954,"A,Cleveland,Indians"
rosea101,Rosen,Al,R,R,CLE,3B,Al Rosen,1954,"A,Cleveland,Indians"
santj102,Santiago,Jose,R,R,CLE,P,Jose Santiago,1954,"A,Cleveland,Indians"
smita102,Smith,Al,R,R,CLE,OF,Al Smith,1954,"A,Cleveland,Indians"
strig102,Strickland,George,R,R,CLE,SS,George Strickland,1954,"A,Cleveland,Indians"
tomad101,Tomanek,Dick,L,L,CLE,P,Dick Tomanek,1954,"A,Cleveland,Indians"
wertv101,Wertz,Vic,L,R,CLE,1B,Vic Wertz,1954,"A,Cleveland,Indians"
westw102,Westlake,Wally,R,R,CLE,OF,Wally Westlake,1954,"A,Cleveland,Indians"
wynne101,Wynn,Early,B,R,CLE,P,Early Wynn,1954,"A,Cleveland,Indians"
abera101,Aber,Al,L,L,DET,P,Al Aber,1954,"A,Detroit,Tigers"
battm101,Batts,Matt,R,R,DET,C,Matt Batts,1954,"A,Detroit,Tigers"
belaw101,Belardi,Wayne,L,L,DET,1B,Wayne Belardi,1954,"A,Detroit,Tigers"
bertr101,Bertoia,Reno,R,R,DET,2B,Reno Bertoia,1954,"A,Detroit,Tigers"
bollf101,Bolling,Frank,R,R,DET,2B,Frank Bolling,1954,"A,Detroit,Tigers"
boonr101,Boone,Ray,R,R,DET,3B,Ray Boone,1954,"A,Detroit,Tigers"
branr103,Branca,Ralph,R,R,DET,P,Ralph Branca,1954,"A,Detroit,Tigers"
bullg101,Bullard,George,R,R,DET,SS,George Bullard,1954,"A,Detroit,Tigers"
delsj101,Delsing,Jim,L,R,DET,OF,Jim Delsing,1954,"A,Detroit,Tigers"
donod101,Donovan,Dick,L,R,DET,P,Dick Donovan,1954,"A,Detroit,Tigers"
dropw101,Dropo,Walt,R,R,DET,1B,Walt Dropo,1954,"A,Detroit,Tigers"
everh101,Evers,Hoot,R,R,DET,OF,Hoot Evers,1954,"A,Detroit,Tigers"
garvn102,Garver,Ned,R,R,DET,P,Ned Garver,1954,"A,Detroit,Tigers"
grayt101,Gray,Ted,B,L,DET,P,Ted Gray,1954,"A,Detroit,Tigers"
groms101,Gromek,Steve,B,R,DET,P,Steve Gromek,1954,"A,Detroit,Tigers"
hatff101,Hatfield,Fred,L,R,DET,2B,Fred Hatfield,1954,"A,Detroit,Tigers"
herbr101,Herbert,Ray,R,R,DET,P,Ray Herbert,1954,"A,Detroit,Tigers"
hoefb101,Hoeft,Billy,L,L,DET,P,Billy Hoeft,1954,"A,Detroit,Tigers"
housf103,House,Frank,L,R,DET,C,Frank House,1954,"A,Detroit,Tigers"
kalia101,Kaline,Al,R,R,DET,OF,Al Kaline,1954,"A,Detroit,Tigers"
kingc102,King,Chick,R,R,DET,OF,Chick King,1954,"A,Detroit,Tigers"
kresc101,Kress,Chuck,L,L,DET,1B,Chuck Kress,1954,"A,Detroit,Tigers"
kuenh101,Kuenn,Harvey,R,R,DET,SS,Harvey Kuenn,1954,"A,Detroit,Tigers"
lakea101,Lakeman,Al,R,R,DET,C,Al Lakeman,1954,"A,Detroit,Tigers"
laryf101,Lary,Frank,R,R,DET,P,Frank Lary,1954,"A,Detroit,Tigers"
lundd102,Lund,Don,R,R,DET,OF,Don Lund,1954,"A,Detroit,Tigers"
marld101,Marlowe,Dick,R,R,DET,P,Dick Marlowe,1954,"A,Detroit,Tigers"
millb102,Miller,Bob,R,L,DET,P,Bob Miller,1954,"A,Detroit,Tigers"
niemb101,Nieman,Bob,R,R,DET,OF,Bob Nieman,1954,"A,Detroit,Tigers"
peskj101,Pesky,Johnny,L,R,DET,PH,Johnny Pesky,1954,"A,Detroit,Tigers"
soucb101,Souchock,Bud,R,R,DET,OF,Bud Souchock,1954,"A,Detroit,Tigers"
strew101,Streuli,Walt,R,R,DET,C,Walt Streuli,1954,"A,Detroit,Tigers"
tuttb101,Tuttle,Bill,R,R,DET,OF,Bill Tuttle,1954,"A,Detroit,Tigers"
weikd101,Weik,Dick,R,R,DET,P,Dick Weik,1954,"A,Detroit,Tigers"
wilsr102,Wilson,Red,R,R,DET,C,Red Wilson,1954,"A,Detroit,Tigers"
zuveg101,Zuverink,George,R,R,DET,P,George Zuverink,1954,"A,Detroit,Tigers"
adamb103,Adams,Bobby,R,R,CIN,3B,Bobby Adams,1954,"N,Cincinnati,Reds"
baczf101,Baczewski,Fred,L,L,CIN,P,Fred Baczewski,1954,"N,Cincinnati,Reds"
baile101,Bailey,Ed,L,R,CIN,C,Ed Bailey,1954,"N,Cincinnati,Reds"
bellg103,Bell,Gus,L,R,CIN,OF,Gus Bell,1954,"N,Cincinnati,Reds"
bolgj101,Bolger,Jim,R,R,CIN,OF,Jim Bolger,1954,"N,Cincinnati,Reds"
borkb101,Borkowski,Bob,R,R,CIN,OF,Bob Borkowski,1954,"N,Cincinnati,Reds"
bridr101,Bridges,Rocky,R,R,CIN,SS,Rocky Bridges,1954,"N,Cincinnati,Reds"
collj102,Collum,Jackie,L,L,CIN,P,Jackie Collum,1954,"N,Cincinnati,Reds"
drewk101,Drews,Karl,R,R,CIN,P,Karl Drews,1954,"N,Cincinnati,Reds"
escan101,Escalera,Nino,L,L,CIN,OF,Nino Escalera,1954,"N,Cincinnati,Reds"
fowla101,Fowler,Art,R,R,CIN,P,Art Fowler,1954,"N,Cincinnati,Reds"
greej102,Greengrass,Jim,R,R,CIN,OF,Jim Greengrass,1954,"N,Cincinnati,Reds"
harmc101,Harmon,Chuck,R,R,CIN,3B,Chuck Harmon,1954,"N,Cincinnati,Reds"
hattg101,Hatton,Grady,L,R,CIN,PH,Grady Hatton,1954,"N,Cincinnati,Reds"
judsh101,Judson,Howie,R,R,CIN,P,Howie Judson,1954,"N,Cincinnati,Reds"
klust101,Kluszewski,Ted,L,L,CIN,1B,Ted Kluszewski,1954,"N,Cincinnati,Reds"
landh101,Landrith,Hobie,L,R,CIN,C,Hobie Landrith,1954,"N,Cincinnati,Reds"
lanej101,Lane,Jerry,R,R,CIN,P,Jerry Lane,1954,"N,Cincinnati,Reds"
lipoj101,Lipon,Johnny,R,R,CIN,PH,Johnny Lipon,1954,"N,Cincinnati,Reds"
mcmir101,McMillan,Roy,R,R,CIN,SS,Roy McMillan,1954,"N,Cincinnati,Reds"
merrl102,Merriman,Lloyd,L,L,CIN,OF,Lloyd Merriman,1954,"N,Cincinnati,Reds"
murpd102,Murphy,Dick,L,L,CIN,PR,Dick Murphy,1954,"N,Cincinnati,Reds"
nuxhj101,Nuxhall,Joe,L,L,CIN,P,Joe Nuxhall,1954,"N,Cincinnati,Reds"
pearj101,Pearce,Jim,R,R,CIN,P,Jim Pearce,1954,"N,Cincinnati,Reds"
perkh101,Perkowski,Harry,L,L,CIN,P,Harry Perkowski,1954,"N,Cincinnati,Reds"
picom101,Picone,Mario,R,R,CIN,P,Mario Picone,1954,"N,Cincinnati,Reds"
podbb101,Podbielan,Bud,R,R,CIN,P,Bud Podbielan,1954,"N,Cincinnati,Reds"
postw101,Post,Wally,R,R,CIN,OF,Wally Post,1954,"N,Cincinnati,Reds"
raffk101,Raffensberger,Ken,R,L,CIN,P,Ken Raffensberger,1954,"N,Cincinnati,Reds"
rossc102,Ross,Cliff,L,L,CIN,P,Cliff Ross,1954,"N,Cincinnati,Reds"
ryanc102,Ryan,Connie,R,R,CIN,PH,Connie Ryan,1954,"N,Cincinnati,Reds"
savrm101,Savransky,Moe,L,L,CIN,P,Moe Savransky,1954,"N,Cincinnati,Reds"
semia101,Seminick,Andy,R,R,CIN,C,Andy Seminick,1954,"N,Cincinnati,Reds"
smitf104,Smith,Frank,R,R,CIN,P,Frank Smith,1954,"N,Cincinnati,Reds"
tempj101,Temple,Johnny,R,R,CIN,2B,Johnny Temple,1954,"N,Cincinnati,Reds"
valec101,Valentine,Corky,R,R,CIN,P,Corky Valentine,1954,"N,Cincinnati,Reds"
wehmh101,Wehmeier,Herm,R,R,CIN,P,Herm Wehmeier,1954,"N,Cincinnati,Reds"
zuveg101,Zuverink,George,R,R,CIN,P,George Zuverink,1954,"N,Cincinnati,Reds"
bakeg101,Baker,Gene,R,R,CHN,2B,Gene Baker,1954,"N,Chicago,Cubs"
banke101,Banks,Ernie,R,R,CHN,SS,Ernie Banks,1954,"N,Chicago,Cubs"
baumf101,Baumholtz,Frank,L,L,CHN,OF,Frank Baumholtz,1954,"N,Chicago,Cubs"
bilks101,Bilko,Steve,R,R,CHN,1B,Steve Bilko,1954,"N,Chicago,Cubs"
brosj101,Brosnan,Jim,R,R,CHN,P,Jim Brosnan,1954,"N,Chicago,Cubs"
churb101,Church,Bubba,R,R,CHN,P,Bubba Church,1954,"N,Chicago,Cubs"
coled103,Cole,Dave,R,R,CHN,P,Dave Cole,1954,"N,Chicago,Cubs"
coopw102,Cooper,Walker,R,R,CHN,C,Walker Cooper,1954,"N,Chicago,Cubs"
davij103,Davis,Jim,B,L,CHN,P,Jim Davis,1954,"N,Chicago,Cubs"
edwab101,Edwards,Bruce,R,R,CHN,PH,Bruce Edwards,1954,"N,Chicago,Cubs"
fannj101,Fanning,Jim,R,R,CHN,C,Jim Fanning,1954,"N,Chicago,Cubs"
fondd101,Fondy,Dee,L,L,CHN,1B,Dee Fondy,1954,"N,Chicago,Cubs"
garaj101,Garagiola,Joe,L,R,CHN,C,Joe Garagiola,1954,"N,Chicago,Cubs"
hackw102,Hacker,Warren,R,R,CHN,P,Warren Hacker,1954,"N,Chicago,Cubs"
jackr102,Jackson,Randy,R,R,CHN,3B,Randy Jackson,1954,"N,Chicago,Cubs"
jeffh101,Jeffcoat,Hal,R,R,CHN,P,Hal Jeffcoat,1954,"N,Chicago,Cubs"
kiner101,Kiner,Ralph,R,R,CHN,OF,Ralph Kiner,1954,"N,Chicago,Cubs"
kitsc101,Kitsos,Chris,B,R,CHN,SS,Chris Kitsos,1954,"N,Chicago,Cubs"
klipj101,Klippstein,Johnny,R,R,CHN,P,Johnny Klippstein,1954,"N,Chicago,Cubs"
larya101,Lary,Al,R,R,CHN,P,Al Lary,1954,"N,Chicago,Cubs"
lownt101,Lown,Turk,R,R,CHN,P,Turk Lown,1954,"N,Chicago,Cubs"
marql101,Marquez,Luis,R,R,CHN,OF,Luis Marquez,1954,"N,Chicago,Cubs"
mccuc101,McCullough,Clyde,R,R,CHN,C,Clyde McCullough,1954,"N,Chicago,Cubs"
mikse101,Miksis,Eddie,R,R,CHN,2B,Eddie Miksis,1954,"N,Chicago,Cubs"
minnp101,Minner,Paul,L,L,CHN,P,Paul Minner,1954,"N,Chicago,Cubs"
morgv101,Morgan,Vern,L,R,CHN,3B,Vern Morgan,1954,"N,Chicago,Cubs"
pollh101,Pollet,Howie,L,L,CHN,P,Howie Pollet,1954,"N,Chicago,Cubs"
pyecj101,Pyecha,John,R,R,CHN,P,John Pyecha,1954,"N,Chicago,Cubs"
riceh102,Rice,Hal,L,R,CHN,OF,Hal Rice,1954,"N,Chicago,Cubs"
robed104,Robertson,Don,L,L,CHN,OF,Don Robertson,1954,"N,Chicago,Cubs"
rushb101,Rush,Bob,R,R,CHN,P,Bob Rush,1954,"N,Chicago,Cubs"
saueh101,Sauer,Hank,R,R,CHN,OF,Hank Sauer,1954,"N,Chicago,Cubs"
sereb101,Serena,Bill,R,R,CHN,3B,Bill Serena,1954,"N,Chicago,Cubs"
talbb101,Talbot,Bob,R,R,CHN,OF,Bob Talbot,1954,"N,Chicago,Cubs"
tappe101,Tappe,El,R,R,CHN,C,El Tappe,1954,"N,Chicago,Cubs"
tremb101,Tremel,Bill,R,R,CHN,P,Bill Tremel,1954,"N,Chicago,Cubs"
willj104,Willis,Jim,L,R,CHN,P,Jim Willis,1954,"N,Chicago,Cubs"
zickb101,Zick,Bob,L,R,CHN,P,Bob Zick,1954,"N,Chicago,Cubs"
aggah101,Agganis,Harry,L,L,BOS,1B,Harry Agganis,1954,"A,Boston,Red Sox"
bakef103,Baker,Floyd,L,R,BOS,3B,Floyd Baker,1954,"A,Boston,Red Sox"
bollm101,Bolling,Milt,R,R,BOS,SS,Milt Bolling,1954,"A,Boston,Red Sox"
brewt101,Brewer,Tom,R,R,BOS,P,Tom Brewer,1954,"A,Boston,Red Sox"
browh101,Brown,Hal,R,R,BOS,P,Hal Brown,1954,"A,Boston,Red Sox"
clevt101,Clevenger,Tex,R,R,BOS,P,Tex Clevenger,1954,"A,Boston,Red Sox"
consb101,Consolo,Billy,R,R,BOS,SS,Billy Consolo,1954,"A,Boston,Red Sox"
dobsj101,Dobson,Joe,R,R,BOS,P,Joe Dobson,1954,"A,Boston,Red Sox"
everh101,Evers,Hoot,R,R,BOS,OF,Hoot Evers,1954,"A,Boston,Red Sox"
gernd101,Gernert,Dick,R,R,BOS,1B,Dick Gernert,1954,"A,Boston,Red Sox"
goodb101,Goodman,Billy,L,R,BOS,2B,Billy Goodman,1954,"A,Boston,Red Sox"
hattg101,Hatton,Grady,L,R,BOS,3B,Grady Hatton,1954,"A,Boston,Red Sox"
henrb101,Henry,Bill,L,L,BOS,P,Bill Henry,1954,"A,Boston,Red Sox"
herrt101,Herrin,Tom,R,R,BOS,P,Tom Herrin,1954,"A,Boston,Red Sox"
hudss101,Hudson,Sid,R,R,BOS,P,Sid Hudson,1954,"A,Boston,Red Sox"
hurdt101,Hurd,Tom,R,R,BOS,P,Tom Hurd,1954,"A,Boston,Red Sox"
jensj101,Jensen,Jackie,R,R,BOS,OF,Jackie Jensen,1954,"A,Boston,Red Sox"
kellg102,Kell,George,R,R,BOS,3B,George Kell,1954,"A,Boston,Red Sox"
kemmr101,Kemmerer,Russ,R,R,BOS,P,Russ Kemmerer,1954,"A,Boston,Red Sox"
kiell101,Kiely,Leo,L,L,BOS,P,Leo Kiely,1954,"A,Boston,Red Sox"
kinde101,Kinder,Ellis,R,R,BOS,P,Ellis Kinder,1954,"A,Boston,Red Sox"
lenhd101,Lenhardt,Don,R,R,BOS,OF,Don Lenhardt,1954,"A,Boston,Red Sox"
lepct101,Lepcio,Ted,R,R,BOS,2B,Ted Lepcio,1954,"A,Boston,Red Sox"
maxwc101,Maxwell,Charlie,L,L,BOS,OF,Charlie Maxwell,1954,"A,Boston,Red Sox"
meles101,Mele,Sam,R,R,BOS,1B,Sam Mele,1954,"A,Boston,Red Sox"
mortm101,Morton,Moose,R,R,BOS,PH,Moose Morton,1954,"A,Boston,Red Sox"
nixow101,Nixon,Willard,L,R,BOS,P,Willard Nixon,1954,"A,Boston,Red Sox"
olsok101,Olson,Karl,R,R,BOS,OF,Karl Olson,1954,"A,Boston,Red Sox"
owenm101,Owen,Mickey,R,R,BOS,C,Mickey Owen,1954,"A,Boston,Red Sox"
parnm101,Parnell,Mel,L,L,BOS,P,Mel Parnell,1954,"A,Boston,Red Sox"
pierj102,Piersall,Jim,R,R,BOS,OF,Jim Piersall,1954,"A,Boston,Red Sox"
sullf101,Sullivan,Frank,R,R,BOS,P,Frank Sullivan,1954,"A,Boston,Red Sox"
werlb101,Werle,Bill,L,L,BOS,P,Bill Werle,1954,"A,Boston,Red Sox"
whits103,White,Sammy,R,R,BOS,C,Sammy White,1954,"A,Boston,Red Sox"
wilbd101,Wilber,Del,R,R,BOS,C,Del Wilber,1954,"A,Boston,Red Sox"
willt103,Williams,Ted,L,R,BOS,OF,Ted Williams,1954,"A,Boston,Red Sox"
aaroh101,Aaron,Hank,R,R,MLN,OF,Hank Aaron,1954,"N,Milwaukee,Braves"
adcoj101,Adcock,Joe,R,R,MLN,1B,Joe Adcock,1954,"N,Milwaukee,Braves"
brutb101,Bruton,Bill,L,R,MLN,OF,Bill Bruton,1954,"N,Milwaukee,Braves"
buhlb101,Buhl,Bob,R,R,MLN,P,Bob Buhl,1954,"N,Milwaukee,Braves"
burdl101,Burdette,Lew,R,R,MLN,P,Lew Burdette,1954,"N,Milwaukee,Braves"
calds101,Calderone,Sam,R,R,MLN,C,Sam Calderone,1954,"N,Milwaukee,Braves"
conlg101,Conley,Gene,R,R,MLN,P,Gene Conley,1954,"N,Milwaukee,Braves"
crand102,Crandall,Del,R,R,MLN,C,Del Crandall,1954,"N,Milwaukee,Braves"
cronr101,Crone,Ray,R,R,MLN,P,Ray Crone,1954,"N,Milwaukee,Braves"
dittj101,Dittmer,Jack,L,R,MLN,2B,Jack Dittmer,1954,"N,Milwaukee,Braves"
goric101,Gorin,Charlie,L,L,MLN,P,Charlie Gorin,1954,"N,Milwaukee,Braves"
jay-j101,Jay,Joey,B,R,MLN,P,Joey Jay,1954,"N,Milwaukee,Braves"
johne101,Johnson,Ernie,R,R,MLN,P,Ernie Johnson,1954,"N,Milwaukee,Braves"
jolld101,Jolly,Dave,R,R,MLN,P,Dave Jolly,1954,"N,Milwaukee,Braves"
kosld101,Koslo,Dave,L,L,MLN,P,Dave Koslo,1954,"N,Milwaukee,Braves"
logaj101,Logan,Johnny,R,R,MLN,SS,Johnny Logan,1954,"N,Milwaukee,Braves"
mathe101,Mathews,Eddie,L,R,MLN,3B,Eddie Mathews,1954,"N,Milwaukee,Braves"
metkg101,Metkovich,George,L,L,MLN,1B,George Metkovich,1954,"N,Milwaukee,Braves"
nichc102,Nichols,Chet,B,L,MLN,P,Chet Nichols,1954,"N,Milwaukee,Braves"
ocond101,O'Connell,Danny,R,R,MLN,2B,Danny O'Connell,1954,"N,Milwaukee,Braves"
pafka101,Pafko,Andy,R,R,MLN,OF,Andy Pafko,1954,"N,Milwaukee,Braves"
painp101,Paine,Phil,R,R,MLN,P,Phil Paine,1954,"N,Milwaukee,Braves"
pendj101,Pendleton,Jim,R,R,MLN,OF,Jim Pendleton,1954,"N,Milwaukee,Braves"
queeb101,Queen,Billy,R,R,MLN,OF,Billy Queen,1954,"N,Milwaukee,Braves"
roacm101,Roach,Mel,R,R,MLN,1B,Mel Roach,1954,"N,Milwaukee,Braves"
sists101,Sisti,Sibby,R,R,MLN,PR,Sibby Sisti,1954,"N,Milwaukee,Braves"
smalr101,Smalley,Roy,R,R,MLN,SS,Roy Smalley,1954,"N,Milwaukee,Braves"
spahw101,Spahn,Warren,L,L,MLN,P,Warren Spahn,1954,"N,Milwaukee,Braves"
thomb105,Thomson,Bobby,R,R,MLN,OF,Bobby Thomson,1954,"N,Milwaukee,Braves"
whitc101,White,Charlie,L,R,MLN,C,Charlie White,1954,"N,Milwaukee,Braves"
wilsj104,Wilson,Jim,R,R,MLN,P,Jim Wilson,1954,"N,Milwaukee,Braves"
alstt101,Alston,Tom,L,R,SLN,1B,Tom Alston,1954,"N,St.Louis,Cardinals"
bearr101,Beard,Ralph,R,R,SLN,P,Ralph Beard,1954,"N,St.Louis,Cardinals"
bilks101,Bilko,Steve,R,R,SLN,1B,Steve Bilko,1954,"N,St.Louis,Cardinals"
braza101,Brazle,Al,L,L,SLN,P,Al Brazle,1954,"N,St.Louis,Cardinals"
burgt101,Burgess,Tom,L,L,SLN,OF,Tom Burgess,1954,"N,St.Louis,Cardinals"
castp102,Castiglione,Pete,R,R,SLN,3B,Pete Castiglione,1954,"N,St.Louis,Cardinals"
cunnj101,Cunningham,Joe,L,L,SLN,1B,Joe Cunningham,1954,"N,St.Louis,Cardinals"
dealc101,Deal,Cot,B,R,SLN,P,Cot Deal,1954,"N,St.Louis,Cardinals"
frazj101,Frazier,Joe,L,R,SLN,OF,Joe Frazier,1954,"N,St.Louis,Cardinals"
grama101,Grammas,Alex,R,R,SLN,SS,Alex Grammas,1954,"N,St.Louis,Cardinals"
greab101,Greason,Bill,R,R,SLN,P,Bill Greason,1954,"N,St.Louis,Cardinals"
haddh101,Haddix,Harvey,L,L,SLN,P,Harvey Haddix,1954,"N,St.Louis,Cardinals"
hemus101,Hemus,Solly,L,R,SLN,SS,Solly Hemus,1954,"N,St.Louis,Cardinals"
jablr101,Jablonski,Ray,R,R,SLN,3B,Ray Jablonski,1954,"N,St.Louis,Cardinals"
joneg101,Jones,Gordon,R,R,SLN,P,Gordon Jones,1954,"N,St.Louis,Cardinals"
lawrb103,Lawrence,Brooks,R,R,SLN,P,Brooks Lawrence,1954,"N,St.Louis,Cardinals"
lintr101,Lint,Royce,L,L,SLN,P,Royce Lint,1954,"N,St.Louis,Cardinals"
lowrp101,Lowrey,Peanuts,R,R,SLN,OF,Peanuts Lowrey,1954,"N,St.Louis,Cardinals"
lunam101,Luna,Memo,L,L,SLN,P,Memo Luna,1954,"N,St.Louis,Cardinals"
mills101,Miller,Stu,R,R,SLN,P,Stu Miller,1954,"N,St.Louis,Cardinals"
moonw101,Moon,Wally,L,R,SLN,OF,Wally Moon,1954,"N,St.Louis,Cardinals"
musis101,Musial,Stan,L,L,SLN,OF,Stan Musial,1954,"N,St.Louis,Cardinals"
pohot101,Poholsky,Tom,R,R,SLN,P,Tom Poholsky,1954,"N,St.Louis,Cardinals"
presj101,Presko,Joe,R,R,SLN,P,Joe Presko,1954,"N,St.Louis,Cardinals"
rascv101,Raschi,Vic,R,R,SLN,P,Vic Raschi,1954,"N,St.Louis,Cardinals"
repur101,Repulski,Rip,R,R,SLN,OF,Rip Repulski,1954,"N,St.Louis,Cardinals"
riced101,Rice,Del,R,R,SLN,C,Del Rice,1954,"N,St.Louis,Cardinals"
sarnb101,Sarni,Bill,R,R,SLN,C,Bill Sarni,1954,"N,St.Louis,Cardinals"
schec101,Scheib,Carl,R,R,SLN,P,Carl Scheib,1954,"N,St.Louis,Cardinals"
schod101,Schofield,Dick,B,R,SLN,SS,Dick Schofield,1954,"N,St.Louis,Cardinals"
schor101,Schoendienst,Red,B,R,SLN,2B,Red Schoendienst,1954,"N,St.Louis,Cardinals"
stalg103,Staley,Gerry,R,R,SLN,P,Gerry Staley,1954,"N,St.Louis,Cardinals"
wadeb101,Wade,Ben,R,R,SLN,P,Ben Wade,1954,"N,St.Louis,Cardinals"
whith101,White,Hal,R,R,SLN,P,Hal White,1954,"N,St.Louis,Cardinals"
wrigm101,Wright,Mel,R,R,SLN,P,Mel Wright,1954,"N,St.Louis,Cardinals"
yvars101,Yvars,Sal,R,R,SLN,C,Sal Yvars,1954,"N,St.Louis,Cardinals"
baueh101,Bauer,Hank,R,R,NYA,OF,Hank Bauer,1954,"A,New York,Yankees"
berbl101,Berberet,Lou,L,R,NYA,C,Lou Berberet,1954,"A,New York,Yankees"
berry101,Berra,Yogi,L,R,NYA,C,Yogi Berra,1954,"A,New York,Yankees"
branr103,Branca,Ralph,R,R,NYA,P,Ralph Branca,1954,"A,New York,Yankees"
browb105,Brown,Bobby,L,R,NYA,3B,Bobby Brown,1954,"A,New York,Yankees"
byrdh101,Byrd,Harry,R,R,NYA,P,Harry Byrd,1954,"A,New York,Yankees"
byrnt101,Byrne,Tommy,L,L,NYA,P,Tommy Byrne,1954,"A,New York,Yankees"
carea101,Carey,Andy,R,R,NYA,3B,Andy Carey,1954,"A,New York,Yankees"
cervb101,Cerv,Bob,R,R,NYA,OF,Bob Cerv,1954,"A,New York,Yankees"
colej106,Coleman,Jerry,R,R,NYA,2B,Jerry Coleman,1954,"A,New York,Yankees"
collj101,Collins,Joe,L,L,NYA,1B,Joe Collins,1954,"A,New York,Yankees"
fordw101,Ford,Whitey,L,L,NYA,P,Whitey Ford,1954,"A,New York,Yankees"
gormt102,Gorman,Tom,R,R,NYA,P,Tom Gorman,1954,"A,New York,Yankees"
grimb102,Grim,Bob,R,R,NYA,P,Bob Grim,1954,"A,New York,Yankees"
heldw101,Held,Woodie,R,R,NYA,SS,Woodie Held,1954,"A,New York,Yankees"
houkr101,Houk,Ralph,R,R,NYA,PH,Ralph Houk,1954,"A,New York,Yankees"
konsj101,Konstanty,Jim,R,R,NYA,P,Jim Konstanty,1954,"A,New York,Yankees"
kuzab101,Kuzava,Bob,B,L,NYA,P,Bob Kuzava,1954,"A,New York,Yankees"
lejaf101,Leja,Frank,L,L,NYA,1B,Frank Leja,1954,"A,New York,Yankees"
lopae101,Lopat,Eddie,L,L,NYA,P,Eddie Lopat,1954,"A,New York,Yankees"
mantm101,Mantle,Mickey,B,R,NYA,OF,Mickey Mantle,1954,"A,New York,Yankees"
mcdog101,McDougald,Gil,R,R,NYA,2B,Gil McDougald,1954,"A,New York,Yankees"
mcdoj104,McDonald,Jim,R,R,NYA,P,Jim McDonald,1954,"A,New York,Yankees"
millb104,Miller,Bill,L,L,NYA,P,Bill Miller,1954,"A,New York,Yankees"
miraw101,Miranda,Willie,B,R,NYA,SS,Willie Miranda,1954,"A,New York,Yankees"
morgt101,Morgan,Tom,R,R,NYA,P,Tom Morgan,1954,"A,New York,Yankees"
norei101,Noren,Irv,L,L,NYA,OF,Irv Noren,1954,"A,New York,Yankees"
reyna102,Reynolds,Allie,R,R,NYA,P,Allie Reynolds,1954,"A,New York,Yankees"
rizzp101,Rizzuto,Phil,R,R,NYA,SS,Phil Rizzuto,1954,"A,New York,Yankees"
robie101,Robinson,Eddie,L,R,NYA,1B,Eddie Robinson,1954,"A,New York,Yankees"
sainj101,Sain,Johnny,R,R,NYA,P,Johnny Sain,1954,"A,New York,Yankees"
schaa102,Schallock,Art,L,L,NYA,P,Art Schallock,1954,"A,New York,Yankees"
silvc101,Silvera,Charlie,R,R,NYA,C,Charlie Silvera,1954,"A,New York,Yankees"
skowb101,Skowron,Bill,R,R,NYA,1B,Bill Skowron,1954,"A,New York,Yankees"
slaue101,Slaughter,Enos,L,R,NYA,OF,Enos Slaughter,1954,"A,New York,Yankees"
stuam101,Stuart,Marlin,L,R,NYA,P,Marlin Stuart,1954,"A,New York,Yankees"
triag101,Triandos,Gus,R,R,NYA,C,Gus Triandos,1954,"A,New York,Yankees"
wiesb101,Wiesler,Bob,B,L,NYA,P,Bob Wiesler,1954,"A,New York,Yankees"
woodg101,Woodling,Gene,L,R,NYA,OF,Gene Woodling,1954,"A,New York,Yankees"
