player_id,last,first,bats,throws,team_id,pos,player_name,year,team_name
aderm101,Aderholt,Morrie,L,R,WS1,2B,Morrie Aderholt,1941,"AL,Washington,Senators"
ander102,Anderson,Red,R,R,WS1,P,Red Anderson,1941,"AL,Washington,Senators"
archg101,Archie,George,R,R,WS1,3B,George Archie,1941,"AL,Washington,Senators"
blooj101,Bloodworth,Jimmy,R,R,WS1,2B,Jimmy Bloodworth,1941,"AL,Washington,Senators"
boltc101,Bolton,Cliff,L,R,WS1,C,Cliff Bolton,1941,"AL,Washington,Senators"
carra101,Carrasquel,Alex,R,R,WS1,P,Alex Carrasquel,1941,"AL,Washington,Senators"
caseg101,Case,George,R,R,WS1,OF,George Case,1941,"AL,Washington,Senators"
chapb102,Chapman,Ben,R,R,WS1,OF,Ben Chapman,1941,"AL,Washington,Senators"
chask101,Chase,Ken,L,L,WS1,P,Ken Chase,1941,"AL,Washington,Senators"
cramd102,Cramer,Doc,L,R,WS1,OF,Doc Cramer,1941,"AL,Washington,Senators"
deanh102,Dean,Harry,R,R,WS1,P,Harry Dean,1941,"AL,Washington,Senators"
earlj101,Early,Jake,L,R,WS1,C,Jake Early,1941,"AL,Washington,Senators"
evana101,Evans,Al,R,R,WS1,C,Al Evans,1941,"AL,Washington,Senators"
ferrr101,Ferrell,Rick,R,R,WS1,C,Rick Ferrell,1941,"AL,Washington,Senators"
hudss101,Hudson,Sid,R,R,WS1,P,Sid Hudson,1941,"AL,Washington,Senators"
kennv101,Kennedy,Vern,L,R,WS1,P,Vern Kennedy,1941,"AL,Washington,Senators"
laynh101,Layne,Hillis,L,R,WS1,3B,Hillis Layne,1941,"AL,Washington,Senators"
leond103,Leonard,Dutch,R,R,WS1,P,Dutch Leonard,1941,"AL,Washington,Senators"
letcc101,Letchas,Charlie,R,R,WS1,2B,Charlie Letchas,1941,"AL,Washington,Senators"
lewib103,Lewis,Buddy,L,R,WS1,OF,Buddy Lewis,1941,"AL,Washington,Senators"
macfd101,MacFayden,Danny,R,R,WS1,P,Danny MacFayden,1941,"AL,Washington,Senators"
mastw101,Masterson,Walt,R,R,WS1,P,Walt Masterson,1941,"AL,Washington,Senators"
millr111,Miller,Ronny,B,R,WS1,P,Ronny Miller,1941,"AL,Washington,Senators"
mulld101,Mulligan,Dick,L,L,WS1,P,Dick Mulligan,1941,"AL,Washington,Senators"
myerb103,Myer,Buddy,L,R,WS1,2B,Buddy Myer,1941,"AL,Washington,Senators"
ortir101,Ortiz,Roberto,R,R,WS1,OF,Roberto Ortiz,1941,"AL,Washington,Senators"
pofaj101,Pofahl,Jimmy,R,R,WS1,SS,Jimmy Pofahl,1941,"AL,Washington,Senators"
robes102,Robertson,Sherry,L,R,WS1,3B,Sherry Robertson,1941,"AL,Washington,Senators"
sanfj102,Sanford,Jack,R,R,WS1,1B,Jack Sanford,1941,"AL,Washington,Senators"
sunds101,Sundra,Steve,R,R,WS1,P,Steve Sundra,1941,"AL,Washington,Senators"
travc101,Travis,Cecil,L,R,WS1,SS,Cecil Travis,1941,"AL,Washington,Senators"
vernm101,Vernon,Mickey,L,L,WS1,1B,Mickey Vernon,1941,"AL,Washington,Senators"
welaj101,Welaj,Johnny,R,R,WS1,OF,Johnny Welaj,1941,"AL,Washington,Senators"
wests101,West,Sam,L,L,WS1,OF,Sam West,1941,"AL,Washington,Senators"
wynne101,Wynn,Early,B,R,WS1,P,Early Wynn,1941,"AL,Washington,Senators"
zubeb101,Zuber,Bill,R,R,WS1,P,Bill Zuber,1941,"AL,Washington,Senators"
alboe101,Albosta,Ed,R,R,BRO,P,Ed Albosta,1941,"NL,Brooklyn,Dodgers"
allej102,Allen,Johnny,R,R,BRO,P,Johnny Allen,1941,"NL,Brooklyn,Dodgers"
browm103,Brown,Mace,R,R,BRO,P,Mace Brown,1941,"NL,Brooklyn,Dodgers"
camid102,Camilli,Dolph,L,L,BRO,1B,Dolph Camilli,1941,"NL,Brooklyn,Dodgers"
caseh101,Casey,Hugh,R,R,BRO,P,Hugh Casey,1941,"NL,Brooklyn,Dodgers"
chipb101,Chipman,Bob,L,L,BRO,P,Bob Chipman,1941,"NL,Brooklyn,Dodgers"
coscp101,Coscarart,Pete,R,R,BRO,2B,Pete Coscarart,1941,"NL,Brooklyn,Dodgers"
davic103,Davis,Curt,R,R,BRO,P,Curt Davis,1941,"NL,Brooklyn,Dodgers"
drakt101,Drake,Tom,R,R,BRO,P,Tom Drake,1941,"NL,Brooklyn,Dodgers"
durol101,Durocher,Leo,R,R,BRO,SS,Leo Durocher,1941,"NL,Brooklyn,Dodgers"
fitzf101,Fitzsimmons,Freddie,R,R,BRO,P,Freddie Fitzsimmons,1941,"NL,Brooklyn,Dodgers"
franh101,Franks,Herman,L,R,BRO,C,Herman Franks,1941,"NL,Brooklyn,Dodgers"
frenl101,French,Larry,R,L,BRO,P,Larry French,1941,"NL,Brooklyn,Dodgers"
galaa101,Galan,Augie,B,R,BRO,OF,Augie Galan,1941,"NL,Brooklyn,Dodgers"
giult101,Giuliani,Tony,R,R,BRO,C,Tony Giuliani,1941,"NL,Brooklyn,Dodgers"
grisl101,Grissom,Lee,B,L,BRO,P,Lee Grissom,1941,"NL,Brooklyn,Dodgers"
hamll101,Hamlin,Luke,L,R,BRO,P,Luke Hamlin,1941,"NL,Brooklyn,Dodgers"
hermb101,Herman,Billy,R,R,BRO,2B,Billy Herman,1941,"NL,Brooklyn,Dodgers"
higbk101,Higbe,Kirby,R,R,BRO,P,Kirby Higbe,1941,"NL,Brooklyn,Dodgers"
kampa101,Kampouris,Alex,R,R,BRO,2B,Alex Kampouris,1941,"NL,Brooklyn,Dodgers"
kimbn101,Kimball,Newt,R,R,BRO,P,Newt Kimball,1941,"NL,Brooklyn,Dodgers"
lavac101,Lavagetto,Cookie,R,R,BRO,3B,Cookie Lavagetto,1941,"NL,Brooklyn,Dodgers"
medwj101,Medwick,Joe,R,R,BRO,OF,Joe Medwick,1941,"NL,Brooklyn,Dodgers"
mungv101,Mungo,Van,R,R,BRO,P,Van Mungo,1941,"NL,Brooklyn,Dodgers"
owenm101,Owen,Mickey,R,R,BRO,C,Mickey Owen,1941,"NL,Brooklyn,Dodgers"
pfisg101,Pfister,George,R,R,BRO,C,George Pfister,1941,"NL,Brooklyn,Dodgers"
phelb101,Phelps,Babe,L,R,BRO,C,Babe Phelps,1941,"NL,Brooklyn,Dodgers"
reesp101,Reese,Pee Wee,R,R,BRO,SS,Pee Wee Reese,1941,"NL,Brooklyn,Dodgers"
reisp101,Reiser,Pete,L,R,BRO,OF,Pete Reiser,1941,"NL,Brooklyn,Dodgers"
riggl101,Riggs,Lew,L,R,BRO,3B,Lew Riggs,1941,"NL,Brooklyn,Dodgers"
swifb101,Swift,Bill,R,R,BRO,P,Bill Swift,1941,"NL,Brooklyn,Dodgers"
tamuv101,Tamulis,Vito,L,L,BRO,P,Vito Tamulis,1941,"NL,Brooklyn,Dodgers"
tatut101,Tatum,Tommy,R,R,BRO,OF,Tommy Tatum,1941,"NL,Brooklyn,Dodgers"
vosmj101,Vosmik,Joe,R,R,BRO,OF,Joe Vosmik,1941,"NL,Brooklyn,Dodgers"
walkd101,Walker,Dixie,L,R,BRO,OF,Dixie Walker,1941,"NL,Brooklyn,Dodgers"
wanep101,Waner,Paul,L,L,BRO,OF,Paul Waner,1941,"NL,Brooklyn,Dodgers"
wasdj101,Wasdell,Jimmy,L,L,BRO,OF,Jimmy Wasdell,1941,"NL,Brooklyn,Dodgers"
wickk101,Wicker,Kemp,R,L,BRO,P,Kemp Wicker,1941,"NL,Brooklyn,Dodgers"
wyatw101,Wyatt,Whit,R,R,BRO,P,Whit Wyatt,1941,"NL,Brooklyn,Dodgers"
andea102,Anderson,Alf,R,R,PIT,SS,Alf Anderson,1941,"NL,Pittsburgh,Pirates"
bakeb101,Baker,Bill,R,R,PIT,C,Bill Baker,1941,"NL,Pittsburgh,Pirates"
bauer101,Bauers,Russ,L,R,PIT,P,Russ Bauers,1941,"NL,Pittsburgh,Pirates"
bowmj101,Bowman,Joe,L,R,PIT,P,Joe Bowman,1941,"NL,Pittsburgh,Pirates"
branb101,Brandt,Bill,R,R,PIT,P,Bill Brandt,1941,"NL,Pittsburgh,Pirates"
browm103,Brown,Mace,R,R,PIT,P,Mace Brown,1941,"NL,Pittsburgh,Pirates"
butcm101,Butcher,Max,R,R,PIT,P,Max Butcher,1941,"NL,Pittsburgh,Pirates"
clemb101,Clemensen,Bill,R,R,PIT,P,Bill Clemensen,1941,"NL,Pittsburgh,Pirates"
collr101,Collins,Ripper,B,L,PIT,1B,Ripper Collins,1941,"NL,Pittsburgh,Pirates"
congd101,Conger,Dick,R,R,PIT,P,Dick Conger,1941,"NL,Pittsburgh,Pirates"
cox-b101,Cox,Billy,R,R,PIT,SS,Billy Cox,1941,"NL,Pittsburgh,Pirates"
davis101,Davis,Spud,R,R,PIT,C,Spud Davis,1941,"NL,Pittsburgh,Pirates"
dietd102,Dietz,Dutch,R,R,PIT,P,Dutch Dietz,1941,"NL,Pittsburgh,Pirates"
dimav101,DiMaggio,Vince,R,R,PIT,OF,Vince DiMaggio,1941,"NL,Pittsburgh,Pirates"
ellib103,Elliott,Bob,R,R,PIT,OF,Bob Elliott,1941,"NL,Pittsburgh,Pirates"
flete101,Fletcher,Elbie,L,L,PIT,1B,Elbie Fletcher,1941,"NL,Pittsburgh,Pirates"
garmd101,Garms,Debs,L,R,PIT,3B,Debs Garms,1941,"NL,Pittsburgh,Pirates"
gee-j101,Gee,Johnny,L,L,PIT,P,Johnny Gee,1941,"NL,Pittsburgh,Pirates"
gustf101,Gustine,Frankie,R,R,PIT,2B,Frankie Gustine,1941,"NL,Pittsburgh,Pirates"
handl101,Handley,Lee,R,R,PIT,3B,Lee Handley,1941,"NL,Pittsburgh,Pirates"
heink101,Heintzelman,Ken,R,L,PIT,P,Ken Heintzelman,1941,"NL,Pittsburgh,Pirates"
klinb101,Klinger,Bob,R,R,PIT,P,Bob Klinger,1941,"NL,Pittsburgh,Pirates"
lanad101,Lanahan,Dick,L,L,PIT,P,Dick Lanahan,1941,"NL,Pittsburgh,Pirates"
lannj101,Lanning,Johnny,R,R,PIT,P,Johnny Lanning,1941,"NL,Pittsburgh,Pirates"
leipe101,Leip,Ed,R,R,PIT,2B,Ed Leip,1941,"NL,Pittsburgh,Pirates"
lopea102,Lopez,Al,R,R,PIT,C,Al Lopez,1941,"NL,Pittsburgh,Pirates"
marts103,Martin,Stu,L,R,PIT,2B,Stu Martin,1941,"NL,Pittsburgh,Pirates"
rikac101,Rikard,Culley,L,R,PIT,OF,Culley Rikard,1941,"NL,Pittsburgh,Pirates"
schuj103,Schultz,Joe,L,R,PIT,C,Joe Schultz,1941,"NL,Pittsburgh,Pirates"
sewer101,Sewell,Rip,L,R,PIT,P,Rip Sewell,1941,"NL,Pittsburgh,Pirates"
smitv101,Smith,Vinnie,R,R,PIT,C,Vinnie Smith,1941,"NL,Pittsburgh,Pirates"
stewb101,Stewart,Bud,L,R,PIT,OF,Bud Stewart,1941,"NL,Pittsburgh,Pirates"
strin101,Strincevich,Nick,R,R,PIT,P,Nick Strincevich,1941,"NL,Pittsburgh,Pirates"
sullj102,Sullivan,Joe,L,L,PIT,P,Joe Sullivan,1941,"NL,Pittsburgh,Pirates"
vanrm101,Van Robays,Maurice,R,R,PIT,OF,Maurice Van Robays,1941,"NL,Pittsburgh,Pirates"
vauga101,Vaughan,Arky,L,R,PIT,SS,Arky Vaughan,1941,"NL,Pittsburgh,Pirates"
wanel101,Waner,Lloyd,L,R,PIT,OF,Lloyd Waner,1941,"NL,Pittsburgh,Pirates"
wilkl101,Wilkie,Lefty,L,L,PIT,P,Lefty Wilkie,1941,"NL,Pittsburgh,Pirates"
babij101,Babich,Johnny,R,R,PHA,P,Johnny Babich,1941,"AL,Philadelphia,Athletics"
beckb103,Beckmann,Bill,R,R,PHA,P,Bill Beckmann,1941,"AL,Philadelphia,Athletics"
bessh101,Besse,Herman,L,L,PHA,P,Herman Besse,1941,"AL,Philadelphia,Athletics"
brana101,Brancato,Al,R,R,PHA,SS,Al Brancato,1941,"AL,Philadelphia,Athletics"
calif101,Caligiuri,Fred,R,R,PHA,P,Fred Caligiuri,1941,"AL,Philadelphia,Athletics"
chapf102,Chapman,Fred,R,R,PHA,SS,Fred Chapman,1941,"AL,Philadelphia,Athletics"
chaps101,Chapman,Sam,R,R,PHA,OF,Sam Chapman,1941,"AL,Philadelphia,Athletics"
colle102,Collins,Eddie,L,R,PHA,OF,Eddie Collins,1941,"AL,Philadelphia,Athletics"
davic101,Davis,Crash,R,R,PHA,2B,Crash Davis,1941,"AL,Philadelphia,Athletics"
deanc101,Dean,Chubby,L,L,PHA,P,Chubby Dean,1941,"AL,Philadelphia,Athletics"
ferrt101,Ferrick,Tom,R,R,PHA,P,Tom Ferrick,1941,"AL,Philadelphia,Athletics"
fowld101,Fowler,Dick,R,R,PHA,P,Dick Fowler,1941,"AL,Philadelphia,Athletics"
hadlb101,Hadley,Bump,R,R,PHA,P,Bump Hadley,1941,"AL,Philadelphia,Athletics"
harrl101,Harris,Lum,R,R,PHA,P,Lum Harris,1941,"AL,Philadelphia,Athletics"
hayef101,Hayes,Frankie,R,R,PHA,C,Frankie Hayes,1941,"AL,Philadelphia,Athletics"
johnb102,Johnson,Bob,R,R,PHA,OF,Bob Johnson,1941,"AL,Philadelphia,Athletics"
johnr105,Johnson,Rankin,R,R,PHA,P,Rankin Johnson,1941,"AL,Philadelphia,Athletics"
knotj102,Knott,Jack,R,R,PHA,P,Jack Knott,1941,"AL,Philadelphia,Athletics"
leovj101,Leovich,John,R,R,PHA,C,John Leovich,1941,"AL,Philadelphia,Athletics"
mackf102,Mackiewicz,Felix,R,R,PHA,OF,Felix Mackiewicz,1941,"AL,Philadelphia,Athletics"
marcp101,Marchildon,Phil,R,R,PHA,P,Phil Marchildon,1941,"AL,Philadelphia,Athletics"
mccob102,McCoy,Benny,L,R,PHA,2B,Benny McCoy,1941,"AL,Philadelphia,Athletics"
mccrl101,McCrabb,Les,R,R,PHA,P,Les McCrabb,1941,"AL,Philadelphia,Athletics"
miled101,Miles,Dee,L,R,PHA,OF,Dee Miles,1941,"AL,Philadelphia,Athletics"
mosew101,Moses,Wally,L,L,PHA,OF,Wally Moses,1941,"AL,Philadelphia,Athletics"
poolr101,Poole,Ray,L,R,PHA,PH,Ray Poole,1941,"AL,Philadelphia,Athletics"
pottn102,Potter,Nels,L,R,PHA,P,Nels Potter,1941,"AL,Philadelphia,Athletics"
richd103,Richmond,Don,L,R,PHA,3B,Don Richmond,1941,"AL,Philadelphia,Athletics"
rossb102,Ross,Buck,R,R,PHA,P,Buck Ross,1941,"AL,Philadelphia,Athletics"
rubea101,Rubeling,Al,R,R,PHA,3B,Al Rubeling,1941,"AL,Philadelphia,Athletics"
shirt101,Shirley,Tex,B,R,PHA,P,Tex Shirley,1941,"AL,Philadelphia,Athletics"
siebd102,Siebert,Dick,L,L,PHA,1B,Dick Siebert,1941,"AL,Philadelphia,Athletics"
simma101,Simmons,Al,R,R,PHA,OF,Al Simmons,1941,"AL,Philadelphia,Athletics"
sudep101,Suder,Pete,R,R,PHA,3B,Pete Suder,1941,"AL,Philadelphia,Athletics"
tipte101,Tipton,Eric,R,R,PHA,OF,Eric Tipton,1941,"AL,Philadelphia,Athletics"
tobip101,Tobin,Pat,R,R,PHA,P,Pat Tobin,1941,"AL,Philadelphia,Athletics"
valoe101,Valo,Elmer,L,R,PHA,OF,Elmer Valo,1941,"AL,Philadelphia,Athletics"
vaugp101,Vaughan,Porter,R,L,PHA,P,Porter Vaughan,1941,"AL,Philadelphia,Athletics"
wagnh102,Wagner,Hal,L,R,PHA,C,Hal Wagner,1941,"AL,Philadelphia,Athletics"
wolfr102,Wolff,Roger,R,R,PHA,P,Roger Wolff,1941,"AL,Philadelphia,Athletics"
allej102,Allen,Johnny,R,R,SLA,P,Johnny Allen,1941,"AL,St.Louis,Browns"
archg101,Archie,George,R,R,SLA,1B,George Archie,1941,"AL,St.Louis,Browns"
aukee101,Auker,Elden,R,R,SLA,P,Elden Auker,1941,"AL,St.Louis,Browns"
beraj101,Berardino,Johnny,R,R,SLA,SS,Johnny Berardino,1941,"AL,St.Louis,Browns"
bilde101,Bildilli,Emil,R,L,SLA,P,Emil Bildilli,1941,"AL,St.Louis,Browns"
castg101,Caster,George,R,R,SLA,P,George Caster,1941,"AL,St.Louis,Browns"
clifh101,Clift,Harlond,R,R,SLA,3B,Harlond Clift,1941,"AL,St.Louis,Browns"
cullr101,Cullenbine,Roy,B,R,SLA,OF,Roy Cullenbine,1941,"AL,St.Louis,Browns"
estab101,Estalella,Bobby,R,R,SLA,OF,Bobby Estalella,1941,"AL,St.Louis,Browns"
ferrr101,Ferrell,Rick,R,R,SLA,C,Rick Ferrell,1941,"AL,St.Louis,Browns"
galed101,Galehouse,Denny,R,R,SLA,P,Denny Galehouse,1941,"AL,St.Louis,Browns"
gracj101,Grace,Joe,L,R,SLA,OF,Joe Grace,1941,"AL,St.Louis,Browns"
grubf101,Grube,Frank,R,R,SLA,C,Frank Grube,1941,"AL,St.Louis,Browns"
harrb109,Harris,Bob,R,R,SLA,P,Bob Harris,1941,"AL,St.Louis,Browns"
heffd101,Heffner,Don,R,R,SLA,2B,Don Heffner,1941,"AL,St.Louis,Browns"
hoagm101,Hoag,Myril,R,R,SLA,PH,Myril Hoag,1941,"AL,St.Louis,Browns"
iotth102,Iott,Hooks,B,L,SLA,P,Hooks Iott,1941,"AL,St.Louis,Browns"
judnw101,Judnich,Wally,L,L,SLA,OF,Wally Judnich,1941,"AL,St.Louis,Browns"
kennv101,Kennedy,Vern,L,R,SLA,P,Vern Kennedy,1941,"AL,St.Louis,Browns"
kramj101,Kramer,Jack,R,R,SLA,P,Jack Kramer,1941,"AL,St.Louis,Browns"
laabc101,Laabs,Chet,R,R,SLA,OF,Chet Laabs,1941,"AL,St.Louis,Browns"
lucaj102,Lucadello,Johnny,B,R,SLA,2B,Johnny Lucadello,1941,"AL,St.Louis,Browns"
mckaa101,McKain,Archie,B,L,SLA,P,Archie McKain,1941,"AL,St.Louis,Browns"
mcqug101,McQuinn,George,L,L,SLA,1B,George McQuinn,1941,"AL,St.Louis,Browns"
mcqug102,McQuillen,Glenn,R,R,SLA,OF,Glenn McQuillen,1941,"AL,St.Louis,Browns"
muncb101,Muncrief,Bob,R,R,SLA,P,Bob Muncrief,1941,"AL,St.Louis,Browns"
newlm101,Newlin,Maury,R,R,SLA,P,Maury Newlin,1941,"AL,St.Louis,Browns"
niggj101,Niggeling,Johnny,R,R,SLA,P,Johnny Niggeling,1941,"AL,St.Louis,Browns"
ostef101,Ostermueller,Fritz,L,L,SLA,P,Fritz Ostermueller,1941,"AL,St.Louis,Browns"
radcr101,Radcliff,Rip,L,L,SLA,OF,Rip Radcliff,1941,"AL,St.Louis,Browns"
stepv101,Stephens,Vern,R,R,SLA,SS,Vern Stephens,1941,"AL,St.Louis,Browns"
stevc101,Stevens,Chuck,B,L,SLA,1B,Chuck Stevens,1941,"AL,St.Louis,Browns"
straa102,Strange,Alan,R,R,SLA,SS,Alan Strange,1941,"AL,St.Louis,Browns"
swifb102,Swift,Bob,R,R,SLA,C,Bob Swift,1941,"AL,St.Louis,Browns"
trotb101,Trotter,Bill,R,R,SLA,P,Bill Trotter,1941,"AL,St.Louis,Browns"
beckb104,Beck,Boom-Boom,R,R,PHI,P,Boom-Boom Beck,1941,"NL,Philadelphia,Phillies"
benjs101,Benjamin,Stan,R,R,PHI,OF,Stan Benjamin,1941,"NL,Philadelphia,Phillies"
blanc101,Blanton,Cy,L,R,PHI,P,Cy Blanton,1941,"NL,Philadelphia,Phillies"
bragb101,Bragan,Bobby,R,R,PHI,SS,Bobby Bragan,1941,"NL,Philadelphia,Phillies"
brunr101,Bruner,Roy,R,R,PHI,P,Roy Bruner,1941,"NL,Philadelphia,Phillies"
busbp101,Busby,Paul,L,R,PHI,OF,Paul Busby,1941,"NL,Philadelphia,Phillies"
carlj101,Carlin,Jim,R,R,PHI,OF,Jim Carlin,1941,"NL,Philadelphia,Phillies"
croub103,Crouch,Bill,B,R,PHI,P,Bill Crouch,1941,"NL,Philadelphia,Phillies"
etten101,Etten,Nick,L,L,PHI,1B,Nick Etten,1941,"NL,Philadelphia,Phillies"
grisl101,Grissom,Lee,B,L,PHI,P,Lee Grissom,1941,"NL,Philadelphia,Phillies"
harmb102,Harman,Bill,R,R,PHI,C,Bill Harman,1941,"NL,Philadelphia,Phillies"
hoerl101,Hoerst,Lefty,L,L,PHI,P,Lefty Hoerst,1941,"NL,Philadelphia,Phillies"
hught101,Hughes,Tommy,R,R,PHI,P,Tommy Hughes,1941,"NL,Philadelphia,Phillies"
johns103,Johnson,Si,R,R,PHI,P,Si Johnson,1941,"NL,Philadelphia,Phillies"
joned106,Jones,Dale,R,R,PHI,P,Dale Jones,1941,"NL,Philadelphia,Phillies"
jumog101,Jumonville,George,R,R,PHI,2B,George Jumonville,1941,"NL,Philadelphia,Phillies"
kleic101,Klein,Chuck,L,R,PHI,OF,Chuck Klein,1941,"NL,Philadelphia,Phillies"
lambg101,Lambert,Gene,R,R,PHI,P,Gene Lambert,1941,"NL,Philadelphia,Phillies"
litwd101,Litwhiler,Danny,R,R,PHI,OF,Danny Litwhiler,1941,"NL,Philadelphia,Phillies"
livim101,Livingston,Mickey,R,R,PHI,C,Mickey Livingston,1941,"NL,Philadelphia,Phillies"
marnh101,Marnie,Hal,R,R,PHI,2B,Hal Marnie,1941,"NL,Philadelphia,Phillies"
martj102,Marty,Joe,R,R,PHI,OF,Joe Marty,1941,"NL,Philadelphia,Phillies"
mastp101,Masterson,Paul,L,L,PHI,P,Paul Masterson,1941,"NL,Philadelphia,Phillies"
may-p101,May,Pinky,R,R,PHI,3B,Pinky May,1941,"NL,Philadelphia,Phillies"
meltr101,Melton,Rube,R,R,PHI,P,Rube Melton,1941,"NL,Philadelphia,Phillies"
millw102,Millies,Wally,R,R,PHI,C,Wally Millies,1941,"NL,Philadelphia,Phillies"
muelh101,Mueller,Heinie,B,R,PHI,2B,Heinie Mueller,1941,"NL,Philadelphia,Phillies"
murtd101,Murtaugh,Danny,R,R,PHI,2B,Danny Murtaugh,1941,"NL,Philadelphia,Phillies"
nageb101,Nagel,Bill,R,R,PHI,2B,Bill Nagel,1941,"NL,Philadelphia,Phillies"
peari101,Pearson,Ike,R,R,PHI,P,Ike Pearson,1941,"NL,Philadelphia,Phillies"
podgj101,Podgajny,Johnny,R,R,PHI,P,Johnny Podgajny,1941,"NL,Philadelphia,Phillies"
rizzj101,Rizzo,Johnny,R,R,PHI,OF,Johnny Rizzo,1941,"NL,Philadelphia,Phillies"
tamuv101,Tamulis,Vito,L,L,PHI,P,Vito Tamulis,1941,"NL,Philadelphia,Phillies"
warrb102,Warren,Bennie,R,R,PHI,C,Bennie Warren,1941,"NL,Philadelphia,Phillies"
appll101,Appling,Luke,R,R,CHA,SS,Luke Appling,1941,"AL,Chicago,White Sox"
applp101,Appleton,Pete,R,R,CHA,P,Pete Appleton,1941,"AL,Chicago,White Sox"
chapb102,Chapman,Ben,R,R,CHA,OF,Ben Chapman,1941,"AL,Chicago,White Sox"
dickg101,Dickey,George,B,R,CHA,C,George Dickey,1941,"AL,Chicago,White Sox"
dietb101,Dietrich,Bill,R,R,CHA,P,Bill Dietrich,1941,"AL,Chicago,White Sox"
goles101,Goletz,Stan,L,L,CHA,PH,Stan Goletz,1941,"AL,Chicago,White Sox"
grovo101,Grove,Orval,R,R,CHA,P,Orval Grove,1941,"AL,Chicago,White Sox"
hajdc101,Hajduk,Chet,R,R,CHA,PH,Chet Hajduk,1941,"AL,Chicago,White Sox"
hallj105,Hallett,Jack,R,R,CHA,P,Jack Hallett,1941,"AL,Chicago,White Sox"
haynj101,Haynes,Joe,R,R,CHA,P,Joe Haynes,1941,"AL,Chicago,White Sox"
hoagm101,Hoag,Myril,R,R,CHA,OF,Myril Hoag,1941,"AL,Chicago,White Sox"
humpj101,Humphries,Johnny,R,R,CHA,P,Johnny Humphries,1941,"AL,Chicago,White Sox"
jonej106,Jones,Jake,R,R,CHA,1B,Jake Jones,1941,"AL,Chicago,White Sox"
kennb104,Kennedy,Bob,R,R,CHA,3B,Bob Kennedy,1941,"AL,Chicago,White Sox"
knicb101,Knickerbocker,Bill,R,R,CHA,2B,Bill Knickerbocker,1941,"AL,Chicago,White Sox"
kolld101,Kolloway,Don,R,R,CHA,2B,Don Kolloway,1941,"AL,Chicago,White Sox"
kreem101,Kreevich,Mike,R,R,CHA,OF,Mike Kreevich,1941,"AL,Chicago,White Sox"
kuhej101,Kuhel,Joe,L,L,CHA,1B,Joe Kuhel,1941,"AL,Chicago,White Sox"
lee-t101,Lee,Thornton,L,L,CHA,P,Thornton Lee,1941,"AL,Chicago,White Sox"
lodid101,Lodigiani,Dario,R,R,CHA,3B,Dario Lodigiani,1941,"AL,Chicago,White Sox"
lyont102,Lyons,Ted,B,R,CHA,P,Ted Lyons,1941,"AL,Chicago,White Sox"
phild102,Philley,Dave,B,R,CHA,OF,Dave Philley,1941,"AL,Chicago,White Sox"
rignj101,Rigney,Johnny,R,R,CHA,P,Johnny Rigney,1941,"AL,Chicago,White Sox"
rosel101,Rosenthal,Larry,L,L,CHA,OF,Larry Rosenthal,1941,"AL,Chicago,White Sox"
rossb102,Ross,Buck,R,R,CHA,P,Buck Ross,1941,"AL,Chicago,White Sox"
shord101,Short,Dave,L,R,CHA,OF,Dave Short,1941,"AL,Chicago,White Sox"
smite105,Smith,Eddie,B,L,CHA,P,Eddie Smith,1941,"AL,Chicago,White Sox"
soltm101,Solters,Moose,R,R,CHA,OF,Moose Solters,1941,"AL,Chicago,White Sox"
tresm101,Tresh,Mike,R,R,CHA,C,Mike Tresh,1941,"AL,Chicago,White Sox"
turnt102,Turner,Tom,R,R,CHA,C,Tom Turner,1941,"AL,Chicago,White Sox"
webbs101,Webb,Skeeter,R,R,CHA,2B,Skeeter Webb,1941,"AL,Chicago,White Sox"
wrigt102,Wright,Taffy,L,R,CHA,OF,Taffy Wright,1941,"AL,Chicago,White Sox"
avere101,Averill,Earl,L,R,BSN,OF,Earl Averill,1941,"NL,Boston,Braves"
barng101,Barnicle,George,R,R,BSN,P,George Barnicle,1941,"NL,Boston,Braves"
berrr101,Berres,Ray,R,R,BSN,C,Ray Berres,1941,"NL,Boston,Braves"
brayb101,Bray,Buster,L,L,BSN,OF,Buster Bray,1941,"NL,Boston,Braves"
carne101,Carnett,Eddie,L,L,BSN,P,Eddie Carnett,1941,"NL,Boston,Braves"
coonj101,Cooney,Johnny,R,L,BSN,OF,Johnny Cooney,1941,"NL,Boston,Braves"
dahlb101,Dahlgren,Babe,R,R,BSN,1B,Babe Dahlgren,1941,"NL,Boston,Braves"
demaf102,Demaree,Frank,R,R,BSN,OF,Frank Demaree,1941,"NL,Boston,Braves"
dudrj101,Dudra,John,R,R,BSN,2B,John Dudra,1941,"NL,Boston,Braves"
earlt101,Earley,Tom,R,R,BSN,P,Tom Earley,1941,"NL,Boston,Braves"
errid101,Errickson,Dick,L,R,BSN,P,Dick Errickson,1941,"NL,Boston,Braves"
ferrw101,Ferrell,Wes,R,R,BSN,P,Wes Ferrell,1941,"NL,Boston,Braves"
gremb101,Gremp,Buddy,R,R,BSN,1B,Buddy Gremp,1941,"NL,Boston,Braves"
hassb101,Hassett,Buddy,L,L,BSN,1B,Buddy Hassett,1941,"NL,Boston,Braves"
hutcj101,Hutchings,Johnny,B,R,BSN,P,Johnny Hutchings,1941,"NL,Boston,Braves"
javea101,Javery,Al,R,R,BSN,P,Al Javery,1941,"NL,Boston,Braves"
johna102,Johnson,Art,L,L,BSN,P,Art Johnson,1941,"NL,Boston,Braves"
lamah101,LaManna,Hank,R,R,BSN,P,Hank LaManna,1941,"NL,Boston,Braves"
majeh101,Majeski,Hank,R,R,BSN,3B,Hank Majeski,1941,"NL,Boston,Braves"
mannd101,Manno,Don,R,R,BSN,OF,Don Manno,1941,"NL,Boston,Braves"
masip101,Masi,Phil,R,R,BSN,C,Phil Masi,1941,"NL,Boston,Braves"
mille104,Miller,Eddie,R,R,BSN,SS,Eddie Miller,1941,"NL,Boston,Braves"
monta102,Montgomery,Al,R,R,BSN,C,Al Montgomery,1941,"NL,Boston,Braves"
moorg104,Moore,Gene,L,L,BSN,OF,Gene Moore,1941,"NL,Boston,Braves"
pieca101,Piechota,Al,R,R,BSN,P,Al Piechota,1941,"NL,Boston,Braves"
poseb102,Posedel,Bill,R,R,BSN,P,Bill Posedel,1941,"NL,Boston,Braves"
preim101,Preibisch,Mel,R,R,BSN,OF,Mel Preibisch,1941,"NL,Boston,Braves"
robes101,Roberge,Skippy,R,R,BSN,2B,Skippy Roberge,1941,"NL,Boston,Braves"
rossc103,Ross,Chet,R,R,BSN,OF,Chet Ross,1941,"NL,Boston,Braves"
roweb101,Rowell,Bama,L,R,BSN,2B,Bama Rowell,1941,"NL,Boston,Braves"
salvm101,Salvo,Manny,R,R,BSN,P,Manny Salvo,1941,"NL,Boston,Braves"
sists101,Sisti,Sibby,R,R,BSN,3B,Sibby Sisti,1941,"NL,Boston,Braves"
strin101,Strincevich,Nick,R,R,BSN,P,Nick Strincevich,1941,"NL,Boston,Braves"
sullj102,Sullivan,Joe,L,L,BSN,P,Joe Sullivan,1941,"NL,Boston,Braves"
tobij103,Tobin,Jim,R,R,BSN,P,Jim Tobin,1941,"NL,Boston,Braves"
wanel101,Waner,Lloyd,L,R,BSN,OF,Lloyd Waner,1941,"NL,Boston,Braves"
wanep101,Waner,Paul,L,L,BSN,OF,Paul Waner,1941,"NL,Boston,Braves"
westm102,West,Max,L,R,BSN,OF,Max West,1941,"NL,Boston,Braves"
wietw101,Wietelmann,Whitey,B,R,BSN,2B,Whitey Wietelmann,1941,"NL,Boston,Braves"
bartd101,Bartell,Dick,R,R,DET,SS,Dick Bartell,1941,"AL,Detroit,Tigers"
benta101,Benton,Al,R,R,DET,P,Al Benton,1941,"AL,Detroit,Tigers"
bridt101,Bridges,Tommy,R,R,DET,P,Tommy Bridges,1941,"AL,Detroit,Tigers"
campb102,Campbell,Bruce,L,R,DET,OF,Bruce Campbell,1941,"AL,Detroit,Tigers"
cooke101,Cook,Earl,R,R,DET,P,Earl Cook,1941,"AL,Detroit,Tigers"
crouf101,Croucher,Frank,R,R,DET,SS,Frank Croucher,1941,"AL,Detroit,Tigers"
everh101,Evers,Hoot,R,R,DET,OF,Hoot Evers,1941,"AL,Detroit,Tigers"
franm101,Franklin,Moe,R,R,DET,SS,Moe Franklin,1941,"AL,Detroit,Tigers"
gehrc101,Gehringer,Charlie,L,R,DET,2B,Charlie Gehringer,1941,"AL,Detroit,Tigers"
giebf101,Giebell,Floyd,L,R,DET,P,Floyd Giebell,1941,"AL,Detroit,Tigers"
gorsj101,Gorsica,Johnny,R,R,DET,P,Johnny Gorsica,1941,"AL,Detroit,Tigers"
greeh102,Greenberg,Hank,R,R,DET,OF,Hank Greenberg,1941,"AL,Detroit,Tigers"
harrn101,Harris,Ned,L,L,DET,OF,Ned Harris,1941,"AL,Detroit,Tigers"
higgm101,Higgins,Pinky,R,R,DET,3B,Pinky Higgins,1941,"AL,Detroit,Tigers"
hutcf101,Hutchinson,Fred,L,R,DET,PH,Fred Hutchinson,1941,"AL,Detroit,Tigers"
mandh101,Manders,Hal,R,R,DET,P,Hal Manders,1941,"AL,Detroit,Tigers"
mccob101,McCosky,Barney,L,R,DET,OF,Barney McCosky,1941,"AL,Detroit,Tigers"
mckaa101,McKain,Archie,B,L,DET,P,Archie McKain,1941,"AL,Detroit,Tigers"
mcnae101,McNair,Eric,R,R,DET,3B,Eric McNair,1941,"AL,Detroit,Tigers"
meyed101,Meyer,Dutch,R,R,DET,2B,Dutch Meyer,1941,"AL,Detroit,Tigers"
muell101,Mueller,Les,R,R,DET,P,Les Mueller,1941,"AL,Detroit,Tigers"
mullp101,Mullin,Pat,L,R,DET,OF,Pat Mullin,1941,"AL,Detroit,Tigers"
newhh101,Newhouser,Hal,L,L,DET,P,Hal Newhouser,1941,"AL,Detroit,Tigers"
newsb101,Newsom,Bobo,R,R,DET,P,Bobo Newsom,1941,"AL,Detroit,Tigers"
patrb101,Patrick,Bob,R,R,DET,OF,Bob Patrick,1941,"AL,Detroit,Tigers"
perrb102,Perry,Boyd,R,R,DET,SS,Boyd Perry,1941,"AL,Detroit,Tigers"
radcr101,Radcliff,Rip,L,L,DET,OF,Rip Radcliff,1941,"AL,Detroit,Tigers"
rowes101,Rowe,Schoolboy,R,R,DET,P,Schoolboy Rowe,1941,"AL,Detroit,Tigers"
stait101,Stainback,Tuck,R,R,DET,OF,Tuck Stainback,1941,"AL,Detroit,Tigers"
sullb103,Sullivan,Billy,L,R,DET,C,Billy Sullivan,1941,"AL,Detroit,Tigers"
tebbb101,Tebbetts,Birdie,R,R,DET,C,Birdie Tebbetts,1941,"AL,Detroit,Tigers"
thomb102,Thomas,Bud,R,R,DET,P,Bud Thomas,1941,"AL,Detroit,Tigers"
troud101,Trout,Dizzy,R,R,DET,P,Dizzy Trout,1941,"AL,Detroit,Tigers"
trucv101,Trucks,Virgil,R,R,DET,P,Virgil Trucks,1941,"AL,Detroit,Tigers"
waked101,Wakefield,Dick,L,R,DET,OF,Dick Wakefield,1941,"AL,Detroit,Tigers"
whith101,White,Hal,R,R,DET,P,Hal White,1941,"AL,Detroit,Tigers"
yorkr101,York,Rudy,R,R,DET,1B,Rudy York,1941,"AL,Detroit,Tigers"
andrn101,Andrews,Nate,R,R,CLE,P,Nate Andrews,1941,"AL,Cleveland,Indians"
bagbj102,Bagby,Jim,R,R,CLE,P,Jim Bagby,1941,"AL,Cleveland,Indians"
bellb102,Bell,Beau,R,R,CLE,OF,Beau Bell,1941,"AL,Cleveland,Indians"
boudl101,Boudreau,Lou,R,R,CLE,SS,Lou Boudreau,1941,"AL,Cleveland,Indians"
browc103,Brown,Clint,L,R,CLE,P,Clint Brown,1941,"AL,Cleveland,Indians"
camps104,Campbell,Soup,L,R,CLE,OF,Soup Campbell,1941,"AL,Cleveland,Indians"
conwj103,Conway,Jack,R,R,CLE,SS,Jack Conway,1941,"AL,Cleveland,Indians"
deanc101,Dean,Chubby,L,L,CLE,P,Chubby Dean,1941,"AL,Cleveland,Indians"
desag101,Desautels,Gene,R,R,CLE,C,Gene Desautels,1941,"AL,Cleveland,Indians"
dorsc101,Dorsett,Cal,R,R,CLE,P,Cal Dorsett,1941,"AL,Cleveland,Indians"
edwah101,Edwards,Hank,L,L,CLE,OF,Hank Edwards,1941,"AL,Cleveland,Indians"
eiseh101,Eisenstat,Harry,L,L,CLE,P,Harry Eisenstat,1941,"AL,Cleveland,Indians"
embrr101,Embree,Red,R,R,CLE,P,Red Embree,1941,"AL,Cleveland,Indians"
fellb101,Feller,Bob,R,R,CLE,P,Bob Feller,1941,"AL,Cleveland,Indians"
fleml101,Fleming,Les,L,L,CLE,1B,Les Fleming,1941,"AL,Cleveland,Indians"
freiv101,Freiburger,Vern,R,L,CLE,1B,Vern Freiburger,1941,"AL,Cleveland,Indians"
frieb101,Frierson,Buck,R,R,CLE,OF,Buck Frierson,1941,"AL,Cleveland,Indians"
gafff101,Gaffke,Fabian,R,R,CLE,OF,Fabian Gaffke,1941,"AL,Cleveland,Indians"
grimo101,Grimes,Oscar,R,R,CLE,1B,Oscar Grimes,1941,"AL,Cleveland,Indians"
groms101,Gromek,Steve,B,R,CLE,P,Steve Gromek,1941,"AL,Cleveland,Indians"
hardm101,Harder,Mel,R,R,CLE,P,Mel Harder,1941,"AL,Cleveland,Indians"
heatj101,Heath,Jeff,L,R,CLE,OF,Jeff Heath,1941,"AL,Cleveland,Indians"
hegaj101,Hegan,Jim,R,R,CLE,C,Jim Hegan,1941,"AL,Cleveland,Indians"
hemsr101,Hemsley,Rollie,R,R,CLE,C,Rollie Hemsley,1941,"AL,Cleveland,Indians"
hevij101,Heving,Joe,R,R,CLE,P,Joe Heving,1941,"AL,Cleveland,Indians"
hocko101,Hockett,Oris,L,R,CLE,OF,Oris Hockett,1941,"AL,Cleveland,Indians"
hower102,Howell,Red,R,R,CLE,PH,Red Howell,1941,"AL,Cleveland,Indians"
jungk101,Jungels,Ken,R,R,CLE,P,Ken Jungels,1941,"AL,Cleveland,Indians"
keltk101,Keltner,Ken,R,R,CLE,3B,Ken Keltner,1941,"AL,Cleveland,Indians"
krakj101,Krakauskas,Joe,L,L,CLE,P,Joe Krakauskas,1941,"AL,Cleveland,Indians"
lemob101,Lemon,Bob,L,R,CLE,3B,Bob Lemon,1941,"AL,Cleveland,Indians"
mackr101,Mack,Ray,R,R,CLE,2B,Ray Mack,1941,"AL,Cleveland,Indians"
milna101,Milnar,Al,L,L,CLE,P,Al Milnar,1941,"AL,Cleveland,Indians"
peter101,Peters,Rusty,R,R,CLE,SS,Rusty Peters,1941,"AL,Cleveland,Indians"
rosel101,Rosenthal,Larry,L,L,CLE,OF,Larry Rosenthal,1941,"AL,Cleveland,Indians"
smita104,Smith,Al,L,L,CLE,P,Al Smith,1941,"AL,Cleveland,Indians"
suscg102,Susce,George,R,R,CLE,C,George Susce,1941,"AL,Cleveland,Indians"
trosh101,Trosky,Hal,L,R,CLE,1B,Hal Trosky,1941,"AL,Cleveland,Indians"
walkg101,Walker,Gee,R,R,CLE,OF,Gee Walker,1941,"AL,Cleveland,Indians"
weatr101,Weatherly,Roy,L,R,CLE,OF,Roy Weatherly,1941,"AL,Cleveland,Indians"
workc101,Workman,Chuck,L,R,CLE,PH,Chuck Workman,1941,"AL,Cleveland,Indians"
campp101,Campbell,Paul,L,L,BOS,PR,Paul Campbell,1941,"AL,Boston,Red Sox"
caret102,Carey,Tom,R,R,BOS,2B,Tom Carey,1941,"AL,Boston,Red Sox"
cronj101,Cronin,Joe,R,R,BOS,SS,Joe Cronin,1941,"AL,Boston,Red Sox"
dicke101,Dickman,Emerson,R,R,BOS,P,Emerson Dickman,1941,"AL,Boston,Red Sox"
dimad101,DiMaggio,Dom,R,R,BOS,OF,Dom DiMaggio,1941,"AL,Boston,Red Sox"
dobsj101,Dobson,Joe,R,R,BOS,P,Joe Dobson,1941,"AL,Boston,Red Sox"
doerb101,Doerr,Bobby,R,R,BOS,2B,Bobby Doerr,1941,"AL,Boston,Red Sox"
finnl101,Finney,Lou,L,R,BOS,OF,Lou Finney,1941,"AL,Boston,Red Sox"
flaia101,Flair,Al,L,L,BOS,1B,Al Flair,1941,"AL,Boston,Red Sox"
flemb101,Fleming,Bill,R,R,BOS,P,Bill Fleming,1941,"AL,Boston,Red Sox"
fox-p102,Fox,Pete,R,R,BOS,OF,Pete Fox,1941,"AL,Boston,Red Sox"
foxxj101,Foxx,Jimmie,R,R,BOS,1B,Jimmie Foxx,1941,"AL,Boston,Red Sox"
grovl101,Grove,Lefty,L,L,BOS,P,Lefty Grove,1941,"AL,Boston,Red Sox"
haleo101,Hale,Odell,R,R,BOS,3B,Odell Hale,1941,"AL,Boston,Red Sox"
harrm101,Harris,Mickey,L,L,BOS,P,Mickey Harris,1941,"AL,Boston,Red Sox"
hashh101,Hash,Herb,R,R,BOS,P,Herb Hash,1941,"AL,Boston,Red Sox"
hught102,Hughson,Tex,R,R,BOS,P,Tex Hughson,1941,"AL,Boston,Red Sox"
johne105,Johnson,Earl,L,L,BOS,P,Earl Johnson,1941,"AL,Boston,Red Sox"
juddo101,Judd,Oscar,L,L,BOS,P,Oscar Judd,1941,"AL,Boston,Red Sox"
newsd101,Newsome,Dick,R,R,BOS,P,Dick Newsome,1941,"AL,Boston,Red Sox"
newss101,Newsome,Skeeter,R,R,BOS,SS,Skeeter Newsome,1941,"AL,Boston,Red Sox"
peacj101,Peacock,Johnny,L,R,BOS,C,Johnny Peacock,1941,"AL,Boston,Red Sox"
pottn102,Potter,Nels,L,R,BOS,P,Nels Potter,1941,"AL,Boston,Red Sox"
pytlf101,Pytlak,Frankie,R,R,BOS,C,Frankie Pytlak,1941,"AL,Boston,Red Sox"
richw101,Rich,Woody,L,R,BOS,P,Woody Rich,1941,"AL,Boston,Red Sox"
rybam101,Ryba,Mike,R,R,BOS,P,Mike Ryba,1941,"AL,Boston,Red Sox"
spens101,Spence,Stan,L,L,BOS,OF,Stan Spence,1941,"AL,Boston,Red Sox"
taboj101,Tabor,Jim,R,R,BOS,3B,Jim Tabor,1941,"AL,Boston,Red Sox"
wagnc101,Wagner,Charlie,R,R,BOS,P,Charlie Wagner,1941,"AL,Boston,Red Sox"
willt103,Williams,Ted,L,R,BOS,OF,Ted Williams,1941,"AL,Boston,Red Sox"
wilsj103,Wilson,Jack,R,R,BOS,P,Jack Wilson,1941,"AL,Boston,Red Sox"
alenc101,Aleno,Chuck,R,R,CIN,3B,Chuck Aleno,1941,"NL,Cincinnati,Reds"
bakeb101,Baker,Bill,R,R,CIN,C,Bill Baker,1941,"NL,Cincinnati,Reds"
beggj101,Beggs,Joe,R,R,CIN,P,Joe Beggs,1941,"NL,Cincinnati,Reds"
crafh101,Craft,Harry,R,R,CIN,OF,Harry Craft,1941,"NL,Cincinnati,Reds"
derrp101,Derringer,Paul,R,R,CIN,P,Paul Derringer,1941,"NL,Cincinnati,Reds"
freyl101,Frey,Lonny,L,R,CIN,2B,Lonny Frey,1941,"NL,Cincinnati,Reds"
gleej101,Gleeson,Jim,B,R,CIN,OF,Jim Gleeson,1941,"NL,Cincinnati,Reds"
goodi101,Goodman,Ival,L,R,CIN,OF,Ival Goodman,1941,"NL,Cincinnati,Reds"
hutcj101,Hutchings,Johnny,B,R,CIN,P,Johnny Hutchings,1941,"NL,Cincinnati,Reds"
joose101,Joost,Eddie,R,R,CIN,SS,Eddie Joost,1941,"NL,Cincinnati,Reds"
koy-e101,Koy,Ernie,R,R,CIN,OF,Ernie Koy,1941,"NL,Cincinnati,Reds"
lamar101,Lamanno,Ray,R,R,CIN,C,Ray Lamanno,1941,"NL,Cincinnati,Reds"
logab101,Logan,Bob,R,L,CIN,P,Bob Logan,1941,"NL,Cincinnati,Reds"
lombe101,Lombardi,Ernie,R,R,CIN,C,Ernie Lombardi,1941,"NL,Cincinnati,Reds"
lukoe101,Lukon,Eddie,L,L,CIN,OF,Eddie Lukon,1941,"NL,Cincinnati,Reds"
mattb101,Mattick,Bobby,R,R,CIN,SS,Bobby Mattick,1941,"NL,Cincinnati,Reds"
mccof101,McCormick,Frank,R,R,CIN,1B,Frank McCormick,1941,"NL,Cincinnati,Reds"
mccom101,McCormick,Mike,R,R,CIN,OF,Mike McCormick,1941,"NL,Cincinnati,Reds"
moorw102,Moore,Whitey,R,R,CIN,P,Whitey Moore,1941,"NL,Cincinnati,Reds"
pearm101,Pearson,Monte,R,R,CIN,P,Monte Pearson,1941,"NL,Cincinnati,Reds"
ridde101,Riddle,Elmer,R,R,CIN,P,Elmer Riddle,1941,"NL,Cincinnati,Reds"
riddj101,Riddle,Johnny,R,R,CIN,C,Johnny Riddle,1941,"NL,Cincinnati,Reds"
rippj101,Ripple,Jimmy,L,R,CIN,OF,Jimmy Ripple,1941,"NL,Cincinnati,Reds"
saueh101,Sauer,Hank,R,R,CIN,OF,Hank Sauer,1941,"NL,Cincinnati,Reds"
shoke101,Shokes,Eddie,L,L,CIN,PH,Eddie Shokes,1941,"NL,Cincinnati,Reds"
starr101,Starr,Ray,R,R,CIN,P,Ray Starr,1941,"NL,Cincinnati,Reds"
thomj102,Thompson,Junior,R,R,CIN,P,Junior Thompson,1941,"NL,Cincinnati,Reds"
turnj102,Turner,Jim,L,R,CIN,P,Jim Turner,1941,"NL,Cincinnati,Reds"
vandj101,Vander Meer,Johnny,B,L,CIN,P,Johnny Vander Meer,1941,"NL,Cincinnati,Reds"
waltb102,Walters,Bucky,R,R,CIN,P,Bucky Walters,1941,"NL,Cincinnati,Reds"
wanel101,Waner,Lloyd,L,R,CIN,OF,Lloyd Waner,1941,"NL,Cincinnati,Reds"
werbb101,Werber,Billy,R,R,CIN,3B,Billy Werber,1941,"NL,Cincinnati,Reds"
westd101,West,Dick,R,R,CIN,C,Dick West,1941,"NL,Cincinnati,Reds"
younp101,Young,Pep,R,R,CIN,3B,Pep Young,1941,"NL,Cincinnati,Reds"
zienb101,Zientara,Benny,R,R,CIN,2B,Benny Zientara,1941,"NL,Cincinnati,Reds"
cavap101,Cavarretta,Phil,L,L,CHN,OF,Phil Cavarretta,1941,"NL,Chicago,Cubs"
dahlb101,Dahlgren,Babe,R,R,CHN,1B,Babe Dahlgren,1941,"NL,Chicago,Cubs"
dalld101,Dallessandro,Dom,L,L,CHN,OF,Dom Dallessandro,1941,"NL,Chicago,Cubs"
deand102,Dean,Dizzy,R,R,CHN,P,Dizzy Dean,1941,"NL,Chicago,Cubs"
eavev101,Eaves,Vallie,R,R,CHN,P,Vallie Eaves,1941,"NL,Chicago,Cubs"
ericp101,Erickson,Paul,R,R,CHN,P,Paul Erickson,1941,"NL,Chicago,Cubs"
frenl101,French,Larry,R,L,CHN,P,Larry French,1941,"NL,Chicago,Cubs"
galaa101,Galan,Augie,B,R,CHN,OF,Augie Galan,1941,"NL,Chicago,Cubs"
georg101,George,Greek,R,R,CHN,C,Greek George,1941,"NL,Chicago,Cubs"
gilbc101,Gilbert,Charlie,L,L,CHN,OF,Charlie Gilbert,1941,"NL,Chicago,Cubs"
gornh101,Gornicki,Hank,R,R,CHN,P,Hank Gornicki,1941,"NL,Chicago,Cubs"
hacks101,Hack,Stan,L,R,CHN,3B,Stan Hack,1941,"NL,Chicago,Cubs"
hermb101,Herman,Billy,R,R,CHN,2B,Billy Herman,1941,"NL,Chicago,Cubs"
hudsj101,Hudson,Johnny,R,R,CHN,SS,Johnny Hudson,1941,"NL,Chicago,Cubs"
jelif101,Jelincich,Frank,R,R,CHN,OF,Frank Jelincich,1941,"NL,Chicago,Cubs"
kushe101,Kush,Emil,R,R,CHN,P,Emil Kush,1941,"NL,Chicago,Cubs"
lanfw101,Lanfranconi,Walt,R,R,CHN,P,Walt Lanfranconi,1941,"NL,Chicago,Cubs"
lee-b103,Lee,Bill,R,R,CHN,P,Bill Lee,1941,"NL,Chicago,Cubs"
leibh101,Leiber,Hank,R,R,CHN,OF,Hank Leiber,1941,"NL,Chicago,Cubs"
mccuc101,McCullough,Clyde,R,R,CHN,C,Clyde McCullough,1941,"NL,Chicago,Cubs"
meerr101,Meers,Russ,L,L,CHN,P,Russ Meers,1941,"NL,Chicago,Cubs"
merul101,Merullo,Lennie,R,R,CHN,SS,Lennie Merullo,1941,"NL,Chicago,Cubs"
mootj101,Mooty,Jake,R,R,CHN,P,Jake Mooty,1941,"NL,Chicago,Cubs"
myerb101,Myers,Billy,R,R,CHN,SS,Billy Myers,1941,"NL,Chicago,Cubs"
nichb101,Nicholson,Bill,L,R,CHN,OF,Bill Nicholson,1941,"NL,Chicago,Cubs"
novil101,Novikoff,Lou,R,R,CHN,OF,Lou Novikoff,1941,"NL,Chicago,Cubs"
olseb101,Olsen,Barney,R,R,CHN,OF,Barney Olsen,1941,"NL,Chicago,Cubs"
olsev101,Olsen,Vern,R,L,CHN,P,Vern Olsen,1941,"NL,Chicago,Cubs"
pagev101,Page,Vance,R,R,CHN,P,Vance Page,1941,"NL,Chicago,Cubs"
passc101,Passeau,Claude,R,R,CHN,P,Claude Passeau,1941,"NL,Chicago,Cubs"
prest101,Pressnell,Tot,R,R,CHN,P,Tot Pressnell,1941,"NL,Chicago,Cubs"
quinw101,Quinn,Wimpy,R,R,CHN,P,Wimpy Quinn,1941,"NL,Chicago,Cubs"
raffk101,Raffensberger,Ken,R,L,CHN,P,Ken Raffensberger,1941,"NL,Chicago,Cubs"
rootc101,Root,Charlie,R,R,CHN,P,Charlie Root,1941,"NL,Chicago,Cubs"
russr101,Russell,Rip,R,R,CHN,1B,Rip Russell,1941,"NL,Chicago,Cubs"
scheb101,Scheffing,Bob,R,R,CHN,C,Bob Scheffing,1941,"NL,Chicago,Cubs"
schmj101,Schmitz,Johnny,R,L,CHN,P,Johnny Schmitz,1941,"NL,Chicago,Cubs"
stril101,Stringer,Lou,R,R,CHN,2B,Lou Stringer,1941,"NL,Chicago,Cubs"
sturb101,Sturgeon,Bobby,R,R,CHN,SS,Bobby Sturgeon,1941,"NL,Chicago,Cubs"
todda101,Todd,Al,R,R,CHN,PH,Al Todd,1941,"NL,Chicago,Cubs"
waite101,Waitkus,Eddie,L,L,CHN,1B,Eddie Waitkus,1941,"NL,Chicago,Cubs"
beazj101,Beazley,Johnny,R,R,SLN,P,Johnny Beazley,1941,"NL,St.Louis,Cardinals"
browj107,Brown,Jimmy,B,R,SLN,3B,Jimmy Brown,1941,"NL,St.Louis,Cardinals"
coopm101,Cooper,Mort,R,R,SLN,P,Mort Cooper,1941,"NL,St.Louis,Cardinals"
coopw102,Cooper,Walker,R,R,SLN,C,Walker Cooper,1941,"NL,St.Louis,Cardinals"
crabe101,Crabtree,Estel,L,R,SLN,OF,Estel Crabtree,1941,"NL,St.Louis,Cardinals"
cresc101,Crespi,Creepy,R,R,SLN,2B,Creepy Crespi,1941,"NL,St.Louis,Cardinals"
croub103,Crouch,Bill,B,R,SLN,P,Bill Crouch,1941,"NL,St.Louis,Cardinals"
dusae101,Dusak,Erv,R,R,SLN,OF,Erv Dusak,1941,"NL,St.Louis,Cardinals"
gornh101,Gornicki,Hank,R,R,SLN,P,Hank Gornicki,1941,"NL,St.Louis,Cardinals"
grodj101,Grodzicki,Johnny,R,R,SLN,P,Johnny Grodzicki,1941,"NL,St.Louis,Cardinals"
gumbh101,Gumbert,Harry,R,R,SLN,P,Harry Gumbert,1941,"NL,St.Louis,Cardinals"
hoppj102,Hopp,Johnny,L,L,SLN,OF,Johnny Hopp,1941,"NL,St.Louis,Cardinals"
hutci101,Hutchinson,Ira,R,R,SLN,P,Ira Hutchinson,1941,"NL,St.Louis,Cardinals"
koy-e101,Koy,Ernie,R,R,SLN,OF,Ernie Koy,1941,"NL,St.Louis,Cardinals"
krish101,Krist,Howie,L,R,SLN,P,Howie Krist,1941,"NL,St.Louis,Cardinals"
kurow101,Kurowski,Whitey,R,R,SLN,3B,Whitey Kurowski,1941,"NL,St.Louis,Cardinals"
lakee101,Lake,Eddie,R,R,SLN,3B,Eddie Lake,1941,"NL,St.Louis,Cardinals"
lanim101,Lanier,Max,R,L,SLN,P,Max Lanier,1941,"NL,St.Louis,Cardinals"
lyonh101,Lyons,Hersh,R,R,SLN,P,Hersh Lyons,1941,"NL,St.Louis,Cardinals"
mancg101,Mancuso,Gus,R,R,SLN,C,Gus Mancuso,1941,"NL,St.Louis,Cardinals"
marim101,Marion,Marty,R,R,SLN,SS,Marty Marion,1941,"NL,St.Louis,Cardinals"
marsc102,Marshall,Chip,R,R,SLN,C,Chip Marshall,1941,"NL,St.Louis,Cardinals"
mcgeb101,McGee,Bill,R,R,SLN,P,Bill McGee,1941,"NL,St.Louis,Cardinals"
mesns101,Mesner,Steve,R,R,SLN,3B,Steve Mesner,1941,"NL,St.Louis,Cardinals"
mizej101,Mize,Johnny,L,R,SLN,1B,Johnny Mize,1941,"NL,St.Louis,Cardinals"
moort102,Moore,Terry,R,R,SLN,OF,Terry Moore,1941,"NL,St.Louis,Cardinals"
musis101,Musial,Stan,L,L,SLN,OF,Stan Musial,1941,"NL,St.Louis,Cardinals"
nahes101,Nahem,Sam,R,R,SLN,P,Sam Nahem,1941,"NL,St.Louis,Cardinals"
padgd101,Padgett,Don,L,R,SLN,OF,Don Padgett,1941,"NL,St.Louis,Cardinals"
pollh101,Pollet,Howie,L,L,SLN,P,Howie Pollet,1941,"NL,St.Louis,Cardinals"
sessw101,Sessi,Walter,L,L,SLN,OF,Walter Sessi,1941,"NL,St.Louis,Cardinals"
shouc101,Shoun,Clyde,L,L,SLN,P,Clyde Shoun,1941,"NL,St.Louis,Cardinals"
slaue101,Slaughter,Enos,L,R,SLN,OF,Enos Slaughter,1941,"NL,St.Louis,Cardinals"
tripc101,Triplett,Coaker,R,R,SLN,OF,Coaker Triplett,1941,"NL,St.Louis,Cardinals"
walkh102,Walker,Harry,L,R,SLN,OF,Harry Walker,1941,"NL,St.Louis,Cardinals"
warnl101,Warneke,Lon,R,R,SLN,P,Lon Warneke,1941,"NL,St.Louis,Cardinals"
white103,White,Ernie,R,L,SLN,P,Ernie White,1941,"NL,St.Louis,Cardinals"
younp101,Young,Pep,R,R,SLN,PH,Pep Young,1941,"NL,St.Louis,Cardinals"
adama101,Adams,Ace,R,R,NY1,P,Ace Adams,1941,"NL,New York,Giants"
aragj101,Aragon,Jack,R,R,NY1,PR,Jack Aragon,1941,"NL,New York,Giants"
arnom101,Arnovich,Morrie,R,R,NY1,OF,Morrie Arnovich,1941,"NL,New York,Giants"
barnb102,Barna,Babe,L,R,NY1,OF,Babe Barna,1941,"NL,New York,Giants"
bartd101,Bartell,Dick,R,R,NY1,3B,Dick Bartell,1941,"NL,New York,Giants"
blaer101,Blaemire,Rae,R,R,NY1,C,Rae Blaemire,1941,"NL,New York,Giants"
bowmb103,Bowman,Bob,R,R,NY1,P,Bob Bowman,1941,"NL,New York,Giants"
browj110,Brown,Jumbo,R,R,NY1,P,Jumbo Brown,1941,"NL,New York,Giants"
carpb101,Carpenter,Bob,R,R,NY1,P,Bob Carpenter,1941,"NL,New York,Giants"
dannh101,Danning,Harry,R,R,NY1,C,Harry Danning,1941,"NL,New York,Giants"
davij102,Davis,John,R,R,NY1,3B,John Davis,1941,"NL,New York,Giants"
deanp101,Dean,Paul,R,R,NY1,P,Paul Dean,1941,"NL,New York,Giants"
demaf102,Demaree,Frank,R,R,NY1,OF,Frank Demaree,1941,"NL,New York,Giants"
easth103,East,Hugh,R,R,NY1,P,Hugh East,1941,"NL,New York,Giants"
feldh101,Feldman,Harry,R,R,NY1,P,Harry Feldman,1941,"NL,New York,Giants"
fiscr101,Fischer,Rube,R,R,NY1,P,Rube Fischer,1941,"NL,New York,Giants"
gords101,Gordon,Sid,R,R,NY1,OF,Sid Gordon,1941,"NL,New York,Giants"
gumbh101,Gumbert,Harry,R,R,NY1,P,Harry Gumbert,1941,"NL,New York,Giants"
hadlb101,Hadley,Bump,R,R,NY1,P,Bump Hadley,1941,"NL,New York,Giants"
haleo101,Hale,Odell,R,R,NY1,2B,Odell Hale,1941,"NL,New York,Giants"
hartg103,Hartnett,Gabby,R,R,NY1,C,Gabby Hartnett,1941,"NL,New York,Giants"
hubbc101,Hubbell,Carl,R,L,NY1,P,Carl Hubbell,1941,"NL,New York,Giants"
jurgb101,Jurges,Billy,R,R,NY1,SS,Billy Jurges,1941,"NL,New York,Giants"
kosld101,Koslo,Dave,L,L,NY1,P,Dave Koslo,1941,"NL,New York,Giants"
lohrb101,Lohrman,Bill,R,R,NY1,P,Bill Lohrman,1941,"NL,New York,Giants"
mccaj104,McCarthy,Johnny,L,L,NY1,1B,Johnny McCarthy,1941,"NL,New York,Giants"
mcgeb101,McGee,Bill,R,R,NY1,P,Bill McGee,1941,"NL,New York,Giants"
meltc101,Melton,Cliff,L,L,NY1,P,Cliff Melton,1941,"NL,New York,Giants"
moorj103,Moore,Jo-Jo,L,R,NY1,OF,Jo-Jo Moore,1941,"NL,New York,Giants"
odeak101,O'Dea,Ken,L,R,NY1,C,Ken O'Dea,1941,"NL,New York,Giants"
orenj101,Orengo,Joe,R,R,NY1,3B,Joe Orengo,1941,"NL,New York,Giants"
ott-m101,Ott,Mel,L,R,NY1,OF,Mel Ott,1941,"NL,New York,Giants"
ruckj101,Rucker,Johnny,L,R,NY1,OF,Johnny Rucker,1941,"NL,New York,Giants"
schuh103,Schumacher,Hal,R,R,NY1,P,Hal Schumacher,1941,"NL,New York,Giants"
sunkt101,Sunkel,Tom,L,L,NY1,P,Tom Sunkel,1941,"NL,New York,Giants"
whitb101,Whitehead,Burgess,R,R,NY1,2B,Burgess Whitehead,1941,"NL,New York,Giants"
witem101,Witek,Mickey,R,R,NY1,2B,Mickey Witek,1941,"NL,New York,Giants"
wittj101,Wittig,Johnnie,R,R,NY1,P,Johnnie Wittig,1941,"NL,New York,Giants"
younb102,Young,Babe,L,L,NY1,1B,Babe Young,1941,"NL,New York,Giants"
bonht101,Bonham,Tiny,R,R,NYA,P,Tiny Bonham,1941,"AL,New York,Yankees"
bordf101,Bordagaray,Frenchy,R,R,NYA,OF,Frenchy Bordagaray,1941,"AL,New York,Yankees"
brann101,Branch,Norm,R,R,NYA,P,Norm Branch,1941,"AL,New York,Yankees"
breum101,Breuer,Marv,R,R,NYA,P,Marv Breuer,1941,"AL,New York,Yankees"
chans101,Chandler,Spud,R,R,NYA,P,Spud Chandler,1941,"AL,New York,Yankees"
crosf103,Crosetti,Frankie,R,R,NYA,SS,Frankie Crosetti,1941,"AL,New York,Yankees"
dickb101,Dickey,Bill,L,R,NYA,C,Bill Dickey,1941,"AL,New York,Yankees"
dimaj101,DiMaggio,Joe,R,R,NYA,OF,Joe DiMaggio,1941,"AL,New York,Yankees"
donaa101,Donald,Atley,L,R,NYA,P,Atley Donald,1941,"AL,New York,Yankees"
gomel102,Gomez,Lefty,L,L,NYA,P,Lefty Gomez,1941,"AL,New York,Yankees"
gordj101,Gordon,Joe,R,R,NYA,2B,Joe Gordon,1941,"AL,New York,Yankees"
henrt101,Henrich,Tommy,L,L,NYA,OF,Tommy Henrich,1941,"AL,New York,Yankees"
kellc101,Keller,Charlie,L,R,NYA,OF,Charlie Keller,1941,"AL,New York,Yankees"
lindj101,Lindell,Johnny,R,R,NYA,PH,Johnny Lindell,1941,"AL,New York,Yankees"
murpj103,Murphy,Johnny,R,R,NYA,P,Johnny Murphy,1941,"AL,New York,Yankees"
peeks101,Peek,Steve,B,R,NYA,P,Steve Peek,1941,"AL,New York,Yankees"
pridj101,Priddy,Jerry,R,R,NYA,2B,Jerry Priddy,1941,"AL,New York,Yankees"
rizzp101,Rizzuto,Phil,R,R,NYA,SS,Phil Rizzuto,1941,"AL,New York,Yankees"
rolfr101,Rolfe,Red,L,R,NYA,3B,Red Rolfe,1941,"AL,New York,Yankees"
rosab101,Rosar,Buddy,R,R,NYA,C,Buddy Rosar,1941,"AL,New York,Yankees"
ruffr101,Ruffing,Red,R,R,NYA,P,Red Ruffing,1941,"AL,New York,Yankees"
russm101,Russo,Marius,R,L,NYA,P,Marius Russo,1941,"AL,New York,Yankees"
selkg101,Selkirk,George,L,R,NYA,OF,George Selkirk,1941,"AL,New York,Yankees"
silvk101,Silvestri,Ken,B,R,NYA,C,Ken Silvestri,1941,"AL,New York,Yankees"
stanc101,Stanceu,Charley,R,R,NYA,P,Charley Stanceu,1941,"AL,New York,Yankees"
sturj101,Sturm,Johnny,L,L,NYA,1B,Johnny Sturm,1941,"AL,New York,Yankees"
washg103,Washburn,George,L,R,NYA,P,George Washburn,1941,"AL,New York,Yankees"
