player_id,last,first,bats,throws,team_id,pos,player_name,year,team_name
blueo102,Bluege,Ossie,R,R,WS1,3B,Ossie Bluege,1922,"AL,Washington,Senators"
brilj101,Brillheart,Jim,R,L,WS1,P,Jim Brillheart,1922,"AL,Washington,Senators"
browf102,Brower,Frank,L,R,WS1,OF,Frank Brower,1922,"AL,Washington,Senators"
bushd102,Bush,Donie,B,R,WS1,3B,Donie Bush,1922,"AL,Washington,Senators"
courh101,Courtney,Harry,L,L,WS1,P,Harry Courtney,1922,"AL,Washington,Senators"
erice101,Erickson,Eric,R,R,WS1,P,Eric Erickson,1922,"AL,Washington,Senators"
franr101,Francis,Ray,L,L,WS1,P,Ray Francis,1922,"AL,Washington,Senators"
gharp101,Gharrity,Patsy,R,R,WS1,C,Patsy Gharrity,1922,"AL,Washington,Senators"
gleaj101,Gleason,Joe,R,R,WS1,P,Joe Gleason,1922,"AL,Washington,Senators"
goebe101,Goebel,Ed,R,R,WS1,OF,Ed Goebel,1922,"AL,Washington,Senators"
goslg101,Goslin,Goose,L,R,WS1,OF,Goose Goslin,1922,"AL,Washington,Senators"
harrb106,Harris,Bucky,R,R,WS1,2B,Bucky Harris,1922,"AL,Washington,Senators"
johnw102,Johnson,Walter,R,R,WS1,P,Walter Johnson,1922,"AL,Washington,Senators"
judgj101,Judge,Joe,L,L,WS1,1B,Joe Judge,1922,"AL,Washington,Senators"
lamob101,LaMotte,Bobby,R,R,WS1,3B,Bobby LaMotte,1922,"AL,Washington,Senators"
lapap101,Lapan,Pete,R,R,WS1,C,Pete Lapan,1922,"AL,Washington,Senators"
mcgrs101,McGrew,Slim,R,R,WS1,P,Slim McGrew,1922,"AL,Washington,Senators"
mcnag101,McNamara,George,L,R,WS1,OF,George McNamara,1922,"AL,Washington,Senators"
milac101,Milan,Clyde,L,R,WS1,OF,Clyde Milan,1922,"AL,Washington,Senators"
mogrg101,Mogridge,George,L,L,WS1,P,George Mogridge,1922,"AL,Washington,Senators"
peckr101,Peckinpaugh,Roger,R,R,WS1,SS,Roger Peckinpaugh,1922,"AL,Washington,Senators"
philt102,Phillips,Tom,R,R,WS1,P,Tom Phillips,1922,"AL,Washington,Senators"
piciv101,Picinich,Val,R,R,WS1,C,Val Picinich,1922,"AL,Washington,Senators"
rices101,Rice,Sam,L,R,WS1,OF,Sam Rice,1922,"AL,Washington,Senators"
shanh101,Shanks,Howie,R,R,WS1,3B,Howie Shanks,1922,"AL,Washington,Senators"
smite107,Smith,Earl,B,R,WS1,OF,Earl Smith,1922,"AL,Washington,Senators"
torrr102,Torres,Ricardo,R,R,WS1,C,Ricardo Torres,1922,"AL,Washington,Senators"
turkl101,Turk,Lucas,R,R,WS1,P,Lucas Turk,1922,"AL,Washington,Senators"
warmc101,Warmoth,Cy,L,L,WS1,P,Cy Warmoth,1922,"AL,Washington,Senators"
woodf102,Woodward,Frank,R,R,WS1,P,Frank Woodward,1922,"AL,Washington,Senators"
younc101,Youngblood,Chief,L,R,WS1,P,Chief Youngblood,1922,"AL,Washington,Senators"
zacht101,Zachary,Tom,L,L,WS1,P,Tom Zachary,1922,"AL,Washington,Senators"
cadol101,Cadore,Leon,R,R,BRO,P,Leon Cadore,1922,"NL,Brooklyn,Dodgers"
crans102,Crane,Sam,R,R,BRO,SS,Sam Crane,1922,"NL,Brooklyn,Dodgers"
debeh101,DeBerry,Hank,R,R,BRO,C,Hank DeBerry,1922,"NL,Brooklyn,Dodgers"
decaa101,Decatur,Art,R,R,BRO,P,Art Decatur,1922,"NL,Brooklyn,Dodgers"
gordr101,Gordinier,Ray,B,R,BRO,P,Ray Gordinier,1922,"NL,Brooklyn,Dodgers"
grifb101,Griffith,Bert,R,R,BRO,OF,Bert Griffith,1922,"NL,Brooklyn,Dodgers"
grift102,Griffith,Tommy,L,R,BRO,OF,Tommy Griffith,1922,"NL,Brooklyn,Dodgers"
grimb101,Grimes,Burleigh,R,R,BRO,P,Burleigh Grimes,1922,"NL,Brooklyn,Dodgers"
higha101,High,Andy,L,R,BRO,3B,Andy High,1922,"NL,Brooklyn,Dodgers"
hoodw101,Hood,Wally,R,R,BRO,PR,Wally Hood,1922,"NL,Brooklyn,Dodgers"
hungb101,Hungling,Bernie,R,R,BRO,C,Bernie Hungling,1922,"NL,Brooklyn,Dodgers"
janvh101,Janvrin,Hal,R,R,BRO,2B,Hal Janvrin,1922,"NL,Brooklyn,Dodgers"
johnj107,Johnston,Jimmy,R,R,BRO,2B,Jimmy Johnston,1922,"NL,Brooklyn,Dodgers"
mamaa101,Mamaux,Al,R,R,BRO,P,Al Mamaux,1922,"NL,Brooklyn,Dodgers"
millo103,Miller,Otto,R,R,BRO,C,Otto Miller,1922,"NL,Brooklyn,Dodgers"
mitcc102,Mitchell,Clarence,L,L,BRO,1B,Clarence Mitchell,1922,"NL,Brooklyn,Dodgers"
murrj103,Murray,Jim,B,L,BRO,P,Jim Murray,1922,"NL,Brooklyn,Dodgers"
myerh102,Myers,Hi,R,R,BRO,OF,Hi Myers,1922,"NL,Brooklyn,Dodgers"
neisb101,Neis,Bernie,B,R,BRO,OF,Bernie Neis,1922,"NL,Brooklyn,Dodgers"
olsoi101,Olson,Ivy,R,R,BRO,2B,Ivy Olson,1922,"NL,Brooklyn,Dodgers"
posts101,Post,Sam,L,L,BRO,1B,Sam Post,1922,"NL,Brooklyn,Dodgers"
ruetd101,Ruether,Dutch,L,L,BRO,P,Dutch Ruether,1922,"NL,Brooklyn,Dodgers"
schmr101,Schmandt,Ray,R,R,BRO,1B,Ray Schmandt,1922,"NL,Brooklyn,Dodgers"
schrp102,Schreiber,Paul,R,R,BRO,P,Paul Schreiber,1922,"NL,Brooklyn,Dodgers"
shrih101,Shriver,Harry,R,R,BRO,P,Harry Shriver,1922,"NL,Brooklyn,Dodgers"
smits102,Smith,Sherry,R,L,BRO,P,Sherry Smith,1922,"NL,Brooklyn,Dodgers"
taylz101,Taylor,Zack,R,R,BRO,C,Zack Taylor,1922,"NL,Brooklyn,Dodgers"
vancd101,Vance,Dazzy,R,R,BRO,P,Dazzy Vance,1922,"NL,Brooklyn,Dodgers"
wardc102,Ward,Chuck,R,R,BRO,SS,Chuck Ward,1922,"NL,Brooklyn,Dodgers"
wheaz101,Wheat,Zack,L,R,BRO,OF,Zack Wheat,1922,"NL,Brooklyn,Dodgers"
whitp102,Whitted,Possum,R,R,BRO,PH,Possum Whitted,1922,"NL,Brooklyn,Dodgers"
adamb104,Adams,Babe,L,R,PIT,P,Babe Adams,1922,"NL,Pittsburgh,Pirates"
barnc102,Barnhart,Clyde,R,R,PIT,3B,Clyde Barnhart,1922,"NL,Pittsburgh,Pirates"
bigbc101,Bigbee,Carson,L,R,PIT,OF,Carson Bigbee,1922,"NL,Pittsburgh,Pirates"
browm101,Brown,Myrl,R,R,PIT,P,Myrl Brown,1922,"NL,Pittsburgh,Pirates"
carem101,Carey,Max,B,R,PIT,OF,Max Carey,1922,"NL,Pittsburgh,Pirates"
carlh101,Carlson,Hal,R,R,PIT,P,Hal Carlson,1922,"NL,Pittsburgh,Pirates"
coopw101,Cooper,Wilbur,R,L,PIT,P,Wilbur Cooper,1922,"NL,Pittsburgh,Pirates"
cuylk101,Cuyler,Kiki,R,R,PIT,PR,Kiki Cuyler,1922,"NL,Pittsburgh,Pirates"
ens-j101,Ens,Jewel,R,R,PIT,2B,Jewel Ens,1922,"NL,Pittsburgh,Pirates"
glazw101,Glazner,Whitey,R,R,PIT,P,Whitey Glazner,1922,"NL,Pittsburgh,Pirates"
goocj101,Gooch,Johnny,B,R,PIT,C,Johnny Gooch,1922,"NL,Pittsburgh,Pirates"
grimc101,Grimm,Charlie,L,L,PIT,1B,Charlie Grimm,1922,"NL,Pittsburgh,Pirates"
hamie101,Hamilton,Earl,L,L,PIT,P,Earl Hamilton,1922,"NL,Pittsburgh,Pirates"
hammj101,Hammond,Jack,R,R,PIT,2B,Jack Hammond,1922,"NL,Pittsburgh,Pirates"
hollb102,Hollingsworth,Bonnie,R,R,PIT,P,Bonnie Hollingsworth,1922,"NL,Pittsburgh,Pirates"
jonnb101,Jonnard,Bubber,R,R,PIT,C,Bubber Jonnard,1922,"NL,Pittsburgh,Pirates"
lovet101,Lovelace,Tom,R,R,PIT,PH,Tom Lovelace,1922,"NL,Pittsburgh,Pirates"
marar101,Maranville,Rabbit,R,R,PIT,SS,Rabbit Maranville,1922,"NL,Pittsburgh,Pirates"
mattj101,Mattox,Jim,L,R,PIT,C,Jim Mattox,1922,"NL,Pittsburgh,Pirates"
mcnat102,McNamara,Tom,R,R,PIT,PH,Tom McNamara,1922,"NL,Pittsburgh,Pirates"
merea101,Merewether,Art,R,R,PIT,PH,Art Merewether,1922,"NL,Pittsburgh,Pirates"
millj106,Miller,Jake,R,R,PIT,OF,Jake Miller,1922,"NL,Pittsburgh,Pirates"
mokaj101,Mokan,Johnny,R,R,PIT,OF,Johnny Mokan,1922,"NL,Pittsburgh,Pirates"
morrj105,Morrison,Johnny,R,R,PIT,P,Johnny Morrison,1922,"NL,Pittsburgh,Pirates"
muelw102,Mueller,Walter,R,R,PIT,OF,Walter Mueller,1922,"NL,Pittsburgh,Pirates"
rohwr101,Rohwer,Ray,L,L,PIT,OF,Ray Rohwer,1922,"NL,Pittsburgh,Pirates"
russr102,Russell,Reb,L,L,PIT,OF,Reb Russell,1922,"NL,Pittsburgh,Pirates"
schmw102,Schmidt,Walter,R,R,PIT,C,Walter Schmidt,1922,"NL,Pittsburgh,Pirates"
stews101,Stewart,Stuffy,R,R,PIT,2B,Stuffy Stewart,1922,"NL,Pittsburgh,Pirates"
tierc101,Tierney,Cotton,R,R,PIT,2B,Cotton Tierney,1922,"NL,Pittsburgh,Pirates"
trayp101,Traynor,Pie,R,R,PIT,3B,Pie Traynor,1922,"NL,Pittsburgh,Pirates"
wheer101,Wheeler,Rip,R,R,PIT,P,Rip Wheeler,1922,"NL,Pittsburgh,Pirates"
yellc101,Yellow Horse,Chief,R,R,PIT,P,Chief Yellow Horse,1922,"NL,Pittsburgh,Pirates"
zinnj101,Zinn,Jimmy,L,R,PIT,P,Jimmy Zinn,1922,"NL,Pittsburgh,Pirates"
bergj102,Berger,Johnny,R,R,PHA,C,Johnny Berger,1922,"AL,Philadelphia,Athletics"
brazf101,Brazill,Frank,L,R,PHA,3B,Frank Brazill,1922,"AL,Philadelphia,Athletics"
brugf101,Bruggy,Frank,R,R,PHA,C,Frank Bruggy,1922,"AL,Philadelphia,Athletics"
callf101,Callaway,Frank,R,R,PHA,2B,Frank Callaway,1922,"AL,Philadelphia,Athletics"
dykej101,Dykes,Jimmy,R,R,PHA,3B,Jimmy Dykes,1922,"AL,Philadelphia,Athletics"
eckec101,Eckert,Charlie,R,R,PHA,P,Charlie Eckert,1922,"AL,Philadelphia,Athletics"
fuhro101,Fuhrman,Ollie,B,R,PHA,C,Ollie Fuhrman,1922,"AL,Philadelphia,Athletics"
gallc101,Galloway,Chick,R,R,PHA,SS,Chick Galloway,1922,"AL,Philadelphia,Athletics"
harrs101,Harriss,Slim,R,R,PHA,P,Slim Harriss,1922,"AL,Philadelphia,Athletics"
hastb101,Hasty,Bob,R,R,PHA,P,Bob Hasty,1922,"AL,Philadelphia,Athletics"
hausj101,Hauser,Joe,L,L,PHA,1B,Joe Hauser,1922,"AL,Philadelphia,Athletics"
heimf101,Heimach,Fred,L,L,PHA,P,Fred Heimach,1922,"AL,Philadelphia,Athletics"
johnd107,Johnston,Doc,L,L,PHA,1B,Doc Johnston,1922,"AL,Philadelphia,Athletics"
ketcg101,Ketchum,Gus,R,R,PHA,P,Gus Ketchum,1922,"AL,Philadelphia,Athletics"
mccuf101,McCue,Frank,B,R,PHA,3B,Frank McCue,1922,"AL,Philadelphia,Athletics"
mcgob101,McGowan,Beauty,L,R,PHA,OF,Beauty McGowan,1922,"AL,Philadelphia,Athletics"
millb110,Miller,Bing,R,R,PHA,OF,Bing Miller,1922,"AL,Philadelphia,Athletics"
moorr102,Moore,Roy,B,L,PHA,P,Roy Moore,1922,"AL,Philadelphia,Athletics"
naylr101,Naylor,Rollie,R,R,PHA,P,Rollie Naylor,1922,"AL,Philadelphia,Athletics"
ogdec101,Ogden,Curly,R,R,PHA,P,Curly Ogden,1922,"AL,Philadelphia,Athletics"
oneih101,O'Neill,Harry,R,R,PHA,P,Harry O'Neill,1922,"AL,Philadelphia,Athletics"
perkc101,Perkins,Cy,R,R,PHA,C,Cy Perkins,1922,"AL,Philadelphia,Athletics"
retto101,Rettig,Otto,R,R,PHA,P,Otto Rettig,1922,"AL,Philadelphia,Athletics"
romme101,Rommel,Eddie,R,R,PHA,P,Eddie Rommel,1922,"AL,Philadelphia,Athletics"
scheh101,Scheer,Heinie,R,R,PHA,2B,Heinie Scheer,1922,"AL,Philadelphia,Athletics"
schir101,Schillings,Red,R,R,PHA,P,Red Schillings,1922,"AL,Philadelphia,Athletics"
sullj108,Sullivan,Jim,R,R,PHA,P,Jim Sullivan,1922,"AL,Philadelphia,Athletics"
walkt101,Walker,Tillie,R,R,PHA,OF,Tillie Walker,1922,"AL,Philadelphia,Athletics"
welcf101,Welch,Frank,R,R,PHA,OF,Frank Welch,1922,"AL,Philadelphia,Athletics"
yarrr101,Yarrison,Rube,R,R,PHA,P,Rube Yarrison,1922,"AL,Philadelphia,Athletics"
younr103,Young,Ralph,B,R,PHA,2B,Ralph Young,1922,"AL,Philadelphia,Athletics"
austj101,Austin,Jimmy,B,R,SLA,3B,Jimmy Austin,1922,"AL,St.Louis,Browns"
baynb101,Bayne,Bill,L,L,SLA,P,Bill Bayne,1922,"AL,St.Louis,Browns"
billj103,Billings,Josh,R,R,SLA,C,Josh Billings,1922,"AL,St.Louis,Browns"
bronh101,Bronkie,Herman,R,R,SLA,3B,Herman Bronkie,1922,"AL,St.Louis,Browns"
collp101,Collins,Pat,R,R,SLA,C,Pat Collins,1922,"AL,St.Louis,Browns"
danfd101,Danforth,Dave,L,L,SLA,P,Dave Danforth,1922,"AL,St.Louis,Browns"
david102,Davis,Dixie,R,R,SLA,P,Dixie Davis,1922,"AL,St.Louis,Browns"
dursc101,Durst,Cedric,L,L,SLA,OF,Cedric Durst,1922,"AL,St.Louis,Browns"
ellef101,Ellerbe,Frank,R,R,SLA,3B,Frank Ellerbe,1922,"AL,St.Louis,Browns"
foste103,Foster,Eddie,R,R,SLA,3B,Eddie Foster,1922,"AL,St.Louis,Browns"
gerbw101,Gerber,Wally,R,R,SLA,SS,Wally Gerber,1922,"AL,St.Louis,Browns"
henrd101,Henry,Dutch,L,L,SLA,P,Dutch Henry,1922,"AL,St.Louis,Browns"
jacow101,Jacobson,Baby Doll,R,R,SLA,OF,Baby Doll Jacobson,1922,"AL,St.Louis,Browns"
kolpr101,Kolp,Ray,R,R,SLA,P,Ray Kolp,1922,"AL,St.Louis,Browns"
mcmam101,McManus,Marty,R,R,SLA,2B,Marty McManus,1922,"AL,St.Louis,Browns"
meinh101,Meine,Heinie,R,R,SLA,P,Heinie Meine,1922,"AL,St.Louis,Browns"
prueh101,Pruett,Hub,L,L,SLA,P,Hub Pruett,1922,"AL,St.Louis,Browns"
robeg101,Robertson,Gene,L,R,SLA,3B,Gene Robertson,1922,"AL,St.Louis,Browns"
seveh101,Severeid,Hank,R,R,SLA,C,Hank Severeid,1922,"AL,St.Louis,Browns"
shocu101,Shocker,Urban,R,R,SLA,P,Urban Shocker,1922,"AL,St.Louis,Browns"
shorc101,Shorten,Chick,L,L,SLA,OF,Chick Shorten,1922,"AL,St.Louis,Browns"
sislg101,Sisler,George,L,L,SLA,1B,George Sisler,1922,"AL,St.Louis,Browns"
tobij101,Tobin,Jack,L,L,SLA,OF,Jack Tobin,1922,"AL,St.Louis,Browns"
vange101,Vangilder,Elam,R,R,SLA,P,Elam Vangilder,1922,"AL,St.Louis,Browns"
willk101,Williams,Ken,L,R,SLA,OF,Ken Williams,1922,"AL,St.Louis,Browns"
wrigr104,Wright,Rasty,R,R,SLA,P,Rasty Wright,1922,"AL,St.Louis,Browns"
baums101,Baumgartner,Stan,L,L,PHI,P,Stan Baumgartner,1922,"NL,Philadelphia,Phillies"
behap101,Behan,Petie,R,R,PHI,P,Petie Behan,1922,"NL,Philadelphia,Phillies"
bentr101,Benton,Rabbit,R,R,PHI,2B,Rabbit Benton,1922,"NL,Philadelphia,Phillies"
betth101,Betts,Huck,R,R,PHI,P,Huck Betts,1922,"NL,Philadelphia,Phillies"
fleta101,Fletcher,Art,R,R,PHI,SS,Art Fletcher,1922,"NL,Philadelphia,Phillies"
henlb101,Henline,Butch,R,R,PHI,C,Butch Henline,1922,"NL,Philadelphia,Phillies"
hubbb101,Hubbell,Bill,R,R,PHI,P,Bill Hubbell,1922,"NL,Philadelphia,Phillies"
kingl103,King,Lee,R,R,PHI,OF,Lee King,1922,"NL,Philadelphia,Phillies"
lebob101,LeBourveau,Bevo,L,R,PHI,OF,Bevo LeBourveau,1922,"NL,Philadelphia,Phillies"
lee-c101,Lee,Cliff,R,R,PHI,OF,Cliff Lee,1922,"NL,Philadelphia,Phillies"
leslr101,Leslie,Roy,R,R,PHI,1B,Roy Leslie,1922,"NL,Philadelphia,Phillies"
meadl101,Meadows,Lee,L,R,PHI,P,Lee Meadows,1922,"NL,Philadelphia,Phillies"
mokaj101,Mokan,Johnny,R,R,PHI,OF,Johnny Mokan,1922,"NL,Philadelphia,Phillies"
parkf101,Parkinson,Frank,R,R,PHI,2B,Frank Parkinson,1922,"NL,Philadelphia,Phillies"
petej102,Peters,John,R,R,PHI,C,John Peters,1922,"NL,Philadelphia,Phillies"
pintl101,Pinto,Lerton,L,L,PHI,P,Lerton Pinto,1922,"NL,Philadelphia,Phillies"
rappg101,Rapp,Goldie,B,R,PHI,3B,Goldie Rapp,1922,"NL,Philadelphia,Phillies"
ringj101,Ring,Jimmy,R,R,PHI,P,Jimmy Ring,1922,"NL,Philadelphia,Phillies"
singj101,Singleton,John,R,R,PHI,P,John Singleton,1922,"NL,Philadelphia,Phillies"
smitg104,Smith,George,R,R,PHI,P,George Smith,1922,"NL,Philadelphia,Phillies"
smitj107,Smith,Jimmy,B,R,PHI,SS,Jimmy Smith,1922,"NL,Philadelphia,Phillies"
sullt103,Sullivan,Tom,L,L,PHI,P,Tom Sullivan,1922,"NL,Philadelphia,Phillies"
walkc101,Walker,Curt,L,R,PHI,OF,Curt Walker,1922,"NL,Philadelphia,Phillies"
weinl101,Weinert,Lefty,L,L,PHI,P,Lefty Weinert,1922,"NL,Philadelphia,Phillies"
willc103,Williams,Cy,L,L,PHI,OF,Cy Williams,1922,"NL,Philadelphia,Phillies"
wintj101,Winters,Jesse,R,R,PHI,P,Jesse Winters,1922,"NL,Philadelphia,Phillies"
withf101,Withrow,Frank,R,R,PHI,C,Frank Withrow,1922,"NL,Philadelphia,Phillies"
wrigr102,Wrightstone,Russ,L,R,PHI,3B,Russ Wrightstone,1922,"NL,Philadelphia,Phillies"
acosj101,Acosta,Jose,R,R,CHA,P,Jose Acosta,1922,"AL,Chicago,White Sox"
blanh101,Blankenship,Homer,R,R,CHA,P,Homer Blankenship,1922,"AL,Chicago,White Sox"
blant101,Blankenship,Ted,R,R,CHA,P,Ted Blankenship,1922,"AL,Chicago,White Sox"
bowle101,Bowles,Emmett,R,R,CHA,P,Emmett Bowles,1922,"AL,Chicago,White Sox"
bubsh101,Bubser,Hal,R,R,CHA,PH,Hal Bubser,1922,"AL,Chicago,White Sox"
colle101,Collins,Eddie,L,R,CHA,2B,Eddie Collins,1922,"AL,Chicago,White Sox"
courh101,Courtney,Harry,L,L,CHA,P,Harry Courtney,1922,"AL,Chicago,White Sox"
cox-e101,Cox,Ernie,L,R,CHA,P,Ernie Cox,1922,"AL,Chicago,White Sox"
davel101,Davenport,Lum,L,L,CHA,P,Lum Davenport,1922,"AL,Chicago,White Sox"
duffl101,Duff,Larry,L,R,CHA,P,Larry Duff,1922,"AL,Chicago,White Sox"
everj102,Evers,Johnny,L,R,CHA,2B,Johnny Evers,1922,"AL,Chicago,White Sox"
faber101,Faber,Red,B,R,CHA,P,Red Faber,1922,"AL,Chicago,White Sox"
falkb101,Falk,Bibb,L,L,CHA,OF,Bibb Falk,1922,"AL,Chicago,White Sox"
grahr101,Graham,Roy,R,R,CHA,C,Roy Graham,1922,"AL,Chicago,White Sox"
hodgs101,Hodge,Shovel,L,R,CHA,P,Shovel Hodge,1922,"AL,Chicago,White Sox"
hooph101,Hooper,Harry,L,R,CHA,OF,Harry Hooper,1922,"AL,Chicago,White Sox"
jenkj103,Jenkins,John,R,R,CHA,2B,John Jenkins,1922,"AL,Chicago,White Sox"
johne102,Johnson,Ernie,L,R,CHA,SS,Ernie Johnson,1922,"AL,Chicago,White Sox"
leved101,Leverett,Dixie,R,R,CHA,P,Dixie Leverett,1922,"AL,Chicago,White Sox"
longj103,Long,Jimmie,R,R,CHA,C,Jimmie Long,1922,"AL,Chicago,White Sox"
mackf101,Mack,Frank,R,R,CHA,P,Frank Mack,1922,"AL,Chicago,White Sox"
mccad102,McCabe,Dick,R,R,CHA,P,Dick McCabe,1922,"AL,Chicago,White Sox"
mcclh103,McClellan,Hervey,R,R,CHA,3B,Hervey McClellan,1922,"AL,Chicago,White Sox"
mcwed101,McWeeny,Doug,R,R,CHA,P,Doug McWeeny,1922,"AL,Chicago,White Sox"
mostj101,Mostil,Johnny,R,R,CHA,OF,Johnny Mostil,1922,"AL,Chicago,White Sox"
mullj103,Mulligan,Eddie,R,R,CHA,3B,Eddie Mulligan,1922,"AL,Chicago,White Sox"
pence101,Pence,Elmer,R,R,CHA,OF,Elmer Pence,1922,"AL,Chicago,White Sox"
robec101,Robertson,Charlie,L,R,CHA,P,Charlie Robertson,1922,"AL,Chicago,White Sox"
russj101,Russell,John,L,L,CHA,P,John Russell,1922,"AL,Chicago,White Sox"
schar103,Schalk,Ray,R,R,CHA,C,Ray Schalk,1922,"AL,Chicago,White Sox"
schuf102,Schupp,Ferdie,R,L,CHA,P,Ferdie Schupp,1922,"AL,Chicago,White Sox"
sheee101,Sheely,Earl,R,R,CHA,1B,Earl Sheely,1922,"AL,Chicago,White Sox"
strua102,Strunk,Amos,L,L,CHA,OF,Amos Strunk,1922,"AL,Chicago,White Sox"
swena101,Swentor,Augie,R,R,CHA,PH,Augie Swentor,1922,"AL,Chicago,White Sox"
wilkr101,Wilkinson,Roy,R,R,CHA,P,Roy Wilkinson,1922,"AL,Chicago,White Sox"
yaryy101,Yaryan,Yam,R,R,CHA,C,Yam Yaryan,1922,"AL,Chicago,White Sox"
barbw101,Barbare,Walter,R,R,BSN,2B,Walter Barbare,1922,"NL,Boston,Braves"
boect101,Boeckel,Tony,R,R,BSN,3B,Tony Boeckel,1922,"NL,Boston,Braves"
braxg101,Braxton,Garland,B,L,BSN,P,Garland Braxton,1922,"NL,Boston,Braves"
chril103,Christenbury,Lloyd,L,R,BSN,OF,Lloyd Christenbury,1922,"NL,Boston,Braves"
coonj101,Cooney,Johnny,R,L,BSN,P,Johnny Cooney,1922,"NL,Boston,Braves"
cruiw101,Cruise,Walton,L,R,BSN,OF,Walton Cruise,1922,"NL,Boston,Braves"
filld101,Fillingim,Dana,L,R,BSN,P,Dana Fillingim,1922,"NL,Boston,Braves"
fordh101,Ford,Hod,R,R,BSN,SS,Hod Ford,1922,"NL,Boston,Braves"
gallg101,Gallagher,Gil,B,R,BSN,SS,Gil Gallagher,1922,"NL,Boston,Braves"
genej101,Genewich,Joe,R,R,BSN,P,Joe Genewich,1922,"NL,Boston,Braves"
gibsf101,Gibson,Frank,B,R,BSN,C,Frank Gibson,1922,"NL,Boston,Braves"
gowdh101,Gowdy,Hank,R,R,BSN,C,Hank Gowdy,1922,"NL,Boston,Braves"
henrs101,Henry,Snake,L,L,BSN,1B,Snake Henry,1922,"NL,Boston,Braves"
holkw101,Holke,Walter,B,L,BSN,1B,Walter Holke,1922,"NL,Boston,Braves"
hulih101,Hulihan,Harry,R,L,BSN,P,Harry Hulihan,1922,"NL,Boston,Braves"
kopfl101,Kopf,Larry,B,R,BSN,2B,Larry Kopf,1922,"NL,Boston,Braves"
lansg101,Lansing,Gene,R,R,BSN,P,Gene Lansing,1922,"NL,Boston,Braves"
marqr102,Marquard,Rube,B,L,BSN,P,Rube Marquard,1922,"NL,Boston,Braves"
mattj102,Matthews,Joe,B,L,BSN,P,Joe Matthews,1922,"NL,Boston,Braves"
mcnat101,McNamara,Tim,R,R,BSN,P,Tim McNamara,1922,"NL,Boston,Braves"
mcquh101,McQuillan,Hugh,R,R,BSN,P,Hugh McQuillan,1922,"NL,Boston,Braves"
millf102,Miller,Frank,R,R,BSN,P,Frank Miller,1922,"NL,Boston,Braves"
morgc101,Morgan,Cy,R,R,BSN,P,Cy Morgan,1922,"NL,Boston,Braves"
nichf101,Nicholson,Fred,R,R,BSN,OF,Fred Nicholson,1922,"NL,Boston,Braves"
nixoa101,Nixon,Al,R,L,BSN,OF,Al Nixon,1922,"NL,Boston,Braves"
oescj101,Oeschger,Joe,R,R,BSN,P,Joe Oeschger,1922,"NL,Boston,Braves"
oneim102,O'Neil,Mickey,R,R,BSN,C,Mickey O'Neil,1922,"NL,Boston,Braves"
power101,Powell,Ray,L,R,BSN,OF,Ray Powell,1922,"NL,Boston,Braves"
roseb101,Roser,Bunny,L,L,BSN,OF,Bunny Roser,1922,"NL,Boston,Braves"
rudod101,Rudolph,Dick,R,R,BSN,P,Dick Rudolph,1922,"NL,Boston,Braves"
soutb101,Southworth,Billy,L,R,BSN,OF,Billy Southworth,1922,"NL,Boston,Braves"
watsm103,Watson,Mule,R,R,BSN,P,Mule Watson,1922,"NL,Boston,Braves"
yeara101,Yeargin,Al,R,R,BSN,P,Al Yeargin,1922,"NL,Boston,Braves"
bassj102,Bassler,Johnny,L,R,DET,C,Johnny Bassler,1922,"AL,Detroit,Tigers"
bluel101,Blue,Lu,B,L,DET,1B,Lu Blue,1922,"AL,Detroit,Tigers"
clard101,Clark,Danny,L,R,DET,2B,Danny Clark,1922,"AL,Detroit,Tigers"
cobbt101,Cobb,Ty,L,R,DET,OF,Ty Cobb,1922,"AL,Detroit,Tigers"
coleb101,Cole,Bert,L,L,DET,P,Bert Cole,1922,"AL,Detroit,Tigers"
cutsg101,Cutshaw,George,R,R,DET,2B,George Cutshaw,1922,"AL,Detroit,Tigers"
daush101,Dauss,Hooks,R,R,DET,P,Hooks Dauss,1922,"AL,Detroit,Tigers"
ehmkh101,Ehmke,Howard,R,R,DET,P,Howard Ehmke,1922,"AL,Detroit,Tigers"
flagi101,Flagstead,Ira,R,R,DET,OF,Ira Flagstead,1922,"AL,Detroit,Tigers"
fothb101,Fothergill,Bob,R,R,DET,OF,Bob Fothergill,1922,"AL,Detroit,Tigers"
gagnc101,Gagnon,Chick,R,R,DET,3B,Chick Gagnon,1922,"AL,Detroit,Tigers"
hanef101,Haney,Fred,R,R,DET,3B,Fred Haney,1922,"AL,Detroit,Tigers"
heilh101,Heilmann,Harry,R,R,DET,OF,Harry Heilmann,1922,"AL,Detroit,Tigers"
hollc102,Holling,Carl,R,R,DET,P,Carl Holling,1922,"AL,Detroit,Tigers"
hollk101,Holloway,Ken,R,R,DET,P,Ken Holloway,1922,"AL,Detroit,Tigers"
johns101,Johnson,Syl,R,R,DET,P,Syl Johnson,1922,"AL,Detroit,Tigers"
joneb103,Jones,Bob,L,R,DET,3B,Bob Jones,1922,"AL,Detroit,Tigers"
manic101,Manion,Clyde,R,R,DET,C,Clyde Manion,1922,"AL,Detroit,Tigers"
mohaj101,Mohardt,John,R,R,DET,OF,John Mohardt,1922,"AL,Detroit,Tigers"
moorr102,Moore,Roy,B,L,DET,P,Roy Moore,1922,"AL,Detroit,Tigers"
oldhr101,Oldham,Red,L,L,DET,P,Red Oldham,1922,"AL,Detroit,Tigers"
olseo101,Olsen,Ole,R,R,DET,P,Ole Olsen,1922,"AL,Detroit,Tigers"
pillh101,Pillette,Herman,R,R,DET,P,Herman Pillette,1922,"AL,Detroit,Tigers"
rignt101,Rigney,Topper,R,R,DET,SS,Topper Rigney,1922,"AL,Detroit,Tigers"
stonl101,Stoner,Lil,R,R,DET,P,Lil Stoner,1922,"AL,Detroit,Tigers"
veacb101,Veach,Bobby,L,R,DET,OF,Bobby Veach,1922,"AL,Detroit,Tigers"
woodl101,Woodall,Larry,R,R,DET,C,Larry Woodall,1922,"AL,Detroit,Tigers"
bagbj101,Bagby,Jim,B,R,CLE,P,Jim Bagby,1922,"AL,Cleveland,Indians"
bedgp101,Bedgood,Phil,R,R,CLE,P,Phil Bedgood,1922,"AL,Cleveland,Indians"
boond102,Boone,Dan,R,R,CLE,P,Dan Boone,1922,"AL,Cleveland,Indians"
clanu101,Clanton,Uke,L,L,CLE,1B,Uke Clanton,1922,"AL,Cleveland,Indians"
connj101,Connolly,Joe,R,R,CLE,OF,Joe Connolly,1922,"AL,Cleveland,Indians"
coves101,Coveleski,Stan,R,R,CLE,P,Stan Coveleski,1922,"AL,Cleveland,Indians"
dorab101,Doran,Bill,L,R,CLE,3B,Bill Doran,1922,"AL,Cleveland,Indians"
drakl101,Drake,Logan,R,R,CLE,P,Logan Drake,1922,"AL,Cleveland,Indians"
edmog101,Edmondson,George,R,R,CLE,P,George Edmondson,1922,"AL,Cleveland,Indians"
edwaj102,Edwards,James,R,L,CLE,P,James Edwards,1922,"AL,Cleveland,Indians"
evanj101,Evans,Joe,R,R,CLE,OF,Joe Evans,1922,"AL,Cleveland,Indians"
gardl101,Gardner,Larry,L,R,CLE,3B,Larry Gardner,1922,"AL,Cleveland,Indians"
granj104,Graney,Jack,L,L,CLE,OF,Jack Graney,1922,"AL,Cleveland,Indians"
guisl101,Guisto,Lou,R,R,CLE,1B,Lou Guisto,1922,"AL,Cleveland,Indians"
hamad101,Hamann,Doc,R,R,CLE,P,Doc Hamann,1922,"AL,Cleveland,Indians"
hammj101,Hammond,Jack,R,R,CLE,2B,Jack Hammond,1922,"AL,Cleveland,Indians"
jamic101,Jamieson,Charlie,L,L,CLE,OF,Charlie Jamieson,1922,"AL,Cleveland,Indians"
jeant101,Jeanes,Tex,R,R,CLE,OF,Tex Jeanes,1922,"AL,Cleveland,Indians"
kahdi101,Kahdot,Ike,R,R,CLE,3B,Ike Kahdot,1922,"AL,Cleveland,Indians"
keefd101,Keefe,Dave,L,R,CLE,P,Dave Keefe,1922,"AL,Cleveland,Indians"
lindj102,Lindsey,Jim,R,R,CLE,P,Jim Lindsey,1922,"AL,Cleveland,Indians"
mailw101,Mails,Duster,L,L,CLE,P,Duster Mails,1922,"AL,Cleveland,Indians"
mcins101,McInnis,Stuffy,R,R,CLE,1B,Stuffy McInnis,1922,"AL,Cleveland,Indians"
mcnup101,McNulty,Pat,L,R,CLE,OF,Pat McNulty,1922,"AL,Cleveland,Indians"
metid101,Metivier,Dewey,L,R,CLE,P,Dewey Metivier,1922,"AL,Cleveland,Indians"
middj101,Middleton,John,L,L,CLE,P,John Middleton,1922,"AL,Cleveland,Indians"
mortg101,Morton,Guy,R,R,CLE,P,Guy Morton,1922,"AL,Cleveland,Indians"
nunal101,Nunamaker,Les,R,R,CLE,C,Les Nunamaker,1922,"AL,Cleveland,Indians"
odent101,Odenwald,Ted,R,L,CLE,P,Ted Odenwald,1922,"AL,Cleveland,Indians"
oneis101,O'Neill,Steve,R,R,CLE,C,Steve O'Neill,1922,"AL,Cleveland,Indians"
pottn101,Pott,Nellie,L,L,CLE,P,Nellie Pott,1922,"AL,Cleveland,Indians"
rabbj101,Rabbitt,Joe,L,R,CLE,OF,Joe Rabbitt,1922,"AL,Cleveland,Indians"
sewej101,Sewell,Joe,L,R,CLE,SS,Joe Sewell,1922,"AL,Cleveland,Indians"
sewel101,Sewell,Luke,R,R,CLE,C,Luke Sewell,1922,"AL,Cleveland,Indians"
shauj101,Shaute,Joe,L,L,CLE,OF,Joe Shaute,1922,"AL,Cleveland,Indians"
shing101,Shinault,Ginger,R,R,CLE,C,Ginger Shinault,1922,"AL,Cleveland,Indians"
smits102,Smith,Sherry,R,L,CLE,P,Sherry Smith,1922,"AL,Cleveland,Indians"
sorrc101,Sorrells,Chick,R,R,CLE,SS,Chick Sorrells,1922,"AL,Cleveland,Indians"
sotha101,Sothoron,Allen,B,R,CLE,P,Allen Sothoron,1922,"AL,Cleveland,Indians"
speat101,Speaker,Tris,L,L,CLE,OF,Tris Speaker,1922,"AL,Cleveland,Indians"
stepr101,Stephenson,Riggs,R,R,CLE,3B,Riggs Stephenson,1922,"AL,Cleveland,Indians"
summh101,Summa,Homer,L,R,CLE,OF,Homer Summa,1922,"AL,Cleveland,Indians"
uhleg101,Uhle,George,R,R,CLE,P,George Uhle,1922,"AL,Cleveland,Indians"
wambb101,Wambsganss,Bill,R,R,CLE,2B,Bill Wambsganss,1922,"AL,Cleveland,Indians"
winng101,Winn,George,L,L,CLE,P,George Winn,1922,"AL,Cleveland,Indians"
woodj108,Wood,Smoky Joe,R,R,CLE,OF,Smoky Joe Wood,1922,"AL,Cleveland,Indians"
bancd101,Bancroft,Dave,B,R,NY1,SS,Dave Bancroft,1922,"NL,New York,Giants"
barnj102,Barnes,Jesse,L,R,NY1,P,Jesse Barnes,1922,"NL,New York,Giants"
barnv101,Barnes,Virgil,R,R,NY1,P,Virgil Barnes,1922,"NL,New York,Giants"
berrj103,Berry,Joe,B,R,NY1,PR,Joe Berry,1922,"NL,New York,Giants"
blumc101,Blume,Clint,R,R,NY1,P,Clint Blume,1922,"NL,New York,Giants"
booni101,Boone,Ike,L,R,NY1,PH,Ike Boone,1922,"NL,New York,Giants"
causr101,Causey,Red,R,R,NY1,P,Red Causey,1922,"NL,New York,Giants"
cunnb102,Cunningham,Bill,R,R,NY1,OF,Bill Cunningham,1922,"NL,New York,Giants"
cvenm101,Cvengros,Mike,L,L,NY1,P,Mike Cvengros,1922,"NL,New York,Giants"
dolac102,Dolan,Cozy,R,R,NY1,PR,Cozy Dolan,1922,"NL,New York,Giants"
dougp101,Douglas,Phil,R,R,NY1,P,Phil Douglas,1922,"NL,New York,Giants"
frisf101,Frisch,Frankie,B,R,NY1,2B,Frankie Frisch,1922,"NL,New York,Giants"
gasta101,Gaston,Alex,R,R,NY1,C,Alex Gaston,1922,"NL,New York,Giants"
grohh101,Groh,Heinie,R,R,NY1,3B,Heinie Groh,1922,"NL,New York,Giants"
higbm101,Higbee,Mahlon,R,R,NY1,OF,Mahlon Higbee,1922,"NL,New York,Giants"
hillc102,Hill,Carmen,R,R,NY1,P,Carmen Hill,1922,"NL,New York,Giants"
jackt101,Jackson,Travis,R,R,NY1,SS,Travis Jackson,1922,"NL,New York,Giants"
johnf101,Johnson,Fred,R,R,NY1,P,Fred Johnson,1922,"NL,New York,Giants"
jonnc101,Jonnard,Claude,R,R,NY1,P,Claude Jonnard,1922,"NL,New York,Giants"
kellg101,Kelly,High Pockets,R,R,NY1,1B,High Pockets Kelly,1922,"NL,New York,Giants"
kingl103,King,Lee,R,R,NY1,1B,Lee King,1922,"NL,New York,Giants"
macpw101,MacPhee,Waddy,R,R,NY1,3B,Waddy MacPhee,1922,"NL,New York,Giants"
maguf101,Maguire,Freddie,R,R,NY1,2B,Freddie Maguire,1922,"NL,New York,Giants"
mcquh101,McQuillan,Hugh,R,R,NY1,P,Hugh McQuillan,1922,"NL,New York,Giants"
meusi101,Meusel,Irish,R,R,NY1,OF,Irish Meusel,1922,"NL,New York,Giants"
nehfa101,Nehf,Art,L,L,NY1,P,Art Nehf,1922,"NL,New York,Giants"
rawlj101,Rawlings,Johnny,R,R,NY1,2B,Johnny Rawlings,1922,"NL,New York,Giants"
robed103,Robertson,Dave,L,L,NY1,OF,Dave Robertson,1922,"NL,New York,Giants"
ryanr101,Ryan,Rosy,L,R,NY1,P,Rosy Ryan,1922,"NL,New York,Giants"
scotj101,Scott,Jack,L,R,NY1,P,Jack Scott,1922,"NL,New York,Giants"
shear102,Shea,Red,R,R,NY1,P,Red Shea,1922,"NL,New York,Giants"
shinr101,Shinners,Ralph,R,R,NY1,OF,Ralph Shinners,1922,"NL,New York,Giants"
smite106,Smith,Earl,L,R,NY1,C,Earl Smith,1922,"NL,New York,Giants"
snydf101,Snyder,Frank,R,R,NY1,C,Frank Snyder,1922,"NL,New York,Giants"
stenc101,Stengel,Casey,L,L,NY1,OF,Casey Stengel,1922,"NL,New York,Giants"
tonef101,Toney,Fred,R,R,NY1,P,Fred Toney,1922,"NL,New York,Giants"
younr101,Youngs,Ross,L,R,NY1,OF,Ross Youngs,1922,"NL,New York,Giants"
bakef102,Baker,Home Run,L,R,NYA,3B,Home Run Baker,1922,"AL,New York,Yankees"
bushj102,Bush,Bullet Joe,R,R,NYA,P,Bullet Joe Bush,1922,"AL,New York,Yankees"
devoa101,DeVormer,Al,R,R,NYA,C,Al DeVormer,1922,"AL,New York,Yankees"
dugaj101,Dugan,Joe,R,R,NYA,3B,Joe Dugan,1922,"AL,New York,Yankees"
fewsc101,Fewster,Chick,R,R,NYA,OF,Chick Fewster,1922,"AL,New York,Yankees"
hofmf101,Hofmann,Fred,R,R,NYA,C,Fred Hofmann,1922,"AL,New York,Yankees"
hoytw101,Hoyt,Waite,R,R,NYA,P,Waite Hoyt,1922,"AL,New York,Yankees"
jones104,Jones,Sad Sam,R,R,NYA,P,Sad Sam Jones,1922,"AL,New York,Yankees"
llewc101,Llewellyn,Clem,L,R,NYA,P,Clem Llewellyn,1922,"AL,New York,Yankees"
maysc101,Mays,Carl,L,R,NYA,P,Carl Mays,1922,"AL,New York,Yankees"
mcmin101,McMillan,Norm,R,R,NYA,OF,Norm McMillan,1922,"AL,New York,Yankees"
mcnam101,McNally,Mike,R,R,NYA,3B,Mike McNally,1922,"AL,New York,Yankees"
meusb101,Meusel,Bob,R,R,NYA,OF,Bob Meusel,1922,"AL,New York,Yankees"
mille102,Miller,Elmer,R,R,NYA,OF,Elmer Miller,1922,"AL,New York,Yankees"
mitcj101,Mitchell,Johnny,B,R,NYA,SS,Johnny Mitchell,1922,"AL,New York,Yankees"
murrg101,Murray,George,R,R,NYA,P,George Murray,1922,"AL,New York,Yankees"
odoul101,O'Doul,Lefty,L,L,NYA,P,Lefty O'Doul,1922,"AL,New York,Yankees"
pippw101,Pipp,Wally,L,L,NYA,1B,Wally Pipp,1922,"AL,New York,Yankees"
ruthb101,Ruth,Babe,L,L,NYA,OF,Babe Ruth,1922,"AL,New York,Yankees"
schaw101,Schang,Wally,B,R,NYA,C,Wally Schang,1922,"AL,New York,Yankees"
scote101,Scott,Everett,R,R,NYA,SS,Everett Scott,1922,"AL,New York,Yankees"
shawb102,Shawkey,Bob,R,R,NYA,P,Bob Shawkey,1922,"AL,New York,Yankees"
skinc102,Skinner,Camp,L,R,NYA,OF,Camp Skinner,1922,"AL,New York,Yankees"
smite104,Smith,Elmer,L,R,NYA,OF,Elmer Smith,1922,"AL,New York,Yankees"
warda101,Ward,Aaron,R,R,NYA,2B,Aaron Ward,1922,"AL,New York,Yankees"
wittw101,Witt,Whitey,L,R,NYA,OF,Whitey Witt,1922,"AL,New York,Yankees"
burng102,Burns,George,R,R,BOS,1B,George Burns,1922,"AL,Boston,Red Sox"
chape102,Chaplin,Ed,L,R,BOS,C,Ed Chaplin,1922,"AL,Boston,Red Sox"
collr104,Collins,Rip,B,R,BOS,P,Rip Collins,1922,"AL,Boston,Red Sox"
colls101,Collins,Shano,R,R,BOS,OF,Shano Collins,1922,"AL,Boston,Red Sox"
dodgs101,Dodge,Sam,R,R,BOS,P,Sam Dodge,1922,"AL,Boston,Red Sox"
dugaj101,Dugan,Joe,R,R,BOS,3B,Joe Dugan,1922,"AL,Boston,Red Sox"
ferga101,Ferguson,Alex,R,R,BOS,P,Alex Ferguson,1922,"AL,Boston,Red Sox"
fewsc101,Fewster,Chick,R,R,BOS,3B,Chick Fewster,1922,"AL,Boston,Red Sox"
foste103,Foster,Eddie,R,R,BOS,3B,Eddie Foster,1922,"AL,Boston,Red Sox"
fullc102,Fullerton,Curt,L,R,BOS,P,Curt Fullerton,1922,"AL,Boston,Red Sox"
harrj103,Harris,Joe,R,R,BOS,OF,Joe Harris,1922,"AL,Boston,Red Sox"
karrb101,Karr,Benn,L,R,BOS,P,Benn Karr,1922,"AL,Boston,Red Sox"
leibn101,Leibold,Nemo,L,R,BOS,OF,Nemo Leibold,1922,"AL,Boston,Red Sox"
lyncw101,Lynch,Walt,R,R,BOS,C,Walt Lynch,1922,"AL,Boston,Red Sox"
maync101,Maynard,Chick,L,R,BOS,SS,Chick Maynard,1922,"AL,Boston,Red Sox"
menom101,Menosky,Mike,L,R,BOS,OF,Mike Menosky,1922,"AL,Boston,Red Sox"
mille102,Miller,Elmer,R,R,BOS,OF,Elmer Miller,1922,"AL,Boston,Red Sox"
mitcj101,Mitchell,Johnny,B,R,BOS,SS,Johnny Mitchell,1922,"AL,Boston,Red Sox"
myere101,Myers,Elmer,R,R,BOS,P,Elmer Myers,1922,"AL,Boston,Red Sox"
orouf101,O'Rourke,Frank,R,R,BOS,SS,Frank O'Rourke,1922,"AL,Boston,Red Sox"
pennh101,Pennock,Herb,B,L,BOS,P,Herb Pennock,1922,"AL,Boston,Red Sox"
pierb103,Piercy,Bill,R,R,BOS,P,Bill Piercy,1922,"AL,Boston,Red Sox"
pittp101,Pittenger,Pinky,R,R,BOS,3B,Pinky Pittenger,1922,"AL,Boston,Red Sox"
pratd101,Pratt,Del,R,R,BOS,2B,Del Pratt,1922,"AL,Boston,Red Sox"
quinj102,Quinn,Jack,R,R,BOS,P,Jack Quinn,1922,"AL,Boston,Red Sox"
reicd101,Reichle,Dick,L,R,BOS,OF,Dick Reichle,1922,"AL,Boston,Red Sox"
ruelm101,Ruel,Muddy,R,R,BOS,C,Muddy Ruel,1922,"AL,Boston,Red Sox"
russa101,Russell,Allen,B,R,BOS,P,Allen Russell,1922,"AL,Boston,Red Sox"
smite104,Smith,Elmer,L,R,BOS,OF,Elmer Smith,1922,"AL,Boston,Red Sox"
waltr102,Walters,Roxy,R,R,BOS,C,Roxy Walters,1922,"AL,Boston,Red Sox"
bohns101,Bohne,Sam,R,R,CIN,2B,Sam Bohne,1922,"NL,Cincinnati,Reds"
bresr101,Bressler,Rube,R,L,CIN,1B,Rube Bressler,1922,"NL,Cincinnati,Reds"
burng101,Burns,George,R,R,CIN,OF,George Burns,1922,"NL,Cincinnati,Reds"
cavei101,Caveney,Ike,R,R,CIN,SS,Ike Caveney,1922,"NL,Cincinnati,Reds"
coucj101,Couch,Johnny,L,R,CIN,P,Johnny Couch,1922,"NL,Cincinnati,Reds"
daubj101,Daubert,Jake,L,L,CIN,1B,Jake Daubert,1922,"NL,Cincinnati,Reds"
donop102,Donohue,Pete,R,R,CIN,P,Pete Donohue,1922,"NL,Cincinnati,Reds"
duncp101,Duncan,Pat,R,R,CIN,OF,Pat Duncan,1922,"NL,Cincinnati,Reds"
fonsl101,Fonseca,Lew,R,R,CIN,2B,Lew Fonseca,1922,"NL,Cincinnati,Reds"
gillj103,Gillespie,John,R,R,CIN,P,John Gillespie,1922,"NL,Cincinnati,Reds"
hargb101,Hargrave,Bubbles,R,R,CIN,C,Bubbles Hargrave,1922,"NL,Cincinnati,Reds"
harpg101,Harper,George,L,R,CIN,OF,George Harper,1922,"NL,Cincinnati,Reds"
keckc101,Keck,Cactus,R,R,CIN,P,Cactus Keck,1922,"NL,Cincinnati,Reds"
kimmw101,Kimmick,Wally,R,R,CIN,SS,Wally Kimmick,1922,"NL,Cincinnati,Reds"
luqud101,Luque,Dolf,R,R,CIN,P,Dolf Luque,1922,"NL,Cincinnati,Reds"
lutzr102,Lutz,Red,R,R,CIN,C,Red Lutz,1922,"NL,Cincinnati,Reds"
markc101,Markle,Cliff,R,R,CIN,P,Cliff Markle,1922,"NL,Cincinnati,Reds"
nealg101,Neale,Greasy,L,R,CIN,OF,Greasy Neale,1922,"NL,Cincinnati,Reds"
pineb101,Pinelli,Babe,R,R,CIN,3B,Babe Pinelli,1922,"NL,Cincinnati,Reds"
rixee101,Rixey,Eppa,R,L,CIN,P,Eppa Rixey,1922,"NL,Cincinnati,Reds"
rouse101,Roush,Edd,L,L,CIN,OF,Edd Roush,1922,"NL,Cincinnati,Reds"
schnk101,Schnell,Karl,R,R,CIN,P,Karl Schnell,1922,"NL,Cincinnati,Reds"
scotj101,Scott,Jack,L,R,CIN,P,Jack Scott,1922,"NL,Cincinnati,Reds"
wingi101,Wingo,Ivey,L,R,CIN,C,Ivey Wingo,1922,"NL,Cincinnati,Reds"
adams101,Adams,Sparky,R,R,CHN,2B,Sparky Adams,1922,"NL,Chicago,Cubs"
aldrv101,Aldridge,Vic,R,R,CHN,P,Vic Aldridge,1922,"NL,Chicago,Cubs"
alexg102,Alexander,Pete,R,R,CHN,P,Pete Alexander,1922,"NL,Chicago,Cubs"
barbt101,Barber,Turner,L,R,CHN,OF,Turner Barber,1922,"NL,Chicago,Cubs"
callm101,Callaghan,Marty,L,L,CHN,OF,Marty Callaghan,1922,"NL,Chicago,Cubs"
cheev101,Cheeves,Virgil,R,R,CHN,P,Virgil Cheeves,1922,"NL,Chicago,Cubs"
cotth101,Cotter,Hooks,L,L,CHN,PH,Hooks Cotter,1922,"NL,Chicago,Cubs"
eubau101,Eubanks,Uel,R,R,CHN,P,Uel Eubanks,1922,"NL,Chicago,Cubs"
fitzh101,Fitzgerald,Howard,L,L,CHN,OF,Howard Fitzgerald,1922,"NL,Chicago,Cubs"
flacm101,Flack,Max,L,L,CHN,OF,Max Flack,1922,"NL,Chicago,Cubs"
freeb101,Freeman,Buck,B,R,CHN,P,Buck Freeman,1922,"NL,Chicago,Cubs"
fribb101,Friberg,Bernie,R,R,CHN,OF,Bernie Friberg,1922,"NL,Chicago,Cubs"
fussf101,Fussell,Fred,L,L,CHN,P,Fred Fussell,1922,"NL,Chicago,Cubs"
golvw101,Golvin,Walt,L,L,CHN,1B,Walt Golvin,1922,"NL,Chicago,Cubs"
grang102,Grantham,George,L,R,CHN,3B,George Grantham,1922,"NL,Chicago,Cubs"
grimr103,Grimes,Ray,R,R,CHN,1B,Ray Grimes,1922,"NL,Chicago,Cubs"
hartg103,Hartnett,Gabby,R,R,CHN,C,Gabby Hartnett,1922,"NL,Chicago,Cubs"
heatc101,Heathcote,Cliff,L,L,CHN,OF,Cliff Heathcote,1922,"NL,Chicago,Cubs"
hollc101,Hollocher,Charlie,L,R,CHN,SS,Charlie Hollocher,1922,"NL,Chicago,Cubs"
jonep101,Jones,Percy,R,L,CHN,P,Percy Jones,1922,"NL,Chicago,Cubs"
kauft101,Kaufmann,Tony,R,R,CHN,P,Tony Kaufmann,1922,"NL,Chicago,Cubs"
keenv101,Keen,Vic,R,R,CHN,P,Vic Keen,1922,"NL,Chicago,Cubs"
kellj107,Kelleher,John,R,R,CHN,3B,John Kelleher,1922,"NL,Chicago,Cubs"
klugj101,Klugmann,Joe,R,R,CHN,2B,Joe Klugmann,1922,"NL,Chicago,Cubs"
krugm101,Krug,Marty,R,R,CHN,3B,Marty Krug,1922,"NL,Chicago,Cubs"
maisg101,Maisel,George,R,R,CHN,OF,George Maisel,1922,"NL,Chicago,Cubs"
marts102,Martin,Speed,R,R,CHN,P,Speed Martin,1922,"NL,Chicago,Cubs"
millh103,Miller,Hack,R,R,CHN,OF,Hack Miller,1922,"NL,Chicago,Cubs"
morre102,Morris,Ed,R,R,CHN,P,Ed Morris,1922,"NL,Chicago,Cubs"
ofarb101,O'Farrell,Bob,R,R,CHN,C,Bob O'Farrell,1922,"NL,Chicago,Cubs"
osbot101,Osborne,Tiny,L,R,CHN,P,Tiny Osborne,1922,"NL,Chicago,Cubs"
statj101,Statz,Jigger,B,R,CHN,OF,Jigger Statz,1922,"NL,Chicago,Cubs"
stueg101,Stueland,George,B,R,CHN,P,George Stueland,1922,"NL,Chicago,Cubs"
terrz101,Terry,Zeb,R,R,CHN,2B,Zeb Terry,1922,"NL,Chicago,Cubs"
weisb102,Weis,Butch,L,L,CHN,PH,Butch Weis,1922,"NL,Chicago,Cubs"
wirtk101,Wirts,Kettle,R,R,CHN,C,Kettle Wirts,1922,"NL,Chicago,Cubs"
ainse101,Ainsmith,Eddie,R,R,SLN,C,Eddie Ainsmith,1922,"NL,St.Louis,Cardinals"
bailb101,Bailey,Bill,L,L,SLN,P,Bill Bailey,1922,"NL,St.Louis,Cardinals"
barfc101,Barfoot,Clyde,R,R,SLN,P,Clyde Barfoot,1922,"NL,St.Louis,Cardinals"
bents101,Benton,Sid,R,R,SLN,P,Sid Benton,1922,"NL,St.Louis,Cardinals"
bladr102,Blades,Ray,R,R,SLN,OF,Ray Blades,1922,"NL,St.Louis,Cardinals"
bottj101,Bottomley,Jim,L,L,SLN,1B,Jim Bottomley,1922,"NL,St.Louis,Cardinals"
clemv101,Clemons,Verne,R,R,SLN,C,Verne Clemons,1922,"NL,St.Louis,Cardinals"
doakb101,Doak,Bill,R,R,SLN,P,Bill Doak,1922,"NL,St.Louis,Cardinals"
dyere101,Dyer,Eddie,L,L,SLN,P,Eddie Dyer,1922,"NL,St.Louis,Cardinals"
flacm101,Flack,Max,L,L,SLN,OF,Max Flack,1922,"NL,St.Louis,Cardinals"
fourj101,Fournier,Jack,L,R,SLN,1B,Jack Fournier,1922,"NL,St.Louis,Cardinals"
freih101,Freigau,Howard,R,R,SLN,SS,Howard Freigau,1922,"NL,St.Louis,Cardinals"
gaind101,Gainer,Del,R,R,SLN,1B,Del Gainer,1922,"NL,St.Louis,Cardinals"
goodm102,Goodwin,Marv,R,R,SLN,P,Marv Goodwin,1922,"NL,St.Louis,Cardinals"
hainj101,Haines,Jesse,R,R,SLN,P,Jesse Haines,1922,"NL,St.Louis,Cardinals"
heatc101,Heathcote,Cliff,L,L,SLN,OF,Cliff Heathcote,1922,"NL,St.Louis,Cardinals"
hornr101,Hornsby,Rogers,R,R,SLN,2B,Rogers Hornsby,1922,"NL,St.Louis,Cardinals"
knigj103,Knight,Jack,L,R,SLN,P,Jack Knight,1922,"NL,St.Louis,Cardinals"
lavad101,Lavan,Doc,R,R,SLN,SS,Doc Lavan,1922,"NL,St.Louis,Cardinals"
mannl101,Mann,Les,R,R,SLN,OF,Les Mann,1922,"NL,St.Louis,Cardinals"
mccuh101,McCurdy,Harry,L,R,SLN,C,Harry McCurdy,1922,"NL,St.Louis,Cardinals"
mchea101,McHenry,Austin,R,R,SLN,OF,Austin McHenry,1922,"NL,St.Louis,Cardinals"
muelh102,Mueller,Heinie,L,L,SLN,OF,Heinie Mueller,1922,"NL,St.Louis,Cardinals"
nortl101,North,Lou,R,R,SLN,P,Lou North,1922,"NL,St.Louis,Cardinals"
pertb101,Pertica,Bill,R,R,SLN,P,Bill Pertica,1922,"NL,St.Louis,Cardinals"
pfefj101,Pfeffer,Jeff,R,R,SLN,P,Jeff Pfeffer,1922,"NL,St.Louis,Cardinals"
schuj101,Schultz,Joe,R,R,SLN,OF,Joe Schultz,1922,"NL,St.Louis,Cardinals"
selle101,Sell,Epp,R,R,SLN,P,Epp Sell,1922,"NL,St.Louis,Cardinals"
sherb101,Sherdel,Bill,L,L,SLN,P,Bill Sherdel,1922,"NL,St.Louis,Cardinals"
shotb101,Shotton,Burt,L,R,SLN,OF,Burt Shotton,1922,"NL,St.Louis,Cardinals"
smitj106,Smith,Jack,L,L,SLN,OF,Jack Smith,1922,"NL,St.Louis,Cardinals"
stocm101,Stock,Milt,R,R,SLN,3B,Milt Stock,1922,"NL,St.Louis,Cardinals"
stuaj101,Stuart,Johnny,R,R,SLN,P,Johnny Stuart,1922,"NL,St.Louis,Cardinals"
topos101,Toporcer,Specs,L,R,SLN,SS,Specs Toporcer,1922,"NL,St.Louis,Cardinals"
vicke101,Vick,Ernie,R,R,SLN,C,Ernie Vick,1922,"NL,St.Louis,Cardinals"
walkr102,Walker,Roy,R,R,SLN,P,Roy Walker,1922,"NL,St.Louis,Cardinals"
