player_id,last,first,bats,throws,team_id,pos,player_name,year,team_name
bearg102,Bearden,Gene,L,L,WS1,P,Gene Bearden,1951,"A,Washington,Senators"
browa101,Brown,Alton,R,R,WS1,P,Alton Brown,1951,"A,Washington,Senators"
campf101,Campos,Frank,L,L,WS1,OF,Frank Campos,1951,"A,Washington,Senators"
coang101,Coan,Gil,L,R,WS1,OF,Gil Coan,1951,"A,Washington,Senators"
conss101,Consuegra,Sandy,R,R,WS1,P,Sandy Consuegra,1951,"A,Washington,Senators"
dents101,Dente,Sam,R,R,WS1,SS,Sam Dente,1951,"A,Washington,Senators"
ferrt101,Ferrick,Tom,R,R,WS1,P,Tom Ferrick,1951,"A,Washington,Senators"
grasm101,Grasso,Mickey,R,R,WS1,C,Mickey Grasso,1951,"A,Washington,Senators"
guerm102,Guerra,Mike,R,R,WS1,C,Mike Guerra,1951,"A,Washington,Senators"
harrm101,Harris,Mickey,L,L,WS1,P,Mickey Harris,1951,"A,Washington,Senators"
hawer101,Hawes,Roy,L,L,WS1,1B,Roy Hawes,1951,"A,Washington,Senators"
haynj101,Haynes,Joe,R,R,WS1,P,Joe Haynes,1951,"A,Washington,Senators"
hudss101,Hudson,Sid,R,R,WS1,P,Sid Hudson,1951,"A,Washington,Senators"
johnd102,Johnson,Don,R,R,WS1,P,Don Johnson,1951,"A,Washington,Senators"
klutc101,Kluttz,Clyde,R,R,WS1,C,Clyde Kluttz,1951,"A,Washington,Senators"
kuzab101,Kuzava,Bob,B,L,WS1,P,Bob Kuzava,1951,"A,Washington,Senators"
marrc101,Marrero,Connie,R,R,WS1,P,Connie Marrero,1951,"A,Washington,Senators"
mccom101,McCormick,Mike,R,R,WS1,OF,Mike McCormick,1951,"A,Washington,Senators"
meles101,Mele,Sam,R,R,WS1,OF,Sam Mele,1951,"A,Washington,Senators"
michc101,Michaels,Cass,R,R,WS1,2B,Cass Michaels,1951,"A,Washington,Senators"
miraw101,Miranda,Willie,B,R,WS1,SS,Willie Miranda,1951,"A,Washington,Senators"
morej102,Moreno,Julio,R,R,WS1,P,Julio Moreno,1951,"A,Washington,Senators"
norei101,Noren,Irv,L,L,WS1,OF,Irv Noren,1951,"A,Washington,Senators"
okril101,Okrie,Len,R,R,WS1,C,Len Okrie,1951,"A,Washington,Senators"
portb102,Porterfield,Bob,R,R,WS1,P,Bob Porterfield,1951,"A,Washington,Senators"
portd102,Porter,Dan,L,L,WS1,OF,Dan Porter,1951,"A,Washington,Senators"
robes102,Robertson,Sherry,L,R,WS1,OF,Sherry Robertson,1951,"A,Washington,Senators"
rossb101,Ross,Bob,R,L,WS1,P,Bob Ross,1951,"A,Washington,Senators"
runnp101,Runnels,Pete,L,R,WS1,SS,Pete Runnels,1951,"A,Washington,Senators"
sackf101,Sacka,Frank,R,R,WS1,C,Frank Sacka,1951,"A,Washington,Senators"
sanff101,Sanford,Fred,B,R,WS1,P,Fred Sanford,1951,"A,Washington,Senators"
simaa101,Sima,Al,R,L,WS1,P,Al Sima,1951,"A,Washington,Senators"
stard102,Starr,Dick,R,R,WS1,P,Dick Starr,1951,"A,Washington,Senators"
taylf101,Taylor,Fred,L,R,WS1,1B,Fred Taylor,1951,"A,Washington,Senators"
verbg101,Verble,Gene,R,R,WS1,SS,Gene Verble,1951,"A,Washington,Senators"
vernm101,Vernon,Mickey,L,L,WS1,1B,Mickey Vernon,1951,"A,Washington,Senators"
wyseh101,Wyse,Hank,R,R,WS1,P,Hank Wyse,1951,"A,Washington,Senators"
yoste101,Yost,Eddie,R,R,WS1,3B,Eddie Yost,1951,"A,Washington,Senators"
avilb101,Avila,Bobby,R,R,CLE,2B,Bobby Avila,1951,"A,Cleveland,Indians"
boonr101,Boone,Ray,R,R,CLE,SS,Ray Boone,1951,"A,Cleveland,Indians"
brisl101,Brissie,Lou,L,L,CLE,P,Lou Brissie,1951,"A,Cleveland,Indians"
chakb101,Chakales,Bob,R,R,CLE,P,Bob Chakales,1951,"A,Cleveland,Indians"
chaps101,Chapman,Sam,R,R,CLE,OF,Sam Chapman,1951,"A,Cleveland,Indians"
clara102,Clark,Allie,R,R,CLE,OF,Allie Clark,1951,"A,Cleveland,Indians"
combm101,Combs,Merl,L,R,CLE,SS,Merl Combs,1951,"A,Cleveland,Indians"
dobyl101,Doby,Larry,L,R,CLE,OF,Larry Doby,1951,"A,Cleveland,Indians"
eastl101,Easter,Luke,L,R,CLE,1B,Luke Easter,1951,"A,Cleveland,Indians"
fahrj101,Fahr,Jerry,R,R,CLE,P,Jerry Fahr,1951,"A,Cleveland,Indians"
fellb101,Feller,Bob,R,R,CLE,P,Bob Feller,1951,"A,Cleveland,Indians"
garcm101,Garcia,Mike,R,R,CLE,P,Mike Garcia,1951,"A,Cleveland,Indians"
groms101,Gromek,Steve,B,R,CLE,P,Steve Gromek,1951,"A,Cleveland,Indians"
hansd101,Hansen,Doug,R,R,CLE,PR,Doug Hansen,1951,"A,Cleveland,Indians"
harrb104,Harris,Bubba,R,R,CLE,P,Bubba Harris,1951,"A,Cleveland,Indians"
hegaj101,Hegan,Jim,R,R,CLE,C,Jim Hegan,1951,"A,Cleveland,Indians"
jones105,Jones,Sam,R,R,CLE,P,Sam Jones,1951,"A,Cleveland,Indians"
kennb104,Kennedy,Bob,R,R,CLE,OF,Bob Kennedy,1951,"A,Cleveland,Indians"
kleil101,Klein,Lou,R,R,CLE,PH,Lou Klein,1951,"A,Cleveland,Indians"
lehnp101,Lehner,Paul,L,L,CLE,OF,Paul Lehner,1951,"A,Cleveland,Indians"
lemob101,Lemon,Bob,L,R,CLE,P,Bob Lemon,1951,"A,Cleveland,Indians"
maddc101,Maddern,Clarence,R,R,CLE,OF,Clarence Maddern,1951,"A,Cleveland,Indians"
mccob101,McCosky,Barney,L,R,CLE,OF,Barney McCosky,1951,"A,Cleveland,Indians"
minom101,Minoso,Minnie,R,R,CLE,1B,Minnie Minoso,1951,"A,Cleveland,Indians"
mitcd101,Mitchell,Dale,L,L,CLE,OF,Dale Mitchell,1951,"A,Cleveland,Indians"
murrr102,Murray,Ray,R,R,CLE,C,Ray Murray,1951,"A,Cleveland,Indians"
narah101,Naragon,Hal,L,R,CLE,C,Hal Naragon,1951,"A,Cleveland,Indians"
nielm101,Nielsen,Milt,L,L,CLE,PR,Milt Nielsen,1951,"A,Cleveland,Indians"
rosea101,Rosen,Al,R,R,CLE,3B,Al Rosen,1951,"A,Cleveland,Indians"
rozed101,Rozek,Dick,L,L,CLE,P,Dick Rozek,1951,"A,Cleveland,Indians"
simph101,Simpson,Harry,L,R,CLE,OF,Harry Simpson,1951,"A,Cleveland,Indians"
stirs101,Stirnweiss,Snuffy,R,R,CLE,2B,Snuffy Stirnweiss,1951,"A,Cleveland,Indians"
tebbb101,Tebbetts,Birdie,R,R,CLE,C,Birdie Tebbetts,1951,"A,Cleveland,Indians"
tuckt102,Tucker,Thurman,L,R,CLE,PH,Thurman Tucker,1951,"A,Cleveland,Indians"
vandj101,Vander Meer,Johnny,B,L,CLE,P,Johnny Vander Meer,1951,"A,Cleveland,Indians"
wynne101,Wynn,Early,B,R,CLE,P,Early Wynn,1951,"A,Cleveland,Indians"
zuveg101,Zuverink,George,R,R,CLE,P,George Zuverink,1951,"A,Cleveland,Indians"
bearg102,Bearden,Gene,L,L,DET,P,Gene Bearden,1951,"A,Detroit,Tigers"
berrn101,Berry,Neil,R,R,DET,SS,Neil Berry,1951,"A,Detroit,Tigers"
boroh101,Borowy,Hank,R,R,DET,P,Hank Borowy,1951,"A,Detroit,Tigers"
cainb101,Cain,Bob,L,L,DET,P,Bob Cain,1951,"A,Detroit,Tigers"
calvp101,Calvert,Paul,R,R,DET,P,Paul Calvert,1951,"A,Detroit,Tigers"
daugd101,Daugherty,Doc,R,R,DET,PH,Doc Daugherty,1951,"A,Detroit,Tigers"
everh101,Evers,Hoot,R,R,DET,OF,Hoot Evers,1951,"A,Detroit,Tigers"
fedea101,Federoff,Al,R,R,DET,2B,Al Federoff,1951,"A,Detroit,Tigers"
ginsj101,Ginsberg,Joe,L,R,DET,C,Joe Ginsberg,1951,"A,Detroit,Tigers"
grayt101,Gray,Ted,B,L,DET,P,Ted Gray,1951,"A,Detroit,Tigers"
grotj102,Groth,Johnny,R,R,DET,OF,Johnny Groth,1951,"A,Detroit,Tigers"
herbr101,Herbert,Ray,R,R,DET,P,Ray Herbert,1951,"A,Detroit,Tigers"
housf103,House,Frank,L,R,DET,C,Frank House,1951,"A,Detroit,Tigers"
hutcf101,Hutchinson,Fred,L,R,DET,P,Fred Hutchinson,1951,"A,Detroit,Tigers"
johne105,Johnson,Earl,L,L,DET,P,Earl Johnson,1951,"A,Detroit,Tigers"
kellc101,Keller,Charlie,L,R,DET,OF,Charlie Keller,1951,"A,Detroit,Tigers"
kellg102,Kell,George,R,R,DET,3B,George Kell,1951,"A,Detroit,Tigers"
kolld101,Kolloway,Don,R,R,DET,1B,Don Kolloway,1951,"A,Detroit,Tigers"
kryhd101,Kryhoski,Dick,L,L,DET,1B,Dick Kryhoski,1951,"A,Detroit,Tigers"
lipoj101,Lipon,Johnny,R,R,DET,SS,Johnny Lipon,1951,"A,Detroit,Tigers"
marld101,Marlowe,Dick,R,R,DET,P,Dick Marlowe,1951,"A,Detroit,Tigers"
mclew101,McLeland,Wayne,R,R,DET,P,Wayne McLeland,1951,"A,Detroit,Tigers"
mullp101,Mullin,Pat,L,R,DET,OF,Pat Mullin,1951,"A,Detroit,Tigers"
newhh101,Newhouser,Hal,L,L,DET,P,Hal Newhouser,1951,"A,Detroit,Tigers"
pridj101,Priddy,Jerry,R,R,DET,2B,Jerry Priddy,1951,"A,Detroit,Tigers"
robia101,Robinson,Aaron,L,R,DET,C,Aaron Robinson,1951,"A,Detroit,Tigers"
rogos101,Rogovin,Saul,R,R,DET,P,Saul Rogovin,1951,"A,Detroit,Tigers"
soucb101,Souchock,Bud,R,R,DET,OF,Bud Souchock,1951,"A,Detroit,Tigers"
stuam101,Stuart,Marlin,L,R,DET,P,Marlin Stuart,1951,"A,Detroit,Tigers"
sullr101,Sullivan,Russ,L,R,DET,OF,Russ Sullivan,1951,"A,Detroit,Tigers"
swifb102,Swift,Bob,R,R,DET,C,Bob Swift,1951,"A,Detroit,Tigers"
troud101,Trout,Dizzy,R,R,DET,P,Dizzy Trout,1951,"A,Detroit,Tigers"
trucv101,Trucks,Virgil,R,R,DET,P,Virgil Trucks,1951,"A,Detroit,Tigers"
wertv101,Wertz,Vic,L,R,DET,OF,Vic Wertz,1951,"A,Detroit,Tigers"
whith101,White,Hal,R,R,DET,P,Hal White,1951,"A,Detroit,Tigers"
addib101,Addis,Bob,L,R,BSN,OF,Bob Addis,1951,"N,Boston,Braves"
bickv101,Bickford,Vern,R,R,BSN,P,Vern Bickford,1951,"N,Boston,Braves"
burdl101,Burdette,Lew,R,R,BSN,P,Lew Burdette,1951,"N,Boston,Braves"
chipb101,Chipman,Bob,L,L,BSN,P,Bob Chipman,1951,"N,Boston,Braves"
coled103,Cole,Dave,R,R,BSN,P,Dave Cole,1951,"N,Boston,Braves"
coopw102,Cooper,Walker,R,R,BSN,C,Walker Cooper,1951,"N,Boston,Braves"
donnb101,Donnelly,Blix,R,R,BSN,P,Blix Donnelly,1951,"N,Boston,Braves"
donod101,Donovan,Dick,L,R,BSN,P,Dick Donovan,1951,"N,Boston,Braves"
ellib103,Elliott,Bob,R,R,BSN,3B,Bob Elliott,1951,"N,Boston,Braves"
estog101,Estock,George,R,R,BSN,P,George Estock,1951,"N,Boston,Braves"
gords101,Gordon,Sid,R,R,BSN,OF,Sid Gordon,1951,"N,Boston,Braves"
hartr101,Hartsfield,Roy,R,R,BSN,2B,Roy Hartsfield,1951,"N,Boston,Braves"
hogub101,Hogue,Bobby,R,R,BSN,P,Bobby Hogue,1951,"N,Boston,Braves"
holmt101,Holmes,Tommy,L,L,BSN,OF,Tommy Holmes,1951,"N,Boston,Braves"
jeths101,Jethroe,Sam,B,R,BSN,OF,Sam Jethroe,1951,"N,Boston,Braves"
kerrb101,Kerr,Buddy,R,R,BSN,SS,Buddy Kerr,1951,"N,Boston,Braves"
logaj101,Logan,Johnny,R,R,BSN,SS,Johnny Logan,1951,"N,Boston,Braves"
marql101,Marquez,Luis,R,R,BSN,OF,Luis Marquez,1951,"N,Boston,Braves"
marsw101,Marshall,Willard,L,R,BSN,OF,Willard Marshall,1951,"N,Boston,Braves"
maucg101,Mauch,Gene,R,R,BSN,SS,Gene Mauch,1951,"N,Boston,Braves"
muelr101,Mueller,Ray,R,R,BSN,C,Ray Mueller,1951,"N,Boston,Braves"
nichc102,Nichols,Chet,B,L,BSN,P,Chet Nichols,1951,"N,Boston,Braves"
olmol101,Olmo,Luis,R,R,BSN,OF,Luis Olmo,1951,"N,Boston,Braves"
painp101,Paine,Phil,R,R,BSN,P,Phil Paine,1951,"N,Boston,Braves"
sainj101,Sain,Johnny,R,R,BSN,P,Johnny Sain,1951,"N,Boston,Braves"
schas101,Schacht,Sid,R,R,BSN,P,Sid Schacht,1951,"N,Boston,Braves"
sists101,Sisti,Sibby,R,R,BSN,SS,Sibby Sisti,1951,"N,Boston,Braves"
spahw101,Spahn,Warren,L,L,BSN,P,Warren Spahn,1951,"N,Boston,Braves"
stcle101,St. Claire,Ebba,B,R,BSN,C,Ebba St. Claire,1951,"N,Boston,Braves"
surkm101,Surkont,Max,R,R,BSN,P,Max Surkont,1951,"N,Boston,Braves"
thorb102,Thorpe,Bob,R,R,BSN,PH,Bob Thorpe,1951,"N,Boston,Braves"
torge101,Torgeson,Earl,L,L,BSN,1B,Earl Torgeson,1951,"N,Boston,Braves"
wilsj104,Wilson,Jim,R,R,BSN,P,Jim Wilson,1951,"N,Boston,Braves"
aloml101,Aloma,Luis,R,R,CHA,P,Luis Aloma,1951,"A,Chicago,White Sox"
bakef103,Baker,Floyd,L,R,CHA,3B,Floyd Baker,1951,"A,Chicago,White Sox"
boydb102,Boyd,Bob,L,L,CHA,1B,Bob Boyd,1951,"A,Chicago,White Sox"
browh101,Brown,Hal,R,R,CHA,P,Hal Brown,1951,"A,Chicago,White Sox"
busbj101,Busby,Jim,R,R,CHA,OF,Jim Busby,1951,"A,Chicago,White Sox"
cainb101,Cain,Bob,L,L,CHA,P,Bob Cain,1951,"A,Chicago,White Sox"
carrc105,Carrasquel,Chico,R,R,CHA,SS,Chico Carrasquel,1951,"A,Chicago,White Sox"
coler102,Coleman,Ray,L,R,CHA,OF,Ray Coleman,1951,"A,Chicago,White Sox"
demaj101,DeMaestri,Joe,R,R,CHA,SS,Joe DeMaestri,1951,"A,Chicago,White Sox"
dillb102,Dillinger,Bob,R,R,CHA,3B,Bob Dillinger,1951,"A,Chicago,White Sox"
dobsj101,Dobson,Joe,R,R,CHA,P,Joe Dobson,1951,"A,Chicago,White Sox"
dorif101,Dorish,Fritz,R,R,CHA,P,Fritz Dorish,1951,"A,Chicago,White Sox"
erauj101,Erautt,Joe,R,R,CHA,C,Joe Erautt,1951,"A,Chicago,White Sox"
fox-n101,Fox,Nellie,L,R,CHA,2B,Nellie Fox,1951,"A,Chicago,White Sox"
goldg101,Goldsberry,Gordon,L,L,CHA,1B,Gordon Goldsberry,1951,"A,Chicago,White Sox"
grimr102,Grimsley,Ross,L,L,CHA,P,Ross Grimsley,1951,"A,Chicago,White Sox"
gumpr101,Gumpert,Randy,R,R,CHA,P,Randy Gumpert,1951,"A,Chicago,White Sox"
haasb102,Haas,Bert,R,R,CHA,1B,Bert Haas,1951,"A,Chicago,White Sox"
hairs101,Hairston,Sam,R,R,CHA,C,Sam Hairston,1951,"A,Chicago,White Sox"
holck101,Holcombe,Ken,R,R,CHA,P,Ken Holcombe,1951,"A,Chicago,White Sox"
judsh101,Judson,Howie,R,R,CHA,P,Howie Judson,1951,"A,Chicago,White Sox"
kretl101,Kretlow,Lou,R,R,CHA,P,Lou Kretlow,1951,"A,Chicago,White Sox"
lehnp101,Lehner,Paul,L,L,CHA,OF,Paul Lehner,1951,"A,Chicago,White Sox"
lenhd101,Lenhardt,Don,R,R,CHA,OF,Don Lenhardt,1951,"A,Chicago,White Sox"
littd102,Littlefield,Dick,L,L,CHA,P,Dick Littlefield,1951,"A,Chicago,White Sox"
mahob101,Mahoney,Bob,R,R,CHA,P,Bob Mahoney,1951,"A,Chicago,White Sox"
majeh101,Majeski,Hank,R,R,CHA,3B,Hank Majeski,1951,"A,Chicago,White Sox"
masip101,Masi,Phil,R,R,CHA,C,Phil Masi,1951,"A,Chicago,White Sox"
minom101,Minoso,Minnie,R,R,CHA,OF,Minnie Minoso,1951,"A,Chicago,White Sox"
nelsr103,Nelson,Rocky,L,L,CHA,PH,Rocky Nelson,1951,"A,Chicago,White Sox"
niarg101,Niarhos,Gus,R,R,CHA,C,Gus Niarhos,1951,"A,Chicago,White Sox"
phild102,Philley,Dave,B,R,CHA,OF,Dave Philley,1951,"A,Chicago,White Sox"
pierb101,Pierce,Billy,L,L,CHA,P,Billy Pierce,1951,"A,Chicago,White Sox"
robie101,Robinson,Eddie,L,R,CHA,1B,Eddie Robinson,1951,"A,Chicago,White Sox"
rogos101,Rogovin,Saul,R,R,CHA,P,Saul Rogovin,1951,"A,Chicago,White Sox"
rotbm101,Rotblatt,Marv,B,L,CHA,P,Marv Rotblatt,1951,"A,Chicago,White Sox"
sheeb101,Sheely,Bud,L,R,CHA,C,Bud Sheely,1951,"A,Chicago,White Sox"
stewb101,Stewart,Bud,L,R,CHA,OF,Bud Stewart,1951,"A,Chicago,White Sox"
wilsr102,Wilson,Red,R,R,CHA,C,Red Wilson,1951,"A,Chicago,White Sox"
zaria101,Zarilla,Al,L,R,CHA,OF,Al Zarilla,1951,"A,Chicago,White Sox"
zerng101,Zernial,Gus,R,R,CHA,OF,Gus Zernial,1951,"A,Chicago,White Sox"
ashbr101,Ashburn,Richie,L,R,PHI,OF,Richie Ashburn,1951,"N,Philadelphia,Phillies"
blooj101,Bloodworth,Jimmy,R,R,PHI,2B,Jimmy Bloodworth,1951,"N,Philadelphia,Phillies"
britj102,Brittin,Jack,R,R,PHI,P,Jack Brittin,1951,"N,Philadelphia,Phillies"
browt103,Brown,Tommy,R,R,PHI,OF,Tommy Brown,1951,"N,Philadelphia,Phillies"
cabap101,Caballero,Putsy,R,R,PHI,2B,Putsy Caballero,1951,"N,Philadelphia,Phillies"
candm101,Candini,Milo,R,R,PHI,P,Milo Candini,1951,"N,Philadelphia,Phillies"
churb101,Church,Bubba,R,R,PHI,P,Bubba Church,1951,"N,Philadelphia,Phillies"
clarm102,Clark,Mel,R,R,PHI,OF,Mel Clark,1951,"N,Philadelphia,Phillies"
crisl101,Cristante,Leo,R,R,PHI,P,Leo Cristante,1951,"N,Philadelphia,Phillies"
drewk101,Drews,Karl,R,R,PHI,P,Karl Drews,1951,"N,Philadelphia,Phillies"
ennid101,Ennis,Del,R,R,PHI,OF,Del Ennis,1951,"N,Philadelphia,Phillies"
golim101,Goliat,Mike,R,R,PHI,2B,Mike Goliat,1951,"N,Philadelphia,Phillies"
hamng102,Hamner,Granny,R,R,PHI,SS,Granny Hamner,1951,"N,Philadelphia,Phillies"
hansa101,Hansen,Andy,R,R,PHI,P,Andy Hansen,1951,"N,Philadelphia,Phillies"
heink101,Heintzelman,Ken,R,L,PHI,P,Ken Heintzelman,1951,"N,Philadelphia,Phillies"
holls101,Hollmig,Stan,R,R,PHI,PH,Stan Hollmig,1951,"N,Philadelphia,Phillies"
johnk101,Johnson,Ken,L,L,PHI,P,Ken Johnson,1951,"N,Philadelphia,Phillies"
jonew101,Jones,Willie,R,R,PHI,3B,Willie Jones,1951,"N,Philadelphia,Phillies"
jordn101,Jordan,Niles,L,L,PHI,P,Niles Jordan,1951,"N,Philadelphia,Phillies"
konsj101,Konstanty,Jim,R,R,PHI,P,Jim Konstanty,1951,"N,Philadelphia,Phillies"
lopas101,Lopata,Stan,R,R,PHI,C,Stan Lopata,1951,"N,Philadelphia,Phillies"
mayoj101,Mayo,Jackie,L,R,PHI,OF,Jackie Mayo,1951,"N,Philadelphia,Phillies"
meyer101,Meyer,Russ,B,R,PHI,P,Russ Meyer,1951,"N,Philadelphia,Phillies"
millb103,Miller,Bob,R,R,PHI,P,Bob Miller,1951,"N,Philadelphia,Phillies"
nichb101,Nicholson,Bill,L,R,PHI,OF,Bill Nicholson,1951,"N,Philadelphia,Phillies"
pelle101,Pellagrini,Eddie,R,R,PHI,2B,Eddie Pellagrini,1951,"N,Philadelphia,Phillies"
possl101,Possehl,Lou,R,R,PHI,P,Lou Possehl,1951,"N,Philadelphia,Phillies"
rober102,Roberts,Robin,B,R,PHI,P,Robin Roberts,1951,"N,Philadelphia,Phillies"
sanie101,Sanicki,Ed,R,R,PHI,OF,Ed Sanicki,1951,"N,Philadelphia,Phillies"
semia101,Seminick,Andy,R,R,PHI,C,Andy Seminick,1951,"N,Philadelphia,Phillies"
silvk101,Silvestri,Ken,B,R,PHI,C,Ken Silvestri,1951,"N,Philadelphia,Phillies"
sisld101,Sisler,Dick,L,R,PHI,OF,Dick Sisler,1951,"N,Philadelphia,Phillies"
thomj101,Thompson,Jocko,L,L,PHI,P,Jocko Thompson,1951,"N,Philadelphia,Phillies"
waite101,Waitkus,Eddie,L,L,PHI,1B,Eddie Waitkus,1951,"N,Philadelphia,Phillies"
whitd103,Whitman,Dick,L,R,PHI,OF,Dick Whitman,1951,"N,Philadelphia,Phillies"
wilbd101,Wilber,Del,R,R,PHI,C,Del Wilber,1951,"N,Philadelphia,Phillies"
yound101,Young,Dick,L,R,PHI,2B,Dick Young,1951,"N,Philadelphia,Phillies"
arfth101,Arft,Hank,L,L,SLA,1B,Hank Arft,1951,"A,St.Louis,Browns"
battm101,Batts,Matt,R,R,SLA,C,Matt Batts,1951,"A,St.Louis,Browns"
beraj101,Berardino,Johnny,R,R,SLA,3B,Johnny Berardino,1951,"A,St.Louis,Browns"
beroj101,Bero,Johnny,L,R,SLA,SS,Johnny Bero,1951,"A,St.Louis,Browns"
byrnt101,Byrne,Tommy,L,L,SLA,P,Tommy Byrne,1951,"A,St.Louis,Browns"
coler102,Coleman,Ray,L,R,SLA,OF,Ray Coleman,1951,"A,St.Louis,Browns"
delsj101,Delsing,Jim,L,R,SLA,OF,Jim Delsing,1951,"A,St.Louis,Browns"
demab101,DeMars,Billy,R,R,SLA,SS,Billy DeMars,1951,"A,St.Louis,Browns"
dyckj101,Dyck,Jim,R,R,SLA,3B,Jim Dyck,1951,"A,St.Louis,Browns"
fannc101,Fannin,Cliff,L,R,SLA,P,Cliff Fannin,1951,"A,St.Louis,Browns"
gaede101,Gaedel,Eddie,R,L,SLA,PH,Eddie Gaedel,1951,"A,St.Louis,Browns"
garvn102,Garver,Ned,R,R,SLA,P,Ned Garver,1951,"A,St.Louis,Browns"
golim101,Goliat,Mike,R,R,SLA,2B,Mike Goliat,1951,"A,St.Louis,Browns"
herrb102,Herrera,Bobby,R,R,SLA,P,Bobby Herrera,1951,"A,St.Louis,Browns"
hogub101,Hogue,Bobby,R,R,SLA,P,Bobby Hogue,1951,"A,St.Louis,Browns"
jennb101,Jennings,Bill,R,R,SLA,SS,Bill Jennings,1951,"A,St.Louis,Browns"
johnd102,Johnson,Don,R,R,SLA,P,Don Johnson,1951,"A,St.Louis,Browns"
kennb103,Kennedy,Bill,L,L,SLA,P,Bill Kennedy,1951,"A,St.Louis,Browns"
klutc101,Kluttz,Clyde,R,R,SLA,C,Clyde Kluttz,1951,"A,St.Louis,Browns"
lehnp101,Lehner,Paul,L,L,SLA,OF,Paul Lehner,1951,"A,St.Louis,Browns"
lenhd101,Lenhardt,Don,R,R,SLA,OF,Don Lenhardt,1951,"A,St.Louis,Browns"
lolls101,Lollar,Sherm,R,R,SLA,C,Sherm Lollar,1951,"A,St.Louis,Browns"
longd101,Long,Dale,L,L,SLA,1B,Dale Long,1951,"A,St.Louis,Browns"
lutzj101,Lutz,Joe,L,L,SLA,1B,Joe Lutz,1951,"A,St.Louis,Browns"
maguj101,Maguire,Jack,R,R,SLA,OF,Jack Maguire,1951,"A,St.Louis,Browns"
mahob101,Mahoney,Bob,R,R,SLA,P,Bob Mahoney,1951,"A,St.Louis,Browns"
mapec101,Mapes,Cliff,L,R,SLA,OF,Cliff Mapes,1951,"A,St.Louis,Browns"
markd101,Markell,Duke,R,R,SLA,P,Duke Markell,1951,"A,St.Louis,Browns"
marsf101,Marsh,Fred,R,R,SLA,3B,Fred Marsh,1951,"A,St.Louis,Browns"
mcdoj104,McDonald,Jim,R,R,SLA,P,Jim McDonald,1951,"A,St.Louis,Browns"
medli101,Medlinger,Irv,L,L,SLA,P,Irv Medlinger,1951,"A,St.Louis,Browns"
mossl101,Moss,Les,R,R,SLA,C,Les Moss,1951,"A,St.Louis,Browns"
niemb101,Nieman,Bob,R,R,SLA,OF,Bob Nieman,1951,"A,St.Louis,Browns"
overs101,Overmire,Stubby,R,L,SLA,P,Stubby Overmire,1951,"A,St.Louis,Browns"
paigs101,Paige,Satchel,R,R,SLA,P,Satchel Paige,1951,"A,St.Louis,Browns"
pilld101,Pillette,Duane,R,R,SLA,P,Duane Pillette,1951,"A,St.Louis,Browns"
rappe101,Rapp,Earl,L,R,SLA,OF,Earl Rapp,1951,"A,St.Louis,Browns"
sanff101,Sanford,Fred,B,R,SLA,P,Fred Sanford,1951,"A,St.Louis,Browns"
saucf101,Saucier,Frank,L,R,SLA,OF,Frank Saucier,1951,"A,St.Louis,Browns"
schas101,Schacht,Sid,R,R,SLA,P,Sid Schacht,1951,"A,St.Louis,Browns"
sievr101,Sievers,Roy,R,R,SLA,OF,Roy Sievers,1951,"A,St.Louis,Browns"
sleal101,Sleater,Lou,L,L,SLA,P,Lou Sleater,1951,"A,St.Louis,Browns"
stard102,Starr,Dick,R,R,SLA,P,Dick Starr,1951,"A,St.Louis,Browns"
suchj101,Suchecki,Jim,R,R,SLA,P,Jim Suchecki,1951,"A,St.Louis,Browns"
taylb106,Taylor,Ben,L,L,SLA,1B,Ben Taylor,1951,"A,St.Louis,Browns"
thomb103,Thomas,Bud,R,R,SLA,SS,Bud Thomas,1951,"A,St.Louis,Browns"
turlb101,Turley,Bob,R,R,SLA,P,Bob Turley,1951,"A,St.Louis,Browns"
uptot101,Upton,Tom,R,R,SLA,SS,Tom Upton,1951,"A,St.Louis,Browns"
wahlk101,Wahl,Kermit,R,R,SLA,3B,Kermit Wahl,1951,"A,St.Louis,Browns"
widma101,Widmar,Al,R,R,SLA,P,Al Widmar,1951,"A,St.Louis,Browns"
woodk101,Wood,Ken,R,R,SLA,OF,Ken Wood,1951,"A,St.Louis,Browns"
younb101,Young,Bobby,L,R,SLA,2B,Bobby Young,1951,"A,St.Louis,Browns"
astrj101,Astroth,Joe,R,R,PHA,C,Joe Astroth,1951,"A,Philadelphia,Athletics"
brisl101,Brissie,Lou,L,L,PHA,P,Lou Brissie,1951,"A,Philadelphia,Athletics"
burtm101,Burtschy,Moe,R,R,PHA,P,Moe Burtschy,1951,"A,Philadelphia,Athletics"
chaps101,Chapman,Sam,R,R,PHA,OF,Sam Chapman,1951,"A,Philadelphia,Athletics"
clara102,Clark,Allie,R,R,PHA,OF,Allie Clark,1951,"A,Philadelphia,Athletics"
colej101,Coleman,Joe,R,R,PHA,P,Joe Coleman,1951,"A,Philadelphia,Athletics"
davit101,Davis,Tod,R,R,PHA,2B,Tod Davis,1951,"A,Philadelphia,Athletics"
fainf101,Fain,Ferris,L,L,PHA,1B,Ferris Fain,1951,"A,Philadelphia,Athletics"
fowld101,Fowler,Dick,R,R,PHA,P,Dick Fowler,1951,"A,Philadelphia,Athletics"
harrb104,Harris,Bubba,R,R,PHA,P,Bubba Harris,1951,"A,Philadelphia,Athletics"
hitcb101,Hitchcock,Billy,R,R,PHA,3B,Billy Hitchcock,1951,"A,Philadelphia,Athletics"
hoopb101,Hooper,Bob,R,R,PHA,P,Bob Hooper,1951,"A,Philadelphia,Athletics"
joose101,Joost,Eddie,R,R,PHA,SS,Eddie Joost,1951,"A,Philadelphia,Athletics"
kella103,Kellner,Alex,R,L,PHA,P,Alex Kellner,1951,"A,Philadelphia,Athletics"
kleil101,Klein,Lou,R,R,PHA,2B,Lou Klein,1951,"A,Philadelphia,Athletics"
kucaj101,Kucab,Johnny,R,R,PHA,P,Johnny Kucab,1951,"A,Philadelphia,Athletics"
lehnp101,Lehner,Paul,L,L,PHA,OF,Paul Lehner,1951,"A,Philadelphia,Athletics"
limml101,Limmer,Lou,L,L,PHA,1B,Lou Limmer,1951,"A,Philadelphia,Athletics"
majeh101,Majeski,Hank,R,R,PHA,3B,Hank Majeski,1951,"A,Philadelphia,Athletics"
martm101,Martin,Morrie,L,L,PHA,P,Morrie Martin,1951,"A,Philadelphia,Athletics"
mccob101,McCosky,Barney,L,R,PHA,OF,Barney McCosky,1951,"A,Philadelphia,Athletics"
mosew101,Moses,Wally,L,L,PHA,OF,Wally Moses,1951,"A,Philadelphia,Athletics"
murrr102,Murray,Ray,R,R,PHA,C,Ray Murray,1951,"A,Philadelphia,Athletics"
phild102,Philley,Dave,B,R,PHA,OF,Dave Philley,1951,"A,Philadelphia,Athletics"
samce101,Samcoff,Ed,R,R,PHA,2B,Ed Samcoff,1951,"A,Philadelphia,Athletics"
schec101,Scheib,Carl,R,R,PHA,P,Carl Scheib,1951,"A,Philadelphia,Athletics"
shanb102,Shantz,Bobby,R,L,PHA,P,Bobby Shantz,1951,"A,Philadelphia,Athletics"
sudep101,Suder,Pete,R,R,PHA,2B,Pete Suder,1951,"A,Philadelphia,Athletics"
tiptj101,Tipton,Joe,R,R,PHA,C,Joe Tipton,1951,"A,Philadelphia,Athletics"
valoe101,Valo,Elmer,L,R,PHA,OF,Elmer Valo,1951,"A,Philadelphia,Athletics"
wahlk101,Wahl,Kermit,R,R,PHA,3B,Kermit Wahl,1951,"A,Philadelphia,Athletics"
wyseh101,Wyse,Hank,R,R,PHA,P,Hank Wyse,1951,"A,Philadelphia,Athletics"
zerng101,Zernial,Gus,R,R,PHA,OF,Gus Zernial,1951,"A,Philadelphia,Athletics"
zolds101,Zoldak,Sam,L,L,PHA,P,Sam Zoldak,1951,"A,Philadelphia,Athletics"
basgm101,Basgall,Monty,R,R,PIT,2B,Monty Basgall,1951,"N,Pittsburgh,Pirates"
beart101,Beard,Ted,L,L,PIT,OF,Ted Beard,1951,"N,Pittsburgh,Pirates"
bellg103,Bell,Gus,L,R,PIT,OF,Gus Bell,1951,"N,Pittsburgh,Pirates"
carld101,Carlsen,Don,R,R,PIT,P,Don Carlsen,1951,"N,Pittsburgh,Pirates"
castp102,Castiglione,Pete,R,R,PIT,3B,Pete Castiglione,1951,"N,Pittsburgh,Pirates"
chamc102,Chambers,Cliff,L,L,PIT,P,Cliff Chambers,1951,"N,Pittsburgh,Pirates"
coled101,Cole,Dick,R,R,PIT,2B,Dick Cole,1951,"N,Pittsburgh,Pirates"
dempc101,Dempsey,Con,R,R,PIT,P,Con Dempsey,1951,"N,Pittsburgh,Pirates"
dickm101,Dickson,Murry,R,R,PIT,P,Murry Dickson,1951,"N,Pittsburgh,Pirates"
dillb102,Dillinger,Bob,R,R,PIT,3B,Bob Dillinger,1951,"N,Pittsburgh,Pirates"
dusae101,Dusak,Erv,R,R,PIT,OF,Erv Dusak,1951,"N,Pittsburgh,Pirates"
fishh101,Fisher,Harry,L,R,PIT,PH,Harry Fisher,1951,"N,Pittsburgh,Pirates"
fitze101,Fitz Gerald,Ed,R,R,PIT,C,Ed Fitz Gerald,1951,"N,Pittsburgh,Pirates"
frieb102,Friend,Bob,R,R,PIT,P,Bob Friend,1951,"N,Pittsburgh,Pirates"
garaj101,Garagiola,Joe,L,R,PIT,C,Joe Garagiola,1951,"N,Pittsburgh,Pirates"
howeb101,Howerton,Bill,L,R,PIT,OF,Bill Howerton,1951,"N,Pittsburgh,Pirates"
kiner101,Kiner,Ralph,R,R,PIT,OF,Ralph Kiner,1951,"N,Pittsburgh,Pirates"
koskb101,Koski,Bill,R,R,PIT,P,Bill Koski,1951,"N,Pittsburgh,Pirates"
lapap102,LaPalme,Paul,L,L,PIT,P,Paul LaPalme,1951,"N,Pittsburgh,Pirates"
law-v101,Law,Vern,R,R,PIT,P,Vern Law,1951,"N,Pittsburgh,Pirates"
longd101,Long,Dale,L,L,PIT,1B,Dale Long,1951,"N,Pittsburgh,Pirates"
maguj101,Maguire,Jack,R,R,PIT,2B,Jack Maguire,1951,"N,Pittsburgh,Pirates"
mccuc101,McCullough,Clyde,R,R,PIT,C,Clyde McCullough,1951,"N,Pittsburgh,Pirates"
mersj101,Merson,Jack,R,R,PIT,2B,Jack Merson,1951,"N,Pittsburgh,Pirates"
metkg101,Metkovich,George,L,L,PIT,OF,George Metkovich,1951,"N,Pittsburgh,Pirates"
muirj101,Muir,Joe,L,L,PIT,P,Joe Muir,1951,"N,Pittsburgh,Pirates"
murtd101,Murtaugh,Danny,R,R,PIT,2B,Danny Murtaugh,1951,"N,Pittsburgh,Pirates"
nelsr103,Nelson,Rocky,L,L,PIT,1B,Rocky Nelson,1951,"N,Pittsburgh,Pirates"
pettp101,Pettit,Paul,L,L,PIT,P,Paul Pettit,1951,"N,Pittsburgh,Pirates"
philj101,Phillips,Jack,R,R,PIT,1B,Jack Phillips,1951,"N,Pittsburgh,Pirates"
pollh101,Pollet,Howie,L,L,PIT,P,Howie Pollet,1951,"N,Pittsburgh,Pirates"
queem101,Queen,Mel,R,R,PIT,P,Mel Queen,1951,"N,Pittsburgh,Pirates"
reisp101,Reiser,Pete,L,R,PIT,OF,Pete Reiser,1951,"N,Pittsburgh,Pirates"
restd101,Restelli,Dino,R,R,PIT,OF,Dino Restelli,1951,"N,Pittsburgh,Pirates"
rojes101,Rojek,Stan,R,R,PIT,SS,Stan Rojek,1951,"N,Pittsburgh,Pirates"
safft101,Saffell,Tom,L,R,PIT,OF,Tom Saffell,1951,"N,Pittsburgh,Pirates"
scheh103,Schenz,Hank,R,R,PIT,2B,Hank Schenz,1951,"N,Pittsburgh,Pirates"
smitd103,Smith,Dick,R,R,PIT,3B,Dick Smith,1951,"N,Pittsburgh,Pirates"
strig102,Strickland,George,R,R,PIT,SS,George Strickland,1951,"N,Pittsburgh,Pirates"
thomf103,Thomas,Frank,R,R,PIT,OF,Frank Thomas,1951,"N,Pittsburgh,Pirates"
walsj107,Walsh,Junior,R,R,PIT,P,Junior Walsh,1951,"N,Pittsburgh,Pirates"
werlb101,Werle,Bill,L,L,PIT,P,Bill Werle,1951,"N,Pittsburgh,Pirates"
westw102,Westlake,Wally,R,R,PIT,3B,Wally Westlake,1951,"N,Pittsburgh,Pirates"
wilkt101,Wilks,Ted,R,R,PIT,P,Ted Wilks,1951,"N,Pittsburgh,Pirates"
yochl101,Yochim,Len,L,L,PIT,P,Len Yochim,1951,"N,Pittsburgh,Pirates"
abrac101,Abrams,Cal,L,L,BRO,OF,Cal Abrams,1951,"N,Brooklyn,Dodgers"
bankd101,Bankhead,Dan,R,R,BRO,P,Dan Bankhead,1951,"N,Brooklyn,Dodgers"
belaw101,Belardi,Wayne,L,L,BRO,PH,Wayne Belardi,1951,"N,Brooklyn,Dodgers"
branr103,Branca,Ralph,R,R,BRO,P,Ralph Branca,1951,"N,Brooklyn,Dodgers"
bridr101,Bridges,Rocky,R,R,BRO,3B,Rocky Bridges,1951,"N,Brooklyn,Dodgers"
browt103,Brown,Tommy,R,R,BRO,OF,Tommy Brown,1951,"N,Brooklyn,Dodgers"
campr102,Campanella,Roy,R,R,BRO,C,Roy Campanella,1951,"N,Brooklyn,Dodgers"
cox-b101,Cox,Billy,R,R,BRO,3B,Billy Cox,1951,"N,Brooklyn,Dodgers"
edwab101,Edwards,Bruce,R,R,BRO,C,Bruce Edwards,1951,"N,Brooklyn,Dodgers"
edwah101,Edwards,Hank,L,L,BRO,PH,Hank Edwards,1951,"N,Brooklyn,Dodgers"
erskc101,Erskine,Carl,R,R,BRO,P,Carl Erskine,1951,"N,Brooklyn,Dodgers"
furic101,Furillo,Carl,R,R,BRO,OF,Carl Furillo,1951,"N,Brooklyn,Dodgers"
hattj101,Hatten,Joe,R,L,BRO,P,Joe Hatten,1951,"N,Brooklyn,Dodgers"
haugp101,Haugstad,Phil,R,R,BRO,P,Phil Haugstad,1951,"N,Brooklyn,Dodgers"
hermg101,Hermanski,Gene,L,R,BRO,OF,Gene Hermanski,1951,"N,Brooklyn,Dodgers"
hodgg101,Hodges,Gil,R,R,BRO,1B,Gil Hodges,1951,"N,Brooklyn,Dodgers"
kingc101,King,Clyde,B,R,BRO,P,Clyde King,1951,"N,Brooklyn,Dodgers"
labic101,Labine,Clem,R,R,BRO,P,Clem Labine,1951,"N,Brooklyn,Dodgers"
livim101,Livingston,Mickey,R,R,BRO,C,Mickey Livingston,1951,"N,Brooklyn,Dodgers"
mikse101,Miksis,Eddie,R,R,BRO,3B,Eddie Miksis,1951,"N,Brooklyn,Dodgers"
mosse101,Mossor,Earl,L,R,BRO,P,Earl Mossor,1951,"N,Brooklyn,Dodgers"
newcd101,Newcombe,Don,L,R,BRO,P,Don Newcombe,1951,"N,Brooklyn,Dodgers"
pafka101,Pafko,Andy,R,R,BRO,OF,Andy Pafko,1951,"N,Brooklyn,Dodgers"
palie101,Palica,Erv,R,R,BRO,P,Erv Palica,1951,"N,Brooklyn,Dodgers"
podbb101,Podbielan,Bud,R,R,BRO,P,Bud Podbielan,1951,"N,Brooklyn,Dodgers"
reesp101,Reese,Pee Wee,R,R,BRO,SS,Pee Wee Reese,1951,"N,Brooklyn,Dodgers"
robij103,Robinson,Jackie,R,R,BRO,2B,Jackie Robinson,1951,"N,Brooklyn,Dodgers"
roe-p101,Roe,Preacher,R,L,BRO,P,Preacher Roe,1951,"N,Brooklyn,Dodgers"
russj102,Russell,Jim,B,R,BRO,OF,Jim Russell,1951,"N,Brooklyn,Dodgers"
schmj101,Schmitz,Johnny,R,L,BRO,P,Johnny Schmitz,1951,"N,Brooklyn,Dodgers"
snidd101,Snider,Duke,L,R,BRO,OF,Duke Snider,1951,"N,Brooklyn,Dodgers"
terww101,Terwilliger,Wayne,R,R,BRO,2B,Wayne Terwilliger,1951,"N,Brooklyn,Dodgers"
thomd102,Thompson,Don,L,L,BRO,OF,Don Thompson,1951,"N,Brooklyn,Dodgers"
vancc101,Van Cuyk,Chris,L,L,BRO,P,Chris Van Cuyk,1951,"N,Brooklyn,Dodgers"
walkr101,Walker,Rube,L,R,BRO,C,Rube Walker,1951,"N,Brooklyn,Dodgers"
willd104,Williams,Dick,R,R,BRO,OF,Dick Williams,1951,"N,Brooklyn,Dodgers"
bensv101,Benson,Vern,L,R,SLN,3B,Vern Benson,1951,"N,St.Louis,Cardinals"
bilks101,Bilko,Steve,R,R,SLN,1B,Steve Bilko,1951,"N,St.Louis,Cardinals"
boked101,Bokelmann,Dick,R,R,SLN,P,Dick Bokelmann,1951,"N,St.Louis,Cardinals"
bolld101,Bollweg,Don,L,L,SLN,1B,Don Bollweg,1951,"N,St.Louis,Cardinals"
boyec101,Boyer,Cloyd,R,R,SLN,P,Cloyd Boyer,1951,"N,St.Louis,Cardinals"
braza101,Brazle,Al,L,L,SLN,P,Al Brazle,1951,"N,St.Louis,Cardinals"
brech101,Brecheen,Harry,L,L,SLN,P,Harry Brecheen,1951,"N,St.Louis,Cardinals"
chamc102,Chambers,Cliff,L,L,SLN,P,Cliff Chambers,1951,"N,St.Louis,Cardinals"
ciafl101,Ciaffone,Larry,R,R,SLN,OF,Larry Ciaffone,1951,"N,St.Louis,Cardinals"
coled101,Cole,Dick,R,R,SLN,2B,Dick Cole,1951,"N,St.Louis,Cardinals"
collj102,Collum,Jackie,L,L,SLN,P,Jackie Collum,1951,"N,St.Louis,Cardinals"
crimj101,Crimian,Jack,R,R,SLN,P,Jack Crimian,1951,"N,St.Louis,Cardinals"
dierc101,Diering,Chuck,R,R,SLN,OF,Chuck Diering,1951,"N,St.Louis,Cardinals"
dusae101,Dusak,Erv,R,R,SLN,P,Erv Dusak,1951,"N,St.Louis,Cardinals"
garaj101,Garagiola,Joe,L,R,SLN,C,Joe Garagiola,1951,"N,St.Louis,Cardinals"
glavt101,Glaviano,Tommy,R,R,SLN,OF,Tommy Glaviano,1951,"N,St.Louis,Cardinals"
habeb101,Habenicht,Bob,R,R,SLN,P,Bob Habenicht,1951,"N,St.Louis,Cardinals"
hemus101,Hemus,Solly,L,R,SLN,SS,Solly Hemus,1951,"N,St.Louis,Cardinals"
howeb101,Howerton,Bill,L,R,SLN,OF,Bill Howerton,1951,"N,St.Louis,Cardinals"
johnb108,Johnson,Billy,R,R,SLN,3B,Billy Johnson,1951,"N,St.Louis,Cardinals"
jonen101,Jones,Nippy,R,R,SLN,1B,Nippy Jones,1951,"N,St.Louis,Cardinals"
kazae101,Kazak,Eddie,R,R,SLN,3B,Eddie Kazak,1951,"N,St.Louis,Cardinals"
kriek101,Krieger,Kurt,R,R,SLN,P,Kurt Krieger,1951,"N,St.Louis,Cardinals"
lanim101,Lanier,Max,R,L,SLN,P,Max Lanier,1951,"N,St.Louis,Cardinals"
lewad102,Lewandowski,Dan,R,R,SLN,P,Dan Lewandowski,1951,"N,St.Louis,Cardinals"
lowrp101,Lowrey,Peanuts,R,R,SLN,OF,Peanuts Lowrey,1951,"N,St.Louis,Cardinals"
mungr101,Munger,Red,R,R,SLN,P,Red Munger,1951,"N,St.Louis,Cardinals"
musis101,Musial,Stan,L,L,SLN,OF,Stan Musial,1951,"N,St.Louis,Cardinals"
nelsr103,Nelson,Rocky,L,L,SLN,1B,Rocky Nelson,1951,"N,St.Louis,Cardinals"
pohot101,Poholsky,Tom,R,R,SLN,P,Tom Poholsky,1951,"N,St.Louis,Cardinals"
pollh101,Pollet,Howie,L,L,SLN,P,Howie Pollet,1951,"N,St.Louis,Cardinals"
presj101,Presko,Joe,R,R,SLN,P,Joe Presko,1951,"N,St.Louis,Cardinals"
riced101,Rice,Del,R,R,SLN,C,Del Rice,1951,"N,St.Louis,Cardinals"
riceh102,Rice,Hal,L,R,SLN,OF,Hal Rice,1951,"N,St.Louis,Cardinals"
richd103,Richmond,Don,L,R,SLN,3B,Don Richmond,1951,"N,St.Louis,Cardinals"
rojes101,Rojek,Stan,R,R,SLN,SS,Stan Rojek,1951,"N,St.Louis,Cardinals"
sarnb101,Sarni,Bill,R,R,SLN,C,Bill Sarni,1951,"N,St.Louis,Cardinals"
scheb101,Scheffing,Bob,R,R,SLN,C,Bob Scheffing,1951,"N,St.Louis,Cardinals"
schor101,Schoendienst,Red,B,R,SLN,2B,Red Schoendienst,1951,"N,St.Louis,Cardinals"
slaue101,Slaughter,Enos,L,R,SLN,OF,Enos Slaughter,1951,"N,St.Louis,Cardinals"
stalg103,Staley,Gerry,R,R,SLN,P,Gerry Staley,1951,"N,St.Louis,Cardinals"
vannj101,Van Noy,Jay,L,R,SLN,OF,Jay Van Noy,1951,"N,St.Louis,Cardinals"
walkh102,Walker,Harry,L,R,SLN,OF,Harry Walker,1951,"N,St.Louis,Cardinals"
westw102,Westlake,Wally,R,R,SLN,OF,Wally Westlake,1951,"N,St.Louis,Cardinals"
wilkt101,Wilks,Ted,R,R,SLN,P,Ted Wilks,1951,"N,St.Louis,Cardinals"
adamb103,Adams,Bobby,R,R,CIN,3B,Bobby Adams,1951,"N,Cincinnati,Reds"
adcoj101,Adcock,Joe,R,R,CIN,OF,Joe Adcock,1951,"N,Cincinnati,Reds"
blace102,Blackwell,Ewell,R,R,CIN,P,Ewell Blackwell,1951,"N,Cincinnati,Reds"
blacj102,Blackburn,Jim,R,R,CIN,P,Jim Blackburn,1951,"N,Cincinnati,Reds"
blake101,Blake,Ed,R,R,CIN,P,Ed Blake,1951,"N,Cincinnati,Reds"
bolgj101,Bolger,Jim,R,R,CIN,PR,Jim Bolger,1951,"N,Cincinnati,Reds"
byerb103,Byerly,Bud,R,R,CIN,P,Bud Byerly,1951,"N,Cincinnati,Reds"
edwah101,Edwards,Hank,L,L,CIN,OF,Hank Edwards,1951,"N,Cincinnati,Reds"
eraue101,Erautt,Eddie,R,R,CIN,P,Eddie Erautt,1951,"N,Cincinnati,Reds"
fox-h101,Fox,Howie,R,R,CIN,P,Howie Fox,1951,"N,Cincinnati,Reds"
hattg101,Hatton,Grady,L,R,CIN,3B,Grady Hatton,1951,"N,Cincinnati,Reds"
howed102,Howell,Dixie,R,R,CIN,C,Dixie Howell,1951,"N,Cincinnati,Reds"
klust101,Kluszewski,Ted,L,L,CIN,1B,Ted Kluszewski,1951,"N,Cincinnati,Reds"
landh101,Landrith,Hobie,L,R,CIN,C,Hobie Landrith,1951,"N,Cincinnati,Reds"
litwd101,Litwhiler,Danny,R,R,CIN,OF,Danny Litwhiler,1951,"N,Cincinnati,Reds"
mccob101,McCosky,Barney,L,R,CIN,OF,Barney McCosky,1951,"N,Cincinnati,Reds"
mcmir101,McMillan,Roy,R,R,CIN,SS,Roy McMillan,1951,"N,Cincinnati,Reds"
meeks101,Meeks,Sammy,R,R,CIN,3B,Sammy Meeks,1951,"N,Cincinnati,Reds"
merrl102,Merriman,Lloyd,L,L,CIN,OF,Lloyd Merriman,1951,"N,Cincinnati,Reds"
perkh101,Perkowski,Harry,L,L,CIN,P,Harry Perkowski,1951,"N,Cincinnati,Reds"
petek101,Peterson,Kent,R,L,CIN,P,Kent Peterson,1951,"N,Cincinnati,Reds"
postw101,Post,Wally,R,R,CIN,OF,Wally Post,1951,"N,Cincinnati,Reds"
pramj101,Pramesa,Johnny,R,R,CIN,C,Johnny Pramesa,1951,"N,Cincinnati,Reds"
raffk101,Raffensberger,Ken,R,L,CIN,P,Ken Raffensberger,1951,"N,Cincinnati,Reds"
ramsw101,Ramsdell,Willie,R,R,CIN,P,Willie Ramsdell,1951,"N,Cincinnati,Reds"
ryanc102,Ryan,Connie,R,R,CIN,2B,Connie Ryan,1951,"N,Cincinnati,Reds"
scheb101,Scheffing,Bob,R,R,CIN,C,Bob Scheffing,1951,"N,Cincinnati,Reds"
smitf104,Smith,Frank,R,R,CIN,P,Frank Smith,1951,"N,Cincinnati,Reds"
stalv101,Stallcup,Virgil,R,R,CIN,SS,Virgil Stallcup,1951,"N,Cincinnati,Reds"
tappt101,Tappe,Ted,L,R,CIN,PH,Ted Tappe,1951,"N,Cincinnati,Reds"
usheb101,Usher,Bob,R,R,CIN,OF,Bob Usher,1951,"N,Cincinnati,Reds"
wehmh101,Wehmeier,Herm,R,R,CIN,P,Herm Wehmeier,1951,"N,Cincinnati,Reds"
wyroj101,Wyrostek,Johnny,L,R,CIN,OF,Johnny Wyrostek,1951,"N,Cincinnati,Reds"
baumf101,Baumholtz,Frank,L,L,CHN,OF,Frank Baumholtz,1951,"N,Chicago,Cubs"
borkb101,Borkowski,Bob,R,R,CHN,OF,Bob Borkowski,1951,"N,Chicago,Cubs"
burgs101,Burgess,Smoky,L,R,CHN,C,Smoky Burgess,1951,"N,Chicago,Cubs"
cavap101,Cavarretta,Phil,L,L,CHN,1B,Phil Cavarretta,1951,"N,Chicago,Cubs"
chith101,Chiti,Harry,R,R,CHN,C,Harry Chiti,1951,"N,Chicago,Cubs"
connc101,Connors,Chuck,L,L,CHN,1B,Chuck Connors,1951,"N,Chicago,Cubs"
cusij101,Cusick,Jack,R,R,CHN,SS,Jack Cusick,1951,"N,Chicago,Cubs"
dubim101,Dubiel,Monk,R,R,CHN,P,Monk Dubiel,1951,"N,Chicago,Cubs"
edwab101,Edwards,Bruce,R,R,CHN,C,Bruce Edwards,1951,"N,Chicago,Cubs"
fondd101,Fondy,Dee,L,L,CHN,1B,Dee Fondy,1951,"N,Chicago,Cubs"
hackw102,Hacker,Warren,R,R,CHN,P,Warren Hacker,1951,"N,Chicago,Cubs"
hattj101,Hatten,Joe,R,L,CHN,P,Joe Hatten,1951,"N,Chicago,Cubs"
hermg101,Hermanski,Gene,L,R,CHN,OF,Gene Hermanski,1951,"N,Chicago,Cubs"
hillf101,Hiller,Frank,R,R,CHN,P,Frank Hiller,1951,"N,Chicago,Cubs"
jackr102,Jackson,Randy,R,R,CHN,3B,Randy Jackson,1951,"N,Chicago,Cubs"
jeffh101,Jeffcoat,Hal,R,R,CHN,OF,Hal Jeffcoat,1951,"N,Chicago,Cubs"
kellb103,Kelly,Bob,R,R,CHN,P,Bob Kelly,1951,"N,Chicago,Cubs"
klipj101,Klippstein,Johnny,R,R,CHN,P,Johnny Klippstein,1951,"N,Chicago,Cubs"
leond103,Leonard,Dutch,R,R,CHN,P,Dutch Leonard,1951,"N,Chicago,Cubs"
lownt101,Lown,Turk,R,R,CHN,P,Turk Lown,1951,"N,Chicago,Cubs"
maurc101,Mauro,Carmen,L,R,CHN,OF,Carmen Mauro,1951,"N,Chicago,Cubs"
mclic101,McLish,Cal,B,R,CHN,P,Cal McLish,1951,"N,Chicago,Cubs"
mikse101,Miksis,Eddie,R,R,CHN,2B,Eddie Miksis,1951,"N,Chicago,Cubs"
minnp101,Minner,Paul,L,L,CHN,P,Paul Minner,1951,"N,Chicago,Cubs"
owenm101,Owen,Mickey,R,R,CHN,C,Mickey Owen,1951,"N,Chicago,Cubs"
pafka101,Pafko,Andy,R,R,CHN,OF,Andy Pafko,1951,"N,Chicago,Cubs"
ramab101,Ramazzotti,Bob,R,R,CHN,SS,Bob Ramazzotti,1951,"N,Chicago,Cubs"
richf101,Richards,Fred,L,L,CHN,1B,Fred Richards,1951,"N,Chicago,Cubs"
rushb101,Rush,Bob,R,R,CHN,P,Bob Rush,1951,"N,Chicago,Cubs"
saueh101,Sauer,Hank,R,R,CHN,OF,Hank Sauer,1951,"N,Chicago,Cubs"
schmj101,Schmitz,Johnny,R,L,CHN,P,Johnny Schmitz,1951,"N,Chicago,Cubs"
schub103,Schultz,Bob,R,L,CHN,P,Bob Schultz,1951,"N,Chicago,Cubs"
sereb101,Serena,Bill,R,R,CHN,3B,Bill Serena,1951,"N,Chicago,Cubs"
smalr101,Smalley,Roy,R,R,CHN,SS,Roy Smalley,1951,"N,Chicago,Cubs"
terww101,Terwilliger,Wayne,R,R,CHN,2B,Wayne Terwilliger,1951,"N,Chicago,Cubs"
varga101,Varga,Andy,R,L,CHN,P,Andy Varga,1951,"N,Chicago,Cubs"
walkr101,Walker,Rube,L,R,CHN,C,Rube Walker,1951,"N,Chicago,Cubs"
battm101,Batts,Matt,R,R,BOS,C,Matt Batts,1951,"A,Boston,Red Sox"
boudl101,Boudreau,Lou,R,R,BOS,SS,Lou Boudreau,1951,"A,Boston,Red Sox"
dimad101,DiMaggio,Dom,R,R,BOS,OF,Dom DiMaggio,1951,"A,Boston,Red Sox"
dipib101,DiPietro,Bob,R,R,BOS,OF,Bob DiPietro,1951,"A,Boston,Red Sox"
doerb101,Doerr,Bobby,R,R,BOS,2B,Bobby Doerr,1951,"A,Boston,Red Sox"
dropw101,Dropo,Walt,R,R,BOS,1B,Walt Dropo,1951,"A,Boston,Red Sox"
evana101,Evans,Al,R,R,BOS,C,Al Evans,1951,"A,Boston,Red Sox"
evanb103,Evans,Bill,R,R,BOS,P,Bill Evans,1951,"A,Boston,Red Sox"
flowb101,Flowers,Ben,R,R,BOS,P,Ben Flowers,1951,"A,Boston,Red Sox"
goodb101,Goodman,Billy,L,R,BOS,1B,Billy Goodman,1951,"A,Boston,Red Sox"
guerm102,Guerra,Mike,R,R,BOS,C,Mike Guerra,1951,"A,Boston,Red Sox"
hatff101,Hatfield,Fred,L,R,BOS,3B,Fred Hatfield,1951,"A,Boston,Red Sox"
hinrp101,Hinrichs,Paul,R,R,BOS,P,Paul Hinrichs,1951,"A,Boston,Red Sox"
hisnh101,Hisner,Harley,R,R,BOS,P,Harley Hisner,1951,"A,Boston,Red Sox"
hodem101,Hoderlein,Mel,B,R,BOS,2B,Mel Hoderlein,1951,"A,Boston,Red Sox"
kiell101,Kiely,Leo,L,L,BOS,P,Leo Kiely,1951,"A,Boston,Red Sox"
kinde101,Kinder,Ellis,R,R,BOS,P,Ellis Kinder,1951,"A,Boston,Red Sox"
mastw101,Masterson,Walt,R,R,BOS,P,Walt Masterson,1951,"A,Boston,Red Sox"
maxwc101,Maxwell,Charlie,L,L,BOS,OF,Charlie Maxwell,1951,"A,Boston,Red Sox"
mcdem102,McDermott,Mickey,L,L,BOS,P,Mickey McDermott,1951,"A,Boston,Red Sox"
mossl101,Moss,Les,R,R,BOS,C,Les Moss,1951,"A,Boston,Red Sox"
nixow101,Nixon,Willard,L,R,BOS,P,Willard Nixon,1951,"A,Boston,Red Sox"
olsok101,Olson,Karl,R,R,BOS,OF,Karl Olson,1951,"A,Boston,Red Sox"
parnm101,Parnell,Mel,L,L,BOS,P,Mel Parnell,1951,"A,Boston,Red Sox"
peskj101,Pesky,Johnny,L,R,BOS,SS,Johnny Pesky,1951,"A,Boston,Red Sox"
richa101,Richter,Al,R,R,BOS,SS,Al Richter,1951,"A,Boston,Red Sox"
robia101,Robinson,Aaron,L,R,BOS,C,Aaron Robinson,1951,"A,Boston,Red Sox"
rosab101,Rosar,Buddy,R,R,BOS,C,Buddy Rosar,1951,"A,Boston,Red Sox"
scarr102,Scarborough,Ray,R,R,BOS,P,Ray Scarborough,1951,"A,Boston,Red Sox"
stepv101,Stephens,Vern,R,R,BOS,3B,Vern Stephens,1951,"A,Boston,Red Sox"
stobc101,Stobbs,Chuck,L,L,BOS,P,Chuck Stobbs,1951,"A,Boston,Red Sox"
taylh101,Taylor,Harry,R,R,BOS,P,Harry Taylor,1951,"A,Boston,Red Sox"
vollc101,Vollmer,Clyde,R,R,BOS,OF,Clyde Vollmer,1951,"A,Boston,Red Sox"
whits103,White,Sammy,R,R,BOS,C,Sammy White,1951,"A,Boston,Red Sox"
wighb101,Wight,Bill,L,L,BOS,P,Bill Wight,1951,"A,Boston,Red Sox"
willt103,Williams,Ted,L,R,BOS,OF,Ted Williams,1951,"A,Boston,Red Sox"
wrigt101,Wright,Tom,L,R,BOS,OF,Tom Wright,1951,"A,Boston,Red Sox"
zaucn101,Zauchin,Norm,R,R,BOS,1B,Norm Zauchin,1951,"A,Boston,Red Sox"
baueh101,Bauer,Hank,R,R,NYA,OF,Hank Bauer,1951,"A,New York,Yankees"
berry101,Berra,Yogi,L,R,NYA,C,Yogi Berra,1951,"A,New York,Yankees"
bridj101,Brideweser,Jim,R,R,NYA,SS,Jim Brideweser,1951,"A,New York,Yankees"
browb105,Brown,Bobby,L,R,NYA,3B,Bobby Brown,1951,"A,New York,Yankees"
byrnt101,Byrne,Tommy,L,L,NYA,P,Tommy Byrne,1951,"A,New York,Yankees"
cervb101,Cerv,Bob,R,R,NYA,OF,Bob Cerv,1951,"A,New York,Yankees"
colej106,Coleman,Jerry,R,R,NYA,2B,Jerry Coleman,1951,"A,New York,Yankees"
collj101,Collins,Joe,L,L,NYA,1B,Joe Collins,1951,"A,New York,Yankees"
courc101,Courtney,Clint,L,R,NYA,C,Clint Courtney,1951,"A,New York,Yankees"
dimaj101,DiMaggio,Joe,R,R,NYA,OF,Joe DiMaggio,1951,"A,New York,Yankees"
ferrt101,Ferrick,Tom,R,R,NYA,P,Tom Ferrick,1951,"A,New York,Yankees"
hogub101,Hogue,Bobby,R,R,NYA,P,Bobby Hogue,1951,"A,New York,Yankees"
hoppj102,Hopp,Johnny,L,L,NYA,1B,Johnny Hopp,1951,"A,New York,Yankees"
houkr101,Houk,Ralph,R,R,NYA,C,Ralph Houk,1951,"A,New York,Yankees"
jensj101,Jensen,Jackie,R,R,NYA,OF,Jackie Jensen,1951,"A,New York,Yankees"
johnb108,Johnson,Billy,R,R,NYA,3B,Billy Johnson,1951,"A,New York,Yankees"
kramj101,Kramer,Jack,R,R,NYA,P,Jack Kramer,1951,"A,New York,Yankees"
kuzab101,Kuzava,Bob,B,L,NYA,P,Bob Kuzava,1951,"A,New York,Yankees"
lopae101,Lopat,Eddie,L,L,NYA,P,Eddie Lopat,1951,"A,New York,Yankees"
mantm101,Mantle,Mickey,B,R,NYA,OF,Mickey Mantle,1951,"A,New York,Yankees"
mapec101,Mapes,Cliff,L,R,NYA,OF,Cliff Mapes,1951,"A,New York,Yankees"
martb105,Martin,Billy,R,R,NYA,2B,Billy Martin,1951,"A,New York,Yankees"
mcdog101,McDougald,Gil,R,R,NYA,3B,Gil McDougald,1951,"A,New York,Yankees"
mizej101,Mize,Johnny,L,R,NYA,1B,Johnny Mize,1951,"A,New York,Yankees"
morgt101,Morgan,Tom,R,R,NYA,P,Tom Morgan,1951,"A,New York,Yankees"
muncb101,Muncrief,Bob,R,R,NYA,P,Bob Muncrief,1951,"A,New York,Yankees"
nevee102,Nevel,Ernie,R,R,NYA,P,Ernie Nevel,1951,"A,New York,Yankees"
ostrj101,Ostrowski,Joe,L,L,NYA,P,Joe Ostrowski,1951,"A,New York,Yankees"
overs101,Overmire,Stubby,R,L,NYA,P,Stubby Overmire,1951,"A,New York,Yankees"
portb102,Porterfield,Bob,R,R,NYA,P,Bob Porterfield,1951,"A,New York,Yankees"
rascv101,Raschi,Vic,R,R,NYA,P,Vic Raschi,1951,"A,New York,Yankees"
reyna102,Reynolds,Allie,R,R,NYA,P,Allie Reynolds,1951,"A,New York,Yankees"
rizzp101,Rizzuto,Phil,R,R,NYA,SS,Phil Rizzuto,1951,"A,New York,Yankees"
sainj101,Sain,Johnny,R,R,NYA,P,Johnny Sain,1951,"A,New York,Yankees"
sanff101,Sanford,Fred,B,R,NYA,P,Fred Sanford,1951,"A,New York,Yankees"
schaa102,Schallock,Art,L,L,NYA,P,Art Schallock,1951,"A,New York,Yankees"
sheas101,Shea,Spec,R,R,NYA,P,Spec Shea,1951,"A,New York,Yankees"
silvc101,Silvera,Charlie,R,R,NYA,C,Charlie Silvera,1951,"A,New York,Yankees"
wiesb101,Wiesler,Bob,B,L,NYA,P,Bob Wiesler,1951,"A,New York,Yankees"
wilsa103,Wilson,Archie,R,R,NYA,OF,Archie Wilson,1951,"A,New York,Yankees"
woodg101,Woodling,Gene,L,R,NYA,OF,Gene Woodling,1951,"A,New York,Yankees"
bambg101,Bamberger,George,R,R,NY1,P,George Bamberger,1951,"N,New York,Giants"
bowmr101,Bowman,Roger,R,L,NY1,P,Roger Bowman,1951,"N,New York,Giants"
corwa101,Corwin,Al,R,R,NY1,P,Al Corwin,1951,"N,New York,Giants"
darka101,Dark,Al,R,R,NY1,SS,Al Dark,1951,"N,New York,Giants"
getta101,Gettel,Al,R,R,NY1,P,Al Gettel,1951,"N,New York,Giants"
hardr101,Hardy,Red,R,R,NY1,P,Red Hardy,1951,"N,New York,Giants"
hartc102,Hartung,Clint,R,R,NY1,OF,Clint Hartung,1951,"N,New York,Giants"
hearj102,Hearn,Jim,R,R,NY1,P,Jim Hearn,1951,"N,New York,Giants"
irvim101,Irvin,Monte,R,R,NY1,OF,Monte Irvin,1951,"N,New York,Giants"
jansl101,Jansen,Larry,R,R,NY1,P,Larry Jansen,1951,"N,New York,Giants"
jones103,Jones,Sheldon,R,R,NY1,P,Sheldon Jones,1951,"N,New York,Giants"
jorgs101,Jorgensen,Spider,L,R,NY1,OF,Spider Jorgensen,1951,"N,New York,Giants"
kennm101,Kennedy,Monty,R,L,NY1,P,Monty Kennedy,1951,"N,New York,Giants"
konia101,Konikowski,Alex,R,R,NY1,P,Alex Konikowski,1951,"N,New York,Giants"
kosld101,Koslo,Dave,L,L,NY1,P,Dave Koslo,1951,"N,New York,Giants"
kramj101,Kramer,Jack,R,R,NY1,P,Jack Kramer,1951,"N,New York,Giants"
lockw101,Lockman,Whitey,L,R,NY1,1B,Whitey Lockman,1951,"N,New York,Giants"
lohrj101,Lohrke,Jack,R,R,NY1,3B,Jack Lohrke,1951,"N,New York,Giants"
magls101,Maglie,Sal,R,R,NY1,P,Sal Maglie,1951,"N,New York,Giants"
maguj101,Maguire,Jack,R,R,NY1,OF,Jack Maguire,1951,"N,New York,Giants"
maysw101,Mays,Willie,R,R,NY1,OF,Willie Mays,1951,"N,New York,Giants"
mueld101,Mueller,Don,L,R,NY1,OF,Don Mueller,1951,"N,New York,Giants"
noblr101,Noble,Ray,R,R,NY1,C,Ray Noble,1951,"N,New York,Giants"
rappe101,Rapp,Earl,L,R,NY1,PH,Earl Rapp,1951,"N,New York,Giants"
rignb101,Rigney,Bill,R,R,NY1,3B,Bill Rigney,1951,"N,New York,Giants"
scheh103,Schenz,Hank,R,R,NY1,PR,Hank Schenz,1951,"N,New York,Giants"
speng102,Spencer,George,R,R,NY1,P,George Spencer,1951,"N,New York,Giants"
stane101,Stanky,Eddie,R,R,NY1,2B,Eddie Stanky,1951,"N,New York,Giants"
thomb105,Thomson,Bobby,R,R,NY1,OF,Bobby Thomson,1951,"N,New York,Giants"
thomh103,Thompson,Hank,L,R,NY1,3B,Hank Thompson,1951,"N,New York,Giants"
westw101,Westrum,Wes,R,R,NY1,C,Wes Westrum,1951,"N,New York,Giants"
willd102,Williams,Davey,R,R,NY1,2B,Davey Williams,1951,"N,New York,Giants"
wilsa101,Wilson,Artie,L,R,NY1,2B,Artie Wilson,1951,"N,New York,Giants"
yvars101,Yvars,Sal,R,R,NY1,C,Sal Yvars,1951,"N,New York,Giants"
