player_id,last,first,bats,throws,team_id,pos,player_name,year,team_name
adamk101,Adams,Karl,R,R,CHN,P,Karl Adams,1915,"N,Chicago,Cubs"
archj102,Archer,Jimmy,R,R,CHN,C,Jimmy Archer,1915,"N,Chicago,Cubs"
bresr102,Bresnahan,Roger,R,R,CHN,C,Roger Bresnahan,1915,"N,Chicago,Cubs"
chenl101,Cheney,Larry,R,R,CHN,P,Larry Cheney,1915,"N,Chicago,Cubs"
corrr101,Corriden,Red,R,R,CHN,3B,Red Corriden,1915,"N,Chicago,Cubs"
dougp101,Douglas,Phil,R,R,CHN,P,Phil Douglas,1915,"N,Chicago,Cubs"
fisht103,Fisher,Bob,R,R,CHN,SS,Bob Fisher,1915,"N,Chicago,Cubs"
fluhj101,Fluhrer,John,R,R,CHN,OF,John Fluhrer,1915,"N,Chicago,Cubs"
goodw101,Good,Wilbur,L,L,CHN,OF,Wilbur Good,1915,"N,Chicago,Cubs"
hargb101,Hargrave,Bubbles,R,R,CHN,C,Bubbles Hargrave,1915,"N,Chicago,Cubs"
hoggb102,Hogg,Brad,R,R,CHN,P,Brad Hogg,1915,"N,Chicago,Cubs"
humpb101,Humphries,Bert,R,R,CHN,P,Bert Humphries,1915,"N,Chicago,Cubs"
keatc101,Keating,Chick,R,R,CHN,SS,Chick Keating,1915,"N,Chicago,Cubs"
knisp101,Knisely,Pete,R,R,CHN,OF,Pete Knisely,1915,"N,Chicago,Cubs"
lavej101,Lavender,Jimmy,R,R,CHN,P,Jimmy Lavender,1915,"N,Chicago,Cubs"
mccaa103,McCarthy,Alex,R,R,CHN,2B,Alex McCarthy,1915,"N,Chicago,Cubs"
mclap101,McLarry,Polly,L,R,CHN,2B,Polly McLarry,1915,"N,Chicago,Cubs"
mullj103,Mulligan,Eddie,R,R,CHN,SS,Eddie Mulligan,1915,"N,Chicago,Cubs"
murrr103,Murray,Red,R,R,CHN,OF,Red Murray,1915,"N,Chicago,Cubs"
ofarb101,O'Farrell,Bob,R,R,CHN,C,Bob O'Farrell,1915,"N,Chicago,Cubs"
pearg101,Pierce,George,L,L,CHN,P,George Pierce,1915,"N,Chicago,Cubs"
phela101,Phelan,Art,R,R,CHN,3B,Art Phelan,1915,"N,Chicago,Cubs"
saiev101,Saier,Vic,L,R,CHN,1B,Vic Saier,1915,"N,Chicago,Cubs"
schoe101,Schorr,Ed,R,R,CHN,P,Ed Schorr,1915,"N,Chicago,Cubs"
schuf103,Schulte,Frank,L,R,CHN,OF,Frank Schulte,1915,"N,Chicago,Cubs"
schuj101,Schultz,Joe,R,R,CHN,2B,Joe Schultz,1915,"N,Chicago,Cubs"
stanp101,Standridge,Pete,R,R,CHN,P,Pete Standridge,1915,"N,Chicago,Cubs"
vaugh101,Vaughn,Hippo,B,L,CHN,P,Hippo Vaughn,1915,"N,Chicago,Cubs"
wallj104,Wallace,Jack,R,R,CHN,C,Jack Wallace,1915,"N,Chicago,Cubs"
willc103,Williams,Cy,L,L,CHN,OF,Cy Williams,1915,"N,Chicago,Cubs"
wrigb101,Wright,Bob,R,R,CHN,P,Bob Wright,1915,"N,Chicago,Cubs"
zabez101,Zabel,Zip,R,R,CHN,P,Zip Zabel,1915,"N,Chicago,Cubs"
zimmh101,Zimmerman,Heinie,R,R,CHN,2B,Heinie Zimmerman,1915,"N,Chicago,Cubs"
amesr101,Ames,Red,B,R,CIN,P,Red Ames,1915,"N,Cincinnati,Reds"
bealj101,Beall,Johnny,L,R,CIN,OF,Johnny Beall,1915,"N,Cincinnati,Reds"
bentr102,Benton,Rube,R,L,CIN,P,Rube Benton,1915,"N,Cincinnati,Reds"
browc104,Brown,Curly,L,L,CIN,P,Curly Brown,1915,"N,Cincinnati,Reds"
callr101,Callahan,Ray,L,L,CIN,P,Ray Callahan,1915,"N,Cincinnati,Reds"
clart101,Clarke,Tommy,R,R,CIN,C,Tommy Clarke,1915,"N,Cincinnati,Reds"
cochg102,Cochran,Goat,R,R,CIN,P,Goat Cochran,1915,"N,Cincinnati,Reds"
daleg101,Dale,Gene,R,R,CIN,P,Gene Dale,1915,"N,Cincinnati,Reds"
dooir101,Dooin,Red,R,R,CIN,C,Red Dooin,1915,"N,Cincinnati,Reds"
dougp101,Douglas,Phil,R,R,CIN,P,Phil Douglas,1915,"N,Cincinnati,Reds"
georl101,George,Lefty,L,L,CIN,P,Lefty George,1915,"N,Cincinnati,Reds"
grift102,Griffith,Tommy,L,R,CIN,OF,Tommy Griffith,1915,"N,Cincinnati,Reds"
grohh101,Groh,Heinie,R,R,CIN,3B,Heinie Groh,1915,"N,Cincinnati,Reds"
herzb101,Herzog,Buck,R,R,CIN,SS,Buck Herzog,1915,"N,Cincinnati,Reds"
killr101,Killefer,Red,R,R,CIN,OF,Red Killefer,1915,"N,Cincinnati,Reds"
leact101,Leach,Tommy,R,R,CIN,OF,Tommy Leach,1915,"N,Cincinnati,Reds"
leark101,Lear,King,R,R,CIN,P,King Lear,1915,"N,Cincinnati,Reds"
mcclh101,McCluskey,Harry,L,L,CIN,P,Harry McCluskey,1915,"N,Cincinnati,Reds"
mckel102,McKenry,Limb,R,R,CIN,P,Limb McKenry,1915,"N,Cincinnati,Reds"
mollf101,Mollwitz,Fritz,R,R,CIN,1B,Fritz Mollwitz,1915,"N,Cincinnati,Reds"
olsoi101,Olson,Ivy,R,R,CIN,2B,Ivy Olson,1915,"N,Cincinnati,Reds"
rodgb103,Rodgers,Bill,L,R,CIN,2B,Bill Rodgers,1915,"N,Cincinnati,Reds"
schnp101,Schneider,Pete,R,R,CIN,P,Pete Schneider,1915,"N,Cincinnati,Reds"
tonef101,Toney,Fred,R,R,CIN,P,Fred Toney,1915,"N,Cincinnati,Reds"
twomg101,Twombly,George,R,R,CIN,OF,George Twombly,1915,"N,Cincinnati,Reds"
vonkf101,Von Kolnitz,Fritz,R,R,CIN,3B,Fritz Von Kolnitz,1915,"N,Cincinnati,Reds"
wagnj101,Wagner,Joe,R,R,CIN,2B,Joe Wagner,1915,"N,Cincinnati,Reds"
willk101,Williams,Ken,L,R,CIN,OF,Ken Williams,1915,"N,Cincinnati,Reds"
wingi101,Wingo,Ivey,L,R,CIN,C,Ivey Wingo,1915,"N,Cincinnati,Reds"
barrj104,Barry,Jack,R,R,BOS,2B,Jack Barry,1915,"A,Boston,Red Sox"
cadyh101,Cady,Hick,R,R,BOS,C,Hick Cady,1915,"A,Boston,Red Sox"
carrb101,Carrigan,Bill,R,R,BOS,C,Bill Carrigan,1915,"A,Boston,Red Sox"
collr103,Collins,Ray,L,L,BOS,P,Ray Collins,1915,"A,Boston,Red Sox"
comsr101,Comstock,Ralph,R,R,BOS,P,Ralph Comstock,1915,"A,Boston,Red Sox"
coopg102,Cooper,Guy,B,R,BOS,P,Guy Cooper,1915,"A,Boston,Red Sox"
fostr103,Foster,Rube,R,R,BOS,P,Rube Foster,1915,"A,Boston,Red Sox"
gaind101,Gainer,Del,R,R,BOS,1B,Del Gainer,1915,"A,Boston,Red Sox"
gardl101,Gardner,Larry,L,R,BOS,3B,Larry Gardner,1915,"A,Boston,Red Sox"
gregv101,Gregg,Vean,R,L,BOS,P,Vean Gregg,1915,"A,Boston,Red Sox"
haler101,Haley,Raymond,R,R,BOS,C,Raymond Haley,1915,"A,Boston,Red Sox"
henro101,Henriksen,Olaf,L,L,BOS,OF,Olaf Henriksen,1915,"A,Boston,Red Sox"
hobld101,Hoblitzell,Dick,L,R,BOS,1B,Dick Hoblitzell,1915,"A,Boston,Red Sox"
hooph101,Hooper,Harry,L,R,BOS,OF,Harry Hooper,1915,"A,Boston,Red Sox"
janvh101,Janvrin,Hal,R,R,BOS,SS,Hal Janvrin,1915,"A,Boston,Red Sox"
leond102,Leonard,Dutch,L,L,BOS,P,Dutch Leonard,1915,"A,Boston,Red Sox"
lewid101,Lewis,Duffy,R,R,BOS,OF,Duffy Lewis,1915,"A,Boston,Red Sox"
maysc101,Mays,Carl,L,R,BOS,P,Carl Mays,1915,"A,Boston,Red Sox"
mcnam101,McNally,Mike,R,R,BOS,3B,Mike McNally,1915,"A,Boston,Red Sox"
pennh101,Pennock,Herb,B,L,BOS,P,Herb Pennock,1915,"A,Boston,Red Sox"
rehgw101,Rehg,Wally,R,R,BOS,OF,Wally Rehg,1915,"A,Boston,Red Sox"
rodgb103,Rodgers,Bill,L,R,BOS,2B,Bill Rodgers,1915,"A,Boston,Red Sox"
ruthb101,Ruth,Babe,L,L,BOS,P,Babe Ruth,1915,"A,Boston,Red Sox"
scote101,Scott,Everett,R,R,BOS,SS,Everett Scott,1915,"A,Boston,Red Sox"
shorc101,Shorten,Chick,L,L,BOS,OF,Chick Shorten,1915,"A,Boston,Red Sox"
shore101,Shore,Ernie,R,R,BOS,P,Ernie Shore,1915,"A,Boston,Red Sox"
speat101,Speaker,Tris,L,L,BOS,OF,Tris Speaker,1915,"A,Boston,Red Sox"
thomp101,Thomas,Pinch,L,R,BOS,C,Pinch Thomas,1915,"A,Boston,Red Sox"
wagnh103,Wagner,Heinie,R,R,BOS,2B,Heinie Wagner,1915,"A,Boston,Red Sox"
woodj108,Wood,Smoky Joe,R,R,BOS,P,Smoky Joe Wood,1915,"A,Boston,Red Sox"
bortb101,Borton,Babe,L,L,SLF,1B,Babe Borton,1915,"F,St.Louis,Terriers"
brida101,Bridwell,Al,L,R,SLF,2B,Al Bridwell,1915,"F,St.Louis,Terriers"
chaph102,Chapman,Harry,R,R,SLF,C,Harry Chapman,1915,"F,St.Louis,Terriers"
compp101,Compton,Pete,L,L,SLF,OF,Pete Compton,1915,"F,St.Louis,Terriers"
crand101,Crandall,Doc,R,R,SLF,P,Doc Crandall,1915,"F,St.Louis,Terriers"
daved101,Davenport,Dave,R,R,SLF,P,Dave Davenport,1915,"F,St.Louis,Terriers"
dealc102,Deal,Charlie,R,R,SLF,3B,Charlie Deal,1915,"F,St.Louis,Terriers"
drakd101,Drake,Delos,R,L,SLF,OF,Delos Drake,1915,"F,St.Louis,Terriers"
groob101,Groom,Bob,R,R,SLF,P,Bob Groom,1915,"F,St.Louis,Terriers"
hartg102,Hartley,Grover,R,R,SLF,C,Grover Hartley,1915,"F,St.Louis,Terriers"
herbe101,Herbert,Ernie,R,R,SLF,P,Ernie Herbert,1915,"F,St.Louis,Terriers"
johne102,Johnson,Ernie,L,R,SLF,SS,Ernie Johnson,1915,"F,St.Louis,Terriers"
jonef102,Jones,Fielder,L,R,SLF,OF,Fielder Jones,1915,"F,St.Louis,Terriers"
kirbl101,Kirby,LaRue,B,R,SLF,OF,LaRue Kirby,1915,"F,St.Louis,Terriers"
korea101,Kores,Art,R,R,SLF,3B,Art Kores,1915,"F,St.Louis,Terriers"
marsa101,Marsans,Armando,R,R,SLF,OF,Armando Marsans,1915,"F,St.Louis,Terriers"
millh102,Miller,Hughie,R,R,SLF,1B,Hughie Miller,1915,"F,St.Louis,Terriers"
millw104,Miller,Ward,L,R,SLF,OF,Ward Miller,1915,"F,St.Louis,Terriers"
plane101,Plank,Eddie,L,L,SLF,P,Eddie Plank,1915,"F,St.Louis,Terriers"
tobij101,Tobin,Jack,L,L,SLF,OF,Jack Tobin,1915,"F,St.Louis,Terriers"
vaugb101,Vaughn,Bobby,R,R,SLF,2B,Bobby Vaughn,1915,"F,St.Louis,Terriers"
walsj101,Walsh,Jimmy,R,R,SLF,3B,Jimmy Walsh,1915,"F,St.Louis,Terriers"
watsd101,Watson,Doc,L,L,SLF,P,Doc Watson,1915,"F,St.Louis,Terriers"
wille103,Willett,Ed,R,R,SLF,P,Ed Willett,1915,"F,St.Louis,Terriers"
wistt101,Wisterzil,Tex,R,R,SLF,3B,Tex Wisterzil,1915,"F,St.Louis,Terriers"
bailb101,Bailey,Bill,L,L,CHF,P,Bill Bailey,1915,"F,Chicago,Whales"
beckf101,Beck,Fred,L,L,CHF,1B,Fred Beck,1915,"F,Chicago,Whales"
blacd102,Black,Dave,L,L,CHF,P,Dave Black,1915,"F,Chicago,Whales"
brena101,Brennan,Ad,L,L,CHF,P,Ad Brennan,1915,"F,Chicago,Whales"
browm102,Brown,Mordecai,B,R,CHF,P,Mordecai Brown,1915,"F,Chicago,Whales"
clemc101,Clemens,Clem,R,R,CHF,C,Clem Clemens,1915,"F,Chicago,Whales"
doolm101,Doolin,Mickey,R,R,CHF,SS,Mickey Doolin,1915,"F,Chicago,Whales"
farrj104,Farrell,Jack,B,R,CHF,2B,Jack Farrell,1915,"F,Chicago,Whales"
fiscw101,Fischer,William,L,R,CHF,C,William Fischer,1915,"F,Chicago,Whales"
flacm101,Flack,Max,L,L,CHF,OF,Max Flack,1915,"F,Chicago,Whales"
frith101,Fritz,Harry,R,R,CHF,3B,Harry Fritz,1915,"F,Chicago,Whales"
hanfc101,Hanford,Charlie,R,R,CHF,OF,Charlie Hanford,1915,"F,Chicago,Whales"
hausa101,Hauser,Arnold,R,R,CHF,SS,Arnold Hauser,1915,"F,Chicago,Whales"
hendc101,Hendrix,Claude,R,R,CHF,P,Claude Hendrix,1915,"F,Chicago,Whales"
jackb101,Jackson,Bill,L,L,CHF,1B,Bill Jackson,1915,"F,Chicago,Whales"
johnr104,Johnson,Rankin,R,R,CHF,P,Rankin Johnson,1915,"F,Chicago,Whales"
mannl101,Mann,Les,R,R,CHF,OF,Les Mann,1915,"F,Chicago,Whales"
mccog101,McConnell,George,R,R,CHF,P,George McConnell,1915,"F,Chicago,Whales"
pechc101,Pechous,Charlie,R,R,CHF,3B,Charlie Pechous,1915,"F,Chicago,Whales"
prenm101,Prendergast,Mike,R,R,CHF,P,Mike Prendergast,1915,"F,Chicago,Whales"
rasmh101,Rasmussen,Hans,R,R,CHF,P,Hans Rasmussen,1915,"F,Chicago,Whales"
smitj107,Smith,Jimmy,B,R,CHF,SS,Jimmy Smith,1915,"F,Chicago,Whales"
tinkj101,Tinker,Joe,R,R,CHF,SS,Joe Tinker,1915,"F,Chicago,Whales"
weisj101,Weiss,Joe,R,R,CHF,1B,Joe Weiss,1915,"F,Chicago,Whales"
wicka101,Wickland,Al,L,L,CHF,OF,Al Wickland,1915,"F,Chicago,Whales"
wilsa102,Wilson,Art,R,R,CHF,C,Art Wilson,1915,"F,Chicago,Whales"
wistt101,Wisterzil,Tex,R,R,CHF,3B,Tex Wisterzil,1915,"F,Chicago,Whales"
zeidr101,Zeider,Rollie,R,R,CHF,2B,Rollie Zeider,1915,"F,Chicago,Whales"
zwild101,Zwilling,Dutch,L,L,CHF,OF,Dutch Zwilling,1915,"F,Chicago,Whales"
amesr101,Ames,Red,B,R,SLN,P,Red Ames,1915,"N,St.Louis,Cardinals"
beckz101,Beck,Zinn,R,R,SLN,3B,Zinn Beck,1915,"N,St.Louis,Cardinals"
bescb101,Bescher,Bob,B,L,SLN,OF,Bob Bescher,1915,"N,St.Louis,Cardinals"
betzb101,Betzel,Bruno,R,R,SLN,3B,Bruno Betzel,1915,"N,St.Louis,Cardinals"
boarc101,Boardman,Charlie,L,R,SLN,P,Charlie Boardman,1915,"N,St.Louis,Cardinals"
browj108,Brown,Jim,R,R,SLN,OF,Jim Brown,1915,"N,St.Louis,Cardinals"
butla101,Butler,Art,R,R,SLN,SS,Art Butler,1915,"N,St.Louis,Cardinals"
darir101,Daringer,Rolla,L,R,SLN,SS,Rolla Daringer,1915,"N,St.Louis,Cardinals"
doakb101,Doak,Bill,R,R,SLN,P,Bill Doak,1915,"N,St.Louis,Cardinals"
dolac102,Dolan,Cozy,R,R,SLN,OF,Cozy Dolan,1915,"N,St.Louis,Cardinals"
glenh101,Glenn,Harry,L,R,SLN,C,Harry Glenn,1915,"N,St.Louis,Cardinals"
gonzm101,Gonzalez,Mike,R,R,SLN,C,Mike Gonzalez,1915,"N,St.Louis,Cardinals"
grind101,Griner,Dan,L,R,SLN,P,Dan Griner,1915,"N,St.Louis,Cardinals"
hornr101,Hornsby,Rogers,R,R,SLN,SS,Rogers Hornsby,1915,"N,St.Louis,Cardinals"
huggm101,Huggins,Miller,B,R,SLN,2B,Miller Huggins,1915,"N,St.Louis,Cardinals"
hyath101,Hyatt,Ham,L,R,SLN,1B,Ham Hyatt,1915,"N,St.Louis,Cardinals"
lamlf101,Lamlein,Fred,R,R,SLN,P,Fred Lamlein,1915,"N,St.Louis,Cardinals"
longt102,Long,Tom,R,R,SLN,OF,Tom Long,1915,"N,St.Louis,Cardinals"
meadl101,Meadows,Lee,L,R,SLN,P,Lee Meadows,1915,"N,St.Louis,Cardinals"
milld102,Miller,Dots,R,R,SLN,1B,Dots Miller,1915,"N,St.Louis,Cardinals"
niehd101,Niehaus,Dick,L,L,SLN,P,Dick Niehaus,1915,"N,St.Louis,Cardinals"
perdh101,Perdue,Hub,R,R,SLN,P,Hub Perdue,1915,"N,St.Louis,Cardinals"
robih102,Robinson,Hank,R,L,SLN,P,Hank Robinson,1915,"N,St.Louis,Cardinals"
rochj101,Roche,Jack,R,R,SLN,C,Jack Roche,1915,"N,St.Louis,Cardinals"
salls101,Sallee,Slim,R,L,SLN,P,Slim Sallee,1915,"N,St.Louis,Cardinals"
smitj106,Smith,Jack,L,L,SLN,OF,Jack Smith,1915,"N,St.Louis,Cardinals"
snydf101,Snyder,Frank,R,R,SLN,C,Frank Snyder,1915,"N,St.Louis,Cardinals"
wilsc102,Wilson,Chief,L,R,SLN,OF,Chief Wilson,1915,"N,St.Louis,Cardinals"
alexw101,Alexander,Walt,R,R,NYA,C,Walt Alexander,1915,"A,New York,Yankees"
barne104,Barney,Ed,L,R,NYA,OF,Ed Barney,1915,"A,New York,Yankees"
baump101,Baumann,Paddy,R,R,NYA,2B,Paddy Baumann,1915,"A,New York,Yankees"
boonl101,Boone,Luke,R,R,NYA,2B,Luke Boone,1915,"A,New York,Yankees"
bradn101,Brady,Neal,R,R,NYA,P,Neal Brady,1915,"A,New York,Yankees"
browb103,Brown,Boardwalk,R,R,NYA,P,Boardwalk Brown,1915,"A,New York,Yankees"
caldr101,Caldwell,Ray,L,R,NYA,P,Ray Caldwell,1915,"A,New York,Yankees"
colek101,Cole,King,R,R,NYA,P,King Cole,1915,"A,New York,Yankees"
cookd101,Cook,Doc,L,R,NYA,OF,Doc Cook,1915,"A,New York,Yankees"
cotte101,Cottrell,Ensign,L,L,NYA,P,Ensign Cottrell,1915,"A,New York,Yankees"
creeb101,Cree,Birdie,R,R,NYA,OF,Birdie Cree,1915,"A,New York,Yankees"
dalet101,Daley,Tom,L,R,NYA,OF,Tom Daley,1915,"A,New York,Yankees"
donob101,Donovan,Bill,B,R,NYA,P,Bill Donovan,1915,"A,New York,Yankees"
fishr101,Fisher,Ray,R,R,NYA,P,Ray Fisher,1915,"A,New York,Yankees"
gilhf101,Gilhooley,Frank,L,R,NYA,OF,Frank Gilhooley,1915,"A,New York,Yankees"
hartr102,Hartzell,Roy,L,R,NYA,OF,Roy Hartzell,1915,"A,New York,Yankees"
hendt101,Hendryx,Tim,R,R,NYA,OF,Tim Hendryx,1915,"A,New York,Yankees"
highh101,High,Hugh,L,L,NYA,OF,Hugh High,1915,"A,New York,Yankees"
keatr101,Keating,Ray,R,R,NYA,P,Ray Keating,1915,"A,New York,Yankees"
kruee101,Krueger,Ernie,R,R,NYA,C,Ernie Krueger,1915,"A,New York,Yankees"
laydg101,Layden,Gene,L,L,NYA,OF,Gene Layden,1915,"A,New York,Yankees"
maisf101,Maisel,Fritz,R,R,NYA,3B,Fritz Maisel,1915,"A,New York,Yankees"
markc101,Markle,Cliff,R,R,NYA,P,Cliff Markle,1915,"A,New York,Yankees"
mcham101,McHale,Marty,R,R,NYA,P,Marty McHale,1915,"A,New York,Yankees"
mille102,Miller,Elmer,R,R,NYA,OF,Elmer Miller,1915,"A,New York,Yankees"
mogrg101,Mogridge,George,L,L,NYA,P,George Mogridge,1915,"A,New York,Yankees"
mullc101,Mullen,Charlie,R,R,NYA,1B,Charlie Mullen,1915,"A,New York,Yankees"
nunal101,Nunamaker,Les,R,R,NYA,C,Les Nunamaker,1915,"A,New York,Yankees"
peckr101,Peckinpaugh,Roger,R,R,NYA,SS,Roger Peckinpaugh,1915,"A,New York,Yankees"
piehc101,Pieh,Cy,R,R,NYA,P,Cy Pieh,1915,"A,New York,Yankees"
pippw101,Pipp,Wally,L,L,NYA,1B,Wally Pipp,1915,"A,New York,Yankees"
russa101,Russell,Allen,B,R,NYA,P,Allen Russell,1915,"A,New York,Yankees"
schwp101,Schwert,Pi,R,R,NYA,C,Pi Schwert,1915,"A,New York,Yankees"
shawb102,Shawkey,Bob,R,R,NYA,P,Bob Shawkey,1915,"A,New York,Yankees"
shels101,Shelton,Skeeter,R,R,NYA,OF,Skeeter Shelton,1915,"A,New York,Yankees"
sweej102,Sweeney,Jeff,R,R,NYA,C,Jeff Sweeney,1915,"A,New York,Yankees"
tippd101,Tipple,Dan,R,R,NYA,P,Dan Tipple,1915,"A,New York,Yankees"
vancd101,Vance,Dazzy,R,R,NYA,P,Dazzy Vance,1915,"A,New York,Yankees"
waltr102,Walters,Roxy,R,R,NYA,C,Roxy Walters,1915,"A,New York,Yankees"
warhj101,Warhop,Jack,R,R,NYA,P,Jack Warhop,1915,"A,New York,Yankees"
agnes101,Agnew,Sam,R,R,SLA,C,Sam Agnew,1915,"A,St.Louis,Browns"
alexw101,Alexander,Walt,R,R,SLA,C,Walt Alexander,1915,"A,St.Louis,Browns"
austj101,Austin,Jimmy,B,R,SLA,3B,Jimmy Austin,1915,"A,St.Louis,Browns"
baumg101,Baumgardner,George,L,R,SLA,P,George Baumgardner,1915,"A,St.Louis,Browns"
burkc101,Burkam,Chauncey,L,R,SLA,PH,Chauncey Burkam,1915,"A,St.Louis,Browns"
cookr102,Cook,Rollin,R,R,SLA,P,Rollin Cook,1915,"A,St.Louis,Browns"
dalrb101,Dalrymple,Bill,?,R,SLA,3B,Bill Dalrymple,1915,"A,St.Louis,Browns"
dee-s101,Dee,Shorty,R,R,SLA,SS,Shorty Dee,1915,"A,St.Louis,Browns"
eastc101,East,Carl,L,R,SLA,P,Carl East,1915,"A,St.Louis,Browns"
hamie101,Hamilton,Earl,L,L,SLA,P,Earl Hamilton,1915,"A,St.Louis,Browns"
hochh101,Hoch,Harry,R,R,SLA,P,Harry Hoch,1915,"A,St.Louis,Browns"
hoffr102,Hoff,Red,L,L,SLA,P,Red Hoff,1915,"A,St.Louis,Browns"
howai101,Howard,Ivan,B,R,SLA,1B,Ivan Howard,1915,"A,St.Louis,Browns"
jacow101,Jacobson,Baby Doll,R,R,SLA,OF,Baby Doll Jacobson,1915,"A,St.Louis,Browns"
jameb103,James,Bill,B,R,SLA,P,Bill James,1915,"A,St.Louis,Browns"
kaufd101,Kauffman,Dick,B,R,SLA,1B,Dick Kauffman,1915,"A,St.Louis,Browns"
koobe101,Koob,Ernie,L,L,SLA,P,Ernie Koob,1915,"A,St.Louis,Browns"
lavad101,Lavan,Doc,R,R,SLA,SS,Doc Lavan,1915,"A,St.Louis,Browns"
learj101,Leary,John,R,R,SLA,1B,John Leary,1915,"A,St.Louis,Browns"
lee-b102,Lee,Billy,R,R,SLA,OF,Billy Lee,1915,"A,St.Louis,Browns"
levew101,Leverenz,Walt,L,L,SLA,P,Walt Leverenz,1915,"A,St.Louis,Browns"
lowdg101,Lowdermilk,Grover,R,R,SLA,P,Grover Lowdermilk,1915,"A,St.Louis,Browns"
mccat104,McCabe,Tim,R,R,SLA,P,Tim McCabe,1915,"A,St.Louis,Browns"
mckar101,McKay,Reeve,?,R,SLA,P,Reeve McKay,1915,"A,St.Louis,Browns"
obrig101,O'Brien,George,R,R,SLA,C,George O'Brien,1915,"A,St.Louis,Browns"
parkj102,Park,Jim,R,R,SLA,P,Jim Park,1915,"A,St.Louis,Browns"
parkp101,Parker,Pat,R,R,SLA,OF,Pat Parker,1915,"A,St.Louis,Browns"
perrp102,Perryman,Parson,R,R,SLA,P,Parson Perryman,1915,"A,St.Louis,Browns"
perrs101,Perry,Scott,L,R,SLA,P,Scott Perry,1915,"A,St.Louis,Browns"
philt102,Phillips,Tom,R,R,SLA,P,Tom Phillips,1915,"A,St.Louis,Browns"
pratd101,Pratt,Del,R,R,SLA,2B,Del Pratt,1915,"A,St.Louis,Browns"
remna101,Remneas,Alex,R,R,SLA,P,Alex Remneas,1915,"A,St.Louis,Browns"
ruelm101,Ruel,Muddy,R,R,SLA,C,Muddy Ruel,1915,"A,St.Louis,Browns"
schmr101,Schmandt,Ray,R,R,SLA,1B,Ray Schmandt,1915,"A,St.Louis,Browns"
seveh101,Severeid,Hank,R,R,SLA,C,Hank Severeid,1915,"A,St.Louis,Browns"
shotb101,Shotton,Burt,L,R,SLA,OF,Burt Shotton,1915,"A,St.Louis,Browns"
simsp101,Sims,Pete,R,R,SLA,P,Pete Sims,1915,"A,St.Louis,Browns"
sislg101,Sisler,George,L,L,SLA,1B,George Sisler,1915,"A,St.Louis,Browns"
sotha101,Sothoron,Allen,B,R,SLA,P,Allen Sothoron,1915,"A,St.Louis,Browns"
tillj101,Tillman,Johnny,B,R,SLA,P,Johnny Tillman,1915,"A,St.Louis,Browns"
walke101,Walker,Ernie,L,R,SLA,OF,Ernie Walker,1915,"A,St.Louis,Browns"
walkt101,Walker,Tillie,R,R,SLA,OF,Tillie Walker,1915,"A,St.Louis,Browns"
wallb101,Wallace,Bobby,R,R,SLA,SS,Bobby Wallace,1915,"A,St.Louis,Browns"
walsd101,Walsh,Dee,B,R,SLA,OF,Dee Walsh,1915,"A,St.Louis,Browns"
weilc101,Weilman,Carl,L,L,SLA,P,Carl Weilman,1915,"A,St.Louis,Browns"
willg103,Williams,Gus,L,L,SLA,OF,Gus Williams,1915,"A,St.Louis,Browns"
andeg102,Anderson,George,L,R,BRF,OF,George Anderson,1915,"F,Brooklyn,Tip-Tops"
bluej101,Bluejacket,Jim,R,R,BRF,P,Jim Bluejacket,1915,"F,Brooklyn,Tip-Tops"
bradh101,Bradley,Hugh,R,R,BRF,1B,Hugh Bradley,1915,"F,Brooklyn,Tip-Tops"
chouf101,Chouinard,Felix,R,R,BRF,OF,Felix Chouinard,1915,"F,Brooklyn,Tip-Tops"
coopc101,Cooper,Claude,L,L,BRF,OF,Claude Cooper,1915,"F,Brooklyn,Tip-Tops"
delaj103,Delahanty,Jim,R,R,BRF,2B,Jim Delahanty,1915,"F,Brooklyn,Tip-Tops"
evans101,Evans,Steve,L,L,BRF,OF,Steve Evans,1915,"F,Brooklyn,Tip-Tops"
falkc101,Falkenberg,Cy,R,R,BRF,P,Cy Falkenberg,1915,"F,Brooklyn,Tip-Tops"
finnh102,Finneran,Happy,R,R,BRF,P,Happy Finneran,1915,"F,Brooklyn,Tip-Tops"
gagne101,Gagnier,Ed,R,R,BRF,SS,Ed Gagnier,1915,"F,Brooklyn,Tip-Tops"
griga101,Griggs,Art,R,R,BRF,1B,Art Griggs,1915,"F,Brooklyn,Tip-Tops"
halta101,Halt,Al,R,R,BRF,3B,Al Halt,1915,"F,Brooklyn,Tip-Tops"
helft101,Helfrich,Ty,R,R,BRF,2B,Ty Helfrich,1915,"F,Brooklyn,Tip-Tops"
herrb101,Herring,Bill,R,R,BRF,P,Bill Herring,1915,"F,Brooklyn,Tip-Tops"
howad103,Howard,Dave,R,R,BRF,2B,Dave Howard,1915,"F,Brooklyn,Tip-Tops"
kanef101,Kane,Frank,L,R,BRF,OF,Frank Kane,1915,"F,Brooklyn,Tip-Tops"
kaufb101,Kauff,Benny,L,L,BRF,OF,Benny Kauff,1915,"F,Brooklyn,Tip-Tops"
lafie101,Lafitte,Ed,R,R,BRF,P,Ed Lafitte,1915,"F,Brooklyn,Tip-Tops"
landg101,Land,Grover,R,R,BRF,C,Grover Land,1915,"F,Brooklyn,Tip-Tops"
magel101,Magee,Lee,B,R,BRF,2B,Lee Magee,1915,"F,Brooklyn,Tip-Tops"
marid101,Marion,Dan,R,R,BRF,P,Dan Marion,1915,"F,Brooklyn,Tip-Tops"
murpd106,Murphy,Danny,R,R,BRF,2B,Danny Murphy,1915,"F,Brooklyn,Tip-Tops"
myerh101,Myers,Hap,R,R,BRF,1B,Hap Myers,1915,"F,Brooklyn,Tip-Tops"
pratl101,Pratt,Larry,R,R,BRF,C,Larry Pratt,1915,"F,Brooklyn,Tip-Tops"
reedm101,Reed,Milt,L,R,BRF,SS,Milt Reed,1915,"F,Brooklyn,Tip-Tops"
seatt102,Seaton,Tom,B,R,BRF,P,Tom Seaton,1915,"F,Brooklyn,Tip-Tops"
simom102,Simon,Mike,R,R,BRF,C,Mike Simon,1915,"F,Brooklyn,Tip-Tops"
smitf103,Smith,Fred,R,R,BRF,SS,Fred Smith,1915,"F,Brooklyn,Tip-Tops"
smitf106,Smith,Frank,R,R,BRF,P,Frank Smith,1915,"F,Brooklyn,Tip-Tops"
smith107,Smith,Harry,R,R,BRF,C,Harry Smith,1915,"F,Brooklyn,Tip-Tops"
tesca101,Tesch,Al,B,R,BRF,2B,Al Tesch,1915,"F,Brooklyn,Tip-Tops"
uphab101,Upham,Bill,B,R,BRF,P,Bill Upham,1915,"F,Brooklyn,Tip-Tops"
walkm102,Walker,Mysterious,R,R,BRF,P,Mysterious Walker,1915,"F,Brooklyn,Tip-Tops"
watsa101,Watson,Art,L,R,BRF,C,Art Watson,1915,"F,Brooklyn,Tip-Tops"
wilsf102,Wilson,Fin,L,L,BRF,P,Fin Wilson,1915,"F,Brooklyn,Tip-Tops"
wilth102,Wiltse,Hooks,R,L,BRF,P,Hooks Wiltse,1915,"F,Brooklyn,Tip-Tops"
wistt101,Wisterzil,Tex,R,R,BRF,3B,Tex Wisterzil,1915,"F,Brooklyn,Tip-Tops"
wrigd101,Wright,Dick,R,R,BRF,C,Dick Wright,1915,"F,Brooklyn,Tip-Tops"
allef101,Allen,Frank,R,L,PTF,P,Frank Allen,1915,"F,Pittsburgh,Rebels"
bargc101,Barger,Cy,L,R,PTF,P,Cy Barger,1915,"F,Pittsburgh,Rebels"
bergm101,Berghammer,Marty,L,R,PTF,SS,Marty Berghammer,1915,"F,Pittsburgh,Rebels"
berrc101,Berry,Claude,R,R,PTF,C,Claude Berry,1915,"F,Pittsburgh,Rebels"
bradh101,Bradley,Hugh,R,R,PTF,OF,Hugh Bradley,1915,"F,Pittsburgh,Rebels"
braia101,Braithwood,Al,R,L,PTF,P,Al Braithwood,1915,"F,Pittsburgh,Rebels"
burks101,Burk,Sandy,R,R,PTF,P,Sandy Burk,1915,"F,Pittsburgh,Rebels"
camnh101,Camnitz,Howie,R,R,PTF,P,Howie Camnitz,1915,"F,Pittsburgh,Rebels"
comsr101,Comstock,Ralph,R,R,PTF,P,Ralph Comstock,1915,"F,Pittsburgh,Rebels"
delaf101,Delahanty,Frank,R,R,PTF,OF,Frank Delahanty,1915,"F,Pittsburgh,Rebels"
dickw101,Dickson,Walt,R,R,PTF,P,Walt Dickson,1915,"F,Pittsburgh,Rebels"
hearb102,Hearn,Bunny,L,L,PTF,P,Bunny Hearn,1915,"F,Pittsburgh,Rebels"
holle102,Holly,Ed,R,R,PTF,SS,Ed Holly,1915,"F,Pittsburgh,Rebels"
joned104,Jones,Davy,L,R,PTF,OF,Davy Jones,1915,"F,Pittsburgh,Rebels"
kellj105,Kelly,Jim,L,R,PTF,OF,Jim Kelly,1915,"F,Pittsburgh,Rebels"
kerlo101,Kerlin,Orie,L,R,PTF,C,Orie Kerlin,1915,"F,Pittsburgh,Rebels"
knete101,Knetzer,Elmer,R,R,PTF,P,Elmer Knetzer,1915,"F,Pittsburgh,Rebels"
konee101,Konetchy,Ed,R,R,PTF,1B,Ed Konetchy,1915,"F,Pittsburgh,Rebels"
leclg101,LeClair,George,R,R,PTF,P,George LeClair,1915,"F,Pittsburgh,Rebels"
lenne102,Lennox,Ed,R,R,PTF,3B,Ed Lennox,1915,"F,Pittsburgh,Rebels"
lewij101,Lewis,Jack,R,R,PTF,2B,Jack Lewis,1915,"F,Pittsburgh,Rebels"
menom101,Menosky,Mike,L,R,PTF,OF,Mike Menosky,1915,"F,Pittsburgh,Rebels"
miljj101,Miljus,Johnny,R,R,PTF,P,Johnny Miljus,1915,"F,Pittsburgh,Rebels"
mowrm101,Mowrey,Mike,R,R,PTF,3B,Mike Mowrey,1915,"F,Pittsburgh,Rebels"
oaker101,Oakes,Rebel,L,R,PTF,OF,Rebel Oakes,1915,"F,Pittsburgh,Rebels"
oconp102,O'Connor,Paddy,R,R,PTF,C,Paddy O'Connor,1915,"F,Pittsburgh,Rebels"
rheac101,Rheam,Cy,R,R,PTF,OF,Cy Rheam,1915,"F,Pittsburgh,Rebels"
roggc101,Rogge,Clint,L,R,PTF,P,Clint Rogge,1915,"F,Pittsburgh,Rebels"
savaj101,Savage,Jimmie,B,R,PTF,OF,Jimmie Savage,1915,"F,Pittsburgh,Rebels"
wicka101,Wickland,Al,L,L,PTF,OF,Al Wickland,1915,"F,Pittsburgh,Rebels"
yerks101,Yerkes,Steve,R,R,PTF,2B,Steve Yerkes,1915,"F,Pittsburgh,Rebels"
billh101,Billiard,Harry,R,R,NEW,P,Harry Billiard,1915,"F,Newark,Peppers"
bradh101,Bradley,Hugh,R,R,NEW,1B,Hugh Bradley,1915,"F,Newark,Peppers"
branc101,Brandom,Chick,R,R,NEW,P,Chick Brandom,1915,"F,Newark,Peppers"
campv101,Campbell,Vin,L,R,NEW,OF,Vin Campbell,1915,"F,Newark,Peppers"
esmoj101,Esmond,Jimmy,R,R,NEW,SS,Jimmy Esmond,1915,"F,Newark,Peppers"
falkc101,Falkenberg,Cy,R,R,NEW,P,Cy Falkenberg,1915,"F,Newark,Peppers"
huhne101,Huhn,Emil,R,R,NEW,1B,Emil Huhn,1915,"F,Newark,Peppers"
kaisg101,Kaiserling,George,R,R,NEW,P,George Kaiserling,1915,"F,Newark,Peppers"
lapof101,LaPorte,Frank,R,R,NEW,2B,Frank LaPorte,1915,"F,Newark,Peppers"
mckeb101,McKechnie,Bill,B,R,NEW,3B,Bill McKechnie,1915,"F,Newark,Peppers"
millr114,Mills,Rupert,R,R,NEW,1B,Rupert Mills,1915,"F,Newark,Peppers"
morah102,Moran,Harry,L,L,NEW,P,Harry Moran,1915,"F,Newark,Peppers"
mosee101,Moseley,Earl,R,R,NEW,P,Earl Moseley,1915,"F,Newark,Peppers"
mullg102,Mullin,George,R,R,NEW,P,George Mullin,1915,"F,Newark,Peppers"
pratl101,Pratt,Larry,R,R,NEW,C,Larry Pratt,1915,"F,Newark,Peppers"
rarib101,Rariden,Bill,R,R,NEW,C,Bill Rariden,1915,"F,Newark,Peppers"
reedt101,Reed,Ted,R,R,NEW,3B,Ted Reed,1915,"F,Newark,Peppers"
reule101,Reulbach,Ed,R,R,NEW,P,Ed Reulbach,1915,"F,Newark,Peppers"
rouse101,Roush,Edd,L,L,NEW,OF,Edd Roush,1915,"F,Newark,Peppers"
schag101,Schaefer,Germany,R,R,NEW,OF,Germany Schaefer,1915,"F,Newark,Peppers"
schea102,Scheer,Al,L,R,NEW,OF,Al Scheer,1915,"F,Newark,Peppers"
seatt102,Seaton,Tom,B,R,NEW,P,Tom Seaton,1915,"F,Newark,Peppers"
stral101,Strands,Larry,R,R,NEW,3B,Larry Strands,1915,"F,Newark,Peppers"
textg101,Textor,George,B,R,NEW,C,George Textor,1915,"F,Newark,Peppers"
trauf101,Trautman,Fred,R,R,NEW,P,Fred Trautman,1915,"F,Newark,Peppers"
warrb101,Warren,Bill,L,R,NEW,1B,Bill Warren,1915,"F,Newark,Peppers"
whitc102,Whitehouse,Charlie,B,L,NEW,P,Charlie Whitehouse,1915,"F,Newark,Peppers"
whitg103,Whitehouse,Gil,B,R,NEW,OF,Gil Whitehouse,1915,"F,Newark,Peppers"
anckw101,Ancker,Walter,R,R,PHA,P,Walter Ancker,1915,"A,Philadelphia,Athletics"
bankb101,Bankston,Bill,L,R,PHA,OF,Bill Bankston,1915,"A,Philadelphia,Athletics"
barrj104,Barry,Jack,R,R,PHA,SS,Jack Barry,1915,"A,Philadelphia,Athletics"
bosth101,Bostick,Henry,R,R,PHA,3B,Henry Bostick,1915,"A,Philadelphia,Athletics"
bresr101,Bressler,Rube,R,L,PHA,P,Rube Bressler,1915,"A,Philadelphia,Athletics"
bushj102,Bush,Bullet Joe,R,R,PHA,P,Bullet Joe Bush,1915,"A,Philadelphia,Athletics"
coneb101,Cone,Bob,R,R,PHA,P,Bob Cone,1915,"A,Philadelphia,Athletics"
conwo101,Conway,Owen,?,R,PHA,3B,Owen Conway,1915,"A,Philadelphia,Athletics"
corca101,Corcoran,Art,?,R,PHA,3B,Art Corcoran,1915,"A,Philadelphia,Athletics"
crans102,Crane,Sam,R,R,PHA,SS,Sam Crane,1915,"A,Philadelphia,Athletics"
crowc101,Crowell,Cap,R,R,PHA,P,Cap Crowell,1915,"A,Philadelphia,Athletics"
damrh101,Damrau,Harry,R,R,PHA,3B,Harry Damrau,1915,"A,Philadelphia,Athletics"
dannb101,Danner,Buck,R,R,PHA,SS,Buck Danner,1915,"A,Philadelphia,Athletics"
davib104,Davis,Bud,L,R,PHA,P,Bud Davis,1915,"A,Philadelphia,Athletics"
davic104,Davies,Chick,L,L,PHA,OF,Chick Davies,1915,"A,Philadelphia,Athletics"
davih101,Davis,Harry,R,R,PHA,1B,Harry Davis,1915,"A,Philadelphia,Athletics"
ecclh101,Eccles,Harry,L,L,PHA,P,Harry Eccles,1915,"A,Philadelphia,Athletics"
edwar101,Edwards,Ralph,R,R,PHA,2B,Ralph Edwards,1915,"A,Philadelphia,Athletics"
filld101,Fillingim,Dana,L,R,PHA,P,Dana Fillingim,1915,"A,Philadelphia,Athletics"
haasb101,Haas,Bruno,B,L,PHA,P,Bruno Haas,1915,"A,Philadelphia,Athletics"
haefb101,Haeffner,Bill,R,R,PHA,C,Bill Haeffner,1915,"A,Philadelphia,Athletics"
harpj101,Harper,Jack,R,R,PHA,P,Jack Harper,1915,"A,Philadelphia,Athletics"
healt102,Healy,Thomas,R,R,PHA,3B,Thomas Healy,1915,"A,Philadelphia,Athletics"
knowt101,Knowlson,Tom,B,R,PHA,P,Tom Knowlson,1915,"A,Philadelphia,Athletics"
kopfl101,Kopf,Larry,B,R,PHA,SS,Larry Kopf,1915,"A,Philadelphia,Athletics"
lajon101,Lajoie,Nap,R,R,PHA,2B,Nap Lajoie,1915,"A,Philadelphia,Athletics"
lappj101,Lapp,Jack,L,R,PHA,C,Jack Lapp,1915,"A,Philadelphia,Athletics"
learf102,Lear,Fred,R,R,PHA,3B,Fred Lear,1915,"A,Philadelphia,Athletics"
malol101,Malone,Lew,R,R,PHA,2B,Lew Malone,1915,"A,Philadelphia,Athletics"
mcavw101,McAvoy,Wickey,R,R,PHA,C,Wickey McAvoy,1915,"A,Philadelphia,Athletics"
mccos101,McConnell,Sam,L,R,PHA,3B,Sam McConnell,1915,"A,Philadelphia,Athletics"
mcins101,McInnis,Stuffy,R,R,PHA,1B,Stuffy McInnis,1915,"A,Philadelphia,Athletics"
meehb101,Meehan,Bill,R,R,PHA,P,Bill Meehan,1915,"A,Philadelphia,Athletics"
morrb102,Morrisette,Bill,R,R,PHA,P,Bill Morrisette,1915,"A,Philadelphia,Athletics"
murpe102,Murphy,Eddie,L,R,PHA,OF,Eddie Murphy,1915,"A,Philadelphia,Athletics"
myere101,Myers,Elmer,R,R,PHA,P,Elmer Myers,1915,"A,Philadelphia,Athletics"
naboj101,Nabors,Jack,R,R,PHA,P,Jack Nabors,1915,"A,Philadelphia,Athletics"
oldrr101,Oldring,Rube,R,R,PHA,OF,Rube Oldring,1915,"A,Philadelphia,Athletics"
pennh101,Pennock,Herb,B,L,PHA,P,Herb Pennock,1915,"A,Philadelphia,Athletics"
peppb101,Pepper,Bob,R,R,PHA,P,Bob Pepper,1915,"A,Philadelphia,Athletics"
perkc101,Perkins,Cy,R,R,PHA,C,Cy Perkins,1915,"A,Philadelphia,Athletics"
pills101,Pillion,Squiz,L,L,PHA,P,Squiz Pillion,1915,"A,Philadelphia,Athletics"
ray-c101,Ray,Carl,L,L,PHA,P,Carl Ray,1915,"A,Philadelphia,Athletics"
richj103,Richardson,Jack,B,R,PHA,P,Jack Richardson,1915,"A,Philadelphia,Athletics"
schaw101,Schang,Wally,B,R,PHA,3B,Wally Schang,1915,"A,Philadelphia,Athletics"
seibs101,Seibold,Socks,R,R,PHA,SS,Socks Seibold,1915,"A,Philadelphia,Athletics"
shawb102,Shawkey,Bob,R,R,PHA,P,Bob Shawkey,1915,"A,Philadelphia,Athletics"
sheet102,Sheehan,Tom,R,R,PHA,P,Tom Sheehan,1915,"A,Philadelphia,Athletics"
sherj101,Sherman,Joe,R,R,PHA,P,Joe Sherman,1915,"A,Philadelphia,Athletics"
strua102,Strunk,Amos,L,L,PHA,OF,Amos Strunk,1915,"A,Philadelphia,Athletics"
thomi101,Thomas,Ira,R,R,PHA,C,Ira Thomas,1915,"A,Philadelphia,Athletics"
thoms101,Thompson,Shag,L,R,PHA,OF,Shag Thompson,1915,"A,Philadelphia,Athletics"
turnt103,Turner,Tink,R,R,PHA,P,Tink Turner,1915,"A,Philadelphia,Athletics"
walsj108,Walsh,Jimmy,R,R,PHA,OF,Jimmy Walsh,1915,"A,Philadelphia,Athletics"
weavh101,Weaver,Harry,R,R,PHA,P,Harry Weaver,1915,"A,Philadelphia,Athletics"
wyckj101,Wyckoff,Weldon,R,R,PHA,P,Weldon Wyckoff,1915,"A,Philadelphia,Athletics"
adamb104,Adams,Babe,L,R,PIT,P,Babe Adams,1915,"N,Pittsburgh,Pirates"
baird101,Baird,Doug,R,R,PIT,3B,Doug Baird,1915,"N,Pittsburgh,Pirates"
barne104,Barney,Ed,L,R,PIT,OF,Ed Barney,1915,"N,Pittsburgh,Pirates"
carem101,Carey,Max,B,R,PIT,OF,Max Carey,1915,"N,Pittsburgh,Pirates"
clarf101,Clarke,Fred,L,R,PIT,OF,Fred Clarke,1915,"N,Pittsburgh,Pirates"
collz101,Collins,Zip,L,L,PIT,OF,Zip Collins,1915,"N,Pittsburgh,Pirates"
conzj101,Conzelman,Joe,R,R,PIT,P,Joe Conzelman,1915,"N,Pittsburgh,Pirates"
coopw101,Cooper,Wilbur,R,L,PIT,P,Wilbur Cooper,1915,"N,Pittsburgh,Pirates"
costd101,Costello,Dan,L,R,PIT,OF,Dan Costello,1915,"N,Pittsburgh,Pirates"
daubh101,Daubert,Harry,R,R,PIT,PH,Harry Daubert,1915,"N,Pittsburgh,Pirates"
duncp101,Duncan,Pat,R,R,PIT,OF,Pat Duncan,1915,"N,Pittsburgh,Pirates"
gerbw101,Gerber,Wally,R,R,PIT,3B,Wally Gerber,1915,"N,Pittsburgh,Pirates"
gibsg101,Gibson,George,R,R,PIT,C,George Gibson,1915,"N,Pittsburgh,Pirates"
harmb101,Harmon,Bob,B,R,PIT,P,Bob Harmon,1915,"N,Pittsburgh,Pirates"
hillc102,Hill,Carmen,R,R,PIT,P,Carmen Hill,1915,"N,Pittsburgh,Pirates"
hincb101,Hinchman,Bill,R,R,PIT,OF,Bill Hinchman,1915,"N,Pittsburgh,Pirates"
johnd107,Johnston,Doc,L,L,PIT,1B,Doc Johnston,1915,"N,Pittsburgh,Pirates"
kante101,Kantlehner,Erv,L,L,PIT,P,Erv Kantlehner,1915,"N,Pittsburgh,Pirates"
kellh102,Kelly,Herb,L,L,PIT,P,Herb Kelly,1915,"N,Pittsburgh,Pirates"
lejel101,Lejeune,Sheldon,R,R,PIT,OF,Sheldon Lejeune,1915,"N,Pittsburgh,Pirates"
mamaa101,Mamaux,Al,R,R,PIT,P,Al Mamaux,1915,"N,Pittsburgh,Pirates"
mcaui101,McAuley,Ike,B,R,PIT,SS,Ike McAuley,1915,"N,Pittsburgh,Pirates"
mccaa103,McCarthy,Alex,R,R,PIT,2B,Alex McCarthy,1915,"N,Pittsburgh,Pirates"
mcqug103,McQuillan,George,R,R,PIT,P,George McQuillan,1915,"N,Pittsburgh,Pirates"
murpl101,Murphy,Leo,R,R,PIT,C,Leo Murphy,1915,"N,Pittsburgh,Pirates"
schab101,Schang,Bobby,R,R,PIT,C,Bobby Schang,1915,"N,Pittsburgh,Pirates"
schef104,Scheeren,Fritz,R,R,PIT,OF,Fritz Scheeren,1915,"N,Pittsburgh,Pirates"
siglp101,Siglin,Paddy,R,R,PIT,2B,Paddy Siglin,1915,"N,Pittsburgh,Pirates"
slatp101,Slattery,Phil,R,L,PIT,P,Phil Slattery,1915,"N,Pittsburgh,Pirates"
smits101,Smith,Syd,R,R,PIT,PH,Syd Smith,1915,"N,Pittsburgh,Pirates"
vancd101,Vance,Dazzy,R,R,PIT,P,Dazzy Vance,1915,"N,Pittsburgh,Pirates"
vioxj101,Viox,Jim,R,R,PIT,2B,Jim Viox,1915,"N,Pittsburgh,Pirates"
wagnb101,Wagner,Bill,R,R,PIT,C,Bill Wagner,1915,"N,Pittsburgh,Pirates"
wagnh101,Wagner,Honus,R,R,PIT,SS,Honus Wagner,1915,"N,Pittsburgh,Pirates"
aitcr101,Aitchison,Raleigh,R,L,BRO,P,Raleigh Aitchison,1915,"N,Brooklyn,Dodgers"
apple101,Appleton,Ed,R,R,BRO,P,Ed Appleton,1915,"N,Brooklyn,Dodgers"
browe101,Brown,Elmer,L,R,BRO,P,Elmer Brown,1915,"N,Brooklyn,Dodgers"
cadol101,Cadore,Leon,R,R,BRO,P,Leon Cadore,1915,"N,Brooklyn,Dodgers"
chenl101,Cheney,Larry,R,R,BRO,P,Larry Cheney,1915,"N,Brooklyn,Dodgers"
coomj101,Coombs,Jack,B,R,BRO,P,Jack Coombs,1915,"N,Brooklyn,Dodgers"
cutsg101,Cutshaw,George,R,R,BRO,2B,George Cutshaw,1915,"N,Brooklyn,Dodgers"
daubj101,Daubert,Jake,L,L,BRO,1B,Jake Daubert,1915,"N,Brooklyn,Dodgers"
dellw101,Dell,Wheezer,R,R,BRO,P,Wheezer Dell,1915,"N,Brooklyn,Dodgers"
dougp101,Douglas,Phil,R,R,BRO,P,Phil Douglas,1915,"N,Brooklyn,Dodgers"
egand102,Egan,Dick,R,R,BRO,PH,Dick Egan,1915,"N,Brooklyn,Dodgers"
getzg101,Getz,Gus,R,R,BRO,3B,Gus Getz,1915,"N,Brooklyn,Dodgers"
hummj101,Hummel,John,R,R,BRO,OF,John Hummel,1915,"N,Brooklyn,Dodgers"
karsj101,Karst,John,L,R,BRO,3B,John Karst,1915,"N,Brooklyn,Dodgers"
mailw101,Mails,Duster,L,L,BRO,P,Duster Mails,1915,"N,Brooklyn,Dodgers"
marqr102,Marquard,Rube,B,L,BRO,P,Rube Marquard,1915,"N,Brooklyn,Dodgers"
mccal102,McCarty,Lew,R,R,BRO,C,Lew McCarty,1915,"N,Brooklyn,Dodgers"
millo103,Miller,Otto,R,R,BRO,C,Otto Miller,1915,"N,Brooklyn,Dodgers"
myerh102,Myers,Hi,R,R,BRO,OF,Hi Myers,1915,"N,Brooklyn,Dodgers"
nixoa101,Nixon,Al,R,L,BRO,OF,Al Nixon,1915,"N,Brooklyn,Dodgers"
olsoi101,Olson,Ivy,R,R,BRO,SS,Ivy Olson,1915,"N,Brooklyn,Dodgers"
omaro101,O'Mara,Ollie,R,R,BRO,SS,Ollie O'Mara,1915,"N,Brooklyn,Dodgers"
pfefj101,Pfeffer,Jeff,R,R,BRO,P,Jeff Pfeffer,1915,"N,Brooklyn,Dodgers"
ragap101,Ragan,Pat,R,R,BRO,P,Pat Ragan,1915,"N,Brooklyn,Dodgers"
ruckn101,Rucker,Nap,R,L,BRO,P,Nap Rucker,1915,"N,Brooklyn,Dodgers"
schmc102,Schmutz,Charlie,R,R,BRO,P,Charlie Schmutz,1915,"N,Brooklyn,Dodgers"
schuj101,Schultz,Joe,R,R,BRO,3B,Joe Schultz,1915,"N,Brooklyn,Dodgers"
smits102,Smith,Sherry,R,L,BRO,P,Sherry Smith,1915,"N,Brooklyn,Dodgers"
smytr101,Smyth,Red,L,R,BRO,OF,Red Smyth,1915,"N,Brooklyn,Dodgers"
stenc101,Stengel,Casey,L,L,BRO,OF,Casey Stengel,1915,"N,Brooklyn,Dodgers"
wheam101,Wheat,Mack,R,R,BRO,C,Mack Wheat,1915,"N,Brooklyn,Dodgers"
wheaz101,Wheat,Zack,L,R,BRO,OF,Zack Wheat,1915,"N,Brooklyn,Dodgers"
zimmb101,Zimmerman,Bill,R,R,BRO,OF,Bill Zimmerman,1915,"N,Brooklyn,Dodgers"
barbw101,Barbare,Walter,R,R,CLE,3B,Walter Barbare,1915,"A,Cleveland,Indians"
billj103,Billings,Josh,R,R,CLE,C,Josh Billings,1915,"A,Cleveland,Indians"
bowma101,Bowman,Abe,R,R,CLE,P,Abe Bowman,1915,"A,Cleveland,Indians"
brenl101,Brenton,Lynn,R,R,CLE,P,Lynn Brenton,1915,"A,Cleveland,Indians"
cartp101,Carter,Paul,L,R,CLE,P,Paul Carter,1915,"A,Cleveland,Indians"
chapr101,Chapman,Ray,R,R,CLE,SS,Ray Chapman,1915,"A,Cleveland,Indians"
colla101,Collamore,Allan,R,R,CLE,P,Allan Collamore,1915,"A,Cleveland,Indians"
coumf101,Coumbe,Fritz,L,L,CLE,P,Fritz Coumbe,1915,"A,Cleveland,Indians"
eganb101,Egan,Ben,R,R,CLE,C,Ben Egan,1915,"A,Cleveland,Indians"
eschj101,Eschen,Jim,R,R,CLE,OF,Jim Eschen,1915,"A,Cleveland,Indians"
evanj101,Evans,Joe,R,R,CLE,3B,Joe Evans,1915,"A,Cleveland,Indians"
garrc103,Garrett,Clarence,R,R,CLE,P,Clarence Garrett,1915,"A,Cleveland,Indians"
goocl101,Gooch,Lee,R,R,CLE,PH,Lee Gooch,1915,"A,Cleveland,Indians"
granj104,Graney,Jack,L,L,CLE,OF,Jack Graney,1915,"A,Cleveland,Indians"
hager101,Hagerman,Rip,R,R,CLE,P,Rip Hagerman,1915,"A,Cleveland,Indians"
hammj101,Hammond,Jack,R,R,CLE,2B,Jack Hammond,1915,"A,Cleveland,Indians"
harso101,Harstad,Oscar,R,R,CLE,P,Oscar Harstad,1915,"A,Cleveland,Indians"
hawoh101,Haworth,Howie,L,R,CLE,C,Howie Haworth,1915,"A,Cleveland,Indians"
hillh105,Hill,Herbert,R,R,CLE,P,Herbert Hill,1915,"A,Cleveland,Indians"
hofft101,Hoffman,Tex,L,R,CLE,3B,Tex Hoffman,1915,"A,Cleveland,Indians"
jackj101,Jackson,Shoeless Joe,L,R,CLE,OF,Shoeless Joe Jackson,1915,"A,Cleveland,Indians"
jones104,Jones,Sad Sam,R,R,CLE,P,Sad Sam Jones,1915,"A,Cleveland,Indians"
kirkj101,Kirke,Jay,L,R,CLE,1B,Jay Kirke,1915,"A,Cleveland,Indians"
klepe101,Klepfer,Ed,R,R,CLE,P,Ed Klepfer,1915,"A,Cleveland,Indians"
leibn101,Leibold,Nemo,L,R,CLE,OF,Nemo Leibold,1915,"A,Cleveland,Indians"
mitcw101,Mitchell,Willie,R,L,CLE,P,Willie Mitchell,1915,"A,Cleveland,Indians"
mortg101,Morton,Guy,R,R,CLE,P,Guy Morton,1915,"A,Cleveland,Indians"
oneis101,O'Neill,Steve,R,R,CLE,C,Steve O'Neill,1915,"A,Cleveland,Indians"
pascb102,Paschal,Ben,R,R,CLE,PH,Ben Paschal,1915,"A,Cleveland,Indians"
rodgb103,Rodgers,Bill,L,R,CLE,2B,Bill Rodgers,1915,"A,Cleveland,Indians"
rothb102,Roth,Braggo,R,R,CLE,OF,Braggo Roth,1915,"A,Cleveland,Indians"
shiep101,Shields,Pete,R,R,CLE,1B,Pete Shields,1915,"A,Cleveland,Indians"
smite104,Smith,Elmer,L,R,CLE,OF,Elmer Smith,1915,"A,Cleveland,Indians"
soutb101,Southworth,Billy,L,R,CLE,OF,Billy Southworth,1915,"A,Cleveland,Indians"
steeb101,Steen,Bill,R,R,CLE,P,Bill Steen,1915,"A,Cleveland,Indians"
turnt105,Turner,Terry,R,R,CLE,2B,Terry Turner,1915,"A,Cleveland,Indians"
walkr102,Walker,Roy,R,R,CLE,P,Roy Walker,1915,"A,Cleveland,Indians"
wambb101,Wambsganss,Bill,R,R,CLE,2B,Bill Wambsganss,1915,"A,Cleveland,Indians"
wilid101,Wilie,Denney,L,L,CLE,OF,Denney Wilie,1915,"A,Cleveland,Indians"
woodr103,Wood,Roy,R,R,CLE,1B,Roy Wood,1915,"A,Cleveland,Indians"
baked102,Baker,Del,R,R,DET,C,Del Baker,1915,"A,Detroit,Tigers"
boehg101,Boehler,George,R,R,DET,P,George Boehler,1915,"A,Detroit,Tigers"
bolab101,Boland,Bernie,R,R,DET,P,Bernie Boland,1915,"A,Detroit,Tigers"
burng102,Burns,George,R,R,DET,1B,George Burns,1915,"A,Detroit,Tigers"
bushd102,Bush,Donie,B,R,DET,SS,Donie Bush,1915,"A,Detroit,Tigers"
cavep101,Cavet,Pug,L,L,DET,P,Pug Cavet,1915,"A,Detroit,Tigers"
cobbt101,Cobb,Ty,L,R,DET,OF,Ty Cobb,1915,"A,Detroit,Tigers"
coveh101,Coveleski,Harry,B,L,DET,P,Harry Coveleski,1915,"A,Detroit,Tigers"
craws101,Crawford,Sam,L,L,DET,OF,Sam Crawford,1915,"A,Detroit,Tigers"
daush101,Dauss,Hooks,R,R,DET,P,Hooks Dauss,1915,"A,Detroit,Tigers"
dubuj101,Dubuc,Jean,R,R,DET,P,Jean Dubuc,1915,"A,Detroit,Tigers"
fullf101,Fuller,Frank,B,R,DET,2B,Frank Fuller,1915,"A,Detroit,Tigers"
jacow101,Jacobson,Baby Doll,R,R,DET,1B,Baby Doll Jacobson,1915,"A,Detroit,Tigers"
jameb103,James,Bill,B,R,DET,P,Bill James,1915,"A,Detroit,Tigers"
kavam101,Kavanagh,Marty,R,R,DET,1B,Marty Kavanagh,1915,"A,Detroit,Tigers"
ledbr101,Ledbetter,Razor,R,R,DET,P,Razor Ledbetter,1915,"A,Detroit,Tigers"
lowdg101,Lowdermilk,Grover,R,R,DET,P,Grover Lowdermilk,1915,"A,Detroit,Tigers"
mcker103,McKee,Red,L,R,DET,C,Red McKee,1915,"A,Detroit,Tigers"
morig101,Moriarty,George,R,R,DET,3B,George Moriarty,1915,"A,Detroit,Tigers"
oldhr101,Oldham,Red,B,L,DET,P,Red Oldham,1915,"A,Detroit,Tigers"
petej102,Peters,John,R,R,DET,C,John Peters,1915,"A,Detroit,Tigers"
reynr101,Reynolds,Ross,R,R,DET,P,Ross Reynolds,1915,"A,Detroit,Tigers"
stano101,Stanage,Oscar,R,R,DET,C,Oscar Stanage,1915,"A,Detroit,Tigers"
steeb101,Steen,Bill,R,R,DET,P,Bill Steen,1915,"A,Detroit,Tigers"
veacb101,Veach,Bobby,L,R,DET,OF,Bobby Veach,1915,"A,Detroit,Tigers"
vitto101,Vitt,Ossie,R,R,DET,3B,Ossie Vitt,1915,"A,Detroit,Tigers"
younr103,Young,Ralph,B,R,DET,2B,Ralph Young,1915,"A,Detroit,Tigers"
barnj102,Barnes,Jesse,L,R,BSN,P,Jesse Barnes,1915,"N,Boston,Braves"
blace101,Blackburn,Earl,R,R,BSN,C,Earl Blackburn,1915,"N,Boston,Braves"
catht101,Cather,Ted,R,R,BSN,OF,Ted Cather,1915,"N,Boston,Braves"
cocrg101,Cocreham,Gene,R,R,BSN,P,Gene Cocreham,1915,"N,Boston,Braves"
collz101,Collins,Zip,L,L,BSN,OF,Zip Collins,1915,"N,Boston,Braves"
compp101,Compton,Pete,L,L,BSN,OF,Pete Compton,1915,"N,Boston,Braves"
connj107,Connolly,Joe,L,R,BSN,OF,Joe Connolly,1915,"N,Boston,Braves"
crutd101,Crutcher,Dick,R,R,BSN,P,Dick Crutcher,1915,"N,Boston,Braves"
davii103,Davis,Iron,B,R,BSN,P,Iron Davis,1915,"N,Boston,Braves"
egand102,Egan,Dick,R,R,BSN,OF,Dick Egan,1915,"N,Boston,Braves"
everj102,Evers,Johnny,L,R,BSN,2B,Johnny Evers,1915,"N,Boston,Braves"
fitze102,Fitzpatrick,Ed,R,R,BSN,2B,Ed Fitzpatrick,1915,"N,Boston,Braves"
gilbl101,Gilbert,Larry,L,L,BSN,OF,Larry Gilbert,1915,"N,Boston,Braves"
gowdh101,Gowdy,Hank,R,R,BSN,C,Hank Gowdy,1915,"N,Boston,Braves"
hesso101,Hess,Otto,L,L,BSN,P,Otto Hess,1915,"N,Boston,Braves"
hught107,Hughes,Tom,R,R,BSN,P,Tom Hughes,1915,"N,Boston,Braves"
jameb102,James,Bill,R,R,BSN,P,Bill James,1915,"N,Boston,Braves"
low-f101,Low,Fletcher,R,R,BSN,3B,Fletcher Low,1915,"N,Boston,Braves"
luqud101,Luque,Dolf,R,R,BSN,P,Dolf Luque,1915,"N,Boston,Braves"
mages101,Magee,Sherry,R,R,BSN,OF,Sherry Magee,1915,"N,Boston,Braves"
marar101,Maranville,Rabbit,R,R,BSN,SS,Rabbit Maranville,1915,"N,Boston,Braves"
morah101,Moran,Herbie,L,R,BSN,OF,Herbie Moran,1915,"N,Boston,Braves"
nehfa101,Nehf,Art,L,L,BSN,P,Art Nehf,1915,"N,Boston,Braves"
ragap101,Ragan,Pat,R,R,BSN,P,Pat Ragan,1915,"N,Boston,Braves"
rudod101,Rudolph,Dick,R,R,BSN,P,Dick Rudolph,1915,"N,Boston,Braves"
schmb103,Schmidt,Butch,L,L,BSN,1B,Butch Schmidt,1915,"N,Boston,Braves"
shanj102,Shannon,Joe,R,R,BSN,OF,Joe Shannon,1915,"N,Boston,Braves"
shanr101,Shannon,Red,B,R,BSN,SS,Red Shannon,1915,"N,Boston,Braves"
smitr108,Smith,Red,R,R,BSN,3B,Red Smith,1915,"N,Boston,Braves"
snodf101,Snodgrass,Fred,R,R,BSN,OF,Fred Snodgrass,1915,"N,Boston,Braves"
strap101,Strand,Paul,R,L,BSN,P,Paul Strand,1915,"N,Boston,Braves"
tragw101,Tragesser,Walt,R,R,BSN,C,Walt Tragesser,1915,"N,Boston,Braves"
tylel101,Tyler,Lefty,L,L,BSN,P,Lefty Tyler,1915,"N,Boston,Braves"
whalb101,Whaling,Bert,R,R,BSN,C,Bert Whaling,1915,"N,Boston,Braves"
aglej101,Agler,Joe,L,L,BLF,1B,Joe Agler,1915,"F,Baltimore,Terrapins"
bailb101,Bailey,Bill,L,L,BLF,P,Bill Bailey,1915,"F,Baltimore,Terrapins"
bendc101,Bender,Chief,R,R,BLF,P,Chief Bender,1915,"F,Baltimore,Terrapins"
blacd102,Black,Dave,L,L,BLF,P,Dave Black,1915,"F,Baltimore,Terrapins"
conls101,Conley,Snipe,R,R,BLF,P,Snipe Conley,1915,"F,Baltimore,Terrapins"
crawk101,Crawford,Ken,L,R,BLF,1B,Ken Crawford,1915,"F,Baltimore,Terrapins"
doolm101,Doolin,Mickey,R,R,BLF,SS,Mickey Doolin,1915,"F,Baltimore,Terrapins"
dougl101,Douglas,Larry,R,R,BLF,P,Larry Douglas,1915,"F,Baltimore,Terrapins"
duncv101,Duncan,Vern,L,R,BLF,OF,Vern Duncan,1915,"F,Baltimore,Terrapins"
eaklc101,Eakle,Charlie,?,?,BLF,2B,Charlie Eakle,1915,"F,Baltimore,Terrapins"
evans101,Evans,Steve,L,L,BLF,OF,Steve Evans,1915,"F,Baltimore,Terrapins"
forse101,Forsyth,Ed,R,R,BLF,3B,Ed Forsyth,1915,"F,Baltimore,Terrapins"
gallj105,Gallagher,John,R,R,BLF,2B,John Gallagher,1915,"F,Baltimore,Terrapins"
hickj102,Hickman,Jim,R,R,BLF,OF,Jim Hickman,1915,"F,Baltimore,Terrapins"
jackf101,Jacklitsch,Fred,R,R,BLF,C,Fred Jacklitsch,1915,"F,Baltimore,Terrapins"
johnr104,Johnson,Rankin,R,R,BLF,P,Rankin Johnson,1915,"F,Baltimore,Terrapins"
kerrd102,Kerr,Doc,B,R,BLF,C,Doc Kerr,1915,"F,Baltimore,Terrapins"
kirke101,Kirkpatrick,Enos,R,R,BLF,3B,Enos Kirkpatrick,1915,"F,Baltimore,Terrapins"
knabo101,Knabe,Otto,R,R,BLF,2B,Otto Knabe,1915,"F,Baltimore,Terrapins"
kolsk101,Kolseth,Karl,L,R,BLF,1B,Karl Kolseth,1915,"F,Baltimore,Terrapins"
leclg101,LeClair,George,R,R,BLF,P,George LeClair,1915,"F,Baltimore,Terrapins"
maisc101,Maisel,Charlie,R,R,BLF,C,Charlie Maisel,1915,"F,Baltimore,Terrapins"
mccaj107,McCandless,Jack,L,R,BLF,OF,Jack McCandless,1915,"F,Baltimore,Terrapins"
meyeb103,Meyer,Benny,R,R,BLF,OF,Benny Meyer,1915,"F,Baltimore,Terrapins"
millc102,Miller,Charlie,R,R,BLF,PH,Charlie Miller,1915,"F,Baltimore,Terrapins"
owenf101,Owens,Yip,R,R,BLF,C,Yip Owens,1915,"F,Baltimore,Terrapins"
quinj102,Quinn,Jack,R,R,BLF,P,Jack Quinn,1915,"F,Baltimore,Terrapins"
reinw101,Reinecker,Wally,R,R,BLF,3B,Wally Reinecker,1915,"F,Baltimore,Terrapins"
russh101,Russell,Harvey,L,R,BLF,C,Harvey Russell,1915,"F,Baltimore,Terrapins"
simmh101,Simmons,Hack,R,R,BLF,2B,Hack Simmons,1915,"F,Baltimore,Terrapins"
smitf106,Smith,Frank,R,R,BLF,P,Frank Smith,1915,"F,Baltimore,Terrapins"
smitj107,Smith,Jimmy,B,R,BLF,SS,Jimmy Smith,1915,"F,Baltimore,Terrapins"
suggg101,Suggs,George,R,R,BLF,P,George Suggs,1915,"F,Baltimore,Terrapins"
swach101,Swacina,Harry,R,R,BLF,1B,Harry Swacina,1915,"F,Baltimore,Terrapins"
veret101,Vereker,Tommy,?,?,BLF,P,Tommy Vereker,1915,"F,Baltimore,Terrapins"
walsj101,Walsh,Jimmy,R,R,BLF,3B,Jimmy Walsh,1915,"F,Baltimore,Terrapins"
wilhk101,Wilhelm,Kaiser,R,R,BLF,P,Kaiser Wilhelm,1915,"F,Baltimore,Terrapins"
younc103,Young,Charlie,B,R,BLF,P,Charlie Young,1915,"F,Baltimore,Terrapins"
zinng101,Zinn,Guy,L,R,BLF,OF,Guy Zinn,1915,"F,Baltimore,Terrapins"
bakeh101,Baker,Howard,R,R,CHA,PH,Howard Baker,1915,"A,Chicago,White Sox"
benzj101,Benz,Joe,R,R,CHA,P,Joe Benz,1915,"A,Chicago,White Sox"
blacl101,Blackburne,Lena,R,R,CHA,3B,Lena Blackburne,1915,"A,Chicago,White Sox"
bretj101,Breton,Jim,R,R,CHA,3B,Jim Breton,1915,"A,Chicago,White Sox"
brieb101,Brief,Bunny,R,R,CHA,1B,Bunny Brief,1915,"A,Chicago,White Sox"
chapl101,Chappell,Larry,L,R,CHA,PH,Larry Chappell,1915,"A,Chicago,White Sox"
cicoe101,Cicotte,Eddie,B,R,CHA,P,Eddie Cicotte,1915,"A,Chicago,White Sox"
colle101,Collins,Eddie,L,R,CHA,2B,Eddie Collins,1915,"A,Chicago,White Sox"
colls101,Collins,Shano,R,R,CHA,OF,Shano Collins,1915,"A,Chicago,White Sox"
dalyt102,Daly,Tom,R,R,CHA,C,Tom Daly,1915,"A,Chicago,White Sox"
david102,Davis,Dixie,R,R,CHA,P,Dixie Davis,1915,"A,Chicago,White Sox"
demmr101,Demmitt,Ray,L,R,CHA,OF,Ray Demmitt,1915,"A,Chicago,White Sox"
faber101,Faber,Red,B,R,CHA,P,Red Faber,1915,"A,Chicago,White Sox"
felsh101,Felsch,Happy,R,R,CHA,OF,Happy Felsch,1915,"A,Chicago,White Sox"
fourj101,Fournier,Jack,L,R,CHA,1B,Jack Fournier,1915,"A,Chicago,White Sox"
jackc102,Jackson,Charlie,L,L,CHA,PH,Charlie Jackson,1915,"A,Chicago,White Sox"
jackj101,Jackson,Shoeless Joe,L,R,CHA,OF,Shoeless Joe Jackson,1915,"A,Chicago,White Sox"
jasph101,Jasper,Hi,R,R,CHA,P,Hi Jasper,1915,"A,Chicago,White Sox"
johnp101,Johns,Pete,R,R,CHA,3B,Pete Johns,1915,"A,Chicago,White Sox"
johnw101,Johnson,Ellis,R,R,CHA,P,Ellis Johnson,1915,"A,Chicago,White Sox"
klepe101,Klepfer,Ed,R,R,CHA,P,Ed Klepfer,1915,"A,Chicago,White Sox"
leibn101,Leibold,Nemo,L,R,CHA,OF,Nemo Leibold,1915,"A,Chicago,White Sox"
mayew101,Mayer,Wally,R,R,CHA,C,Wally Mayer,1915,"A,Chicago,White Sox"
murpe102,Murphy,Eddie,L,R,CHA,OF,Eddie Murphy,1915,"A,Chicago,White Sox"
quinf101,Quinlan,Finners,L,L,CHA,OF,Finners Quinlan,1915,"A,Chicago,White Sox"
rothb102,Roth,Braggo,R,R,CHA,3B,Braggo Roth,1915,"A,Chicago,White Sox"
russr102,Russell,Reb,L,L,CHA,P,Reb Russell,1915,"A,Chicago,White Sox"
schar103,Schalk,Ray,R,R,CHA,C,Ray Schalk,1915,"A,Chicago,White Sox"
scotj104,Scott,Jim,R,R,CHA,P,Jim Scott,1915,"A,Chicago,White Sox"
walse101,Walsh,Ed,R,R,CHA,P,Ed Walsh,1915,"A,Chicago,White Sox"
weavb101,Weaver,Buck,B,R,CHA,SS,Buck Weaver,1915,"A,Chicago,White Sox"
wolfm101,Wolfgang,Mellie,R,R,CHA,P,Mellie Wolfgang,1915,"A,Chicago,White Sox"
adamb106,Adams,Bert,B,R,PHI,C,Bert Adams,1915,"N,Philadelphia,Phillies"
alexg102,Alexander,Pete,R,R,PHI,P,Pete Alexander,1915,"N,Philadelphia,Phillies"
bancd101,Bancroft,Dave,B,R,PHI,SS,Dave Bancroft,1915,"N,Philadelphia,Phillies"
baums101,Baumgartner,Stan,L,L,PHI,P,Stan Baumgartner,1915,"N,Philadelphia,Phillies"
beckb101,Becker,Beals,L,L,PHI,OF,Beals Becker,1915,"N,Philadelphia,Phillies"
burne101,Burns,Ed,R,R,PHI,C,Ed Burns,1915,"N,Philadelphia,Phillies"
byrnb101,Byrne,Bobby,R,R,PHI,3B,Bobby Byrne,1915,"N,Philadelphia,Phillies"
chalg101,Chalmers,George,R,R,PHI,P,George Chalmers,1915,"N,Philadelphia,Phillies"
cravg101,Cravath,Gavvy,R,R,PHI,OF,Gavvy Cravath,1915,"N,Philadelphia,Phillies"
demaa101,Demaree,Al,L,R,PHI,P,Al Demaree,1915,"N,Philadelphia,Phillies"
dugeo101,Dugey,Oscar,R,R,PHI,2B,Oscar Dugey,1915,"N,Philadelphia,Phillies"
killb101,Killefer,Bill,R,R,PHI,C,Bill Killefer,1915,"N,Philadelphia,Phillies"
ludef101,Luderus,Fred,L,R,PHI,1B,Fred Luderus,1915,"N,Philadelphia,Phillies"
mayee101,Mayer,Erskine,R,R,PHI,P,Erskine Mayer,1915,"N,Philadelphia,Phillies"
mcqug103,McQuillan,George,R,R,PHI,P,George McQuillan,1915,"N,Philadelphia,Phillies"
niehb101,Niehoff,Bert,R,R,PHI,2B,Bert Niehoff,1915,"N,Philadelphia,Phillies"
oescj101,Oeschger,Joe,R,R,PHI,P,Joe Oeschger,1915,"N,Philadelphia,Phillies"
paskd101,Paskert,Dode,R,R,PHI,OF,Dode Paskert,1915,"N,Philadelphia,Phillies"
rixee101,Rixey,Eppa,R,L,PHI,P,Eppa Rixey,1915,"N,Philadelphia,Phillies"
stocm101,Stock,Milt,R,R,PHI,3B,Milt Stock,1915,"N,Philadelphia,Phillies"
tincb101,Tincup,Ben,L,R,PHI,P,Ben Tincup,1915,"N,Philadelphia,Phillies"
weisb101,Weiser,Bud,R,R,PHI,OF,Bud Weiser,1915,"N,Philadelphia,Phillies"
whitp102,Whitted,Possum,R,R,PHI,OF,Possum Whitted,1915,"N,Philadelphia,Phillies"
adamd103,Adams,Dan,R,R,KCF,P,Dan Adams,1915,"F,Kansas City,Packers"
blacc101,Blackburn,Charlie,R,R,KCF,P,Charlie Blackburn,1915,"F,Kansas City,Packers"
bradb102,Bradley,Bill,R,R,KCF,3B,Bill Bradley,1915,"F,Kansas City,Packers"
browd101,Brown,Drummond,R,R,KCF,C,Drummond Brown,1915,"F,Kansas City,Packers"
chadc101,Chadbourne,Chet,L,R,KCF,OF,Chet Chadbourne,1915,"F,Kansas City,Packers"
culln101,Cullop,Nick,L,L,KCF,P,Nick Cullop,1915,"F,Kansas City,Packers"
eastt101,Easterly,Ted,L,R,KCF,C,Ted Easterly,1915,"F,Kansas City,Packers"
enzej101,Enzenroth,Jack,R,R,KCF,C,Jack Enzenroth,1915,"F,Kansas City,Packers"
gilmg101,Gilmore,Grover,L,L,KCF,OF,Grover Gilmore,1915,"F,Kansas City,Packers"
gingj101,Gingras,Joe,R,R,KCF,P,Joe Gingras,1915,"F,Kansas City,Packers"
goodp101,Goodwin,Pep,L,R,KCF,SS,Pep Goodwin,1915,"F,Kansas City,Packers"
harrb111,Harris,Ben,R,R,KCF,P,Ben Harris,1915,"F,Kansas City,Packers"
hennp101,Henning,Pete,R,R,KCF,P,Pete Henning,1915,"F,Kansas City,Packers"
johnc102,Johnson,Chief,R,R,KCF,P,Chief Johnson,1915,"F,Kansas City,Packers"
kenwd101,Kenworthy,Duke,B,R,KCF,2B,Duke Kenworthy,1915,"F,Kansas City,Packers"
kruga101,Kruger,Art,R,R,KCF,OF,Art Kruger,1915,"F,Kansas City,Packers"
maina101,Main,Alex,L,R,KCF,P,Alex Main,1915,"F,Kansas City,Packers"
packg101,Packard,Gene,L,L,KCF,P,Gene Packard,1915,"F,Kansas City,Packers"
perrg102,Perring,George,R,R,KCF,3B,George Perring,1915,"F,Kansas City,Packers"
rawlj101,Rawlings,Johnny,R,R,KCF,SS,Johnny Rawlings,1915,"F,Kansas City,Packers"
shawa102,Shaw,Al,L,R,KCF,OF,Al Shaw,1915,"F,Kansas City,Packers"
stovg101,Stovall,George,R,R,KCF,1B,George Stovall,1915,"F,Kansas City,Packers"
aglej101,Agler,Joe,L,L,BUF,OF,Joe Agler,1915,"F,Buffalo,Blues"
allen101,Allen,Nick,R,R,BUF,C,Nick Allen,1915,"F,Buffalo,Blues"
andef101,Anderson,Fred,R,R,BUF,P,Fred Anderson,1915,"F,Buffalo,Blues"
bedih101,Bedient,Hugh,R,R,BUF,P,Hugh Bedient,1915,"F,Buffalo,Blues"
blaiw101,Blair,Walter,R,R,BUF,C,Walter Blair,1915,"F,Buffalo,Blues"
chash101,Chase,Hal,R,L,BUF,1B,Hal Chase,1915,"F,Buffalo,Blues"
daltj101,Dalton,Jack,R,R,BUF,OF,Jack Dalton,1915,"F,Buffalo,Blues"
downt101,Downey,Tom,B,R,BUF,2B,Tom Downey,1915,"F,Buffalo,Blues"
ehmkh101,Ehmke,Howard,R,R,BUF,P,Howard Ehmke,1915,"F,Buffalo,Blues"
englc103,Engle,Clyde,R,R,BUF,OF,Clyde Engle,1915,"F,Buffalo,Blues"
fordr101,Ford,Russ,R,R,BUF,P,Russ Ford,1915,"F,Buffalo,Blues"
gagne101,Gagnier,Ed,R,R,BUF,2B,Ed Gagnier,1915,"F,Buffalo,Blues"
hofms101,Hofman,Solly,R,R,BUF,OF,Solly Hofman,1915,"F,Buffalo,Blues"
krapg101,Krapp,Gene,R,R,BUF,P,Gene Krapp,1915,"F,Buffalo,Blues"
lafie101,Lafitte,Ed,R,R,BUF,P,Ed Lafitte,1915,"F,Buffalo,Blues"
leclg101,LeClair,George,R,R,BUF,P,George LeClair,1915,"F,Buffalo,Blues"
lordh101,Lord,Harry,L,R,BUF,3B,Harry Lord,1915,"F,Buffalo,Blues"
loudb101,Louden,Baldy,R,R,BUF,2B,Baldy Louden,1915,"F,Buffalo,Blues"
marsr101,Marshall,Rube,R,R,BUF,P,Rube Marshall,1915,"F,Buffalo,Blues"
mcdot101,McDonald,Tex,L,R,BUF,OF,Tex McDonald,1915,"F,Buffalo,Blues"
meyeb103,Meyer,Benny,R,R,BUF,OF,Benny Meyer,1915,"F,Buffalo,Blues"
roacr101,Roach,Roxey,R,R,BUF,SS,Roxey Roach,1915,"F,Buffalo,Blues"
schua102,Schulz,Al,R,L,BUF,P,Al Schulz,1915,"F,Buffalo,Blues"
smitb103,Smith,Bob,R,R,BUF,P,Bob Smith,1915,"F,Buffalo,Blues"
smitf103,Smith,Fred,R,R,BUF,SS,Fred Smith,1915,"F,Buffalo,Blues"
watsa101,Watson,Art,L,R,BUF,C,Art Watson,1915,"F,Buffalo,Blues"
woodd101,Woodman,Dan,R,R,BUF,P,Dan Woodman,1915,"F,Buffalo,Blues"
yound104,Young,Del,L,R,BUF,OF,Del Young,1915,"F,Buffalo,Blues"
