player_id,last,first,bats,throws,team_id,pos,player_name,year,team_name
aglej101,Agler,Joe,L,L,WS1,1B,Joe Agler,1912,"A,Washington,Senators"
ainse101,Ainsmith,Eddie,R,R,WS1,C,Eddie Ainsmith,1912,"A,Washington,Senators"
akerj101,Akers,Jerry,R,R,WS1,P,Jerry Akers,1912,"A,Washington,Senators"
altrn101,Altrock,Nick,B,L,WS1,1B,Nick Altrock,1912,"A,Washington,Senators"
beckc102,Becker,Charlie,L,L,WS1,P,Charlie Becker,1912,"A,Washington,Senators"
boehj101,Boehling,Joe,L,L,WS1,P,Joe Boehling,1912,"A,Washington,Senators"
cashc101,Cashion,Carl,L,R,WS1,P,Carl Cashion,1912,"A,Washington,Senators"
cunnb101,Cunningham,Bill,R,R,WS1,2B,Bill Cunningham,1912,"A,Washington,Senators"
engej101,Engel,Joe,R,L,WS1,P,Joe Engel,1912,"A,Washington,Senators"
flynj102,Flynn,John,R,R,WS1,1B,John Flynn,1912,"A,Washington,Senators"
foste103,Foster,Eddie,R,R,WS1,3B,Eddie Foster,1912,"A,Washington,Senators"
gallb103,Gallia,Bert,R,R,WS1,P,Bert Gallia,1912,"A,Washington,Senators"
gandc101,Gandil,Chick,R,R,WS1,1B,Chick Gandil,1912,"A,Washington,Senators"
grifc101,Griffith,Clark,R,R,WS1,2B,Clark Griffith,1912,"A,Washington,Senators"
groob101,Groom,Bob,R,R,WS1,P,Bob Groom,1912,"A,Washington,Senators"
henrj101,Henry,John,R,R,WS1,C,John Henry,1912,"A,Washington,Senators"
herrh101,Herring,Herb,R,R,WS1,P,Herb Herring,1912,"A,Washington,Senators"
howad103,Howard,Dave,R,R,WS1,PX,Dave Howard,1912,"A,Washington,Senators"
hught103,Hughes,Tom,R,R,WS1,P,Tom Hughes,1912,"A,Washington,Senators"
johnw102,Johnson,Walter,R,R,WS1,P,Walter Johnson,1912,"A,Washington,Senators"
kenwd101,Kenworthy,Duke,B,R,WS1,OF,Duke Kenworthy,1912,"A,Washington,Senators"
knigj102,Knight,John,R,R,WS1,2B,John Knight,1912,"A,Washington,Senators"
lapof101,LaPorte,Frank,R,R,WS1,2B,Frank LaPorte,1912,"A,Washington,Senators"
longt102,Long,Tom,R,R,WS1,PX,Tom Long,1912,"A,Washington,Senators"
mcbrg101,McBride,George,R,R,WS1,SS,George McBride,1912,"A,Washington,Senators"
milac101,Milan,Clyde,L,R,WS1,OF,Clyde Milan,1912,"A,Washington,Senators"
moeld101,Moeller,Danny,B,R,WS1,OF,Danny Moeller,1912,"A,Washington,Senators"
morar101,Moran,Roy,R,R,WS1,OF,Roy Moran,1912,"A,Washington,Senators"
morgr101,Morgan,Ray,R,R,WS1,2B,Ray Morgan,1912,"A,Washington,Senators"
mussp101,Musser,Paul,R,R,WS1,P,Paul Musser,1912,"A,Washington,Senators"
peltb101,Pelty,Barney,R,R,WS1,P,Barney Pelty,1912,"A,Washington,Senators"
roacr101,Roach,Roxey,R,R,WS1,SS,Roxey Roach,1912,"A,Washington,Senators"
ryanj103,Ryan,Jack,R,R,WS1,3B,Jack Ryan,1912,"A,Washington,Senators"
schag101,Schaefer,Germany,R,R,WS1,OF,Germany Schaefer,1912,"A,Washington,Senators"
schel101,Schegg,Lefty,L,L,WS1,P,Lefty Schegg,1912,"A,Washington,Senators"
shanh101,Shanks,Howie,R,R,WS1,OF,Howie Shanks,1912,"A,Washington,Senators"
vaugh101,Vaughn,Hippo,B,L,WS1,P,Hippo Vaughn,1912,"A,Washington,Senators"
walkd102,Walker,Dixie,L,R,WS1,P,Dixie Walker,1912,"A,Washington,Senators"
walkt101,Walker,Tillie,R,R,WS1,OF,Tillie Walker,1912,"A,Washington,Senators"
whits102,White,Steve,R,R,WS1,P,Steve White,1912,"A,Washington,Senators"
willr104,Williams,Rip,R,R,WS1,C,Rip Williams,1912,"A,Washington,Senators"
blisj101,Bliss,Jack,R,R,SLN,C,Jack Bliss,1912,"N,St.Louis,Cardinals"
bresr102,Bresnahan,Roger,R,R,SLN,C,Roger Bresnahan,1912,"N,St.Louis,Cardinals"
burks101,Burk,Sandy,R,R,SLN,P,Sandy Burk,1912,"N,St.Louis,Cardinals"
burne101,Burns,Ed,R,R,SLN,C,Ed Burns,1912,"N,St.Louis,Cardinals"
catht101,Cather,Ted,R,R,SLN,OF,Ted Cather,1912,"N,St.Louis,Cardinals"
clarj101,Clark,Jim,R,R,SLN,PX,Jim Clark,1912,"N,St.Louis,Cardinals"
daleg101,Dale,Gene,R,R,SLN,P,Gene Dale,1912,"N,St.Louis,Cardinals"
dellw101,Dell,Wheezer,R,R,SLN,P,Wheezer Dell,1912,"N,St.Louis,Cardinals"
ellir102,Ellis,Rube,L,L,SLN,OF,Rube Ellis,1912,"N,St.Louis,Cardinals"
evans101,Evans,Steve,L,L,SLN,OF,Steve Evans,1912,"N,St.Louis,Cardinals"
ewinb102,Ewing,Bob,R,R,SLN,P,Bob Ewing,1912,"N,St.Louis,Cardinals"
gallj101,Galloway,Jim,B,R,SLN,2B,Jim Galloway,1912,"N,St.Louis,Cardinals"
geyer101,Geyer,Rube,R,R,SLN,P,Rube Geyer,1912,"N,St.Louis,Cardinals"
gilhf101,Gilhooley,Frank,L,R,SLN,OF,Frank Gilhooley,1912,"N,St.Louis,Cardinals"
grind101,Griner,Dan,L,R,SLN,P,Dan Griner,1912,"N,St.Louis,Cardinals"
harmb101,Harmon,Bob,B,R,SLN,P,Bob Harmon,1912,"N,St.Louis,Cardinals"
hausa101,Hauser,Arnold,R,R,SLN,SS,Arnold Hauser,1912,"N,St.Louis,Cardinals"
hower101,Howell,Roland,R,R,SLN,P,Roland Howell,1912,"N,St.Louis,Cardinals"
huggm101,Huggins,Miller,B,R,SLN,2B,Miller Huggins,1912,"N,St.Louis,Cardinals"
kellj107,Kelleher,John,R,R,SLN,3B,John Kelleher,1912,"N,St.Louis,Cardinals"
konee101,Konetchy,Ed,R,R,SLN,1B,Ed Konetchy,1912,"N,St.Louis,Cardinals"
lowdl101,Lowdermilk,Lou,R,L,SLN,P,Lou Lowdermilk,1912,"N,St.Louis,Cardinals"
magel101,Magee,Lee,B,R,SLN,OF,Lee Magee,1912,"N,St.Louis,Cardinals"
mercj101,Mercer,John,L,L,SLN,1B,John Mercer,1912,"N,St.Louis,Cardinals"
mille102,Miller,Elmer,R,R,SLN,OF,Elmer Miller,1912,"N,St.Louis,Cardinals"
mowrm101,Mowrey,Mike,R,R,SLN,3B,Mike Mowrey,1912,"N,St.Louis,Cardinals"
murpm102,Murphy,Mike,R,R,SLN,C,Mike Murphy,1912,"N,St.Louis,Cardinals"
oaker101,Oakes,Rebel,L,R,SLN,OF,Rebel Oakes,1912,"N,St.Louis,Cardinals"
perrp101,Perritt,Pol,R,R,SLN,P,Pol Perritt,1912,"N,St.Louis,Cardinals"
reddp101,Redding,Phil,L,R,SLN,P,Phil Redding,1912,"N,St.Louis,Cardinals"
rollr102,Rolling,Ray,R,R,SLN,2B,Ray Rolling,1912,"N,St.Louis,Cardinals"
salls101,Sallee,Slim,R,L,SLN,P,Slim Sallee,1912,"N,St.Louis,Cardinals"
smitw103,Smith,Wally,R,R,SLN,3B,Wally Smith,1912,"N,St.Louis,Cardinals"
snydf101,Snyder,Frank,R,R,SLN,C,Frank Snyder,1912,"N,St.Louis,Cardinals"
steeb102,Steele,Bill,R,R,SLN,P,Bill Steele,1912,"N,St.Louis,Cardinals"
whitp102,Whitted,Possum,R,R,SLN,3B,Possum Whitted,1912,"N,St.Louis,Cardinals"
wilid101,Wilie,Denney,L,L,SLN,OF,Denney Wilie,1912,"N,St.Louis,Cardinals"
willj103,Willis,Joe,R,L,SLN,P,Joe Willis,1912,"N,St.Louis,Cardinals"
wingi101,Wingo,Ivey,L,R,SLN,C,Ivey Wingo,1912,"N,St.Louis,Cardinals"
woodg103,Woodburn,Gene,R,R,SLN,P,Gene Woodburn,1912,"N,St.Louis,Cardinals"
zackg101,Zackert,George,L,L,SLN,P,George Zackert,1912,"N,St.Louis,Cardinals"
balln101,Ball,Neal,R,R,BOS,2B,Neal Ball,1912,"A,Boston,Red Sox"
bedih101,Bedient,Hugh,R,R,BOS,P,Hugh Bedient,1912,"A,Boston,Red Sox"
bradh101,Bradley,Hugh,R,R,BOS,1B,Hugh Bradley,1912,"A,Boston,Red Sox"
bushj101,Bushelman,Jack,R,R,BOS,P,Jack Bushelman,1912,"A,Boston,Red Sox"
cadyh101,Cady,Hick,R,R,BOS,C,Hick Cady,1912,"A,Boston,Red Sox"
carrb101,Carrigan,Bill,R,R,BOS,C,Bill Carrigan,1912,"A,Boston,Red Sox"
cicoe101,Cicotte,Eddie,B,R,BOS,P,Eddie Cicotte,1912,"A,Boston,Red Sox"
collr103,Collins,Ray,L,L,BOS,P,Ray Collins,1912,"A,Boston,Red Sox"
englc103,Engle,Clyde,R,R,BOS,1B,Clyde Engle,1912,"A,Boston,Red Sox"
gardl101,Gardner,Larry,L,R,BOS,3B,Larry Gardner,1912,"A,Boston,Red Sox"
hagec101,Hageman,Casey,L,R,BOS,P,Casey Hageman,1912,"A,Boston,Red Sox"
hallc103,Hall,Charley,L,R,BOS,P,Charley Hall,1912,"A,Boston,Red Sox"
henro101,Henriksen,Olaf,L,L,BOS,OF,Olaf Henriksen,1912,"A,Boston,Red Sox"
hooph101,Hooper,Harry,L,R,BOS,OF,Harry Hooper,1912,"A,Boston,Red Sox"
krugm101,Krug,Marty,R,R,BOS,SS,Marty Krug,1912,"A,Boston,Red Sox"
lewid101,Lewis,Duffy,R,R,BOS,OF,Duffy Lewis,1912,"A,Boston,Red Sox"
nunal101,Nunamaker,Les,R,R,BOS,C,Les Nunamaker,1912,"A,Boston,Red Sox"
obrib101,O'Brien,Buck,R,R,BOS,P,Buck O'Brien,1912,"A,Boston,Red Sox"
papel101,Pape,Larry,R,R,BOS,P,Larry Pape,1912,"A,Boston,Red Sox"
smitd101,Smith,Doug,L,L,BOS,P,Doug Smith,1912,"A,Boston,Red Sox"
speat101,Speaker,Tris,L,L,BOS,OF,Tris Speaker,1912,"A,Boston,Red Sox"
stahj101,Stahl,Jake,R,R,BOS,1B,Jake Stahl,1912,"A,Boston,Red Sox"
thomp101,Thomas,Pinch,L,R,BOS,C,Pinch Thomas,1912,"A,Boston,Red Sox"
vandb102,Van Dyke,Ben,R,L,BOS,P,Ben Van Dyke,1912,"A,Boston,Red Sox"
wagnh103,Wagner,Heinie,R,R,BOS,SS,Heinie Wagner,1912,"A,Boston,Red Sox"
woodj108,Wood,Smoky Joe,R,R,BOS,P,Smoky Joe Wood,1912,"A,Boston,Red Sox"
yerks101,Yerkes,Steve,R,R,BOS,2B,Steve Yerkes,1912,"A,Boston,Red Sox"
archj102,Archer,Jimmy,R,R,CHN,C,Jimmy Archer,1912,"N,Chicago,Cubs"
browm102,Brown,Mordecai,B,R,CHN,P,Mordecai Brown,1912,"N,Chicago,Cubs"
chanf101,Chance,Frank,R,R,CHN,1B,Frank Chance,1912,"N,Chicago,Cubs"
chaph102,Chapman,Harry,R,R,CHN,C,Harry Chapman,1912,"N,Chicago,Cubs"
chenl101,Cheney,Larry,R,R,CHN,P,Larry Cheney,1912,"N,Chicago,Cubs"
colek101,Cole,King,R,R,CHN,P,King Cole,1912,"N,Chicago,Cubs"
cottd101,Cotter,Dick,R,R,CHN,C,Dick Cotter,1912,"N,Chicago,Cubs"
cotte101,Cottrell,Ensign,L,L,CHN,P,Ensign Cottrell,1912,"N,Chicago,Cubs"
downr101,Downs,Red,R,R,CHN,2B,Red Downs,1912,"N,Chicago,Cubs"
downt101,Downey,Tom,B,R,CHN,SS,Tom Downey,1912,"N,Chicago,Cubs"
everj102,Evers,Johnny,L,R,CHN,2B,Johnny Evers,1912,"N,Chicago,Cubs"
goodw101,Good,Wilbur,L,L,CHN,OF,Wilbur Good,1912,"N,Chicago,Cubs"
hechm101,Hechinger,Mike,R,R,CHN,C,Mike Hechinger,1912,"N,Chicago,Cubs"
hofms101,Hofman,Solly,R,R,CHN,OF,Solly Hofman,1912,"N,Chicago,Cubs"
lavej101,Lavender,Jimmy,R,R,CHN,P,Jimmy Lavender,1912,"N,Chicago,Cubs"
leact101,Leach,Tommy,R,R,CHN,OF,Tommy Leach,1912,"N,Chicago,Cubs"
leifl101,Leifield,Lefty,L,L,CHN,P,Lefty Leifield,1912,"N,Chicago,Cubs"
lenne102,Lennox,Ed,R,R,CHN,3B,Ed Lennox,1912,"N,Chicago,Cubs"
lowdg101,Lowdermilk,Grover,R,R,CHN,P,Grover Lowdermilk,1912,"N,Chicago,Cubs"
maddl101,Madden,Len,L,L,CHN,P,Len Madden,1912,"N,Chicago,Cubs"
mcinh101,McIntire,Harry,R,R,CHN,P,Harry McIntire,1912,"N,Chicago,Cubs"
millw104,Miller,Ward,L,R,CHN,OF,Ward Miller,1912,"N,Chicago,Cubs"
moorc102,Moore,Charley,R,R,CHN,SS,Charley Moore,1912,"N,Chicago,Cubs"
moroj101,Moroney,Jim,L,L,CHN,P,Jim Moroney,1912,"N,Chicago,Cubs"
needt101,Needham,Tom,R,R,CHN,C,Tom Needham,1912,"N,Chicago,Cubs"
pearg101,Pierce,George,L,L,CHN,P,George Pierce,1912,"N,Chicago,Cubs"
poweb102,Powell,Bill,R,R,CHN,P,Bill Powell,1912,"N,Chicago,Cubs"
reule101,Reulbach,Ed,R,R,CHN,P,Ed Reulbach,1912,"N,Chicago,Cubs"
richl102,Richie,Lew,R,R,CHN,P,Lew Richie,1912,"N,Chicago,Cubs"
saiev101,Saier,Vic,L,R,CHN,1B,Vic Saier,1912,"N,Chicago,Cubs"
schuf103,Schulte,Frank,L,R,CHN,OF,Frank Schulte,1912,"N,Chicago,Cubs"
shecj101,Sheckard,Jimmy,L,R,CHN,OF,Jimmy Sheckard,1912,"N,Chicago,Cubs"
smitc107,Smith,Charlie,R,R,CHN,P,Charlie Smith,1912,"N,Chicago,Cubs"
sommr101,Sommers,Rudy,B,L,CHN,P,Rudy Sommers,1912,"N,Chicago,Cubs"
tinkj101,Tinker,Joe,R,R,CHN,SS,Joe Tinker,1912,"N,Chicago,Cubs"
tonef101,Toney,Fred,R,R,CHN,P,Fred Toney,1912,"N,Chicago,Cubs"
vernj101,Vernon,Joe,R,R,CHN,P,Joe Vernon,1912,"N,Chicago,Cubs"
willc103,Williams,Cy,L,L,CHN,OF,Cy Williams,1912,"N,Chicago,Cubs"
yantg101,Yantz,George,R,R,CHN,C,George Yantz,1912,"N,Chicago,Cubs"
zimmh101,Zimmerman,Heinie,R,R,CHN,3B,Heinie Zimmerman,1912,"N,Chicago,Cubs"
almer101,Almeida,Rafael,R,R,CIN,3B,Rafael Almeida,1912,"N,Cincinnati,Reds"
bagbj101,Bagby,Jim,B,R,CIN,P,Jim Bagby,1912,"N,Cincinnati,Reds"
batej101,Bates,Johnny,L,L,CIN,OF,Johnny Bates,1912,"N,Cincinnati,Reds"
bentr102,Benton,Rube,R,L,CIN,P,Rube Benton,1912,"N,Cincinnati,Reds"
bescb101,Bescher,Bob,B,L,CIN,OF,Bob Bescher,1912,"N,Cincinnati,Reds"
blace101,Blackburn,Earl,R,R,CIN,C,Earl Blackburn,1912,"N,Cincinnati,Reds"
clart101,Clarke,Tommy,R,R,CIN,C,Tommy Clarke,1912,"N,Cincinnati,Reds"
cramb101,Cramer,Bill,R,R,CIN,P,Bill Cramer,1912,"N,Cincinnati,Reds"
david102,Davis,Dixie,R,R,CIN,P,Dixie Davis,1912,"N,Cincinnati,Reds"
doakb101,Doak,Bill,R,R,CIN,P,Bill Doak,1912,"N,Cincinnati,Reds"
donae101,Donalds,Ed,R,R,CIN,P,Ed Donalds,1912,"N,Cincinnati,Reds"
egand102,Egan,Dick,R,R,CIN,2B,Dick Egan,1912,"N,Cincinnati,Reds"
esmoj101,Esmond,Jimmy,R,R,CIN,SS,Jimmy Esmond,1912,"N,Cincinnati,Reds"
flets101,Fletcher,Sam,?,R,CIN,P,Sam Fletcher,1912,"N,Cincinnati,Reds"
frilj101,Frill,John,R,L,CIN,P,John Frill,1912,"N,Cincinnati,Reds"
froma101,Fromme,Art,R,R,CIN,P,Art Fromme,1912,"N,Cincinnati,Reds"
gasph101,Gaspar,Harry,R,R,CIN,P,Harry Gaspar,1912,"N,Cincinnati,Reds"
grane101,Grant,Eddie,L,R,CIN,SS,Eddie Grant,1912,"N,Cincinnati,Reds"
gregf101,Gregory,Frank,R,R,CIN,P,Frank Gregory,1912,"N,Cincinnati,Reds"
hartf102,Harter,Frank,R,R,CIN,P,Frank Harter,1912,"N,Cincinnati,Reds"
hobld101,Hoblitzell,Dick,L,R,CIN,1B,Dick Hoblitzell,1912,"N,Cincinnati,Reds"
horsh101,Horsey,Hanson,R,R,CIN,P,Hanson Horsey,1912,"N,Cincinnati,Reds"
humpb101,Humphries,Bert,R,R,CIN,P,Bert Humphries,1912,"N,Cincinnati,Reds"
keefb101,Keefe,Bobby,R,R,CIN,P,Bobby Keefe,1912,"N,Cincinnati,Reds"
knisp101,Knisely,Pete,R,R,CIN,OF,Pete Knisely,1912,"N,Cincinnati,Reds"
kylea101,Kyle,Andy,L,L,CIN,OF,Andy Kyle,1912,"N,Cincinnati,Reds"
marsa101,Marsans,Armando,R,R,CIN,OF,Armando Marsans,1912,"N,Cincinnati,Reds"
mcdot101,McDonald,Tex,L,R,CIN,SS,Tex McDonald,1912,"N,Cincinnati,Reds"
mcgrh101,McGraner,Howard,L,L,CIN,P,Howard McGraner,1912,"N,Cincinnati,Reds"
mclel101,McLean,Larry,R,R,CIN,C,Larry McLean,1912,"N,Cincinnati,Reds"
mitcm102,Mitchell,Mike,R,R,CIN,OF,Mike Mitchell,1912,"N,Cincinnati,Reds"
moorg103,Moore,Gene,L,L,CIN,P,Gene Moore,1912,"N,Cincinnati,Reds"
packg101,Packard,Gene,L,L,CIN,P,Gene Packard,1912,"N,Cincinnati,Reds"
phela101,Phelan,Art,R,R,CIN,3B,Art Phelan,1912,"N,Cincinnati,Reds"
proub101,Prough,Bill,R,R,CIN,P,Bill Prough,1912,"N,Cincinnati,Reds"
seveh101,Severeid,Hank,R,R,CIN,C,Hank Severeid,1912,"N,Cincinnati,Reds"
smitf106,Smith,Frank,R,R,CIN,P,Frank Smith,1912,"N,Cincinnati,Reds"
suggg101,Suggs,George,R,R,CIN,P,George Suggs,1912,"N,Cincinnati,Reds"
taylb107,Taylor,Ben,R,R,CIN,P,Ben Taylor,1912,"N,Cincinnati,Reds"
tompc101,Tompkins,Chuck,R,R,CIN,P,Chuck Tompkins,1912,"N,Cincinnati,Reds"
workr101,Works,Ralph,L,R,CIN,P,Ralph Works,1912,"N,Cincinnati,Reds"
amesr101,Ames,Red,B,R,NY1,P,Red Ames,1912,"N,New York,Giants"
badek101,Bader,King,L,R,NY1,P,King Bader,1912,"N,New York,Giants"
beckb101,Becker,Beals,L,L,NY1,OF,Beals Becker,1912,"N,New York,Giants"
burng101,Burns,George,R,R,NY1,OF,George Burns,1912,"N,New York,Giants"
crand101,Crandall,Doc,R,R,NY1,P,Doc Crandall,1912,"N,New York,Giants"
demaa101,Demaree,Al,L,R,NY1,P,Al Demaree,1912,"N,New York,Giants"
devoj101,Devore,Josh,L,R,NY1,OF,Josh Devore,1912,"N,New York,Giants"
doyll101,Doyle,Larry,L,R,NY1,2B,Larry Doyle,1912,"N,New York,Giants"
drucl101,Drucke,Louis,R,R,NY1,P,Louis Drucke,1912,"N,New York,Giants"
fleta101,Fletcher,Art,R,R,NY1,SS,Art Fletcher,1912,"N,New York,Giants"
goult101,Goulait,Ted,R,R,NY1,P,Ted Goulait,1912,"N,New York,Giants"
grohh101,Groh,Heinie,R,R,NY1,2B,Heinie Groh,1912,"N,New York,Giants"
hartg102,Hartley,Grover,R,R,NY1,C,Grover Hartley,1912,"N,New York,Giants"
herzb101,Herzog,Buck,R,R,NY1,3B,Buck Herzog,1912,"N,New York,Giants"
kirbl101,Kirby,LaRue,B,R,NY1,P,LaRue Kirby,1912,"N,New York,Giants"
marqr102,Marquard,Rube,B,L,NY1,P,Rube Marquard,1912,"N,New York,Giants"
mathc102,Mathewson,Christy,R,R,NY1,P,Christy Mathewson,1912,"N,New York,Giants"
mccom104,McCormick,Moose,L,L,NY1,OF,Moose McCormick,1912,"N,New York,Giants"
merkf101,Merkle,Fred,R,R,NY1,1B,Fred Merkle,1912,"N,New York,Giants"
meyec101,Meyers,Chief,R,R,NY1,C,Chief Meyers,1912,"N,New York,Giants"
murrr103,Murray,Red,R,R,NY1,OF,Red Murray,1912,"N,New York,Giants"
robed103,Robertson,Dave,L,L,NY1,1B,Dave Robertson,1912,"N,New York,Giants"
shaft102,Shafer,Tillie,B,R,NY1,SS,Tillie Shafer,1912,"N,New York,Giants"
shore101,Shore,Ernie,R,R,NY1,P,Ernie Shore,1912,"N,New York,Giants"
snodf101,Snodgrass,Fred,R,R,NY1,OF,Fred Snodgrass,1912,"N,New York,Giants"
tesrj101,Tesreau,Jeff,R,R,NY1,P,Jeff Tesreau,1912,"N,New York,Giants"
wilsa102,Wilson,Art,R,R,NY1,C,Art Wilson,1912,"N,New York,Giants"
wilth102,Wiltse,Hooks,R,L,NY1,P,Hooks Wiltse,1912,"N,New York,Giants"
battg101,Batten,George,R,R,NYA,2B,George Batten,1912,"A,New York,Highlanders"
caldr101,Caldwell,Ray,L,R,NYA,P,Ray Caldwell,1912,"A,New York,Highlanders"
chash101,Chase,Hal,R,L,NYA,1B,Hal Chase,1912,"A,New York,Highlanders"
colec101,Coleman,Curt,L,R,NYA,3B,Curt Coleman,1912,"A,New York,Highlanders"
creeb101,Cree,Birdie,R,R,NYA,OF,Birdie Cree,1912,"A,New York,Highlanders"
danib101,Daniels,Bert,R,R,NYA,OF,Bert Daniels,1912,"A,New York,Highlanders"
davii103,Davis,Iron,B,R,NYA,P,Iron Davis,1912,"A,New York,Highlanders"
dolac102,Dolan,Cozy,R,R,NYA,3B,Cozy Dolan,1912,"A,New York,Highlanders"
dowdj101,Dowd,John,R,R,NYA,SS,John Dowd,1912,"A,New York,Highlanders"
fishg101,Fisher,Gus,L,R,NYA,C,Gus Fisher,1912,"A,New York,Highlanders"
fishr101,Fisher,Ray,R,R,NYA,P,Ray Fisher,1912,"A,New York,Highlanders"
fordr101,Ford,Russ,R,R,NYA,P,Russ Ford,1912,"A,New York,Highlanders"
garde101,Gardner,Earle,R,R,NYA,2B,Earle Gardner,1912,"A,New York,Highlanders"
hartr102,Hartzell,Roy,L,R,NYA,3B,Roy Hartzell,1912,"A,New York,Highlanders"
hoffr102,Hoff,Red,L,L,NYA,P,Red Hoff,1912,"A,New York,Highlanders"
kaufb101,Kauff,Benny,L,L,NYA,OF,Benny Kauff,1912,"A,New York,Highlanders"
keatr101,Keating,Ray,R,R,NYA,P,Ray Keating,1912,"A,New York,Highlanders"
lelij101,Lelivelt,Jack,L,L,NYA,OF,Jack Lelivelt,1912,"A,New York,Highlanders"
littj103,Little,Jack,R,R,NYA,OF,Jack Little,1912,"A,New York,Highlanders"
malop102,Maloney,Pat,R,R,NYA,OF,Pat Maloney,1912,"A,New York,Highlanders"
martj109,Martin,Jack,R,R,NYA,SS,Jack Martin,1912,"A,New York,Highlanders"
mccog101,McConnell,George,R,R,NYA,P,George McConnell,1912,"A,New York,Highlanders"
mcmit101,McMillan,Tommy,R,R,NYA,SS,Tommy McMillan,1912,"A,New York,Highlanders"
midke101,Midkiff,Ezra,L,R,NYA,3B,Ezra Midkiff,1912,"A,New York,Highlanders"
otisb101,Otis,Bill,L,R,NYA,OF,Bill Otis,1912,"A,New York,Highlanders"
paddd101,Paddock,Del,L,R,NYA,3B,Del Paddock,1912,"A,New York,Highlanders"
priej101,Priest,Johnny,R,R,NYA,PX,Johnny Priest,1912,"A,New York,Highlanders"
quinj102,Quinn,Jack,R,R,NYA,P,Jack Quinn,1912,"A,New York,Highlanders"
schua102,Schulz,Al,R,L,NYA,P,Al Schulz,1912,"A,New York,Highlanders"
sheag102,Shears,George,R,L,NYA,P,George Shears,1912,"A,New York,Highlanders"
simmh101,Simmons,Hack,R,R,NYA,2B,Hack Simmons,1912,"A,New York,Highlanders"
smitk103,Smith,Klondike,L,L,NYA,OF,Klondike Smith,1912,"A,New York,Highlanders"
sterd101,Sterrett,Dutch,R,R,NYA,OF,Dutch Sterrett,1912,"A,New York,Highlanders"
streg101,Street,Gabby,R,R,NYA,C,Gabby Street,1912,"A,New York,Highlanders"
stumb101,Stumpf,Bill,R,R,NYA,SS,Bill Stumpf,1912,"A,New York,Highlanders"
sweej102,Sweeney,Jeff,R,R,NYA,C,Jeff Sweeney,1912,"A,New York,Highlanders"
thomh101,Thompson,Homer,R,R,NYA,C,Homer Thompson,1912,"A,New York,Highlanders"
thomt104,Thompson,Tommy,R,R,NYA,P,Tommy Thompson,1912,"A,New York,Highlanders"
vaugh101,Vaughn,Hippo,B,L,NYA,P,Hippo Vaughn,1912,"A,New York,Highlanders"
warhj101,Warhop,Jack,R,R,NYA,P,Jack Warhop,1912,"A,New York,Highlanders"
willb103,Williams,Bob,R,R,NYA,C,Bob Williams,1912,"A,New York,Highlanders"
wolth101,Wolter,Harry,L,L,NYA,OF,Harry Wolter,1912,"A,New York,Highlanders"
wolvh101,Wolverton,Harry,B,R,NYA,3B,Harry Wolverton,1912,"A,New York,Highlanders"
zinng101,Zinn,Guy,L,R,NYA,OF,Guy Zinn,1912,"A,New York,Highlanders"
bradb104,Brady,Bill,R,R,BSN,P,Bill Brady,1912,"N,Boston,Braves"
bradk101,Brady,King,R,R,BSN,P,King Brady,1912,"N,Boston,Braves"
brida101,Bridwell,Al,L,R,BSN,SS,Al Bridwell,1912,"N,Boston,Braves"
browb102,Brown,Buster,R,R,BSN,P,Buster Brown,1912,"N,Boston,Braves"
campv101,Campbell,Vin,L,R,BSN,OF,Vin Campbell,1912,"N,Boston,Braves"
devla101,Devlin,Art,R,R,BSN,1B,Art Devlin,1912,"N,Boston,Braves"
dickw101,Dickson,Walt,R,R,BSN,P,Walt Dickson,1912,"N,Boston,Braves"
donne102,Donnelly,Ed,R,R,BSN,P,Ed Donnelly,1912,"N,Boston,Braves"
gonzm101,Gonzalez,Mike,R,R,BSN,C,Mike Gonzalez,1912,"N,Boston,Braves"
gowdh101,Gowdy,Hank,R,R,BSN,C,Hank Gowdy,1912,"N,Boston,Braves"
grifh101,Griffin,Hank,R,R,BSN,P,Hank Griffin,1912,"N,Boston,Braves"
hesso101,Hess,Otto,L,L,BSN,P,Otto Hess,1912,"N,Boston,Braves"
hoggb102,Hogg,Brad,R,R,BSN,P,Brad Hogg,1912,"N,Boston,Braves"
housb101,Houser,Ben,L,L,BSN,1B,Ben Houser,1912,"N,Boston,Braves"
jackg102,Jackson,George,R,R,BSN,OF,George Jackson,1912,"N,Boston,Braves"
joneb101,Jones,Bill,L,R,BSN,PX,Bill Jones,1912,"N,Boston,Braves"
kaisa101,Kaiser,Al,R,R,BSN,OF,Al Kaiser,1912,"N,Boston,Braves"
kirkj101,Kirke,Jay,L,R,BSN,OF,Jay Kirke,1912,"N,Boston,Braves"
klinj101,Kling,Johnny,R,R,BSN,C,Johnny Kling,1912,"N,Boston,Braves"
krohr101,Kroh,Rube,L,L,BSN,P,Rube Kroh,1912,"N,Boston,Braves"
marar101,Maranville,Rabbit,R,R,BSN,SS,Rabbit Maranville,1912,"N,Boston,Braves"
matta101,Mattern,Al,L,L,BSN,P,Al Mattern,1912,"N,Boston,Braves"
mcdoe101,McDonald,Ed,R,R,BSN,3B,Ed McDonald,1912,"N,Boston,Braves"
mctib101,McTigue,Bill,L,L,BSN,P,Bill McTigue,1912,"N,Boston,Braves"
milld106,Miller,Doc,L,L,BSN,OF,Doc Miller,1912,"N,Boston,Braves"
orouf101,O'Rourke,Frank,R,R,BSN,SS,Frank O'Rourke,1912,"N,Boston,Braves"
perdh101,Perdue,Hub,R,R,BSN,P,Hub Perdue,1912,"N,Boston,Braves"
rarib101,Rariden,Bill,R,R,BSN,C,Bill Rariden,1912,"N,Boston,Braves"
schuj101,Schultz,Joe,R,R,BSN,2B,Joe Schultz,1912,"N,Boston,Braves"
schwa101,Schwind,Art,B,R,BSN,3B,Art Schwind,1912,"N,Boston,Braves"
shead101,Shean,Dave,R,R,BSN,SS,Dave Shean,1912,"N,Boston,Braves"
sprah101,Spratt,Harry,L,R,BSN,SS,Harry Spratt,1912,"N,Boston,Braves"
sweeb102,Sweeney,Bill,R,R,BSN,2B,Bill Sweeney,1912,"N,Boston,Braves"
tituj101,Titus,John,L,L,BSN,OF,John Titus,1912,"N,Boston,Braves"
tylel101,Tyler,Lefty,L,L,BSN,P,Lefty Tyler,1912,"N,Boston,Braves"
whitg103,Whitehouse,Gil,B,R,BSN,C,Gil Whitehouse,1912,"N,Boston,Braves"
whits102,White,Steve,R,R,BSN,P,Steve White,1912,"N,Boston,Braves"
basha101,Bashang,Al,B,R,DET,OF,Al Bashang,1912,"A,Detroit,Tigers"
baump101,Baumann,Paddy,R,R,DET,3B,Paddy Baumann,1912,"A,Detroit,Tigers"
boehg101,Boehler,George,R,R,DET,P,George Boehler,1912,"A,Detroit,Tigers"
burnb101,Burns,Bill,B,L,DET,P,Bill Burns,1912,"A,Detroit,Tigers"
bushd102,Bush,Donie,B,R,DET,SS,Donie Bush,1912,"A,Detroit,Tigers"
cobbt101,Cobb,Ty,L,R,DET,OF,Ty Cobb,1912,"A,Detroit,Tigers"
corrr101,Corriden,Red,R,R,DET,3B,Red Corriden,1912,"A,Detroit,Tigers"
covit101,Covington,Tex,L,R,DET,P,Tex Covington,1912,"A,Detroit,Tigers"
craws101,Crawford,Sam,L,L,DET,OF,Sam Crawford,1912,"A,Detroit,Tigers"
daush101,Dauss,Hooks,R,R,DET,P,Hooks Dauss,1912,"A,Detroit,Tigers"
dealc102,Deal,Charlie,R,R,DET,3B,Charlie Deal,1912,"A,Detroit,Tigers"
delaj103,Delahanty,Jim,R,R,DET,2B,Jim Delahanty,1912,"A,Detroit,Tigers"
donob101,Donovan,Bill,B,R,DET,P,Bill Donovan,1912,"A,Detroit,Tigers"
dubuj101,Dubuc,Jean,R,R,DET,P,Jean Dubuc,1912,"A,Detroit,Tigers"
gaind101,Gainer,Del,R,R,DET,1B,Del Gainer,1912,"A,Detroit,Tigers"
irvie101,Irwin,Ed,R,R,DET,3B,Ed Irwin,1912,"A,Detroit,Tigers"
jennh101,Jennings,Hughie,R,R,DET,PX,Hughie Jennings,1912,"A,Detroit,Tigers"
jensw101,Jensen,Willie,L,R,DET,P,Willie Jensen,1912,"A,Detroit,Tigers"
joned104,Jones,Davy,L,R,DET,OF,Davy Jones,1912,"A,Detroit,Tigers"
kochb101,Kocher,Brad,R,R,DET,C,Brad Kocher,1912,"A,Detroit,Tigers"
lafie101,Lafitte,Ed,R,R,DET,P,Ed Lafitte,1912,"A,Detroit,Tigers"
lakej101,Lake,Joe,R,R,DET,P,Joe Lake,1912,"A,Detroit,Tigers"
leinb101,Leinhauser,Bill,R,R,DET,OF,Bill Leinhauser,1912,"A,Detroit,Tigers"
loudb101,Louden,Baldy,R,R,DET,2B,Baldy Louden,1912,"A,Detroit,Tigers"
mahab101,Maharg,Billy,R,R,DET,3B,Billy Maharg,1912,"A,Detroit,Tigers"
mcder101,McDermott,Red,R,R,DET,OF,Red McDermott,1912,"A,Detroit,Tigers"
mcgad101,McGarvey,Dan,R,?,DET,OF,Dan McGarvey,1912,"A,Detroit,Tigers"
mcgaj101,McGarr,Jim,R,R,DET,2B,Jim McGarr,1912,"A,Detroit,Tigers"
mcgep101,McGehee,Pat,L,R,DET,P,Pat McGehee,1912,"A,Detroit,Tigers"
mcgud101,McGuire,Deacon,R,R,DET,C,Deacon McGuire,1912,"A,Detroit,Tigers"
meanp101,Maney,Vincent,R,R,DET,SS,Vincent Maney,1912,"A,Detroit,Tigers"
morah102,Moran,Harry,L,L,DET,P,Harry Moran,1912,"A,Detroit,Tigers"
morig101,Moriarty,George,R,R,DET,1B,George Moriarty,1912,"A,Detroit,Tigers"
mullg102,Mullin,George,R,R,DET,P,George Mullin,1912,"A,Detroit,Tigers"
oleac101,O'Leary,Charley,R,R,DET,2B,Charley O'Leary,1912,"A,Detroit,Tigers"
omaro101,O'Mara,Ollie,R,R,DET,SS,Ollie O'Mara,1912,"A,Detroit,Tigers"
onsle101,Onslow,Eddie,L,L,DET,1B,Eddie Onslow,1912,"A,Detroit,Tigers"
onslj101,Onslow,Jack,R,R,DET,C,Jack Onslow,1912,"A,Detroit,Tigers"
pernh101,Pernoll,Hub,R,L,DET,P,Hub Pernoll,1912,"A,Detroit,Tigers"
perrh101,Perry,Hank,L,R,DET,OF,Hank Perry,1912,"A,Detroit,Tigers"
remna101,Remneas,Alex,R,R,DET,P,Alex Remneas,1912,"A,Detroit,Tigers"
smitj102,Smith,Jack,R,R,DET,3B,Jack Smith,1912,"A,Detroit,Tigers"
stano101,Stanage,Oscar,R,R,DET,C,Oscar Stanage,1912,"A,Detroit,Tigers"
sugdj101,Sugden,Joe,B,R,DET,1B,Joe Sugden,1912,"A,Detroit,Tigers"
summe101,Summers,Ed,B,R,DET,P,Ed Summers,1912,"A,Detroit,Tigers"
trava101,Travers,Allan,R,R,DET,P,Allan Travers,1912,"A,Detroit,Tigers"
troyb101,Troy,Bun,R,R,DET,P,Bun Troy,1912,"A,Detroit,Tigers"
veacb101,Veach,Bobby,L,R,DET,OF,Bobby Veach,1912,"A,Detroit,Tigers"
vitto101,Vitt,Ossie,R,R,DET,OF,Ossie Vitt,1912,"A,Detroit,Tigers"
wardh101,Ward,Hap,R,?,DET,OF,Hap Ward,1912,"A,Detroit,Tigers"
wheac101,Wheatley,Charlie,R,R,DET,P,Charlie Wheatley,1912,"A,Detroit,Tigers"
wille103,Willett,Ed,R,R,DET,P,Ed Willett,1912,"A,Detroit,Tigers"
workr101,Works,Ralph,L,R,DET,P,Ralph Works,1912,"A,Detroit,Tigers"
adamb106,Adams,Bert,B,R,CLE,C,Bert Adams,1912,"A,Cleveland,Indians"
bakeh101,Baker,Howard,R,R,CLE,3B,Howard Baker,1912,"A,Cleveland,Indians"
balln101,Ball,Neal,R,R,CLE,2B,Neal Ball,1912,"A,Cleveland,Indians"
baskj101,Baskette,Jim,R,R,CLE,P,Jim Baskette,1912,"A,Cleveland,Indians"
birmj101,Birmingham,Joe,R,R,CLE,OF,Joe Birmingham,1912,"A,Cleveland,Indians"
blanf102,Blanding,Fred,R,R,CLE,P,Fred Blanding,1912,"A,Cleveland,Indians"
brenb102,Brenner,Bert,R,R,CLE,P,Bert Brenner,1912,"A,Cleveland,Indians"
bronh101,Bronkie,Herman,R,R,CLE,3B,Herman Bronkie,1912,"A,Cleveland,Indians"
butch101,Butcher,Hank,R,R,CLE,OF,Hank Butcher,1912,"A,Cleveland,Indians"
carif101,Carisch,Fred,R,R,CLE,C,Fred Carisch,1912,"A,Cleveland,Indians"
chapr101,Chapman,Ray,R,R,CLE,SS,Ray Chapman,1912,"A,Cleveland,Indians"
davih101,Davis,Harry,R,R,CLE,1B,Harry Davis,1912,"A,Cleveland,Indians"
eastt101,Easterly,Ted,L,R,CLE,C,Ted Easterly,1912,"A,Cleveland,Indians"
eibeh101,Eibel,Hack,L,L,CLE,OF,Hack Eibel,1912,"A,Cleveland,Indians"
georl101,George,Lefty,L,L,CLE,P,Lefty George,1912,"A,Cleveland,Indians"
granj104,Graney,Jack,L,L,CLE,OF,Jack Graney,1912,"A,Cleveland,Indians"
gregv101,Gregg,Vean,R,L,CLE,P,Vean Gregg,1912,"A,Cleveland,Indians"
griga101,Griggs,Art,R,R,CLE,1B,Art Griggs,1912,"A,Cleveland,Indians"
grubh102,Grubb,Harvey,R,R,CLE,3B,Harvey Grubb,1912,"A,Cleveland,Indians"
hauga101,Hauger,Arthur,L,R,CLE,OF,Arthur Hauger,1912,"A,Cleveland,Indians"
hendt101,Hendryx,Tim,R,R,CLE,OF,Tim Hendryx,1912,"A,Cleveland,Indians"
hohne101,Hohnhorst,Eddie,L,L,CLE,1B,Eddie Hohnhorst,1912,"A,Cleveland,Indians"
huntb103,Hunter,Bill,L,L,CLE,OF,Bill Hunter,1912,"A,Cleveland,Indians"
jackj101,Jackson,Shoeless Joe,L,R,CLE,OF,Shoeless Joe Jackson,1912,"A,Cleveland,Indians"
jameb103,James,Bill,B,R,CLE,P,Bill James,1912,"A,Cleveland,Indians"
jamel102,James,Lefty,L,L,CLE,P,Lefty James,1912,"A,Cleveland,Indians"
johnd107,Johnston,Doc,L,L,CLE,1B,Doc Johnston,1912,"A,Cleveland,Indians"
kahlg101,Kahler,George,R,R,CLE,P,George Kahler,1912,"A,Cleveland,Indians"
kibbj101,Kibble,Jack,B,R,CLE,3B,Jack Kibble,1912,"A,Cleveland,Indians"
krapg101,Krapp,Gene,R,R,CLE,P,Gene Krapp,1912,"A,Cleveland,Indians"
krauh101,Krause,Harry,B,L,CLE,P,Harry Krause,1912,"A,Cleveland,Indians"
lajon101,Lajoie,Nap,R,R,CLE,2B,Nap Lajoie,1912,"A,Cleveland,Indians"
livip101,Livingston,Paddy,R,R,CLE,C,Paddy Livingston,1912,"A,Cleveland,Indians"
meixm101,Meixell,Moxie,L,L,CLE,OF,Moxie Meixell,1912,"A,Cleveland,Indians"
mitcw101,Mitchell,Willie,R,L,CLE,P,Willie Mitchell,1912,"A,Cleveland,Indians"
nagel101,Nagelsen,Lou,R,R,CLE,C,Lou Nagelsen,1912,"A,Cleveland,Indians"
nashk101,Nash,Ken,B,R,CLE,SS,Ken Nash,1912,"A,Cleveland,Indians"
nehej101,Neher,Jim,R,R,CLE,P,Jim Neher,1912,"A,Cleveland,Indians"
olsoi101,Olson,Ivy,R,R,CLE,SS,Ivy Olson,1912,"A,Cleveland,Indians"
oneis101,O'Neill,Steve,R,R,CLE,C,Steve O'Neill,1912,"A,Cleveland,Indians"
peckr101,Peckinpaugh,Roger,R,R,CLE,SS,Roger Peckinpaugh,1912,"A,Cleveland,Indians"
ryanb102,Ryan,Buddy,L,R,CLE,OF,Buddy Ryan,1912,"A,Cleveland,Indians"
steeb101,Steen,Bill,R,R,CLE,P,Bill Steen,1912,"A,Cleveland,Indians"
turnt105,Turner,Terry,R,R,CLE,3B,Terry Turner,1912,"A,Cleveland,Indians"
walkm102,Walker,Mysterious,R,R,CLE,P,Mysterious Walker,1912,"A,Cleveland,Indians"
walkr102,Walker,Roy,R,R,CLE,P,Roy Walker,1912,"A,Cleveland,Indians"
wolfe102,Wolf,Ernie,R,R,CLE,P,Ernie Wolf,1912,"A,Cleveland,Indians"
alexg102,Alexander,Pete,R,R,PHI,P,Pete Alexander,1912,"N,Philadelphia,Phillies"
boylj101,Boyle,Jack,L,R,PHI,3B,Jack Boyle,1912,"N,Philadelphia,Phillies"
brena101,Brennan,Ad,L,L,PHI,P,Ad Brennan,1912,"N,Philadelphia,Phillies"
brinb101,Brinker,Bill,B,R,PHI,3B,Bill Brinker,1912,"N,Philadelphia,Phillies"
browg102,Browne,George,L,R,PHI,PX,George Browne,1912,"N,Philadelphia,Phillies"
chalg101,Chalmers,George,R,R,PHI,P,George Chalmers,1912,"N,Philadelphia,Phillies"
cravg101,Cravath,Gavvy,R,R,PHI,OF,Gavvy Cravath,1912,"N,Philadelphia,Phillies"
curtc101,Curtis,Cliff,R,R,PHI,P,Cliff Curtis,1912,"N,Philadelphia,Phillies"
dodgj101,Dodge,John,R,R,PHI,3B,John Dodge,1912,"N,Philadelphia,Phillies"
dolac102,Dolan,Cozy,R,R,PHI,3B,Cozy Dolan,1912,"N,Philadelphia,Phillies"
dooir101,Dooin,Red,R,R,PHI,C,Red Dooin,1912,"N,Philadelphia,Phillies"
doolm101,Doolin,Mickey,R,R,PHI,SS,Mickey Doolin,1912,"N,Philadelphia,Phillies"
downt101,Downey,Tom,B,R,PHI,3B,Tom Downey,1912,"N,Philadelphia,Phillies"
finnh102,Finneran,Happy,R,R,PHI,P,Happy Finneran,1912,"N,Philadelphia,Phillies"
grahp101,Graham,Peaches,R,R,PHI,C,Peaches Graham,1912,"N,Philadelphia,Phillies"
killb101,Killefer,Bill,R,R,PHI,C,Bill Killefer,1912,"N,Philadelphia,Phillies"
knabo101,Knabe,Otto,R,R,PHI,2B,Otto Knabe,1912,"N,Philadelphia,Phillies"
loanm101,Loan,Mike,R,R,PHI,C,Mike Loan,1912,"N,Philadelphia,Phillies"
lobeh101,Lobert,Hans,R,R,PHI,3B,Hans Lobert,1912,"N,Philadelphia,Phillies"
ludef101,Luderus,Fred,L,R,PHI,1B,Fred Luderus,1912,"N,Philadelphia,Phillies"
mages101,Magee,Sherry,R,R,PHI,OF,Sherry Magee,1912,"N,Philadelphia,Phillies"
mangg101,Mangus,George,L,R,PHI,OF,George Mangus,1912,"N,Philadelphia,Phillies"
marsr101,Marshall,Rube,R,R,PHI,P,Rube Marshall,1912,"N,Philadelphia,Phillies"
mayee101,Mayer,Erskine,R,R,PHI,P,Erskine Mayer,1912,"N,Philadelphia,Phillies"
milld106,Miller,Doc,L,L,PHI,OF,Doc Miller,1912,"N,Philadelphia,Phillies"
moore103,Moore,Earl,R,R,PHI,P,Earl Moore,1912,"N,Philadelphia,Phillies"
morap101,Moran,Pat,R,R,PHI,C,Pat Moran,1912,"N,Philadelphia,Phillies"
nelsr104,Nelson,Red,R,R,PHI,P,Red Nelson,1912,"N,Philadelphia,Phillies"
nichf102,Nicholson,Frank,R,R,PHI,P,Frank Nicholson,1912,"N,Philadelphia,Phillies"
paskd101,Paskert,Dode,R,R,PHI,OF,Dode Paskert,1912,"N,Philadelphia,Phillies"
ritth101,Ritter,Hank,R,R,PHI,P,Hank Ritter,1912,"N,Philadelphia,Phillies"
rixee101,Rixey,Eppa,R,L,PHI,P,Eppa Rixey,1912,"N,Philadelphia,Phillies"
savaj101,Savage,Jimmie,B,R,PHI,2B,Jimmie Savage,1912,"N,Philadelphia,Phillies"
seatt102,Seaton,Tom,B,R,PHI,P,Tom Seaton,1912,"N,Philadelphia,Phillies"
shult101,Shultz,Toots,R,R,PHI,P,Toots Shultz,1912,"N,Philadelphia,Phillies"
steig101,Steinbrenner,Gene,R,R,PHI,2B,Gene Steinbrenner,1912,"N,Philadelphia,Phillies"
tituj101,Titus,John,L,L,PHI,OF,John Titus,1912,"N,Philadelphia,Phillies"
wallh102,Wallace,Huck,L,L,PHI,P,Huck Wallace,1912,"N,Philadelphia,Phillies"
walsj101,Walsh,Jimmy,R,R,PHI,2B,Jimmy Walsh,1912,"N,Philadelphia,Phillies"
barrc102,Barrows,Cuke,R,L,CHA,OF,Cuke Barrows,1912,"A,Chicago,White Sox"
bellr101,Bell,Ralph,L,L,CHA,P,Ralph Bell,1912,"A,Chicago,White Sox"
benzj101,Benz,Joe,R,R,CHA,P,Joe Benz,1912,"A,Chicago,White Sox"
berrd101,Berran,Dennis,L,L,CHA,OF,Dennis Berran,1912,"A,Chicago,White Sox"
blacl101,Blackburne,Lena,R,R,CHA,SS,Lena Blackburne,1912,"A,Chicago,White Sox"
blocb101,Block,Bruno,R,R,CHA,C,Bruno Block,1912,"A,Chicago,White Sox"
bodip101,Bodie,Ping,R,R,CHA,OF,Ping Bodie,1912,"A,Chicago,White Sox"
bortb101,Borton,Babe,L,L,CHA,1B,Babe Borton,1912,"A,Chicago,White Sox"
calln101,Callahan,Jimmy,R,R,CHA,OF,Jimmy Callahan,1912,"A,Chicago,White Sox"
cicoe101,Cicotte,Eddie,B,R,CHA,P,Eddie Cicotte,1912,"A,Chicago,White Sox"
colls101,Collins,Shano,R,R,CHA,OF,Shano Collins,1912,"A,Chicago,White Sox"
crabr101,Crabb,Roy,R,R,CHA,P,Roy Crabb,1912,"A,Chicago,White Sox"
delhf101,Delhi,Flame,R,R,CHA,P,Flame Delhi,1912,"A,Chicago,White Sox"
dougp101,Douglas,Phil,R,R,CHA,P,Phil Douglas,1912,"A,Chicago,White Sox"
eastt101,Easterly,Ted,L,R,CHA,C,Ted Easterly,1912,"A,Chicago,White Sox"
ens-m101,Ens,Mutz,L,L,CHA,1B,Mutz Ens,1912,"A,Chicago,White Sox"
fourj101,Fournier,Jack,L,R,CHA,1B,Jack Fournier,1912,"A,Chicago,White Sox"
gleak101,Gleason,Kid,B,R,CHA,2B,Kid Gleason,1912,"A,Chicago,White Sox"
johne102,Johnson,Ernie,L,R,CHA,SS,Ernie Johnson,1912,"A,Chicago,White Sox"
johnw101,Johnson,Ellis,R,R,CHA,P,Ellis Johnson,1912,"A,Chicago,White Sox"
jordr101,Jordan,Rip,L,R,CHA,P,Rip Jordan,1912,"A,Chicago,White Sox"
kuhnw101,Kuhn,Walt,R,R,CHA,C,Walt Kuhn,1912,"A,Chicago,White Sox"
lamlf101,Lamlein,Fred,R,R,CHA,P,Fred Lamlein,1912,"A,Chicago,White Sox"
langf101,Lange,Frank,R,R,CHA,P,Frank Lange,1912,"A,Chicago,White Sox"
lordh101,Lord,Harry,L,R,CHA,3B,Harry Lord,1912,"A,Chicago,White Sox"
mattw101,Mattick,Wally,R,R,CHA,OF,Wally Mattick,1912,"A,Chicago,White Sox"
mayew101,Mayer,Wally,R,R,CHA,C,Wally Mayer,1912,"A,Chicago,White Sox"
mcinm101,McIntyre,Matty,L,L,CHA,OF,Matty McIntyre,1912,"A,Chicago,White Sox"
mclap101,McLarry,Polly,L,R,CHA,PX,Polly McLarry,1912,"A,Chicago,White Sox"
mogrg101,Mogridge,George,L,L,CHA,P,George Mogridge,1912,"A,Chicago,White Sox"
paddd101,Paddock,Del,L,R,CHA,PX,Del Paddock,1912,"A,Chicago,White Sox"
peter102,Peters,Rube,R,R,CHA,P,Rube Peters,1912,"A,Chicago,White Sox"
rathm101,Rath,Morrie,L,R,CHA,2B,Morrie Rath,1912,"A,Chicago,White Sox"
schar103,Schalk,Ray,R,R,CHA,C,Ray Schalk,1912,"A,Chicago,White Sox"
scotj104,Scott,Jim,R,R,CHA,P,Jim Scott,1912,"A,Chicago,White Sox"
smith105,Smith,Harry,R,R,CHA,P,Harry Smith,1912,"A,Chicago,White Sox"
sullb102,Sullivan,Billy,R,R,CHA,C,Billy Sullivan,1912,"A,Chicago,White Sox"
tannl101,Tannehill,Lee,R,R,CHA,3B,Lee Tannehill,1912,"A,Chicago,White Sox"
taylw101,Taylor,Wiley,R,R,CHA,P,Wiley Taylor,1912,"A,Chicago,White Sox"
walse101,Walsh,Ed,R,R,CHA,P,Ed Walsh,1912,"A,Chicago,White Sox"
weavb101,Weaver,Buck,B,R,CHA,SS,Buck Weaver,1912,"A,Chicago,White Sox"
whitd104,White,Doc,L,L,CHA,P,Doc White,1912,"A,Chicago,White Sox"
wolfp101,Wolfe,Polly,L,R,CHA,PX,Polly Wolfe,1912,"A,Chicago,White Sox"
zeidr101,Zeider,Rollie,R,R,CHA,1B,Rollie Zeider,1912,"A,Chicago,White Sox"
adamw101,Adams,Willie,R,R,SLA,P,Willie Adams,1912,"A,St.Louis,Browns"
aitog101,Aiton,George,B,R,SLA,OF,George Aiton,1912,"A,St.Louis,Browns"
alexw101,Alexander,Walt,R,R,SLA,C,Walt Alexander,1912,"A,St.Louis,Browns"
allim102,Allison,Mack,R,R,SLA,P,Mack Allison,1912,"A,St.Louis,Browns"
austj101,Austin,Jimmy,B,R,SLA,3B,Jimmy Austin,1912,"A,St.Louis,Browns"
bailb101,Bailey,Bill,L,L,SLA,P,Bill Bailey,1912,"A,St.Louis,Browns"
baumg101,Baumgardner,George,L,R,SLA,P,George Baumgardner,1912,"A,St.Louis,Browns"
brieb101,Brief,Bunny,R,R,SLA,OF,Bunny Brief,1912,"A,St.Louis,Browns"
browb104,Brown,Bill,L,L,SLA,OF,Bill Brown,1912,"A,St.Louis,Browns"
browc104,Brown,Curly,L,L,SLA,P,Curly Brown,1912,"A,St.Louis,Browns"
browe101,Brown,Elmer,L,R,SLA,P,Elmer Brown,1912,"A,St.Louis,Browns"
compp101,Compton,Pete,L,L,SLA,OF,Pete Compton,1912,"A,St.Louis,Browns"
crigl101,Criger,Lou,R,R,SLA,C,Lou Criger,1912,"A,St.Louis,Browns"
crosf102,Crossin,Frank,R,R,SLA,C,Frank Crossin,1912,"A,St.Louis,Browns"
dalej102,Daley,John,R,R,SLA,SS,John Daley,1912,"A,St.Louis,Browns"
frilj101,Frill,John,R,L,SLA,P,John Frill,1912,"A,St.Louis,Browns"
halle101,Hallinan,Ed,R,R,SLA,SS,Ed Hallinan,1912,"A,St.Louis,Browns"
hamie101,Hamilton,Earl,L,L,SLA,P,Earl Hamilton,1912,"A,St.Louis,Browns"
hogaw101,Hogan,Willie,R,R,SLA,OF,Willie Hogan,1912,"A,St.Louis,Browns"
janth101,Jantzen,Heinie,R,R,SLA,OF,Heinie Jantzen,1912,"A,St.Louis,Browns"
kettp101,Ketter,Phil,?,R,SLA,C,Phil Ketter,1912,"A,St.Louis,Browns"
kricp101,Krichell,Paul,R,R,SLA,C,Paul Krichell,1912,"A,St.Louis,Browns"
kutij101,Kutina,Joe,R,R,SLA,1B,Joe Kutina,1912,"A,St.Louis,Browns"
lakej101,Lake,Joe,R,R,SLA,P,Joe Lake,1912,"A,St.Louis,Browns"
lapof101,LaPorte,Frank,R,R,SLA,2B,Frank LaPorte,1912,"A,St.Louis,Browns"
millc103,Miller,Charlie,?,R,SLA,SS,Charlie Miller,1912,"A,St.Louis,Browns"
mille103,Miller,Ed,R,R,SLA,1B,Ed Miller,1912,"A,St.Louis,Browns"
mitcr101,Mitchell,Roy,R,R,SLA,P,Roy Mitchell,1912,"A,St.Louis,Browns"
napib101,Napier,Buddy,R,R,SLA,P,Buddy Napier,1912,"A,St.Louis,Browns"
nelsr104,Nelson,Red,R,R,SLA,P,Red Nelson,1912,"A,St.Louis,Browns"
peltb101,Pelty,Barney,R,R,SLA,P,Barney Pelty,1912,"A,St.Louis,Browns"
powej105,Powell,Jack,R,R,SLA,P,Jack Powell,1912,"A,St.Louis,Browns"
pratd101,Pratt,Del,R,R,SLA,2B,Del Pratt,1912,"A,St.Louis,Browns"
shand102,Shanley,Doc,R,R,SLA,SS,Doc Shanley,1912,"A,St.Louis,Browns"
shotb101,Shotton,Burt,L,R,SLA,OF,Burt Shotton,1912,"A,St.Louis,Browns"
smoyh101,Smoyer,Henry,R,R,SLA,SS,Henry Smoyer,1912,"A,St.Louis,Browns"
snelc101,Snell,Charlie,R,R,SLA,C,Charlie Snell,1912,"A,St.Louis,Browns"
spenh101,Spencer,Hack,R,R,SLA,P,Hack Spencer,1912,"A,St.Louis,Browns"
stepj104,Stephens,Jim,R,R,SLA,C,Jim Stephens,1912,"A,St.Louis,Browns"
stovg101,Stovall,George,R,R,SLA,1B,George Stovall,1912,"A,St.Louis,Browns"
tennt101,Tennant,Tom,L,L,SLA,PX,Tom Tennant,1912,"A,St.Louis,Browns"
waldf101,Walden,Fred,R,R,SLA,C,Fred Walden,1912,"A,St.Louis,Browns"
wallb101,Wallace,Bobby,R,R,SLA,SS,Bobby Wallace,1912,"A,St.Louis,Browns"
weilc101,Weilman,Carl,L,L,SLA,P,Carl Weilman,1912,"A,St.Louis,Browns"
willg103,Williams,Gus,L,L,SLA,OF,Gus Williams,1912,"A,St.Louis,Browns"
allef101,Allen,Frank,R,L,BRO,P,Frank Allen,1912,"N,Brooklyn,Dodgers"
bargc101,Barger,Cy,L,R,BRO,P,Cy Barger,1912,"N,Brooklyn,Dodgers"
burks101,Burk,Sandy,R,R,BRO,P,Sandy Burk,1912,"N,Brooklyn,Dodgers"
curtc101,Curtis,Cliff,R,R,BRO,P,Cliff Curtis,1912,"N,Brooklyn,Dodgers"
cutsg101,Cutshaw,George,R,R,BRO,2B,George Cutshaw,1912,"N,Brooklyn,Dodgers"
dalej101,Daley,Jud,L,R,BRO,OF,Jud Daley,1912,"N,Brooklyn,Dodgers"
daubj101,Daubert,Jake,L,L,BRO,1B,Jake Daubert,1912,"N,Brooklyn,Dodgers"
dente101,Dent,Eddie,R,R,BRO,P,Eddie Dent,1912,"N,Brooklyn,Dodgers"
downr101,Downs,Red,R,R,BRO,2B,Red Downs,1912,"N,Brooklyn,Dodgers"
erwit101,Erwin,Tex,L,R,BRO,C,Tex Erwin,1912,"N,Brooklyn,Dodgers"
fisht103,Fisher,Bob,R,R,BRO,SS,Bob Fisher,1912,"N,Brooklyn,Dodgers"
higgb102,Higgins,Bob,R,R,BRO,C,Bob Higgins,1912,"N,Brooklyn,Dodgers"
hummj101,Hummel,John,R,R,BRO,2B,John Hummel,1912,"N,Brooklyn,Dodgers"
kentm101,Kent,Maury,R,R,BRO,P,Maury Kent,1912,"N,Brooklyn,Dodgers"
kirke101,Kirkpatrick,Enos,R,R,BRO,3B,Enos Kirkpatrick,1912,"N,Brooklyn,Dodgers"
knete101,Knetzer,Elmer,R,R,BRO,P,Elmer Knetzer,1912,"N,Brooklyn,Dodgers"
millo103,Miller,Otto,R,R,BRO,C,Otto Miller,1912,"N,Brooklyn,Dodgers"
morah101,Moran,Herbie,L,R,BRO,OF,Herbie Moran,1912,"N,Brooklyn,Dodgers"
north101,Northen,Hub,L,L,BRO,OF,Hub Northen,1912,"N,Brooklyn,Dodgers"
phele101,Phelps,Ed,R,R,BRO,C,Ed Phelps,1912,"N,Brooklyn,Dodgers"
ragap101,Ragan,Pat,R,R,BRO,P,Pat Ragan,1912,"N,Brooklyn,Dodgers"
ruckn101,Rucker,Nap,R,L,BRO,P,Nap Rucker,1912,"N,Brooklyn,Dodgers"
schab102,Schardt,Bill,R,R,BRO,P,Bill Schardt,1912,"N,Brooklyn,Dodgers"
smitr108,Smith,Red,R,R,BRO,3B,Red Smith,1912,"N,Brooklyn,Dodgers"
stace101,Stack,Eddie,R,R,BRO,P,Eddie Stack,1912,"N,Brooklyn,Dodgers"
stard101,Stark,Dolly,R,R,BRO,SS,Dolly Stark,1912,"N,Brooklyn,Dodgers"
stenc101,Stengel,Casey,L,L,BRO,OF,Casey Stengel,1912,"N,Brooklyn,Dodgers"
toolb101,Tooley,Bert,R,R,BRO,SS,Bert Tooley,1912,"N,Brooklyn,Dodgers"
wheaz101,Wheat,Zack,L,R,BRO,OF,Zack Wheat,1912,"N,Brooklyn,Dodgers"
yinge101,Yingling,Earl,L,L,BRO,P,Earl Yingling,1912,"N,Brooklyn,Dodgers"
adamb104,Adams,Babe,L,R,PIT,P,Babe Adams,1912,"N,Pittsburgh,Pirates"
bislr101,Bisland,Rivington,R,R,PIT,PX,Rivington Bisland,1912,"N,Pittsburgh,Pirates"
blace101,Blackburn,Earl,R,R,PIT,C,Earl Blackburn,1912,"N,Pittsburgh,Pirates"
butla101,Butler,Art,R,R,PIT,2B,Art Butler,1912,"N,Pittsburgh,Pirates"
byrnb101,Byrne,Bobby,R,R,PIT,3B,Bobby Byrne,1912,"N,Pittsburgh,Pirates"
camnh101,Camnitz,Howie,R,R,PIT,P,Howie Camnitz,1912,"N,Pittsburgh,Pirates"
caprr101,Capron,Ralph,L,R,PIT,PX,Ralph Capron,1912,"N,Pittsburgh,Pirates"
carem101,Carey,Max,B,R,PIT,OF,Max Carey,1912,"N,Pittsburgh,Pirates"
colek101,Cole,King,R,R,PIT,P,King Cole,1912,"N,Pittsburgh,Pirates"
coopw101,Cooper,Wilbur,R,L,PIT,P,Wilbur Cooper,1912,"N,Pittsburgh,Pirates"
doddo101,Dodd,Ona,R,R,PIT,3B,Ona Dodd,1912,"N,Pittsburgh,Pirates"
donlm101,Donlin,Mike,L,L,PIT,OF,Mike Donlin,1912,"N,Pittsburgh,Pirates"
edins101,Edington,Stump,L,L,PIT,OF,Stump Edington,1912,"N,Pittsburgh,Pirates"
ferrj101,Ferry,Jack,R,R,PIT,P,Jack Ferry,1912,"N,Pittsburgh,Pirates"
gardh101,Gardner,Harry,R,R,PIT,P,Harry Gardner,1912,"N,Pittsburgh,Pirates"
gibsg101,Gibson,George,R,R,PIT,C,George Gibson,1912,"N,Pittsburgh,Pirates"
grays101,Gray,Stan,R,R,PIT,1B,Stan Gray,1912,"N,Pittsburgh,Pirates"
hendc101,Hendrix,Claude,R,R,PIT,P,Claude Hendrix,1912,"N,Pittsburgh,Pirates"
hofms101,Hofman,Solly,R,R,PIT,OF,Solly Hofman,1912,"N,Pittsburgh,Pirates"
hyath101,Hyatt,Ham,L,R,PIT,OF,Ham Hyatt,1912,"N,Pittsburgh,Pirates"
kelim101,Keliher,Mickey,L,L,PIT,PX,Mickey Keliher,1912,"N,Pittsburgh,Pirates"
kellb104,Kelly,Billy,R,R,PIT,C,Billy Kelly,1912,"N,Pittsburgh,Pirates"
leact101,Leach,Tommy,R,R,PIT,OF,Tommy Leach,1912,"N,Pittsburgh,Pirates"
leifl101,Leifield,Lefty,L,L,PIT,P,Lefty Leifield,1912,"N,Pittsburgh,Pirates"
mccaa103,McCarthy,Alex,R,R,PIT,2B,Alex McCarthy,1912,"N,Pittsburgh,Pirates"
mckeb101,McKechnie,Bill,B,R,PIT,3B,Bill McKechnie,1912,"N,Pittsburgh,Pirates"
mense101,Mensor,Ed,B,R,PIT,OF,Ed Mensor,1912,"N,Pittsburgh,Pirates"
milld102,Miller,Dots,R,R,PIT,1B,Dots Miller,1912,"N,Pittsburgh,Pirates"
nicho101,Nicholson,Ovid,L,R,PIT,OF,Ovid Nicholson,1912,"N,Pittsburgh,Pirates"
otoom101,O'Toole,Marty,R,R,PIT,P,Marty O'Toole,1912,"N,Pittsburgh,Pirates"
rehgw101,Rehg,Wally,R,R,PIT,OF,Wally Rehg,1912,"N,Pittsburgh,Pirates"
robih102,Robinson,Hank,R,L,PIT,P,Hank Robinson,1912,"N,Pittsburgh,Pirates"
simom102,Simon,Mike,R,R,PIT,C,Mike Simon,1912,"N,Pittsburgh,Pirates"
smits102,Smith,Sherry,R,L,PIT,P,Sherry Smith,1912,"N,Pittsburgh,Pirates"
vioxj101,Viox,Jim,R,R,PIT,3B,Jim Viox,1912,"N,Pittsburgh,Pirates"
wagnh101,Wagner,Honus,R,R,PIT,SS,Honus Wagner,1912,"N,Pittsburgh,Pirates"
warne101,Warner,Ed,R,L,PIT,P,Ed Warner,1912,"N,Pittsburgh,Pirates"
wilsc102,Wilson,Chief,L,R,PIT,OF,Chief Wilson,1912,"N,Pittsburgh,Pirates"
bakef102,Baker,Home Run,L,R,PHA,3B,Home Run Baker,1912,"A,Philadelphia,Athletics"
barrh101,Barry,Hardin,R,R,PHA,P,Hardin Barry,1912,"A,Philadelphia,Athletics"
barrj104,Barry,Jack,R,R,PHA,SS,Jack Barry,1912,"A,Philadelphia,Athletics"
bendc101,Bender,Chief,R,R,PHA,P,Chief Bender,1912,"A,Philadelphia,Athletics"
browb103,Brown,Boardwalk,R,R,PHA,P,Boardwalk Brown,1912,"A,Philadelphia,Athletics"
bushj102,Bush,Bullet Joe,R,R,PHA,P,Bullet Joe Bush,1912,"A,Philadelphia,Athletics"
colle101,Collins,Eddie,L,R,PHA,2B,Eddie Collins,1912,"A,Philadelphia,Athletics"
coomj101,Coombs,Jack,B,R,PHA,P,Jack Coombs,1912,"A,Philadelphia,Athletics"
coves101,Coveleski,Stan,R,R,PHA,P,Stan Coveleski,1912,"A,Philadelphia,Athletics"
crabr101,Crabb,Roy,R,R,PHA,P,Roy Crabb,1912,"A,Philadelphia,Athletics"
danfd101,Danforth,Dave,L,L,PHA,P,Dave Danforth,1912,"A,Philadelphia,Athletics"
derrc101,Derrick,Claud,R,R,PHA,SS,Claud Derrick,1912,"A,Philadelphia,Athletics"
eganb101,Egan,Ben,R,R,PHA,C,Ben Egan,1912,"A,Philadelphia,Athletics"
emerc102,Emerson,Chester,L,R,PHA,PX,Chester Emerson,1912,"A,Philadelphia,Athletics"
faheh101,Fahey,Howard,R,R,PHA,3B,Howard Fahey,1912,"A,Philadelphia,Athletics"
harrs103,Harrell,Slim,R,R,PHA,P,Slim Harrell,1912,"A,Philadelphia,Athletics"
houcb101,Houck,Byron,R,R,PHA,P,Byron Houck,1912,"A,Philadelphia,Athletics"
krauh101,Krause,Harry,B,L,PHA,P,Harry Krause,1912,"A,Philadelphia,Athletics"
lappj101,Lapp,Jack,L,R,PHA,C,Jack Lapp,1912,"A,Philadelphia,Athletics"
lordb101,Lord,Bris,R,R,PHA,OF,Bris Lord,1912,"A,Philadelphia,Athletics"
maggh102,Maggert,Harl,L,R,PHA,OF,Harl Maggert,1912,"A,Philadelphia,Athletics"
martd101,Martin,Doc,R,R,PHA,P,Doc Martin,1912,"A,Philadelphia,Athletics"
mathj102,Mathes,Joe,B,R,PHA,3B,Joe Mathes,1912,"A,Philadelphia,Athletics"
mcins101,McInnis,Stuffy,R,R,PHA,1B,Stuffy McInnis,1912,"A,Philadelphia,Athletics"
morgc102,Morgan,Cy,R,R,PHA,P,Cy Morgan,1912,"A,Philadelphia,Athletics"
murpd106,Murphy,Danny,R,R,PHA,OF,Danny Murphy,1912,"A,Philadelphia,Athletics"
murpe102,Murphy,Eddie,L,R,PHA,OF,Eddie Murphy,1912,"A,Philadelphia,Athletics"
oldrr101,Oldring,Rube,R,R,PHA,OF,Rube Oldring,1912,"A,Philadelphia,Athletics"
pennh101,Pennock,Herb,B,L,PHA,P,Herb Pennock,1912,"A,Philadelphia,Athletics"
plane101,Plank,Eddie,L,L,PHA,P,Eddie Plank,1912,"A,Philadelphia,Athletics"
russl101,Russell,Lefty,L,L,PHA,P,Lefty Russell,1912,"A,Philadelphia,Athletics"
salmr101,Salmon,Roger,L,L,PHA,P,Roger Salmon,1912,"A,Philadelphia,Athletics"
strua102,Strunk,Amos,L,L,PHA,OF,Amos Strunk,1912,"A,Philadelphia,Athletics"
thomi101,Thomas,Ira,R,R,PHA,C,Ira Thomas,1912,"A,Philadelphia,Athletics"
walsj108,Walsh,Jimmy,R,R,PHA,OF,Jimmy Walsh,1912,"A,Philadelphia,Athletics"
