player_id,last,first,bats,throws,team_id,pos,player_name,year,team_name
ainse101,Ainsmith,Eddie,R,R,WS1,C,Eddie Ainsmith,1917,"A,Washington,Senators"
ayerd101,Ayers,Doc,R,R,WS1,P,Doc Ayers,1917,"A,Washington,Senators"
crafm101,Craft,Molly,R,R,WS1,P,Molly Craft,1917,"A,Washington,Senators"
crans102,Crane,Sam,R,R,WS1,SS,Sam Crane,1917,"A,Washington,Senators"
dumog101,Dumont,George,R,R,WS1,P,George Dumont,1917,"A,Washington,Senators"
foste103,Foster,Eddie,R,R,WS1,3B,Eddie Foster,1917,"A,Washington,Senators"
gallb103,Gallia,Bert,R,R,WS1,P,Bert Gallia,1917,"A,Washington,Senators"
gharp101,Gharrity,Patsy,R,R,WS1,1B,Patsy Gharrity,1917,"A,Washington,Senators"
harph101,Harper,Harry,L,L,WS1,P,Harry Harper,1917,"A,Washington,Senators"
henrj101,Henry,John,R,R,WS1,C,John Henry,1917,"A,Washington,Senators"
jamic101,Jamieson,Charlie,L,L,WS1,OF,Charlie Jamieson,1917,"A,Washington,Senators"
johnw102,Johnson,Walter,R,R,WS1,P,Walter Johnson,1917,"A,Washington,Senators"
judgj101,Judge,Joe,L,L,WS1,1B,Joe Judge,1917,"A,Washington,Senators"
leonj101,Leonard,Joe,L,R,WS1,3B,Joe Leonard,1917,"A,Washington,Senators"
mcbrg101,McBride,George,R,R,WS1,SS,George McBride,1917,"A,Washington,Senators"
menom101,Menosky,Mike,L,R,WS1,OF,Mike Menosky,1917,"A,Washington,Senators"
milac101,Milan,Clyde,L,R,WS1,OF,Clyde Milan,1917,"A,Washington,Senators"
milah101,Milan,Horace,R,R,WS1,OF,Horace Milan,1917,"A,Washington,Senators"
morgr101,Morgan,Ray,R,R,WS1,2B,Ray Morgan,1917,"A,Washington,Senators"
murrb102,Murray,Bill,B,R,WS1,2B,Bill Murray,1917,"A,Washington,Senators"
rices101,Rice,Sam,L,R,WS1,OF,Sam Rice,1917,"A,Washington,Senators"
shanh101,Shanks,Howie,R,R,WS1,SS,Howie Shanks,1917,"A,Washington,Senators"
shawj101,Shaw,Jim,R,R,WS1,P,Jim Shaw,1917,"A,Washington,Senators"
smite104,Smith,Elmer,L,R,WS1,OF,Elmer Smith,1917,"A,Washington,Senators"
waldd101,Waldbauer,Doc,R,R,WS1,P,Doc Waldbauer,1917,"A,Washington,Senators"
agnes101,Agnew,Sam,R,R,BOS,C,Sam Agnew,1917,"A,Boston,Red Sox"
badek101,Bader,King,L,R,BOS,P,King Bader,1917,"A,Boston,Red Sox"
barrj104,Barry,Jack,R,R,BOS,2B,Jack Barry,1917,"A,Boston,Red Sox"
cadyh101,Cady,Hick,R,R,BOS,C,Hick Cady,1917,"A,Boston,Red Sox"
coonj103,Cooney,Jimmy,R,R,BOS,2B,Jimmy Cooney,1917,"A,Boston,Red Sox"
fostr103,Foster,Rube,R,R,BOS,P,Rube Foster,1917,"A,Boston,Red Sox"
gaind101,Gainer,Del,R,R,BOS,1B,Del Gainer,1917,"A,Boston,Red Sox"
gardl101,Gardner,Larry,L,R,BOS,3B,Larry Gardner,1917,"A,Boston,Red Sox"
henro101,Henriksen,Olaf,L,L,BOS,PH,Olaf Henriksen,1917,"A,Boston,Red Sox"
hobld101,Hoblitzell,Dick,L,R,BOS,1B,Dick Hoblitzell,1917,"A,Boston,Red Sox"
hooph101,Hooper,Harry,L,R,BOS,OF,Harry Hooper,1917,"A,Boston,Red Sox"
janvh101,Janvrin,Hal,R,R,BOS,2B,Hal Janvrin,1917,"A,Boston,Red Sox"
jones104,Jones,Sad Sam,R,R,BOS,P,Sad Sam Jones,1917,"A,Boston,Red Sox"
leond102,Leonard,Dutch,L,L,BOS,P,Dutch Leonard,1917,"A,Boston,Red Sox"
lewid101,Lewis,Duffy,R,R,BOS,OF,Duffy Lewis,1917,"A,Boston,Red Sox"
mayew101,Mayer,Wally,R,R,BOS,C,Wally Mayer,1917,"A,Boston,Red Sox"
maysc101,Mays,Carl,L,R,BOS,P,Carl Mays,1917,"A,Boston,Red Sox"
mcnam101,McNally,Mike,R,R,BOS,3B,Mike McNally,1917,"A,Boston,Red Sox"
pennh101,Pennock,Herb,B,L,BOS,P,Herb Pennock,1917,"A,Boston,Red Sox"
ruthb101,Ruth,Babe,L,L,BOS,P,Babe Ruth,1917,"A,Boston,Red Sox"
scote101,Scott,Everett,R,R,BOS,SS,Everett Scott,1917,"A,Boston,Red Sox"
shorc101,Shorten,Chick,L,L,BOS,OF,Chick Shorten,1917,"A,Boston,Red Sox"
shore101,Shore,Ernie,R,R,BOS,P,Ernie Shore,1917,"A,Boston,Red Sox"
thomp101,Thomas,Pinch,L,R,BOS,C,Pinch Thomas,1917,"A,Boston,Red Sox"
walkt101,Walker,Tillie,R,R,BOS,OF,Tillie Walker,1917,"A,Boston,Red Sox"
walsj108,Walsh,Jimmy,R,R,BOS,OF,Jimmy Walsh,1917,"A,Boston,Red Sox"
wyckj101,Wyckoff,Weldon,R,R,BOS,P,Weldon Wyckoff,1917,"A,Boston,Red Sox"
aldrv101,Aldridge,Vic,R,R,CHN,P,Vic Aldridge,1917,"N,Chicago,Cubs"
archj102,Archer,Jimmy,R,R,CHN,PH,Jimmy Archer,1917,"N,Chicago,Cubs"
barbt101,Barber,Turner,L,R,CHN,OF,Turner Barber,1917,"N,Chicago,Cubs"
blace101,Blackburn,Earl,R,R,CHN,PH,Earl Blackburn,1917,"N,Chicago,Cubs"
cartp101,Carter,Paul,L,R,CHN,P,Paul Carter,1917,"N,Chicago,Cubs"
dealc102,Deal,Charlie,R,R,CHN,3B,Charlie Deal,1917,"N,Chicago,Cubs"
demaa101,Demaree,Al,L,R,CHN,P,Al Demaree,1917,"N,Chicago,Cubs"
dillp101,Dillhoefer,Pickles,R,R,CHN,C,Pickles Dillhoefer,1917,"N,Chicago,Cubs"
dougp101,Douglas,Phil,R,R,CHN,P,Phil Douglas,1917,"N,Chicago,Cubs"
doyll101,Doyle,Larry,L,R,CHN,2B,Larry Doyle,1917,"N,Chicago,Cubs"
drisp101,Driscoll,Paddy,R,R,CHN,2B,Paddy Driscoll,1917,"N,Chicago,Cubs"
ellir104,Elliott,Rowdy,R,R,CHN,C,Rowdy Elliott,1917,"N,Chicago,Cubs"
flacm101,Flack,Max,L,L,CHN,OF,Max Flack,1917,"N,Chicago,Cubs"
hendc101,Hendrix,Claude,R,R,CHN,P,Claude Hendrix,1917,"N,Chicago,Cubs"
hunth101,Hunter,Herb,L,R,CHN,2B,Herb Hunter,1917,"N,Chicago,Cubs"
kildp101,Kilduff,Pete,R,R,CHN,SS,Pete Kilduff,1917,"N,Chicago,Cubs"
leslr101,Leslie,Roy,R,R,CHN,1B,Roy Leslie,1917,"N,Chicago,Cubs"
mannl101,Mann,Les,R,R,CHN,OF,Les Mann,1917,"N,Chicago,Cubs"
marrw101,Marriott,William,L,R,CHN,OF,William Marriott,1917,"N,Chicago,Cubs"
merkf101,Merkle,Fred,R,R,CHN,1B,Fred Merkle,1917,"N,Chicago,Cubs"
ofarb101,O'Farrell,Bob,R,R,CHN,C,Bob O'Farrell,1917,"N,Chicago,Cubs"
packg101,Packard,Gene,L,L,CHN,P,Gene Packard,1917,"N,Chicago,Cubs"
pechc101,Pechous,Charlie,R,R,CHN,3B,Charlie Pechous,1917,"N,Chicago,Cubs"
prenm101,Prendergast,Mike,R,R,CHN,P,Mike Prendergast,1917,"N,Chicago,Cubs"
ruetd101,Ruether,Dutch,L,L,CHN,P,Dutch Ruether,1917,"N,Chicago,Cubs"
saiev101,Saier,Vic,L,R,CHN,1B,Vic Saier,1917,"N,Chicago,Cubs"
schim101,Schick,Morrie,R,R,CHN,OF,Morrie Schick,1917,"N,Chicago,Cubs"
seatt102,Seaton,Tom,B,R,CHN,P,Tom Seaton,1917,"N,Chicago,Cubs"
vaugh101,Vaughn,Hippo,B,L,CHN,P,Hippo Vaughn,1917,"N,Chicago,Cubs"
walkr102,Walker,Roy,R,R,CHN,P,Roy Walker,1917,"N,Chicago,Cubs"
weavh101,Weaver,Harry,R,R,CHN,P,Harry Weaver,1917,"N,Chicago,Cubs"
willc103,Williams,Cy,L,L,CHN,OF,Cy Williams,1917,"N,Chicago,Cubs"
wilsa102,Wilson,Art,R,R,CHN,C,Art Wilson,1917,"N,Chicago,Cubs"
wolfh101,Wolfe,Harry,R,R,CHN,OF,Harry Wolfe,1917,"N,Chicago,Cubs"
wolth101,Wolter,Harry,L,L,CHN,OF,Harry Wolter,1917,"N,Chicago,Cubs"
wortc101,Wortman,Chuck,R,R,CHN,SS,Chuck Wortman,1917,"N,Chicago,Cubs"
zeidr101,Zeider,Rollie,R,R,CHN,SS,Rollie Zeider,1917,"N,Chicago,Cubs"
bresr101,Bressler,Rube,R,L,CIN,P,Rube Bressler,1917,"N,Cincinnati,Reds"
chash101,Chase,Hal,R,L,CIN,1B,Hal Chase,1917,"N,Cincinnati,Reds"
clart101,Clarke,Tommy,R,R,CIN,C,Tommy Clarke,1917,"N,Cincinnati,Reds"
cuetm101,Cueto,Manuel,R,R,CIN,OF,Manuel Cueto,1917,"N,Cincinnati,Reds"
elleh101,Eller,Hod,R,R,CIN,P,Hod Eller,1917,"N,Cincinnati,Reds"
engej101,Engel,Joe,R,L,CIN,P,Joe Engel,1917,"N,Cincinnati,Reds"
getzg101,Getz,Gus,R,R,CIN,2B,Gus Getz,1917,"N,Cincinnati,Reds"
grift102,Griffith,Tommy,L,R,CIN,OF,Tommy Griffith,1917,"N,Cincinnati,Reds"
grohh101,Groh,Heinie,R,R,CIN,3B,Heinie Groh,1917,"N,Cincinnati,Reds"
huhne101,Huhn,Emil,R,R,CIN,C,Emil Huhn,1917,"N,Cincinnati,Reds"
knete101,Knetzer,Elmer,R,R,CIN,P,Elmer Knetzer,1917,"N,Cincinnati,Reds"
kopfl101,Kopf,Larry,B,R,CIN,SS,Larry Kopf,1917,"N,Cincinnati,Reds"
mages101,Magee,Sherry,R,R,CIN,OF,Sherry Magee,1917,"N,Cincinnati,Reds"
mckeb101,McKechnie,Bill,B,R,CIN,2B,Bill McKechnie,1917,"N,Cincinnati,Reds"
mitcc102,Mitchell,Clarence,L,L,CIN,P,Clarence Mitchell,1917,"N,Cincinnati,Reds"
nealg101,Neale,Greasy,L,R,CIN,OF,Greasy Neale,1917,"N,Cincinnati,Reds"
perrs101,Perry,Scott,L,R,CIN,P,Scott Perry,1917,"N,Cincinnati,Reds"
pillh101,Pillette,Herman,R,R,CIN,P,Herman Pillette,1917,"N,Cincinnati,Reds"
regam101,Regan,Mike,R,R,CIN,P,Mike Regan,1917,"N,Cincinnati,Reds"
ringj101,Ring,Jimmy,R,R,CIN,P,Jimmy Ring,1917,"N,Cincinnati,Reds"
rouse101,Roush,Edd,L,L,CIN,OF,Edd Roush,1917,"N,Cincinnati,Reds"
ruetd101,Ruether,Dutch,L,L,CIN,P,Dutch Ruether,1917,"N,Cincinnati,Reds"
sandr104,Sanders,Roy,R,R,CIN,P,Roy Sanders,1917,"N,Cincinnati,Reds"
schnp101,Schneider,Pete,R,R,CIN,P,Pete Schneider,1917,"N,Cincinnati,Reds"
shead101,Shean,Dave,R,R,CIN,2B,Dave Shean,1917,"N,Cincinnati,Reds"
smith107,Smith,Harry,R,R,CIN,C,Harry Smith,1917,"N,Cincinnati,Reds"
thorj101,Thorpe,Jim,R,R,CIN,OF,Jim Thorpe,1917,"N,Cincinnati,Reds"
tonef101,Toney,Fred,R,R,CIN,P,Fred Toney,1917,"N,Cincinnati,Reds"
wingi101,Wingo,Ivey,L,R,CIN,C,Ivey Wingo,1917,"N,Cincinnati,Reds"
amesr101,Ames,Red,B,R,SLN,P,Red Ames,1917,"N,St.Louis,Cardinals"
baird101,Baird,Doug,R,R,SLN,3B,Doug Baird,1917,"N,St.Louis,Cardinals"
bescb101,Bescher,Bob,B,L,SLN,OF,Bob Bescher,1917,"N,St.Louis,Cardinals"
betzb101,Betzel,Bruno,R,R,SLN,2B,Bruno Betzel,1917,"N,St.Louis,Cardinals"
brocj101,Brock,John,R,R,SLN,C,John Brock,1917,"N,St.Louis,Cardinals"
cruiw101,Cruise,Walton,L,R,SLN,OF,Walton Cruise,1917,"N,St.Louis,Cardinals"
defat101,DeFate,Tony,R,R,SLN,3B,Tony DeFate,1917,"N,St.Louis,Cardinals"
doakb101,Doak,Bill,R,R,SLN,P,Bill Doak,1917,"N,St.Louis,Cardinals"
gonzm101,Gonzalez,Mike,R,R,SLN,C,Mike Gonzalez,1917,"N,St.Louis,Cardinals"
goodm102,Goodwin,Marv,R,R,SLN,P,Marv Goodwin,1917,"N,St.Louis,Cardinals"
hittb101,Hitt,Bruce,R,R,SLN,P,Bruce Hitt,1917,"N,St.Louis,Cardinals"
hornr101,Hornsby,Rogers,R,R,SLN,SS,Rogers Hornsby,1917,"N,St.Louis,Cardinals"
horso101,Horstmann,Oscar,R,R,SLN,P,Oscar Horstmann,1917,"N,St.Louis,Cardinals"
livip101,Livingston,Paddy,R,R,SLN,C,Paddy Livingston,1917,"N,St.Louis,Cardinals"
longt102,Long,Tom,R,R,SLN,OF,Tom Long,1917,"N,St.Louis,Cardinals"
may-j102,May,Jakie,R,L,SLN,P,Jakie May,1917,"N,St.Louis,Cardinals"
mcaui101,McAuley,Ike,B,R,SLN,SS,Ike McAuley,1917,"N,St.Louis,Cardinals"
meadl101,Meadows,Lee,L,R,SLN,P,Lee Meadows,1917,"N,St.Louis,Cardinals"
milld102,Miller,Dots,R,R,SLN,2B,Dots Miller,1917,"N,St.Louis,Cardinals"
murct101,Murchison,Tim,R,L,SLN,P,Tim Murchison,1917,"N,St.Louis,Cardinals"
nortl101,North,Lou,R,R,SLN,P,Lou North,1917,"N,St.Louis,Cardinals"
packg101,Packard,Gene,L,L,SLN,P,Gene Packard,1917,"N,St.Louis,Cardinals"
paulg102,Paulette,Gene,R,R,SLN,1B,Gene Paulette,1917,"N,St.Louis,Cardinals"
pearg101,Pierce,George,L,L,SLN,P,George Pierce,1917,"N,St.Louis,Cardinals"
rochj101,Roche,Jack,R,R,SLN,C,Jack Roche,1917,"N,St.Louis,Cardinals"
smitf103,Smith,Fred,R,R,SLN,3B,Fred Smith,1917,"N,St.Louis,Cardinals"
smitj106,Smith,Jack,L,L,SLN,OF,Jack Smith,1917,"N,St.Louis,Cardinals"
smytr101,Smyth,Red,L,R,SLN,OF,Red Smyth,1917,"N,St.Louis,Cardinals"
snydf101,Snyder,Frank,R,R,SLN,C,Frank Snyder,1917,"N,St.Louis,Cardinals"
steeb103,Steele,Bob,B,L,SLN,P,Bob Steele,1917,"N,St.Louis,Cardinals"
stews101,Stewart,Stuffy,R,R,SLN,OF,Stuffy Stewart,1917,"N,St.Louis,Cardinals"
wallb101,Wallace,Bobby,R,R,SLN,3B,Bobby Wallace,1917,"N,St.Louis,Cardinals"
watsm102,Watson,Milt,R,R,SLN,P,Milt Watson,1917,"N,St.Louis,Cardinals"
andef101,Anderson,Fred,R,R,NY1,P,Fred Anderson,1917,"N,New York,Giants"
baira101,Baird,Al,R,R,NY1,2B,Al Baird,1917,"N,New York,Giants"
bentr102,Benton,Rube,R,L,NY1,P,Rube Benton,1917,"N,New York,Giants"
burng101,Burns,George,R,R,NY1,OF,George Burns,1917,"N,New York,Giants"
demaa101,Demaree,Al,L,R,NY1,P,Al Demaree,1917,"N,New York,Giants"
fleta101,Fletcher,Art,R,R,NY1,SS,Art Fletcher,1917,"N,New York,Giants"
gibsg101,Gibson,George,R,R,NY1,C,George Gibson,1917,"N,New York,Giants"
hemie101,Hemingway,Ed,B,R,NY1,3B,Ed Hemingway,1917,"N,New York,Giants"
herzb101,Herzog,Buck,R,R,NY1,2B,Buck Herzog,1917,"N,New York,Giants"
holkw101,Holke,Walter,B,L,NY1,1B,Walter Holke,1917,"N,New York,Giants"
kaufb101,Kauff,Benny,L,L,NY1,OF,Benny Kauff,1917,"N,New York,Giants"
kellg101,Kelly,High Pockets,R,R,NY1,OF,High Pockets Kelly,1917,"N,New York,Giants"
kildp101,Kilduff,Pete,R,R,NY1,2B,Pete Kilduff,1917,"N,New York,Giants"
kruee101,Krueger,Ernie,R,R,NY1,C,Ernie Krueger,1917,"N,New York,Giants"
lobeh101,Lobert,Hans,R,R,NY1,3B,Hans Lobert,1917,"N,New York,Giants"
mccal102,McCarty,Lew,R,R,NY1,C,Lew McCarty,1917,"N,New York,Giants"
middj102,Middleton,Jim,R,R,NY1,P,Jim Middleton,1917,"N,New York,Giants"
murrr103,Murray,Red,R,R,NY1,OF,Red Murray,1917,"N,New York,Giants"
onslj101,Onslow,Jack,R,R,NY1,C,Jack Onslow,1917,"N,New York,Giants"
perrp101,Perritt,Pol,R,R,NY1,P,Pol Perritt,1917,"N,New York,Giants"
rarib101,Rariden,Bill,R,R,NY1,C,Bill Rariden,1917,"N,New York,Giants"
robed103,Robertson,Dave,L,L,NY1,OF,Dave Robertson,1917,"N,New York,Giants"
rodrj101,Rodriguez,Jose,R,R,NY1,1B,Jose Rodriguez,1917,"N,New York,Giants"
salls101,Sallee,Slim,R,L,NY1,P,Slim Sallee,1917,"N,New York,Giants"
schuf102,Schupp,Ferdie,R,L,NY1,P,Ferdie Schupp,1917,"N,New York,Giants"
smitg104,Smith,George,R,R,NY1,P,George Smith,1917,"N,New York,Giants"
smitj107,Smith,Jimmy,B,R,NY1,2B,Jimmy Smith,1917,"N,New York,Giants"
swiga101,Swigler,Ad,R,R,NY1,P,Ad Swigler,1917,"N,New York,Giants"
tesrj101,Tesreau,Jeff,R,R,NY1,P,Jeff Tesreau,1917,"N,New York,Giants"
thorj101,Thorpe,Jim,R,R,NY1,OF,Jim Thorpe,1917,"N,New York,Giants"
wilhj101,Wilhoit,Joe,L,R,NY1,OF,Joe Wilhoit,1917,"N,New York,Giants"
younr101,Youngs,Ross,L,R,NY1,OF,Ross Youngs,1917,"N,New York,Giants"
zimmh101,Zimmerman,Heinie,R,R,NY1,3B,Heinie Zimmerman,1917,"N,New York,Giants"
alexw101,Alexander,Walt,R,R,NYA,C,Walt Alexander,1917,"A,New York,Yankees"
araga101,Aragon,Angel,R,R,NYA,OF,Angel Aragon,1917,"A,New York,Yankees"
bakef102,Baker,Home Run,L,R,NYA,3B,Home Run Baker,1917,"A,New York,Yankees"
baump101,Baumann,Paddy,R,R,NYA,2B,Paddy Baumann,1917,"A,New York,Yankees"
bradn101,Brady,Neal,R,R,NYA,P,Neal Brady,1917,"A,New York,Yankees"
caldr101,Caldwell,Ray,L,R,NYA,P,Ray Caldwell,1917,"A,New York,Yankees"
camph102,Camp,Howie,L,R,NYA,OF,Howie Camp,1917,"A,New York,Yankees"
culln101,Cullop,Nick,L,L,NYA,P,Nick Cullop,1917,"A,New York,Yankees"
enrij101,Enright,Jack,R,R,NYA,P,Jack Enright,1917,"A,New York,Yankees"
fewsc101,Fewster,Chick,R,R,NYA,2B,Chick Fewster,1917,"A,New York,Yankees"
fishr101,Fisher,Ray,R,R,NYA,P,Ray Fisher,1917,"A,New York,Yankees"
gedej101,Gedeon,Joe,R,R,NYA,2B,Joe Gedeon,1917,"A,New York,Yankees"
gilhf101,Gilhooley,Frank,L,R,NYA,OF,Frank Gilhooley,1917,"A,New York,Yankees"
hendt101,Hendryx,Tim,R,R,NYA,OF,Tim Hendryx,1917,"A,New York,Yankees"
highh101,High,Hugh,L,L,NYA,OF,Hugh High,1917,"A,New York,Yankees"
lamab101,Lamar,Bill,L,R,NYA,OF,Bill Lamar,1917,"A,New York,Yankees"
loves101,Love,Slim,L,L,NYA,P,Slim Love,1917,"A,New York,Yankees"
magel101,Magee,Lee,B,R,NYA,OF,Lee Magee,1917,"A,New York,Yankees"
maisf101,Maisel,Fritz,R,R,NYA,2B,Fritz Maisel,1917,"A,New York,Yankees"
marsa101,Marsans,Armando,R,R,NYA,OF,Armando Marsans,1917,"A,New York,Yankees"
mcgrb101,McGraw,Bob,R,R,NYA,P,Bob McGraw,1917,"A,New York,Yankees"
mille102,Miller,Elmer,R,R,NYA,OF,Elmer Miller,1917,"A,New York,Yankees"
mogrg101,Mogridge,George,L,L,NYA,P,George Mogridge,1917,"A,New York,Yankees"
monre101,Monroe,Ed,R,R,NYA,P,Ed Monroe,1917,"A,New York,Yankees"
nunal101,Nunamaker,Les,R,R,NYA,C,Les Nunamaker,1917,"A,New York,Yankees"
peckr101,Peckinpaugh,Roger,R,R,NYA,SS,Roger Peckinpaugh,1917,"A,New York,Yankees"
pierb103,Piercy,Bill,R,R,NYA,P,Bill Piercy,1917,"A,New York,Yankees"
pippw101,Pipp,Wally,L,L,NYA,1B,Wally Pipp,1917,"A,New York,Yankees"
ruelm101,Ruel,Muddy,R,R,NYA,C,Muddy Ruel,1917,"A,New York,Yankees"
russa101,Russell,Allen,B,R,NYA,P,Allen Russell,1917,"A,New York,Yankees"
shawb102,Shawkey,Bob,R,R,NYA,P,Bob Shawkey,1917,"A,New York,Yankees"
shocu101,Shocker,Urban,R,R,NYA,P,Urban Shocker,1917,"A,New York,Yankees"
smalw101,Smallwood,Walt,R,R,NYA,P,Walt Smallwood,1917,"A,New York,Yankees"
thorh101,Thormahlen,Hank,L,L,NYA,P,Hank Thormahlen,1917,"A,New York,Yankees"
vicks101,Vick,Sammy,R,R,NYA,OF,Sammy Vick,1917,"A,New York,Yankees"
waltr102,Walters,Roxy,R,R,NYA,C,Roxy Walters,1917,"A,New York,Yankees"
warda101,Ward,Aaron,R,R,NYA,SS,Aaron Ward,1917,"A,New York,Yankees"
cadol101,Cadore,Leon,R,R,BRO,P,Leon Cadore,1917,"N,Brooklyn,Dodgers"
chenl101,Cheney,Larry,R,R,BRO,P,Larry Cheney,1917,"N,Brooklyn,Dodgers"
coomj101,Coombs,Jack,B,R,BRO,P,Jack Coombs,1917,"N,Brooklyn,Dodgers"
cutsg101,Cutshaw,George,R,R,BRO,2B,George Cutshaw,1917,"N,Brooklyn,Dodgers"
daubj101,Daubert,Jake,L,L,BRO,1B,Jake Daubert,1917,"N,Brooklyn,Dodgers"
dellw101,Dell,Wheezer,R,R,BRO,P,Wheezer Dell,1917,"N,Brooklyn,Dodgers"
durnr101,Durning,Rich,L,L,BRO,P,Rich Durning,1917,"N,Brooklyn,Dodgers"
fabrb101,Fabrique,Bunny,B,R,BRO,SS,Bunny Fabrique,1917,"N,Brooklyn,Dodgers"
hickj102,Hickman,Jim,R,R,BRO,OF,Jim Hickman,1917,"N,Brooklyn,Dodgers"
johnj107,Johnston,Jimmy,R,R,BRO,OF,Jimmy Johnston,1917,"N,Brooklyn,Dodgers"
kruee101,Krueger,Ernie,R,R,BRO,C,Ernie Krueger,1917,"N,Brooklyn,Dodgers"
learb101,Leard,Bill,R,R,BRO,2B,Bill Leard,1917,"N,Brooklyn,Dodgers"
malol101,Malone,Lew,R,R,BRO,PR,Lew Malone,1917,"N,Brooklyn,Dodgers"
marqr102,Marquard,Rube,B,L,BRO,P,Rube Marquard,1917,"N,Brooklyn,Dodgers"
merkf101,Merkle,Fred,R,R,BRO,1B,Fred Merkle,1917,"N,Brooklyn,Dodgers"
meyec101,Meyers,Chief,R,R,BRO,C,Chief Meyers,1917,"N,Brooklyn,Dodgers"
miljj101,Miljus,Johnny,R,R,BRO,P,Johnny Miljus,1917,"N,Brooklyn,Dodgers"
millo103,Miller,Otto,R,R,BRO,C,Otto Miller,1917,"N,Brooklyn,Dodgers"
mowrm101,Mowrey,Mike,R,R,BRO,3B,Mike Mowrey,1917,"N,Brooklyn,Dodgers"
myerh102,Myers,Hi,R,R,BRO,OF,Hi Myers,1917,"N,Brooklyn,Dodgers"
olsoi101,Olson,Ivy,R,R,BRO,SS,Ivy Olson,1917,"N,Brooklyn,Dodgers"
orouf101,O'Rourke,Frank,R,R,BRO,3B,Frank O'Rourke,1917,"N,Brooklyn,Dodgers"
pfefj101,Pfeffer,Jeff,R,R,BRO,P,Jeff Pfeffer,1917,"N,Brooklyn,Dodgers"
russj101,Russell,John,L,L,BRO,P,John Russell,1917,"N,Brooklyn,Dodgers"
smits102,Smith,Sherry,R,L,BRO,P,Sherry Smith,1917,"N,Brooklyn,Dodgers"
smytr101,Smyth,Red,L,R,BRO,3B,Red Smyth,1917,"N,Brooklyn,Dodgers"
snydj102,Snyder,Jack,R,R,BRO,C,Jack Snyder,1917,"N,Brooklyn,Dodgers"
stenc101,Stengel,Casey,L,L,BRO,OF,Casey Stengel,1917,"N,Brooklyn,Dodgers"
wachp101,Wachtel,Paul,R,R,BRO,P,Paul Wachtel,1917,"N,Brooklyn,Dodgers"
wheam101,Wheat,Mack,R,R,BRO,C,Mack Wheat,1917,"N,Brooklyn,Dodgers"
wheaz101,Wheat,Zack,L,R,BRO,OF,Zack Wheat,1917,"N,Brooklyn,Dodgers"
altej101,Altenburg,Jesse,L,R,PIT,OF,Jesse Altenburg,1917,"N,Pittsburgh,Pirates"
baird101,Baird,Doug,R,R,PIT,3B,Doug Baird,1917,"N,Pittsburgh,Pirates"
bigbc101,Bigbee,Carson,L,R,PIT,OF,Carson Bigbee,1917,"N,Pittsburgh,Pirates"
blacf101,Blackwell,Fred,L,R,PIT,C,Fred Blackwell,1917,"N,Pittsburgh,Pirates"
boect101,Boeckel,Tony,R,R,PIT,3B,Tony Boeckel,1917,"N,Pittsburgh,Pirates"
brieb101,Brief,Bunny,R,R,PIT,1B,Bunny Brief,1917,"N,Pittsburgh,Pirates"
carem101,Carey,Max,B,R,PIT,OF,Max Carey,1917,"N,Pittsburgh,Pirates"
carlh101,Carlson,Hal,R,R,PIT,P,Hal Carlson,1917,"N,Pittsburgh,Pirates"
catoh101,Caton,Howdy,R,R,PIT,SS,Howdy Caton,1917,"N,Pittsburgh,Pirates"
coopw101,Cooper,Wilbur,R,L,PIT,P,Wilbur Cooper,1917,"N,Pittsburgh,Pirates"
debua101,DeBus,Adam,R,R,PIT,SS,Adam DeBus,1917,"N,Pittsburgh,Pirates"
evanb102,Evans,Bill,R,R,PIT,P,Bill Evans,1917,"N,Pittsburgh,Pirates"
fiscw101,Fischer,William,L,R,PIT,C,William Fischer,1917,"N,Pittsburgh,Pirates"
flind101,Flinn,Don,R,R,PIT,OF,Don Flinn,1917,"N,Pittsburgh,Pirates"
gleab101,Gleason,Billy,R,R,PIT,2B,Billy Gleason,1917,"N,Pittsburgh,Pirates"
grimb101,Grimes,Burleigh,R,R,PIT,P,Burleigh Grimes,1917,"N,Pittsburgh,Pirates"
hincb101,Hinchman,Bill,R,R,PIT,OF,Bill Hinchman,1917,"N,Pittsburgh,Pirates"
jackc102,Jackson,Charlie,L,L,PIT,OF,Charlie Jackson,1917,"N,Pittsburgh,Pirates"
jacoe101,Jacobs,Elmer,R,R,PIT,P,Elmer Jacobs,1917,"N,Pittsburgh,Pirates"
kellg101,Kelly,High Pockets,R,R,PIT,1B,High Pockets Kelly,1917,"N,Pittsburgh,Pirates"
kingl103,King,Lee,R,R,PIT,OF,Lee King,1917,"N,Pittsburgh,Pirates"
mamaa101,Mamaux,Al,R,R,PIT,P,Al Mamaux,1917,"N,Pittsburgh,Pirates"
mccaa103,McCarthy,Alex,R,R,PIT,3B,Alex McCarthy,1917,"N,Pittsburgh,Pirates"
millf102,Miller,Frank,R,R,PIT,P,Frank Miller,1917,"N,Pittsburgh,Pirates"
millr107,Miller,Ray,L,L,PIT,1B,Ray Miller,1917,"N,Pittsburgh,Pirates"
mollf101,Mollwitz,Fritz,R,R,PIT,1B,Fritz Mollwitz,1917,"N,Pittsburgh,Pirates"
pitlj101,Pitler,Jake,R,R,PIT,2B,Jake Pitler,1917,"N,Pittsburgh,Pirates"
ponde101,Ponder,Elmer,R,R,PIT,P,Elmer Ponder,1917,"N,Pittsburgh,Pirates"
reila101,Reilly,Arch,R,R,PIT,3B,Arch Reilly,1917,"N,Pittsburgh,Pirates"
schmw102,Schmidt,Walter,R,R,PIT,C,Walter Schmidt,1917,"N,Pittsburgh,Pirates"
schuf103,Schulte,Frank,L,R,PIT,OF,Frank Schulte,1917,"N,Pittsburgh,Pirates"
shawb101,Shaw,Ben,R,R,PIT,PH,Ben Shaw,1917,"N,Pittsburgh,Pirates"
smitr104,Smith,Red,R,R,PIT,C,Red Smith,1917,"N,Pittsburgh,Pirates"
steeb103,Steele,Bob,B,L,PIT,P,Bob Steele,1917,"N,Pittsburgh,Pirates"
wagnb101,Wagner,Bill,R,R,PIT,C,Bill Wagner,1917,"N,Pittsburgh,Pirates"
wagnh101,Wagner,Honus,R,R,PIT,1B,Honus Wagner,1917,"N,Pittsburgh,Pirates"
wardc102,Ward,Chuck,R,R,PIT,SS,Chuck Ward,1917,"N,Pittsburgh,Pirates"
warnh102,Warner,Hooks,L,R,PIT,3B,Hooks Warner,1917,"N,Pittsburgh,Pirates"
webbb101,Webb,Bill,R,R,PIT,2B,Bill Webb,1917,"N,Pittsburgh,Pirates"
wilhj101,Wilhoit,Joe,L,R,PIT,OF,Joe Wilhoit,1917,"N,Pittsburgh,Pirates"
wolfh101,Wolfe,Harry,R,R,PIT,2B,Harry Wolfe,1917,"N,Pittsburgh,Pirates"
andew102,Anderson,Walter,L,L,PHA,P,Walter Anderson,1917,"A,Philadelphia,Athletics"
bacoe101,Bacon,Eddie,?,R,PHA,P,Eddie Bacon,1917,"A,Philadelphia,Athletics"
bailg101,Bailey,Gene,R,R,PHA,OF,Gene Bailey,1917,"A,Philadelphia,Athletics"
bater101,Bates,Ray,R,R,PHA,3B,Ray Bates,1917,"A,Philadelphia,Athletics"
bodip101,Bodie,Ping,R,R,PHA,OF,Ping Bodie,1917,"A,Philadelphia,Athletics"
bradd101,Bradshaw,Dallas,L,R,PHA,2B,Dallas Bradshaw,1917,"A,Philadelphia,Athletics"
bushj102,Bush,Bullet Joe,R,R,PHA,P,Bullet Joe Bush,1917,"A,Philadelphia,Athletics"
davih101,Davis,Harry,R,R,PHA,PH,Harry Davis,1917,"A,Philadelphia,Athletics"
dugaj101,Dugan,Joe,R,R,PHA,SS,Joe Dugan,1917,"A,Philadelphia,Athletics"
falkc101,Falkenberg,Cy,R,R,PHA,P,Cy Falkenberg,1917,"A,Philadelphia,Athletics"
frenp101,French,Pat,R,R,PHA,OF,Pat French,1917,"A,Philadelphia,Athletics"
goocl101,Gooch,Lee,R,R,PHA,OF,Lee Gooch,1917,"A,Philadelphia,Athletics"
grifp101,Griffin,Pug,R,R,PHA,1B,Pug Griffin,1917,"A,Philadelphia,Athletics"
grovr101,Grover,Roy,R,R,PHA,2B,Roy Grover,1917,"A,Philadelphia,Athletics"
haler101,Haley,Raymond,R,R,PHA,C,Raymond Haley,1917,"A,Philadelphia,Athletics"
hillr101,Hill,Red,B,L,PHA,P,Red Hill,1917,"A,Philadelphia,Athletics"
jamic101,Jamieson,Charlie,L,L,PHA,OF,Charlie Jamieson,1917,"A,Philadelphia,Athletics"
johnb109,Johnson,Bill,L,R,PHA,OF,Bill Johnson,1917,"A,Philadelphia,Athletics"
johnj102,Johnson,Jing,R,R,PHA,P,Jing Johnson,1917,"A,Philadelphia,Athletics"
johnw101,Johnson,Ellis,R,R,PHA,P,Ellis Johnson,1917,"A,Philadelphia,Athletics"
keefd101,Keefe,Dave,L,R,PHA,P,Dave Keefe,1917,"A,Philadelphia,Athletics"
lawro101,Lawry,Otis,L,R,PHA,2B,Otis Lawry,1917,"A,Philadelphia,Athletics"
mcavw101,McAvoy,Wickey,R,R,PHA,C,Wickey McAvoy,1917,"A,Philadelphia,Athletics"
mcins101,McInnis,Stuffy,R,R,PHA,1B,Stuffy McInnis,1917,"A,Philadelphia,Athletics"
meyeb101,Meyer,Billy,R,R,PHA,C,Billy Meyer,1917,"A,Philadelphia,Athletics"
myere101,Myers,Elmer,R,R,PHA,P,Elmer Myers,1917,"A,Philadelphia,Athletics"
naboj101,Nabors,Jack,R,R,PHA,P,Jack Nabors,1917,"A,Philadelphia,Athletics"
naylr101,Naylor,Rollie,R,R,PHA,P,Rollie Naylor,1917,"A,Philadelphia,Athletics"
noyew101,Noyes,Win,R,R,PHA,P,Win Noyes,1917,"A,Philadelphia,Athletics"
palme103,Palmer,Eddie,R,R,PHA,3B,Eddie Palmer,1917,"A,Philadelphia,Athletics"
parnr101,Parnham,Rube,R,R,PHA,P,Rube Parnham,1917,"A,Philadelphia,Athletics"
perkc101,Perkins,Cy,R,R,PHA,C,Cy Perkins,1917,"A,Philadelphia,Athletics"
piciv101,Picinich,Val,R,R,PHA,C,Val Picinich,1917,"A,Philadelphia,Athletics"
schar101,Schauer,Rube,R,R,PHA,P,Rube Schauer,1917,"A,Philadelphia,Athletics"
schaw101,Schang,Wally,B,R,PHA,C,Wally Schang,1917,"A,Philadelphia,Athletics"
seibs101,Seibold,Socks,R,R,PHA,P,Socks Seibold,1917,"A,Philadelphia,Athletics"
shanr101,Shannon,Red,B,R,PHA,SS,Red Shannon,1917,"A,Philadelphia,Athletics"
sharr101,Sharman,Ralph,R,R,PHA,OF,Ralph Sharman,1917,"A,Philadelphia,Athletics"
strua102,Strunk,Amos,L,L,PHA,OF,Amos Strunk,1917,"A,Philadelphia,Athletics"
thrab101,Thrasher,Buck,L,R,PHA,OF,Buck Thrasher,1917,"A,Philadelphia,Athletics"
wittw101,Witt,Whitey,L,R,PHA,SS,Whitey Witt,1917,"A,Philadelphia,Athletics"
austj101,Austin,Jimmy,B,R,SLA,3B,Jimmy Austin,1917,"A,St.Louis,Browns"
bigli101,Bigler,Ivan,R,R,SLA,PR,Ivan Bigler,1917,"A,St.Louis,Browns"
daved101,Davenport,Dave,R,R,SLA,P,Dave Davenport,1917,"A,St.Louis,Browns"
demmr101,Demmitt,Ray,L,R,SLA,OF,Ray Demmitt,1917,"A,St.Louis,Browns"
gerbw101,Gerber,Wally,R,R,SLA,SS,Wally Gerber,1917,"A,St.Louis,Browns"
groob101,Groom,Bob,R,R,SLA,P,Bob Groom,1917,"A,St.Louis,Browns"
haleg101,Hale,George,R,R,SLA,C,George Hale,1917,"A,St.Louis,Browns"
hamie101,Hamilton,Earl,L,L,SLA,P,Earl Hamilton,1917,"A,St.Louis,Browns"
hartg102,Hartley,Grover,R,R,SLA,C,Grover Hartley,1917,"A,St.Louis,Browns"
jacow101,Jacobson,Baby Doll,R,R,SLA,OF,Baby Doll Jacobson,1917,"A,St.Louis,Browns"
johne102,Johnson,Ernie,L,R,SLA,SS,Ernie Johnson,1917,"A,St.Louis,Browns"
kenwd101,Kenworthy,Duke,B,R,SLA,2B,Duke Kenworthy,1917,"A,St.Louis,Browns"
koobe101,Koob,Ernie,L,L,SLA,P,Ernie Koob,1917,"A,St.Louis,Browns"
lavad101,Lavan,Doc,R,R,SLA,SS,Doc Lavan,1917,"A,St.Louis,Browns"
lowdg101,Lowdermilk,Grover,R,R,SLA,P,Grover Lowdermilk,1917,"A,St.Louis,Browns"
magel101,Magee,Lee,B,R,SLA,3B,Lee Magee,1917,"A,St.Louis,Browns"
marsa101,Marsans,Armando,R,R,SLA,OF,Armando Marsans,1917,"A,St.Louis,Browns"
marts102,Martin,Speed,R,R,SLA,P,Speed Martin,1917,"A,St.Louis,Browns"
mccat104,McCabe,Tim,R,R,SLA,P,Tim McCabe,1917,"A,St.Louis,Browns"
millw104,Miller,Ward,L,R,SLA,OF,Ward Miller,1917,"A,St.Louis,Browns"
molyv101,Molyneaux,Vince,R,R,SLA,P,Vince Molyneaux,1917,"A,St.Louis,Browns"
moors101,Moore,Scrappy,R,R,SLA,3B,Scrappy Moore,1917,"A,St.Louis,Browns"
murre101,Murray,Ed,R,R,SLA,SS,Ed Murray,1917,"A,St.Louis,Browns"
neu-o101,Neu,Otto,R,R,SLA,SS,Otto Neu,1917,"A,St.Louis,Browns"
parkj102,Park,Jim,R,R,SLA,P,Jim Park,1917,"A,St.Louis,Browns"
paulg102,Paulette,Gene,R,R,SLA,1B,Gene Paulette,1917,"A,St.Louis,Browns"
pennk101,Pennington,Kewpie,R,R,SLA,P,Kewpie Pennington,1917,"A,St.Louis,Browns"
plane101,Plank,Eddie,L,L,SLA,P,Eddie Plank,1917,"A,St.Louis,Browns"
pratd101,Pratt,Del,R,R,SLA,2B,Del Pratt,1917,"A,St.Louis,Browns"
richt101,Richardson,Tom,R,R,SLA,PH,Tom Richardson,1917,"A,St.Louis,Browns"
roget101,Rogers,Tom,R,R,SLA,P,Tom Rogers,1917,"A,St.Louis,Browns"
rumlw101,Rumler,William,R,R,SLA,OF,William Rumler,1917,"A,St.Louis,Browns"
seveh101,Severeid,Hank,R,R,SLA,C,Hank Severeid,1917,"A,St.Louis,Browns"
shotb101,Shotton,Burt,L,R,SLA,OF,Burt Shotton,1917,"A,St.Louis,Browns"
sislg101,Sisler,George,L,L,SLA,1B,George Sisler,1917,"A,St.Louis,Browns"
sloat101,Sloan,Tod,L,R,SLA,OF,Tod Sloan,1917,"A,St.Louis,Browns"
smite107,Smith,Earl,B,R,SLA,OF,Earl Smith,1917,"A,St.Louis,Browns"
sotha101,Sothoron,Allen,B,R,SLA,P,Allen Sothoron,1917,"A,St.Louis,Browns"
weilc101,Weilman,Carl,L,L,SLA,P,Carl Weilman,1917,"A,St.Louis,Browns"
wrigr104,Wright,Rasty,R,R,SLA,P,Rasty Wright,1917,"A,St.Louis,Browns"
adamb106,Adams,Bert,B,R,PHI,C,Bert Adams,1917,"N,Philadelphia,Phillies"
alexg102,Alexander,Pete,R,R,PHI,P,Pete Alexander,1917,"N,Philadelphia,Phillies"
bancd101,Bancroft,Dave,B,R,PHI,SS,Dave Bancroft,1917,"N,Philadelphia,Phillies"
bendc101,Bender,Chief,R,R,PHI,P,Chief Bender,1917,"N,Philadelphia,Phillies"
burne101,Burns,Ed,R,R,PHI,C,Ed Burns,1917,"N,Philadelphia,Phillies"
byrnb101,Byrne,Bobby,R,R,PHI,3B,Bobby Byrne,1917,"N,Philadelphia,Phillies"
coopc101,Cooper,Claude,L,L,PHI,OF,Claude Cooper,1917,"N,Philadelphia,Phillies"
cravg101,Cravath,Gavvy,R,R,PHI,OF,Gavvy Cravath,1917,"N,Philadelphia,Phillies"
dugeo101,Dugey,Oscar,R,R,PHI,2B,Oscar Dugey,1917,"N,Philadelphia,Phillies"
everj102,Evers,Johnny,L,R,PHI,2B,Johnny Evers,1917,"N,Philadelphia,Phillies"
fittp101,Fittery,Paul,B,L,PHI,P,Paul Fittery,1917,"N,Philadelphia,Phillies"
killb101,Killefer,Bill,R,R,PHI,C,Bill Killefer,1917,"N,Philadelphia,Phillies"
lavej101,Lavender,Jimmy,R,R,PHI,P,Jimmy Lavender,1917,"N,Philadelphia,Phillies"
ludef101,Luderus,Fred,L,R,PHI,1B,Fred Luderus,1917,"N,Philadelphia,Phillies"
mayee101,Mayer,Erskine,R,R,PHI,P,Erskine Mayer,1917,"N,Philadelphia,Phillies"
mcgap101,McGaffigan,Patsy,R,R,PHI,SS,Patsy McGaffigan,1917,"N,Philadelphia,Phillies"
niehb101,Niehoff,Bert,R,R,PHI,2B,Bert Niehoff,1917,"N,Philadelphia,Phillies"
oescj101,Oeschger,Joe,R,R,PHI,P,Joe Oeschger,1917,"N,Philadelphia,Phillies"
paskd101,Paskert,Dode,R,R,PHI,OF,Dode Paskert,1917,"N,Philadelphia,Phillies"
pearh101,Pearce,Harry,R,R,PHI,SS,Harry Pearce,1917,"N,Philadelphia,Phillies"
rixee101,Rixey,Eppa,R,L,PHI,P,Eppa Rixey,1917,"N,Philadelphia,Phillies"
schuf103,Schulte,Frank,L,R,PHI,OF,Frank Schulte,1917,"N,Philadelphia,Phillies"
stocm101,Stock,Milt,R,R,PHI,3B,Milt Stock,1917,"N,Philadelphia,Phillies"
whitp102,Whitted,Possum,R,R,PHI,OF,Possum Whitted,1917,"N,Philadelphia,Phillies"
benzj101,Benz,Joe,R,R,CHA,P,Joe Benz,1917,"A,Chicago,White Sox"
byrnb101,Byrne,Bobby,R,R,CHA,2B,Bobby Byrne,1917,"A,Chicago,White Sox"
cicoe101,Cicotte,Eddie,B,R,CHA,P,Eddie Cicotte,1917,"A,Chicago,White Sox"
colle101,Collins,Eddie,L,R,CHA,2B,Eddie Collins,1917,"A,Chicago,White Sox"
colls101,Collins,Shano,R,R,CHA,OF,Shano Collins,1917,"A,Chicago,White Sox"
danfd101,Danforth,Dave,L,L,CHA,P,Dave Danforth,1917,"A,Chicago,White Sox"
faber101,Faber,Red,B,R,CHA,P,Red Faber,1917,"A,Chicago,White Sox"
felsh101,Felsch,Happy,R,R,CHA,OF,Happy Felsch,1917,"A,Chicago,White Sox"
fourj101,Fournier,Jack,L,R,CHA,PH,Jack Fournier,1917,"A,Chicago,White Sox"
gandc101,Gandil,Chick,R,R,CHA,1B,Chick Gandil,1917,"A,Chicago,White Sox"
hasbz101,Hasbrook,Ziggy,R,R,CHA,2B,Ziggy Hasbrook,1917,"A,Chicago,White Sox"
jackj101,Jackson,Shoeless Joe,L,R,CHA,OF,Shoeless Joe Jackson,1917,"A,Chicago,White Sox"
jenkj102,Jenkins,Joe,R,R,CHA,C,Joe Jenkins,1917,"A,Chicago,White Sox"
jourt101,Jourdan,Ted,L,L,CHA,1B,Ted Jourdan,1917,"A,Chicago,White Sox"
leibn101,Leibold,Nemo,L,R,CHA,OF,Nemo Leibold,1917,"A,Chicago,White Sox"
lynnb101,Lynn,Byrd,R,R,CHA,C,Byrd Lynn,1917,"A,Chicago,White Sox"
mcmuf101,McMullin,Fred,R,R,CHA,3B,Fred McMullin,1917,"A,Chicago,White Sox"
murpe102,Murphy,Eddie,L,R,CHA,OF,Eddie Murphy,1917,"A,Chicago,White Sox"
risbs101,Risberg,Swede,R,R,CHA,SS,Swede Risberg,1917,"A,Chicago,White Sox"
russr102,Russell,Reb,L,L,CHA,P,Reb Russell,1917,"A,Chicago,White Sox"
schar103,Schalk,Ray,R,R,CHA,C,Ray Schalk,1917,"A,Chicago,White Sox"
scotj104,Scott,Jim,R,R,CHA,P,Jim Scott,1917,"A,Chicago,White Sox"
terrz101,Terry,Zeb,R,R,CHA,SS,Zeb Terry,1917,"A,Chicago,White Sox"
weavb101,Weaver,Buck,B,R,CHA,3B,Buck Weaver,1917,"A,Chicago,White Sox"
willl104,Williams,Lefty,R,L,CHA,P,Lefty Williams,1917,"A,Chicago,White Sox"
wolfm101,Wolfgang,Mellie,R,R,CHA,P,Mellie Wolfgang,1917,"A,Chicago,White Sox"
allef101,Allen,Frank,R,L,BSN,P,Frank Allen,1917,"N,Boston,Braves"
bailf101,Bailey,Fred,L,L,BSN,OF,Fred Bailey,1917,"N,Boston,Braves"
barnj102,Barnes,Jesse,L,R,BSN,P,Jesse Barnes,1917,"N,Boston,Braves"
chapl101,Chappell,Larry,L,R,BSN,OF,Larry Chappell,1917,"N,Boston,Braves"
collz101,Collins,Zip,L,L,BSN,OF,Zip Collins,1917,"N,Boston,Braves"
covis101,Covington,Sam,L,R,BSN,1B,Sam Covington,1917,"N,Boston,Braves"
crumc101,Crum,Cal,R,R,BSN,P,Cal Crum,1917,"N,Boston,Braves"
everj102,Evers,Johnny,L,R,BSN,2B,Johnny Evers,1917,"N,Boston,Braves"
fitze102,Fitzpatrick,Ed,R,R,BSN,2B,Ed Fitzpatrick,1917,"N,Boston,Braves"
gowdh101,Gowdy,Hank,R,R,BSN,C,Hank Gowdy,1917,"N,Boston,Braves"
hught107,Hughes,Tom,R,R,BSN,P,Tom Hughes,1917,"N,Boston,Braves"
jackf101,Jacklitsch,Fred,R,R,BSN,C,Fred Jacklitsch,1917,"N,Boston,Braves"
kellj102,Kelly,Joe,R,R,BSN,OF,Joe Kelly,1917,"N,Boston,Braves"
konee101,Konetchy,Ed,R,R,BSN,1B,Ed Konetchy,1917,"N,Boston,Braves"
mages101,Magee,Sherry,R,R,BSN,OF,Sherry Magee,1917,"N,Boston,Braves"
marar101,Maranville,Rabbit,R,R,BSN,SS,Rabbit Maranville,1917,"N,Boston,Braves"
massm101,Massey,Mike,B,R,BSN,2B,Mike Massey,1917,"N,Boston,Braves"
meyec101,Meyers,Chief,R,R,BSN,C,Chief Meyers,1917,"N,Boston,Braves"
nehfa101,Nehf,Art,L,L,BSN,P,Art Nehf,1917,"N,Boston,Braves"
power101,Powell,Ray,L,R,BSN,OF,Ray Powell,1917,"N,Boston,Braves"
ragap101,Ragan,Pat,R,R,BSN,P,Pat Ragan,1917,"N,Boston,Braves"
rawlj101,Rawlings,Johnny,R,R,BSN,2B,Johnny Rawlings,1917,"N,Boston,Braves"
rehgw101,Rehg,Wally,R,R,BSN,OF,Wally Rehg,1917,"N,Boston,Braves"
reule101,Reulbach,Ed,R,R,BSN,P,Ed Reulbach,1917,"N,Boston,Braves"
ricoa101,Rico,Art,R,R,BSN,C,Art Rico,1917,"N,Boston,Braves"
rudod101,Rudolph,Dick,R,R,BSN,P,Dick Rudolph,1917,"N,Boston,Braves"
schrh101,Schreiber,Hank,R,R,BSN,3B,Hank Schreiber,1917,"N,Boston,Braves"
scotj101,Scott,Jack,L,R,BSN,P,Jack Scott,1917,"N,Boston,Braves"
smitr108,Smith,Red,R,R,BSN,3B,Red Smith,1917,"N,Boston,Braves"
tragw101,Tragesser,Walt,R,R,BSN,C,Walt Tragesser,1917,"N,Boston,Braves"
twomg101,Twombly,George,R,R,BSN,OF,George Twombly,1917,"N,Boston,Braves"
tylel101,Tyler,Lefty,L,L,BSN,P,Lefty Tyler,1917,"N,Boston,Braves"
walse101,Walsh,Ed,R,R,BSN,P,Ed Walsh,1917,"N,Boston,Braves"
wilhj101,Wilhoit,Joe,L,R,BSN,OF,Joe Wilhoit,1917,"N,Boston,Braves"
bolab101,Boland,Bernie,R,R,DET,P,Bernie Boland,1917,"A,Detroit,Tigers"
burng102,Burns,George,R,R,DET,1B,George Burns,1917,"A,Detroit,Tigers"
bushd102,Bush,Donie,B,R,DET,SS,Donie Bush,1917,"A,Detroit,Tigers"
cobbt101,Cobb,Ty,L,R,DET,OF,Ty Cobb,1917,"A,Detroit,Tigers"
coucj101,Couch,Johnny,L,R,DET,P,Johnny Couch,1917,"A,Detroit,Tigers"
coveh101,Coveleski,Harry,B,L,DET,P,Harry Coveleski,1917,"A,Detroit,Tigers"
craws101,Crawford,Sam,L,L,DET,1B,Sam Crawford,1917,"A,Detroit,Tigers"
cunng101,Cunningham,George,R,R,DET,P,George Cunningham,1917,"A,Detroit,Tigers"
daush101,Dauss,Hooks,R,R,DET,P,Hooks Dauss,1917,"A,Detroit,Tigers"
defat101,DeFate,Tony,R,R,DET,2B,Tony DeFate,1917,"A,Detroit,Tigers"
dyerb101,Dyer,Ben,R,R,DET,SS,Ben Dyer,1917,"A,Detroit,Tigers"
ehmkh101,Ehmke,Howard,R,R,DET,P,Howard Ehmke,1917,"A,Detroit,Tigers"
ellib102,Ellison,Babe,R,R,DET,1B,Babe Ellison,1917,"A,Detroit,Tigers"
flagi101,Flagstead,Ira,R,R,DET,OF,Ira Flagstead,1917,"A,Detroit,Tigers"
harpg101,Harper,George,L,R,DET,OF,George Harper,1917,"A,Detroit,Tigers"
heilh101,Heilmann,Harry,R,R,DET,OF,Harry Heilmann,1917,"A,Detroit,Tigers"
jameb103,James,Bill,B,R,DET,P,Bill James,1917,"A,Detroit,Tigers"
joneb103,Jones,Bob,L,R,DET,2B,Bob Jones,1917,"A,Detroit,Tigers"
joned107,Jones,Deacon,R,R,DET,P,Deacon Jones,1917,"A,Detroit,Tigers"
mitcw101,Mitchell,Willie,R,L,DET,P,Willie Mitchell,1917,"A,Detroit,Tigers"
nichf101,Nicholson,Fred,R,R,DET,OF,Fred Nicholson,1917,"A,Detroit,Tigers"
spent101,Spencer,Tubby,R,R,DET,C,Tubby Spencer,1917,"A,Detroit,Tigers"
stano101,Stanage,Oscar,R,R,DET,C,Oscar Stanage,1917,"A,Detroit,Tigers"
veacb101,Veach,Bobby,L,R,DET,OF,Bobby Veach,1917,"A,Detroit,Tigers"
vitto101,Vitt,Ossie,R,R,DET,3B,Ossie Vitt,1917,"A,Detroit,Tigers"
walkf102,Walker,Frank,R,R,DET,PH,Frank Walker,1917,"A,Detroit,Tigers"
yella101,Yelle,Archie,R,R,DET,C,Archie Yelle,1917,"A,Detroit,Tigers"
younr103,Young,Ralph,B,R,DET,2B,Ralph Young,1917,"A,Detroit,Tigers"
allim101,Allison,Milo,L,R,CLE,OF,Milo Allison,1917,"A,Cleveland,Indians"
bagbj101,Bagby,Jim,B,R,CLE,P,Jim Bagby,1917,"A,Cleveland,Indians"
billj103,Billings,Josh,R,R,CLE,C,Josh Billings,1917,"A,Cleveland,Indians"
boehj101,Boehling,Joe,L,L,CLE,P,Joe Boehling,1917,"A,Cleveland,Indians"
chapr101,Chapman,Ray,R,R,CLE,SS,Ray Chapman,1917,"A,Cleveland,Indians"
coumf101,Coumbe,Fritz,L,L,CLE,P,Fritz Coumbe,1917,"A,Cleveland,Indians"
coves101,Coveleski,Stan,R,R,CLE,P,Stan Coveleski,1917,"A,Cleveland,Indians"
debeh101,DeBerry,Hank,R,R,CLE,C,Hank DeBerry,1917,"A,Cleveland,Indians"
dickg102,Dickerson,George,R,R,CLE,P,George Dickerson,1917,"A,Cleveland,Indians"
eunif101,Eunick,Fred,R,R,CLE,3B,Fred Eunick,1917,"A,Cleveland,Indians"
evanj101,Evans,Joe,R,R,CLE,3B,Joe Evans,1917,"A,Cleveland,Indians"
goula101,Gould,Al,R,R,CLE,P,Al Gould,1917,"A,Cleveland,Indians"
granj104,Graney,Jack,L,L,CLE,OF,Jack Graney,1917,"A,Cleveland,Indians"
guisl101,Guisto,Lou,R,R,CLE,1B,Lou Guisto,1917,"A,Cleveland,Indians"
harrj103,Harris,Joe,R,R,CLE,1B,Joe Harris,1917,"A,Cleveland,Indians"
howai101,Howard,Ivan,B,R,CLE,3B,Ivan Howard,1917,"A,Cleveland,Indians"
kavam101,Kavanagh,Marty,R,R,CLE,OF,Marty Kavanagh,1917,"A,Cleveland,Indians"
klepe101,Klepfer,Ed,R,R,CLE,P,Ed Klepfer,1917,"A,Cleveland,Indians"
lambo101,Lambeth,Otis,R,R,CLE,P,Otis Lambeth,1917,"A,Cleveland,Indians"
millr107,Miller,Ray,L,L,CLE,1B,Ray Miller,1917,"A,Cleveland,Indians"
mortg101,Morton,Guy,R,R,CLE,P,Guy Morton,1917,"A,Cleveland,Indians"
oneis101,O'Neill,Steve,R,R,CLE,C,Steve O'Neill,1917,"A,Cleveland,Indians"
rothb102,Roth,Braggo,R,R,CLE,OF,Braggo Roth,1917,"A,Cleveland,Indians"
smite104,Smith,Elmer,L,R,CLE,OF,Elmer Smith,1917,"A,Cleveland,Indians"
smitp107,Smith,Pop-boy,R,R,CLE,P,Pop-boy Smith,1917,"A,Cleveland,Indians"
speat101,Speaker,Tris,L,L,CLE,OF,Tris Speaker,1917,"A,Cleveland,Indians"
torkr101,Torkelson,Red,R,R,CLE,P,Red Torkelson,1917,"A,Cleveland,Indians"
turnt105,Turner,Terry,R,R,CLE,3B,Terry Turner,1917,"A,Cleveland,Indians"
wambb101,Wambsganss,Bill,R,R,CLE,2B,Bill Wambsganss,1917,"A,Cleveland,Indians"
woodj108,Wood,Smoky Joe,R,R,CLE,P,Smoky Joe Wood,1917,"A,Cleveland,Indians"
