player_id,last,first,bats,throws,team_id,pos,player_name,year,team_name
bevak001,Bevacqua,Kurt,R,R,KCA,1B,Kurt Bevacqua,1974,"A,Kansas City,Royals"
birdd101,Bird,Doug,R,R,KCA,P,Doug Bird,1974,"A,Kansas City,Royals"
bretg001,Brett,George,L,R,KCA,3B,George Brett,1974,"A,Kansas City,Royals"
briln101,Briles,Nelson,R,R,KCA,P,Nelson Briles,1974,"A,Kansas City,Royals"
busbs101,Busby,Steve,R,R,KCA,P,Steve Busby,1974,"A,Kansas City,Royals"
cepeo101,Cepeda,Orlando,R,R,KCA,DH,Orlando Cepeda,1974,"A,Kansas City,Royals"
cowea001,Cowens,Al,R,R,KCA,OF,Al Cowens,1974,"A,Kansas City,Royals"
dalcb101,Dal Canton,Bruce,R,R,KCA,P,Bruce Dal Canton,1974,"A,Kansas City,Royals"
fitza101,Fitzmorris,Al,B,R,KCA,P,Al Fitzmorris,1974,"A,Kansas City,Royals"
floyb101,Floyd,Bobby,R,R,KCA,2B,Bobby Floyd,1974,"A,Kansas City,Royals"
garbg001,Garber,Gene,R,R,KCA,P,Gene Garber,1974,"A,Kansas City,Royals"
gonzf101,Gonzalez,Fernando,R,R,KCA,3B,Fernando Gonzalez,1974,"A,Kansas City,Royals"
healf102,Healy,Fran,R,R,KCA,C,Fran Healy,1974,"A,Kansas City,Royals"
hoerj101,Hoerner,Joe,R,L,KCA,P,Joe Hoerner,1974,"A,Kansas City,Royals"
leond001,Leonard,Dennis,R,R,KCA,P,Dennis Leonard,1974,"A,Kansas City,Royals"
lopea001,Lopez,Aurelio,R,R,KCA,P,Aurelio Lopez,1974,"A,Kansas City,Royals"
martb001,Martinez,Buck,R,R,KCA,C,Buck Martinez,1974,"A,Kansas City,Royals"
maybj101,Mayberry,John,L,L,KCA,1B,John Mayberry,1974,"A,Kansas City,Royals"
mcdal101,McDaniel,Lindy,R,R,KCA,P,Lindy McDaniel,1974,"A,Kansas City,Royals"
mcrah001,McRae,Hal,R,R,KCA,DH,Hal McRae,1974,"A,Kansas City,Royals"
mings101,Mingori,Steve,L,L,KCA,P,Steve Mingori,1974,"A,Kansas City,Royals"
otisa001,Otis,Amos,R,R,KCA,OF,Amos Otis,1974,"A,Kansas City,Royals"
paepd101,Paepke,Dennis,R,R,KCA,C,Dennis Paepke,1974,"A,Kansas City,Royals"
patef101,Patek,Freddie,R,R,KCA,SS,Freddie Patek,1974,"A,Kansas City,Royals"
pattm101,Pattin,Marty,R,R,KCA,P,Marty Pattin,1974,"A,Kansas City,Royals"
pinsv101,Pinson,Vada,L,L,KCA,OF,Vada Pinson,1974,"A,Kansas City,Royals"
reicr101,Reichardt,Rick,R,R,KCA,PH,Rick Reichardt,1974,"A,Kansas City,Royals"
rojac101,Rojas,Cookie,R,R,KCA,2B,Cookie Rojas,1974,"A,Kansas City,Royals"
schap101,Schaal,Paul,R,R,KCA,3B,Paul Schaal,1974,"A,Kansas City,Royals"
scher101,Scheinblum,Richie,B,R,KCA,DH,Richie Scheinblum,1974,"A,Kansas City,Royals"
solat101,Solaita,Tony,L,L,KCA,1B,Tony Solaita,1974,"A,Kansas City,Royals"
splip001,Splittorff,Paul,L,L,KCA,P,Paul Splittorff,1974,"A,Kansas City,Royals"
whitf001,White,Frank,R,R,KCA,2B,Frank White,1974,"A,Kansas City,Royals"
wohlj001,Wohlford,Jim,R,R,KCA,OF,Jim Wohlford,1974,"A,Kansas City,Royals"
aloms101,Alomar,Sandy,B,R,NYA,2B,Sandy Alomar,1974,"A,New York,Yankees"
beenf101,Beene,Fred,B,R,NYA,P,Fred Beene,1974,"A,New York,Yankees"
blomr101,Blomberg,Ron,L,R,NYA,DH,Ron Blomberg,1974,"A,New York,Yankees"
buskt101,Buskey,Tom,R,R,NYA,P,Tom Buskey,1974,"A,New York,Yankees"
chamc001,Chambliss,Chris,L,R,NYA,1B,Chris Chambliss,1974,"A,New York,Yankees"
clarh101,Clarke,Horace,B,R,NYA,2B,Horace Clarke,1974,"A,New York,Yankees"
deidj101,Deidel,Jim,R,R,NYA,C,Jim Deidel,1974,"A,New York,Yankees"
dempr001,Dempsey,Rick,R,R,NYA,C,Rick Dempsey,1974,"A,New York,Yankees"
dobsp101,Dobson,Pat,R,R,NYA,P,Pat Dobson,1974,"A,New York,Yankees"
gonzf101,Gonzalez,Fernando,R,R,NYA,2B,Fernando Gonzalez,1974,"A,New York,Yankees"
gural001,Gura,Larry,B,L,NYA,P,Larry Gura,1974,"A,New York,Yankees"
hartj102,Hart,Jim Ray,R,R,NYA,DH,Jim Ray Hart,1974,"A,New York,Yankees"
hegam101,Hegan,Mike,L,L,NYA,1B,Mike Hegan,1974,"A,New York,Yankees"
johna104,Johnson,Alex,R,R,NYA,DH,Alex Johnson,1974,"A,New York,Yankees"
klins101,Kline,Steve,R,R,NYA,P,Steve Kline,1974,"A,New York,Yankees"
lyles101,Lyle,Sparky,L,L,NYA,P,Sparky Lyle,1974,"A,New York,Yankees"
madde101,Maddox,Elliott,R,R,NYA,OF,Elliott Maddox,1974,"A,New York,Yankees"
martt001,Martinez,Tippy,L,L,NYA,P,Tippy Martinez,1974,"A,New York,Yankees"
masoj101,Mason,Jim,L,R,NYA,SS,Jim Mason,1974,"A,New York,Yankees"
may-r101,May,Rudy,L,L,NYA,P,Rudy May,1974,"A,New York,Yankees"
mcdos101,McDowell,Sam,L,L,NYA,P,Sam McDowell,1974,"A,New York,Yankees"
medid101,Medich,Doc,R,R,NYA,P,Doc Medich,1974,"A,New York,Yankees"
michg101,Michael,Gene,B,R,NYA,2B,Gene Michael,1974,"A,New York,Yankees"
munst101,Munson,Thurman,R,R,NYA,C,Thurman Munson,1974,"A,New York,Yankees"
murcb101,Murcer,Bobby,L,R,NYA,OF,Bobby Murcer,1974,"A,New York,Yankees"
murrl101,Murray,Larry,B,R,NYA,OF,Larry Murray,1974,"A,New York,Yankees"
nettg001,Nettles,Graig,L,R,NYA,3B,Graig Nettles,1974,"A,New York,Yankees"
pagad101,Pagan,Dave,R,R,NYA,P,Dave Pagan,1974,"A,New York,Yankees"
petef101,Peterson,Fritz,B,L,NYA,P,Fritz Peterson,1974,"A,New York,Yankees"
pinil001,Piniella,Lou,R,R,NYA,OF,Lou Piniella,1974,"A,New York,Yankees"
sawyr101,Sawyer,Rick,R,R,NYA,P,Rick Sawyer,1974,"A,New York,Yankees"
simsd101,Sims,Duke,L,R,NYA,DH,Duke Sims,1974,"A,New York,Yankees"
stanf101,Stanley,Fred,R,R,NYA,SS,Fred Stanley,1974,"A,New York,Yankees"
stotm101,Stottlemyre,Mel,R,R,NYA,P,Mel Stottlemyre,1974,"A,New York,Yankees"
sudab101,Sudakis,Bill,B,R,NYA,DH,Bill Sudakis,1974,"A,New York,Yankees"
tidrd001,Tidrow,Dick,R,R,NYA,P,Dick Tidrow,1974,"A,New York,Yankees"
upshc101,Upshaw,Cecil,R,R,NYA,P,Cecil Upshaw,1974,"A,New York,Yankees"
veleo101,Velez,Otto,R,R,NYA,1B,Otto Velez,1974,"A,New York,Yankees"
wallm102,Wallace,Mike,L,L,NYA,P,Mike Wallace,1974,"A,New York,Yankees"
whitr101,White,Roy,B,R,NYA,OF,Roy White,1974,"A,New York,Yankees"
whitt001,Whitfield,Terry,L,R,NYA,OF,Terry Whitfield,1974,"A,New York,Yankees"
willw103,Williams,Walt,R,R,NYA,OF,Walt Williams,1974,"A,New York,Yankees"
woodd102,Woodson,Dick,R,R,NYA,P,Dick Woodson,1974,"A,New York,Yankees"
wrigk101,Wright,Ken,R,R,NYA,P,Ken Wright,1974,"A,New York,Yankees"
aaroh101,Aaron,Hank,R,R,ATL,OF,Hank Aaron,1974,"N,Atlanta,Braves"
akerj102,Aker,Jack,R,R,ATL,P,Jack Aker,1974,"N,Atlanta,Braves"
baked002,Baker,Dusty,R,R,ATL,OF,Dusty Baker,1974,"N,Atlanta,Braves"
bearm101,Beard,Mike,L,L,ATL,P,Mike Beard,1974,"N,Atlanta,Braves"
blanl101,Blanks,Larvell,R,R,ATL,SS,Larvell Blanks,1974,"N,Atlanta,Braves"
caprb101,Capra,Buzz,R,R,ATL,P,Buzz Capra,1974,"N,Atlanta,Braves"
casap101,Casanova,Paul,R,R,ATL,C,Paul Casanova,1974,"N,Atlanta,Braves"
corrv101,Correll,Vic,R,R,ATL,C,Vic Correll,1974,"N,Atlanta,Braves"
eastj001,Easterly,Jamie,L,L,ATL,P,Jamie Easterly,1974,"N,Atlanta,Braves"
evand001,Evans,Darrell,L,R,ATL,3B,Darrell Evans,1974,"N,Atlanta,Braves"
fostl101,Foster,Leo,R,R,ATL,SS,Leo Foster,1974,"N,Atlanta,Braves"
frisd101,Frisella,Danny,L,R,ATL,P,Danny Frisella,1974,"N,Atlanta,Braves"
fullj101,Fuller,John,L,L,ATL,OF,John Fuller,1974,"N,Atlanta,Braves"
garrr101,Garr,Ralph,L,R,ATL,OF,Ralph Garr,1974,"N,Atlanta,Braves"
gentg101,Gentry,Gary,R,R,ATL,P,Gary Gentry,1974,"N,Atlanta,Braves"
gilbr101,Gilbreath,Rod,R,R,ATL,2B,Rod Gilbreath,1974,"N,Atlanta,Braves"
harrr102,Harrison,Roric,R,R,ATL,P,Roric Harrison,1974,"N,Atlanta,Braves"
houst101,House,Tom,L,L,ATL,P,Tom House,1974,"N,Atlanta,Braves"
jacks102,Jackson,Sonny,L,R,ATL,OF,Sonny Jackson,1974,"N,Atlanta,Braves"
johnd105,Johnson,Davey,R,R,ATL,1B,Davey Johnson,1974,"N,Atlanta,Braves"
kraul102,Krausse,Lew,R,R,ATL,P,Lew Krausse,1974,"N,Atlanta,Braves"
leonm101,Leon,Max,R,R,ATL,P,Max Leon,1974,"N,Atlanta,Braves"
lum-m101,Lum,Mike,L,L,ATL,1B,Mike Lum,1974,"N,Atlanta,Braves"
milln101,Miller,Norm,L,R,ATL,OF,Norm Miller,1974,"N,Atlanta,Braves"
mortc102,Morton,Carl,R,R,ATL,P,Carl Morton,1974,"N,Atlanta,Braves"
murri101,Murrell,Ivan,R,R,ATL,OF,Ivan Murrell,1974,"N,Atlanta,Braves"
niekj001,Niekro,Joe,R,R,ATL,P,Joe Niekro,1974,"N,Atlanta,Braves"
niekp001,Niekro,Phil,R,R,ATL,P,Phil Niekro,1974,"N,Atlanta,Braves"
oatej101,Oates,Johnny,L,R,ATL,C,Johnny Oates,1974,"N,Atlanta,Braves"
offir101,Office,Rowland,L,L,ATL,OF,Rowland Office,1974,"N,Atlanta,Braves"
perem101,Perez,Marty,R,R,ATL,2B,Marty Perez,1974,"N,Atlanta,Braves"
pierj101,Pierce,Jack,L,R,ATL,1B,Jack Pierce,1974,"N,Atlanta,Braves"
reedr001,Reed,Ron,R,R,ATL,P,Ron Reed,1974,"N,Atlanta,Braves"
robic101,Robinson,Craig,R,R,ATL,SS,Craig Robinson,1974,"N,Atlanta,Braves"
tepef101,Tepedino,Frank,L,L,ATL,1B,Frank Tepedino,1974,"N,Atlanta,Braves"
thomm102,Thompson,Mike,R,R,ATL,P,Mike Thompson,1974,"N,Atlanta,Braves"
abbog001,Abbott,Glenn,R,R,OAK,P,Glenn Abbott,1974,"A,Oakland,Athletics"
alouj101,Alou,Jesus,R,R,OAK,DH,Jesus Alou,1974,"A,Oakland,Athletics"
bands101,Bando,Sal,R,R,OAK,3B,Sal Bando,1974,"A,Oakland,Athletics"
bluev001,Blue,Vida,B,L,OAK,P,Vida Blue,1974,"A,Oakland,Athletics"
bourp101,Bourque,Pat,L,L,OAK,1B,Pat Bourque,1974,"A,Oakland,Athletics"
campb101,Campaneris,Bert,R,R,OAK,SS,Bert Campaneris,1974,"A,Oakland,Athletics"
davav101,Davalillo,Vic,L,L,OAK,OF,Vic Davalillo,1974,"A,Oakland,Athletics"
donaj101,Donaldson,John,L,R,OAK,2B,John Donaldson,1974,"A,Oakland,Athletics"
fingr001,Fingers,Rollie,R,R,OAK,P,Rollie Fingers,1974,"A,Oakland,Athletics"
fossr101,Fosse,Ray,R,R,OAK,C,Ray Fosse,1974,"A,Oakland,Athletics"
garnp001,Garner,Phil,R,R,OAK,3B,Phil Garner,1974,"A,Oakland,Athletics"
greed102,Green,Dick,R,R,OAK,2B,Dick Green,1974,"A,Oakland,Athletics"
hamid101,Hamilton,Dave,L,L,OAK,P,Dave Hamilton,1974,"A,Oakland,Athletics"
hanel101,Haney,Larry,R,R,OAK,C,Larry Haney,1974,"A,Oakland,Athletics"
holtj101,Holt,Jim,L,R,OAK,1B,Jim Holt,1974,"A,Oakland,Athletics"
holtk101,Holtzman,Ken,R,L,OAK,P,Ken Holtzman,1974,"A,Oakland,Athletics"
hootl101,Hooten,Leon,R,R,OAK,P,Leon Hooten,1974,"A,Oakland,Athletics"
hoslt101,Hosley,Tim,R,R,OAK,C,Tim Hosley,1974,"A,Oakland,Athletics"
huntj101,Hunter,Catfish,R,R,OAK,P,Catfish Hunter,1974,"A,Oakland,Athletics"
jackr001,Jackson,Reggie,L,L,OAK,OF,Reggie Jackson,1974,"A,Oakland,Athletics"
johnd103,Johnson,Deron,R,R,OAK,1B,Deron Johnson,1974,"A,Oakland,Athletics"
knowd101,Knowles,Darold,L,L,OAK,P,Darold Knowles,1974,"A,Oakland,Athletics"
kubit101,Kubiak,Ted,B,R,OAK,2B,Ted Kubiak,1974,"A,Oakland,Athletics"
lindp101,Lindblad,Paul,L,L,OAK,P,Paul Lindblad,1974,"A,Oakland,Athletics"
manga101,Mangual,Angel,R,R,OAK,OF,Angel Mangual,1974,"A,Oakland,Athletics"
maxvd101,Maxvill,Dal,R,R,OAK,2B,Dal Maxvill,1974,"A,Oakland,Athletics"
mckir101,McKinney,Rich,R,R,OAK,2B,Rich McKinney,1974,"A,Oakland,Athletics"
nortb101,North,Bill,B,R,OAK,OF,Bill North,1974,"A,Oakland,Athletics"
odomj101,Odom,Blue Moon,R,R,OAK,P,Blue Moon Odom,1974,"A,Oakland,Athletics"
parsb101,Parsons,Bill,R,R,OAK,P,Bill Parsons,1974,"A,Oakland,Athletics"
pittg101,Pitts,Gaylen,R,R,OAK,3B,Gaylen Pitts,1974,"A,Oakland,Athletics"
rudij101,Rudi,Joe,R,R,OAK,OF,Joe Rudi,1974,"A,Oakland,Athletics"
summc001,Summers,Champ,L,R,OAK,OF,Champ Summers,1974,"A,Oakland,Athletics"
tenag101,Tenace,Gene,R,R,OAK,1B,Gene Tenace,1974,"A,Oakland,Athletics"
trilm001,Trillo,Manny,R,R,OAK,2B,Manny Trillo,1974,"A,Oakland,Athletics"
washc001,Washington,Claudell,L,L,OAK,DH,Claudell Washington,1974,"A,Oakland,Athletics"
washh101,Washington,Herb,R,R,OAK,X,Herb Washington,1974,"A,Oakland,Athletics"
barrs103,Barr,Steve,L,L,BOS,P,Steve Barr,1974,"A,Boston,Red Sox"
benij001,Beniquez,Juan,R,R,BOS,OF,Juan Beniquez,1974,"A,Boston,Red Sox"
blact101,Blackwell,Tim,B,R,BOS,C,Tim Blackwell,1974,"A,Boston,Red Sox"
burlr001,Burleson,Rick,R,R,BOS,SS,Rick Burleson,1974,"A,Boston,Red Sox"
carbb101,Carbo,Bernie,L,R,BOS,OF,Bernie Carbo,1974,"A,Boston,Red Sox"
cated101,Cater,Danny,R,R,BOS,1B,Danny Cater,1974,"A,Boston,Red Sox"
cleml101,Clemons,Lance,L,L,BOS,P,Lance Clemons,1974,"A,Boston,Red Sox"
clevr101,Cleveland,Reggie,R,R,BOS,P,Reggie Cleveland,1974,"A,Boston,Red Sox"
coopc001,Cooper,Cecil,L,L,BOS,1B,Cecil Cooper,1974,"A,Boston,Red Sox"
didib101,Didier,Bob,B,R,BOS,C,Bob Didier,1974,"A,Boston,Red Sox"
dragd101,Drago,Dick,R,R,BOS,P,Dick Drago,1974,"A,Boston,Red Sox"
evand002,Evans,Dwight,R,R,BOS,OF,Dwight Evans,1974,"A,Boston,Red Sox"
fiskc001,Fisk,Carlton,R,R,BOS,C,Carlton Fisk,1974,"A,Boston,Red Sox"
goggc101,Goggin,Chuck,B,R,BOS,2B,Chuck Goggin,1974,"A,Boston,Red Sox"
grifd101,Griffin,Doug,R,R,BOS,2B,Doug Griffin,1974,"A,Boston,Red Sox"
guerm101,Guerrero,Mario,R,R,BOS,SS,Mario Guerrero,1974,"A,Boston,Red Sox"
harpt101,Harper,Tommy,R,R,BOS,OF,Tommy Harper,1974,"A,Boston,Red Sox"
hught106,Hughes,Terry,R,R,BOS,3B,Terry Hughes,1974,"A,Boston,Red Sox"
johnd103,Johnson,Deron,R,R,BOS,DH,Deron Johnson,1974,"A,Boston,Red Sox"
kennj105,Kennedy,John,R,R,BOS,2B,John Kennedy,1974,"A,Boston,Red Sox"
lee-b101,Lee,Bill,L,L,BOS,P,Bill Lee,1974,"A,Boston,Red Sox"
lynnf001,Lynn,Fred,L,L,BOS,OF,Fred Lynn,1974,"A,Boston,Red Sox"
marij101,Marichal,Juan,R,R,BOS,P,Juan Marichal,1974,"A,Boston,Red Sox"
mcaud101,McAuliffe,Dick,L,R,BOS,2B,Dick McAuliffe,1974,"A,Boston,Red Sox"
mccat101,McCarver,Tim,L,R,BOS,C,Tim McCarver,1974,"A,Boston,Red Sox"
millr001,Miller,Rick,L,L,BOS,OF,Rick Miller,1974,"A,Boston,Red Sox"
montb101,Montgomery,Bob,R,R,BOS,C,Bob Montgomery,1974,"A,Boston,Red Sox"
morer101,Moret,Roger,B,L,BOS,P,Roger Moret,1974,"A,Boston,Red Sox"
newhd101,Newhauser,Don,R,R,BOS,P,Don Newhauser,1974,"A,Boston,Red Sox"
petrr101,Petrocelli,Rico,R,R,BOS,3B,Rico Petrocelli,1974,"A,Boston,Red Sox"
poled101,Pole,Dick,R,R,BOS,P,Dick Pole,1974,"A,Boston,Red Sox"
ricej001,Rice,Jim,R,R,BOS,DH,Jim Rice,1974,"A,Boston,Red Sox"
segud101,Segui,Diego,R,R,BOS,P,Diego Segui,1974,"A,Boston,Red Sox"
tianl101,Tiant,Luis,R,R,BOS,P,Luis Tiant,1974,"A,Boston,Red Sox"
vealb101,Veale,Bob,B,L,BOS,P,Bob Veale,1974,"A,Boston,Red Sox"
wiser101,Wise,Rick,R,R,BOS,P,Rick Wise,1974,"A,Boston,Red Sox"
yastc101,Yastrzemski,Carl,L,R,BOS,1B,Carl Yastrzemski,1974,"A,Boston,Red Sox"
alexm101,Alexander,Matt,B,R,CHN,3B,Matt Alexander,1974,"N,Chicago,Cubs"
bonhb101,Bonham,Bill,R,R,CHN,P,Bill Bonham,1974,"N,Chicago,Cubs"
burrr001,Burris,Ray,R,R,CHN,P,Ray Burris,1974,"N,Chicago,Cubs"
cardj101,Cardenal,Jose,R,R,CHN,OF,Jose Cardenal,1974,"N,Chicago,Cubs"
dettt101,Dettore,Tom,L,R,CHN,P,Tom Dettore,1974,"N,Chicago,Cubs"
dunnr101,Dunn,Ron,R,R,CHN,2B,Ron Dunn,1974,"N,Chicago,Cubs"
fanzc101,Fanzone,Carmen,R,R,CHN,3B,Carmen Fanzone,1974,"N,Chicago,Cubs"
fraik101,Frailing,Ken,L,L,CHN,P,Ken Frailing,1974,"N,Chicago,Cubs"
garra101,Garrett,Adrian,L,R,CHN,C,Adrian Garrett,1974,"N,Chicago,Cubs"
grabb101,Grabarkewitz,Billy,R,R,CHN,2B,Billy Grabarkewitz,1974,"N,Chicago,Cubs"
harrv101,Harris,Vic,B,R,CHN,2B,Vic Harris,1974,"N,Chicago,Cubs"
hiseg101,Hiser,Gene,L,L,CHN,OF,Gene Hiser,1974,"N,Chicago,Cubs"
hootb001,Hooton,Burt,R,R,CHN,P,Burt Hooton,1974,"N,Chicago,Cubs"
hutsh101,Hutson,Herb,R,R,CHN,P,Herb Hutson,1974,"N,Chicago,Cubs"
kessd101,Kessinger,Don,B,R,CHN,SS,Don Kessinger,1974,"N,Chicago,Cubs"
kremj101,Kremmel,Jim,L,L,CHN,P,Jim Kremmel,1974,"N,Chicago,Cubs"
lacop101,LaCock,Pete,L,L,CHN,OF,Pete LaCock,1974,"N,Chicago,Cubs"
larod101,LaRoche,Dave,L,L,CHN,P,Dave LaRoche,1974,"N,Chicago,Cubs"
lundt101,Lundstedt,Tom,B,R,CHN,C,Tom Lundstedt,1974,"N,Chicago,Cubs"
madlb001,Madlock,Bill,R,R,CHN,3B,Bill Madlock,1974,"N,Chicago,Cubs"
marqg101,Marquez,Gonzalo,L,L,CHN,1B,Gonzalo Marquez,1974,"N,Chicago,Cubs"
mittg101,Mitterwald,George,R,R,CHN,C,George Mitterwald,1974,"N,Chicago,Cubs"
mondr001,Monday,Rick,L,L,CHN,OF,Rick Monday,1974,"N,Chicago,Cubs"
moraj101,Morales,Jerry,R,R,CHN,OF,Jerry Morales,1974,"N,Chicago,Cubs"
paulm101,Paul,Mike,L,L,CHN,P,Mike Paul,1974,"N,Chicago,Cubs"
pinah101,Pina,Horacio,R,R,CHN,P,Horacio Pina,1974,"N,Chicago,Cubs"
reusr001,Reuschel,Rick,R,R,CHN,P,Rick Reuschel,1974,"N,Chicago,Cubs"
rosed101,Rosello,Dave,R,R,CHN,2B,Dave Rosello,1974,"N,Chicago,Cubs"
sperr101,Sperring,Rob,R,R,CHN,2B,Rob Sperring,1974,"N,Chicago,Cubs"
stelr101,Stelmaszek,Rick,L,R,CHN,C,Rick Stelmaszek,1974,"N,Chicago,Cubs"
stons101,Stone,Steve,R,R,CHN,P,Steve Stone,1974,"N,Chicago,Cubs"
swiss101,Swisher,Steve,R,R,CHN,C,Steve Swisher,1974,"N,Chicago,Cubs"
thora001,Thornton,Andre,R,R,CHN,1B,Andre Thornton,1974,"N,Chicago,Cubs"
toddj102,Todd,Jim,L,R,CHN,P,Jim Todd,1974,"N,Chicago,Cubs"
tyroj101,Tyrone,Jim,R,R,CHN,OF,Jim Tyrone,1974,"N,Chicago,Cubs"
wardc101,Ward,Chris,L,L,CHN,OF,Chris Ward,1974,"N,Chicago,Cubs"
willb104,Williams,Billy,L,R,CHN,1B,Billy Williams,1974,"N,Chicago,Cubs"
zamoo101,Zamora,Oscar,R,R,CHN,P,Oscar Zamora,1974,"N,Chicago,Cubs"
armbe101,Armbrister,Ed,R,R,CIN,OF,Ed Armbrister,1974,"N,Cincinnati,Reds"
baned101,Baney,Dick,R,R,CIN,P,Dick Baney,1974,"N,Cincinnati,Reds"
bencj101,Bench,Johnny,R,R,CIN,C,Johnny Bench,1974,"N,Cincinnati,Reds"
billj101,Billingham,Jack,R,R,CIN,P,Jack Billingham,1974,"N,Cincinnati,Reds"
borbp101,Borbon,Pedro,R,R,CIN,P,Pedro Borbon,1974,"N,Cincinnati,Reds"
carrc103,Carroll,Clay,R,R,CIN,P,Clay Carroll,1974,"N,Cincinnati,Reds"
carrt101,Carroll,Tom,L,R,CIN,P,Tom Carroll,1974,"N,Cincinnati,Reds"
chand101,Chaney,Darrel,B,R,CIN,3B,Darrel Chaney,1974,"N,Cincinnati,Reds"
concd001,Concepcion,Dave,R,R,CIN,SS,Dave Concepcion,1974,"N,Cincinnati,Reds"
crowt101,Crowley,Terry,L,L,CIN,OF,Terry Crowley,1974,"N,Cincinnati,Reds"
darcp101,Darcy,Pat,L,R,CIN,P,Pat Darcy,1974,"N,Cincinnati,Reds"
dried001,Driessen,Dan,L,R,CIN,3B,Dan Driessen,1974,"N,Cincinnati,Reds"
eastr101,Eastwick,Rawly,R,R,CIN,P,Rawly Eastwick,1974,"N,Cincinnati,Reds"
fostg001,Foster,George,R,R,CIN,OF,George Foster,1974,"N,Cincinnati,Reds"
freer101,Freed,Roger,R,R,CIN,1B,Roger Freed,1974,"N,Cincinnati,Reds"
gaglp101,Gagliano,Phil,R,R,CIN,2B,Phil Gagliano,1974,"N,Cincinnati,Reds"
geroc101,Geronimo,Cesar,L,L,CIN,OF,Cesar Geronimo,1974,"N,Cincinnati,Reds"
grifk001,Griffey,Ken,L,L,CIN,OF,Ken Griffey,1974,"N,Cincinnati,Reds"
gulld101,Gullett,Don,R,L,CIN,P,Don Gullett,1974,"N,Cincinnati,Reds"
hallt101,Hall,Tom,L,L,CIN,P,Tom Hall,1974,"N,Cincinnati,Reds"
kennj101,Kennedy,Junior,R,R,CIN,2B,Junior Kennedy,1974,"N,Cincinnati,Reds"
kingh102,King,Hal,L,R,CIN,C,Hal King,1974,"N,Cincinnati,Reds"
kirbc101,Kirby,Clay,R,R,CIN,P,Clay Kirby,1974,"N,Cincinnati,Reds"
knigr001,Knight,Ray,R,R,CIN,3B,Ray Knight,1974,"N,Cincinnati,Reds"
kosca101,Kosco,Andy,R,R,CIN,3B,Andy Kosco,1974,"N,Cincinnati,Reds"
mcenw101,McEnaney,Will,L,L,CIN,P,Will McEnaney,1974,"N,Cincinnati,Reds"
mcqum103,McQueen,Mike,L,L,CIN,P,Mike McQueen,1974,"N,Cincinnati,Reds"
morgj001,Morgan,Joe,L,R,CIN,2B,Joe Morgan,1974,"N,Cincinnati,Reds"
nelsr101,Nelson,Roger,R,R,CIN,P,Roger Nelson,1974,"N,Cincinnati,Reds"
normf101,Norman,Fred,B,L,CIN,P,Fred Norman,1974,"N,Cincinnati,Reds"
osbop101,Osburn,Pat,L,L,CIN,P,Pat Osburn,1974,"N,Cincinnati,Reds"
peret001,Perez,Tony,R,R,CIN,1B,Tony Perez,1974,"N,Cincinnati,Reds"
plumb101,Plummer,Bill,R,R,CIN,C,Bill Plummer,1974,"N,Cincinnati,Reds"
rettm101,Rettenmund,Merv,R,R,CIN,OF,Merv Rettenmund,1974,"N,Cincinnati,Reds"
rosep001,Rose,Pete,B,R,CIN,OF,Pete Rose,1974,"N,Cincinnati,Reds"
alval101,Alvarado,Luis,R,R,SLN,SS,Luis Alvarado,1974,"N,St.Louis,Cardinals"
barer101,Bare,Ray,R,R,SLN,P,Ray Bare,1974,"N,St.Louis,Cardinals"
billd101,Billings,Dick,R,R,SLN,C,Dick Billings,1974,"N,St.Louis,Cardinals"
brocl102,Brock,Lou,L,L,SLN,OF,Lou Brock,1974,"N,St.Louis,Cardinals"
cruzj001,Cruz,Jose,L,L,SLN,OF,Jose Cruz,1974,"N,St.Louis,Cardinals"
curtj001,Curtis,John,L,L,SLN,P,John Curtis,1974,"N,St.Louis,Cardinals"
davaj101,DaVanon,Jerry,R,R,SLN,SS,Jerry DaVanon,1974,"N,St.Louis,Cardinals"
dennj001,Denny,John,R,R,SLN,P,John Denny,1974,"N,St.Louis,Cardinals"
dwyej001,Dwyer,Jim,L,L,SLN,OF,Jim Dwyer,1974,"N,St.Louis,Cardinals"
folkr101,Folkers,Rich,L,L,SLN,P,Rich Folkers,1974,"N,St.Louis,Cardinals"
forsb001,Forsch,Bob,R,R,SLN,P,Bob Forsch,1974,"N,St.Louis,Cardinals"
fosta101,Foster,Alan,R,R,SLN,P,Alan Foster,1974,"N,St.Louis,Cardinals"
garmm101,Garman,Mike,R,R,SLN,P,Mike Garman,1974,"N,St.Louis,Cardinals"
gibsb101,Gibson,Bob,R,R,SLN,P,Bob Gibson,1974,"N,St.Louis,Cardinals"
godbd101,Godby,Danny,R,R,SLN,OF,Danny Godby,1974,"N,St.Louis,Cardinals"
heidj101,Heidemann,Jack,R,R,SLN,SS,Jack Heidemann,1974,"N,St.Louis,Cardinals"
heint101,Heintzelman,Tom,R,R,SLN,2B,Tom Heintzelman,1974,"N,St.Louis,Cardinals"
heisb101,Heise,Bob,R,R,SLN,2B,Bob Heise,1974,"N,St.Louis,Cardinals"
hernk001,Hernandez,Keith,L,L,SLN,1B,Keith Hernandez,1974,"N,St.Louis,Cardinals"
hernl001,Herndon,Larry,R,R,SLN,OF,Larry Herndon,1974,"N,St.Louis,Cardinals"
hickj103,Hickman,Jim,R,R,SLN,1B,Jim Hickman,1974,"N,St.Louis,Cardinals"
hillm001,Hill,Marc,R,R,SLN,C,Marc Hill,1974,"N,St.Louis,Cardinals"
hraba101,Hrabosky,Al,R,L,SLN,P,Al Hrabosky,1974,"N,St.Louis,Cardinals"
huntr101,Hunt,Ron,R,R,SLN,2B,Ron Hunt,1974,"N,St.Louis,Cardinals"
lersb101,Lersch,Barry,B,R,SLN,P,Barry Lersch,1974,"N,St.Louis,Cardinals"
mcbrb101,McBride,Bake,L,R,SLN,OF,Bake McBride,1974,"N,St.Louis,Cardinals"
mccat101,McCarver,Tim,L,R,SLN,C,Tim McCarver,1974,"N,St.Louis,Cardinals"
mcgll101,McGlothen,Lynn,L,R,SLN,P,Lynn McGlothen,1974,"N,St.Louis,Cardinals"
melel101,Melendez,Luis,R,R,SLN,OF,Luis Melendez,1974,"N,St.Louis,Cardinals"
mumpj001,Mumphrey,Jerry,B,R,SLN,OF,Jerry Mumphrey,1974,"N,St.Louis,Cardinals"
ostec103,Osteen,Claude,L,L,SLN,P,Claude Osteen,1974,"N,St.Louis,Cardinals"
papis101,Papi,Stan,R,R,SLN,SS,Stan Papi,1974,"N,St.Louis,Cardinals"
penao101,Pena,Orlando,R,R,SLN,P,Orlando Pena,1974,"N,St.Louis,Cardinals"
reitk101,Reitz,Ken,R,R,SLN,3B,Ken Reitz,1974,"N,St.Louis,Cardinals"
richp102,Richert,Pete,L,L,SLN,P,Pete Richert,1974,"N,St.Louis,Cardinals"
scher101,Scheinblum,Richie,B,R,SLN,PH,Richie Scheinblum,1974,"N,St.Louis,Cardinals"
siebs101,Siebert,Sonny,R,R,SLN,P,Sonny Siebert,1974,"N,St.Louis,Cardinals"
simmt001,Simmons,Ted,B,R,SLN,C,Ted Simmons,1974,"N,St.Louis,Cardinals"
sizet101,Sizemore,Ted,R,R,SLN,2B,Ted Sizemore,1974,"N,St.Louis,Cardinals"
smitr101,Smith,Reggie,B,R,SLN,OF,Reggie Smith,1974,"N,St.Louis,Cardinals"
thomm102,Thompson,Mike,R,R,SLN,P,Mike Thompson,1974,"N,St.Louis,Cardinals"
torrj101,Torre,Joe,R,R,SLN,1B,Joe Torre,1974,"N,St.Louis,Cardinals"
tysom101,Tyson,Mike,R,R,SLN,SS,Mike Tyson,1974,"N,St.Louis,Cardinals"
alvao102,Alvarez,Orlando,R,R,LAN,OF,Orlando Alvarez,1974,"N,Los Angeles,Dodgers"
auerr101,Auerbach,Rick,R,R,LAN,SS,Rick Auerbach,1974,"N,Los Angeles,Dodgers"
brewj102,Brewer,Jim,L,L,LAN,P,Jim Brewer,1974,"N,Los Angeles,Dodgers"
buckb001,Buckner,Bill,L,L,LAN,OF,Bill Buckner,1974,"N,Los Angeles,Dodgers"
cey-r001,Cey,Ron,R,R,LAN,3B,Ron Cey,1974,"N,Los Angeles,Dodgers"
craww101,Crawford,Willie,L,L,LAN,OF,Willie Crawford,1974,"N,Los Angeles,Dodgers"
dejei001,De Jesus,Ivan,R,R,LAN,SS,Ivan De Jesus,1974,"N,Los Angeles,Dodgers"
downa101,Downing,Al,R,L,LAN,P,Al Downing,1974,"N,Los Angeles,Dodgers"
fergj101,Ferguson,Joe,R,R,LAN,C,Joe Ferguson,1974,"N,Los Angeles,Dodgers"
garvs001,Garvey,Steve,R,R,LAN,1B,Steve Garvey,1974,"N,Los Angeles,Dodgers"
halej101,Hale,John,L,R,LAN,OF,John Hale,1974,"N,Los Angeles,Dodgers"
hopkg101,Hopkins,Gail,L,R,LAN,1B,Gail Hopkins,1974,"N,Los Angeles,Dodgers"
hougc001,Hough,Charlie,R,R,LAN,P,Charlie Hough,1974,"N,Los Angeles,Dodgers"
hudsr101,Hudson,Rex,B,R,LAN,P,Rex Hudson,1974,"N,Los Angeles,Dodgers"
johnt001,John,Tommy,R,L,LAN,P,Tommy John,1974,"N,Los Angeles,Dodgers"
joshv101,Joshua,Von,L,L,LAN,OF,Von Joshua,1974,"N,Los Angeles,Dodgers"
lacyl001,Lacy,Lee,R,R,LAN,2B,Lee Lacy,1974,"N,Los Angeles,Dodgers"
loped001,Lopes,Davey,R,R,LAN,2B,Davey Lopes,1974,"N,Los Angeles,Dodgers"
manuc101,Manuel,Charlie,L,R,LAN,PH,Charlie Manuel,1974,"N,Los Angeles,Dodgers"
marsm101,Marshall,Mike,R,R,LAN,P,Mike Marshall,1974,"N,Los Angeles,Dodgers"
mcmuk101,McMullen,Ken,R,R,LAN,3B,Ken McMullen,1974,"N,Los Angeles,Dodgers"
messa101,Messersmith,Andy,R,R,LAN,P,Andy Messersmith,1974,"N,Los Angeles,Dodgers"
motam101,Mota,Manny,R,R,LAN,OF,Manny Mota,1974,"N,Los Angeles,Dodgers"
pacit001,Paciorek,Tom,R,R,LAN,OF,Tom Paciorek,1974,"N,Los Angeles,Dodgers"
paslk101,Pasley,Kevin,R,R,LAN,C,Kevin Pasley,1974,"N,Los Angeles,Dodgers"
rau-d101,Rau,Doug,L,L,LAN,P,Doug Rau,1974,"N,Los Angeles,Dodgers"
rhodr001,Rhoden,Rick,R,R,LAN,P,Rick Rhoden,1974,"N,Los Angeles,Dodgers"
roysj001,Royster,Jerry,R,R,LAN,2B,Jerry Royster,1974,"N,Los Angeles,Dodgers"
russb001,Russell,Bill,R,R,LAN,SS,Bill Russell,1974,"N,Los Angeles,Dodgers"
shang101,Shanahan,Greg,R,R,LAN,P,Greg Shanahan,1974,"N,Los Angeles,Dodgers"
soloe101,Solomon,Eddie,R,R,LAN,P,Eddie Solomon,1974,"N,Los Angeles,Dodgers"
suttd001,Sutton,Don,R,R,LAN,P,Don Sutton,1974,"N,Los Angeles,Dodgers"
wynnj101,Wynn,Jim,R,R,LAN,OF,Jim Wynn,1974,"N,Los Angeles,Dodgers"
yeags001,Yeager,Steve,R,R,LAN,C,Steve Yeager,1974,"N,Los Angeles,Dodgers"
zahng001,Zahn,Geoff,L,L,LAN,P,Geoff Zahn,1974,"N,Los Angeles,Dodgers"
arnoc101,Arnold,Chris,R,R,SFN,2B,Chris Arnold,1974,"N,San Francisco,Giants"
barbs102,Barber,Steve,L,L,SFN,P,Steve Barber,1974,"N,San Francisco,Giants"
barrj101,Barr,Jim,R,R,SFN,P,Jim Barr,1974,"N,San Francisco,Giants"
bland101,Blanco,Damaso,R,R,SFN,PR,Damaso Blanco,1974,"N,San Francisco,Giants"
boccj101,Boccabella,John,R,R,SFN,C,John Boccabella,1974,"N,San Francisco,Giants"
bondb101,Bonds,Bobby,R,R,SFN,OF,Bobby Bonds,1974,"N,San Francisco,Giants"
bradt102,Bradley,Tom,R,R,SFN,P,Tom Bradley,1974,"N,San Francisco,Giants"
bryar101,Bryant,Ron,B,L,SFN,P,Ron Bryant,1974,"N,San Francisco,Giants"
caldm001,Caldwell,Mike,R,L,SFN,P,Mike Caldwell,1974,"N,San Francisco,Giants"
dacqj101,D'Acquisto,John,R,R,SFN,P,John D'Acquisto,1974,"N,San Francisco,Giants"
fuent101,Fuentes,Tito,B,R,SFN,2B,Tito Fuentes,1974,"N,San Francisco,Giants"
goode101,Goodson,Ed,L,R,SFN,1B,Ed Goodson,1974,"N,San Francisco,Giants"
halie101,Halicki,Ed,R,R,SFN,P,Ed Halicki,1974,"N,San Francisco,Giants"
howaj101,Howarth,Jim,L,L,SFN,OF,Jim Howarth,1974,"N,San Francisco,Giants"
kingd001,Kingman,Dave,R,R,SFN,1B,Dave Kingman,1974,"N,San Francisco,Giants"
laveg001,Lavelle,Gary,B,L,SFN,P,Gary Lavelle,1974,"N,San Francisco,Giants"
maddg001,Maddox,Garry,R,R,SFN,OF,Garry Maddox,1974,"N,San Francisco,Giants"
mattg001,Matthews,Gary,R,R,SFN,OF,Gary Matthews,1974,"N,San Francisco,Giants"
mcmad102,McMahon,Don,R,R,SFN,P,Don McMahon,1974,"N,San Francisco,Giants"
metzb101,Metzger,Butch,R,R,SFN,P,Butch Metzger,1974,"N,San Francisco,Giants"
millb107,Miller,Bruce,R,R,SFN,3B,Bruce Miller,1974,"N,San Francisco,Giants"
moffr101,Moffitt,Randy,R,R,SFN,P,Randy Moffitt,1974,"N,San Francisco,Giants"
montj001,Montefusco,John,R,R,SFN,P,John Montefusco,1974,"N,San Francisco,Giants"
morrj106,Morris,John,R,L,SFN,P,John Morris,1974,"N,San Francisco,Giants"
ontis101,Ontiveros,Steve,B,R,SFN,3B,Steve Ontiveros,1974,"N,San Francisco,Giants"
philm101,Phillips,Mike,L,R,SFN,3B,Mike Phillips,1974,"N,San Francisco,Giants"
raded101,Rader,Dave,L,R,SFN,C,Dave Rader,1974,"N,San Francisco,Giants"
redmg101,Redmon,Glenn,R,R,SFN,2B,Glenn Redmon,1974,"N,San Francisco,Giants"
rosed102,Rose,Don,R,R,SFN,P,Don Rose,1974,"N,San Francisco,Giants"
rudok101,Rudolph,Ken,R,R,SFN,C,Ken Rudolph,1974,"N,San Francisco,Giants"
sosae101,Sosa,Elias,R,R,SFN,P,Elias Sosa,1974,"N,San Francisco,Giants"
speic001,Speier,Chris,R,R,SFN,SS,Chris Speier,1974,"N,San Francisco,Giants"
thomg101,Thomasson,Gary,L,L,SFN,OF,Gary Thomasson,1974,"N,San Francisco,Giants"
willc101,Williams,Charlie,R,R,SFN,P,Charlie Williams,1974,"N,San Francisco,Giants"
willj102,Willoughby,Jim,R,R,SFN,P,Jim Willoughby,1974,"N,San Francisco,Giants"
albuv101,Albury,Vic,L,L,MIN,P,Vic Albury,1974,"A,Minnesota,Twins"
blylb001,Blyleven,Bert,R,R,MIN,P,Bert Blyleven,1974,"A,Minnesota,Twins"
borgg101,Borgmann,Glenn,R,R,MIN,C,Glenn Borgmann,1974,"A,Minnesota,Twins"
bourp101,Bourque,Pat,L,L,MIN,1B,Pat Bourque,1974,"A,Minnesota,Twins"
braus001,Braun,Steve,L,R,MIN,OF,Steve Braun,1974,"A,Minnesota,Twins"
bryes101,Brye,Steve,R,R,MIN,OF,Steve Brye,1974,"A,Minnesota,Twins"
burgt001,Burgmeier,Tom,L,L,MIN,P,Tom Burgmeier,1974,"A,Minnesota,Twins"
butlb101,Butler,Bill,L,L,MIN,P,Bill Butler,1974,"A,Minnesota,Twins"
campb001,Campbell,Bill,R,R,MIN,P,Bill Campbell,1974,"A,Minnesota,Twins"
carer001,Carew,Rod,L,R,MIN,2B,Rod Carew,1974,"A,Minnesota,Twins"
corbr101,Corbin,Ray,R,R,MIN,P,Ray Corbin,1974,"A,Minnesota,Twins"
darwb101,Darwin,Bobby,R,R,MIN,OF,Bobby Darwin,1974,"A,Minnesota,Twins"
deckj101,Decker,Joe,R,R,MIN,P,Joe Decker,1974,"A,Minnesota,Twins"
ferrs101,Ferrer,Sergio,B,R,MIN,SS,Sergio Ferrer,1974,"A,Minnesota,Twins"
fifed101,Fife,Danny,R,R,MIN,P,Danny Fife,1974,"A,Minnesota,Twins"
goltd101,Goltz,Dave,R,R,MIN,P,Dave Goltz,1974,"A,Minnesota,Twins"
gomel101,Gomez,Luis,R,R,MIN,SS,Luis Gomez,1974,"A,Minnesota,Twins"
handb101,Hands,Bill,R,R,MIN,P,Bill Hands,1974,"A,Minnesota,Twins"
hisll101,Hisle,Larry,R,R,MIN,OF,Larry Hisle,1974,"A,Minnesota,Twins"
holtj101,Holt,Jim,L,R,MIN,1B,Jim Holt,1974,"A,Minnesota,Twins"
hughj104,Hughes,Jim,R,R,MIN,P,Jim Hughes,1974,"A,Minnesota,Twins"
hundr101,Hundley,Randy,R,R,MIN,C,Randy Hundley,1974,"A,Minnesota,Twins"
johnt103,Johnson,Tom,R,R,MIN,P,Tom Johnson,1974,"A,Minnesota,Twins"
killh102,Killebrew,Harmon,R,R,MIN,DH,Harmon Killebrew,1974,"A,Minnesota,Twins"
kusic101,Kusick,Craig,R,R,MIN,1B,Craig Kusick,1974,"A,Minnesota,Twins"
lis-j101,Lis,Joe,R,R,MIN,1B,Joe Lis,1974,"A,Minnesota,Twins"
olivt102,Oliva,Tony,L,R,MIN,DH,Tony Oliva,1974,"A,Minnesota,Twins"
roofp101,Roof,Phil,R,R,MIN,C,Phil Roof,1974,"A,Minnesota,Twins"
sodee101,Soderholm,Eric,R,R,MIN,3B,Eric Soderholm,1974,"A,Minnesota,Twins"
terrj101,Terrell,Jerry,R,R,MIN,SS,Jerry Terrell,1974,"A,Minnesota,Twins"
thomd103,Thompson,Danny,R,R,MIN,SS,Danny Thompson,1974,"A,Minnesota,Twins"
woodd102,Woodson,Dick,R,R,MIN,P,Dick Woodson,1974,"A,Minnesota,Twins"
browo102,Brown,Ollie,R,R,HOU,OF,Ollie Brown,1974,"N,Houston,Astros"
bussr101,Busse,Ray,R,R,HOU,3B,Ray Busse,1974,"N,Houston,Astros"
campd101,Campbell,Dave,R,R,HOU,2B,Dave Campbell,1974,"N,Houston,Astros"
cedec001,Cedeno,Cesar,R,R,HOU,OF,Cesar Cedeno,1974,"N,Houston,Astros"
cosgm101,Cosgrove,Mike,L,L,HOU,P,Mike Cosgrove,1974,"N,Houston,Astros"
delor101,de los Santos,Ramon,L,L,HOU,P,Ramon de los Santos,1974,"N,Houston,Astros"
dierl101,Dierker,Larry,R,R,HOU,P,Larry Dierker,1974,"N,Houston,Astros"
easlm001,Easler,Mike,L,R,HOU,PH,Mike Easler,1974,"N,Houston,Astros"
edwaj101,Edwards,Johnny,L,R,HOU,C,Johnny Edwards,1974,"N,Houston,Astros"
forsk001,Forsch,Ken,R,R,HOU,P,Ken Forsch,1974,"N,Houston,Astros"
gallb101,Gallagher,Bob,L,L,HOU,OF,Bob Gallagher,1974,"N,Houston,Astros"
grift101,Griffin,Tom,R,R,HOU,P,Tom Griffin,1974,"N,Houston,Astros"
grosg001,Gross,Greg,L,L,HOU,OF,Greg Gross,1974,"N,Houston,Astros"
helmt101,Helms,Tommy,R,R,HOU,2B,Tommy Helms,1974,"N,Houston,Astros"
howaw101,Howard,Wilbur,B,R,HOU,OF,Wilbur Howard,1974,"N,Houston,Astros"
johnc001,Johnson,Cliff,R,R,HOU,C,Cliff Johnson,1974,"N,Houston,Astros"
johnj104,Johnson,Jerry,R,R,HOU,P,Jerry Johnson,1974,"N,Houston,Astros"
jutzs101,Jutze,Skip,R,R,HOU,C,Skip Jutze,1974,"N,Houston,Astros"
kellm101,Kelleher,Mick,R,R,HOU,SS,Mick Kelleher,1974,"N,Houston,Astros"
konid101,Konieczny,Doug,R,R,HOU,P,Doug Konieczny,1974,"N,Houston,Astros"
may-l101,May,Lee,R,R,HOU,1B,Lee May,1974,"N,Houston,Astros"
may-m001,May,Milt,L,R,HOU,C,Milt May,1974,"N,Houston,Astros"
menkd101,Menke,Denis,R,R,HOU,1B,Denis Menke,1974,"N,Houston,Astros"
metzr101,Metzger,Roger,B,R,HOU,SS,Roger Metzger,1974,"N,Houston,Astros"
milbl001,Milbourne,Larry,B,R,HOU,2B,Larry Milbourne,1974,"N,Houston,Astros"
nagym101,Nagy,Mike,R,R,HOU,P,Mike Nagy,1974,"N,Houston,Astros"
ostec103,Osteen,Claude,L,L,HOU,P,Claude Osteen,1974,"N,Houston,Astros"
raded103,Rader,Doug,R,R,HOU,3B,Doug Rader,1974,"N,Houston,Astros"
richj101,Richard,J.R.,R,R,HOU,P,J.R. Richard,1974,"N,Houston,Astros"
robed101,Roberts,Dave,L,L,HOU,P,Dave Roberts,1974,"N,Houston,Astros"
schef102,Scherman,Fred,L,L,HOU,P,Fred Scherman,1974,"N,Houston,Astros"
siebp101,Siebert,Paul,L,L,HOU,P,Paul Siebert,1974,"N,Houston,Astros"
watsb001,Watson,Bob,R,R,HOU,OF,Bob Watson,1974,"N,Houston,Astros"
wilsd102,Wilson,Don,R,R,HOU,P,Don Wilson,1974,"N,Houston,Astros"
yorkj101,York,Jim,R,R,HOU,P,Jim York,1974,"N,Houston,Astros"
aloms101,Alomar,Sandy,B,R,CAL,SS,Sandy Alomar,1974,"A,California,Angels"
balaj101,Balaz,John,R,R,CAL,OF,John Balaz,1974,"A,California,Angels"
bochb001,Bochte,Bruce,L,L,CAL,OF,Bruce Bochte,1974,"A,California,Angels"
chald101,Chalk,Dave,R,R,CAL,SS,Dave Chalk,1974,"A,California,Angels"
cumbj101,Cumberland,John,R,L,CAL,P,John Cumberland,1974,"A,California,Angels"
dobsc101,Dobson,Chuck,R,R,CAL,P,Chuck Dobson,1974,"A,California,Angels"
dohej101,Doherty,John,L,L,CAL,1B,John Doherty,1974,"A,California,Angels"
doyld102,Doyle,Denny,L,R,CAL,2B,Denny Doyle,1974,"A,California,Angels"
egant101,Egan,Tom,R,R,CAL,C,Tom Egan,1974,"A,California,Angels"
epstm101,Epstein,Mike,L,L,CAL,1B,Mike Epstein,1974,"A,California,Angels"
figue101,Figueroa,Ed,R,R,CAL,P,Ed Figueroa,1974,"A,California,Angels"
gilbb101,Gilbreth,Bill,L,L,CAL,P,Bill Gilbreth,1974,"A,California,Angels"
hassa001,Hassler,Andy,L,L,CAL,P,Andy Hassler,1974,"A,California,Angels"
heisb101,Heise,Bob,R,R,CAL,2B,Bob Heise,1974,"A,California,Angels"
howad101,Howard,Doug,R,R,CAL,OF,Doug Howard,1974,"A,California,Angels"
kirkd101,Kirkwood,Don,R,R,CAL,P,Don Kirkwood,1974,"A,California,Angels"
lahoj101,Lahoud,Joe,L,L,CAL,OF,Joe Lahoud,1974,"A,California,Angels"
langd101,Lange,Dick,R,R,CAL,P,Dick Lange,1974,"A,California,Angels"
llenw101,Llenas,Winston,R,R,CAL,OF,Winston Llenas,1974,"A,California,Angels"
locks101,Lockwood,Skip,R,R,CAL,P,Skip Lockwood,1974,"A,California,Angels"
may-r101,May,Rudy,L,L,CAL,P,Rudy May,1974,"A,California,Angels"
mccrt102,McCraw,Tommy,L,L,CAL,1B,Tommy McCraw,1974,"A,California,Angels"
meolr101,Meoli,Rudy,L,R,CAL,3B,Rudy Meoli,1974,"A,California,Angels"
nettm101,Nettles,Morris,L,L,CAL,OF,Morris Nettles,1974,"A,California,Angels"
olivb101,Oliver,Bob,R,R,CAL,1B,Bob Oliver,1974,"A,California,Angels"
penao101,Pena,Orlando,R,R,CAL,P,Orlando Pena,1974,"A,California,Angels"
pinah101,Pina,Horacio,R,R,CAL,P,Horacio Pina,1974,"A,California,Angels"
quinl101,Quintana,Luis,L,L,CAL,P,Luis Quintana,1974,"A,California,Angels"
ramio101,Ramirez,Orlando,R,R,CAL,SS,Orlando Ramirez,1974,"A,California,Angels"
razib101,Raziano,Barry,B,R,CAL,P,Barry Raziano,1974,"A,California,Angels"
rivem001,Rivers,Mickey,L,L,CAL,OF,Mickey Rivers,1974,"A,California,Angels"
robif103,Robinson,Frank,R,R,CAL,DH,Frank Robinson,1974,"A,California,Angels"
rodre101,Rodriguez,Ellie,R,R,CAL,C,Ellie Rodriguez,1974,"A,California,Angels"
ryann001,Ryan,Nolan,R,R,CAL,P,Nolan Ryan,1974,"A,California,Angels"
sandc101,Sands,Charlie,L,R,CAL,DH,Charlie Sands,1974,"A,California,Angels"
sandk101,Sanders,Ken,R,R,CAL,P,Ken Sanders,1974,"A,California,Angels"
schap101,Schaal,Paul,R,R,CAL,3B,Paul Schaal,1974,"A,California,Angels"
scher101,Scheinblum,Richie,B,R,CAL,OF,Richie Scheinblum,1974,"A,California,Angels"
selld101,Sells,Dave,R,R,CAL,P,Dave Sells,1974,"A,California,Angels"
selmd101,Selma,Dick,R,R,CAL,P,Dick Selma,1974,"A,California,Angels"
singb101,Singer,Bill,R,R,CAL,P,Bill Singer,1974,"A,California,Angels"
stanl102,Stanton,Leroy,R,R,CAL,OF,Leroy Stanton,1974,"A,California,Angels"
stonb101,Stoneman,Bill,R,R,CAL,P,Bill Stoneman,1974,"A,California,Angels"
tanaf001,Tanana,Frank,L,L,CAL,P,Frank Tanana,1974,"A,California,Angels"
valeb102,Valentine,Bobby,R,R,CAL,OF,Bobby Valentine,1974,"A,California,Angels"
akerj102,Aker,Jack,R,R,NYN,P,Jack Aker,1974,"N,New York,Mets"
apodb101,Apodaca,Bob,R,R,NYN,P,Bob Apodaca,1974,"N,New York,Mets"
ayalb001,Ayala,Benny,R,R,NYN,OF,Benny Ayala,1974,"N,New York,Mets"
boisb101,Boisclair,Bruce,L,L,NYN,OF,Bruce Boisclair,1974,"N,New York,Mets"
boswk101,Boswell,Ken,L,R,NYN,2B,Ken Boswell,1974,"N,New York,Mets"
cramg101,Cram,Jerry,R,R,NYN,P,Jerry Cram,1974,"N,New York,Mets"
dyerd101,Dyer,Duffy,R,R,NYN,C,Duffy Dyer,1974,"N,New York,Mets"
espin101,Espinosa,Nino,R,R,NYN,P,Nino Espinosa,1974,"N,New York,Mets"
garrw101,Garrett,Wayne,L,R,NYN,3B,Wayne Garrett,1974,"N,New York,Mets"
gosgj101,Gosger,Jim,L,L,NYN,OF,Jim Gosger,1974,"N,New York,Mets"
grotj101,Grote,Jerry,R,R,NYN,C,Jerry Grote,1974,"N,New York,Mets"
hahnd102,Hahn,Don,R,R,NYN,OF,Don Hahn,1974,"N,New York,Mets"
hampi101,Hampton,Ike,B,R,NYN,C,Ike Hampton,1974,"N,New York,Mets"
harrb101,Harrelson,Bud,B,R,NYN,SS,Bud Harrelson,1974,"N,New York,Mets"
hodgr001,Hodges,Ron,L,R,NYN,C,Ron Hodges,1974,"N,New York,Mets"
jonec102,Jones,Cleon,R,L,NYN,OF,Cleon Jones,1974,"N,New York,Mets"
koosj001,Koosman,Jerry,R,L,NYN,P,Jerry Koosman,1974,"N,New York,Mets"
krane101,Kranepool,Ed,L,L,NYN,OF,Ed Kranepool,1974,"N,New York,Mets"
martt102,Martinez,Ted,R,R,NYN,SS,Ted Martinez,1974,"N,New York,Mets"
matlj101,Matlack,Jon,L,L,NYN,P,Jon Matlack,1974,"N,New York,Mets"
mcgrt001,McGraw,Tug,R,L,NYN,P,Tug McGraw,1974,"N,New York,Mets"
millb106,Miller,Bob,R,R,NYN,P,Bob Miller,1974,"N,New York,Mets"
millf105,Millan,Felix,R,R,NYN,2B,Felix Millan,1974,"N,New York,Mets"
milnj101,Milner,John,L,L,NYN,1B,John Milner,1974,"N,New York,Mets"
parkh101,Parker,Harry,R,R,NYN,P,Harry Parker,1974,"N,New York,Mets"
pembb101,Pemberton,Brock,B,L,NYN,1B,Brock Pemberton,1974,"N,New York,Mets"
puigr101,Puig,Rich,L,R,NYN,2B,Rich Puig,1974,"N,New York,Mets"
sader101,Sadecki,Ray,L,L,NYN,P,Ray Sadecki,1974,"N,New York,Mets"
schnd102,Schneck,Dave,L,L,NYN,OF,Dave Schneck,1974,"N,New York,Mets"
seavt001,Seaver,Tom,R,R,NYN,P,Tom Seaver,1974,"N,New York,Mets"
staur001,Staub,Rusty,L,R,NYN,OF,Rusty Staub,1974,"N,New York,Mets"
sterr101,Sterling,Randy,B,R,NYN,P,Randy Sterling,1974,"N,New York,Mets"
stong102,Stone,George,L,L,NYN,P,George Stone,1974,"N,New York,Mets"
stroj102,Strohmayer,John,R,R,NYN,P,John Strohmayer,1974,"N,New York,Mets"
swanc001,Swan,Craig,R,R,NYN,P,Craig Swan,1974,"N,New York,Mets"
theog101,Theodore,George,R,R,NYN,1B,George Theodore,1974,"N,New York,Mets"
webbh101,Webb,Hank,R,R,NYN,P,Hank Webb,1974,"N,New York,Mets"
augud101,Augustine,Dave,R,R,PIT,OF,Dave Augustine,1974,"N,Pittsburgh,Pirates"
bevak001,Bevacqua,Kurt,R,R,PIT,3B,Kurt Bevacqua,1974,"N,Pittsburgh,Pirates"
blass101,Blass,Steve,R,R,PIT,P,Steve Blass,1974,"N,Pittsburgh,Pirates"
bretk101,Brett,Ken,L,L,PIT,P,Ken Brett,1974,"N,Pittsburgh,Pirates"
brinc101,Brinkman,Chuck,R,R,PIT,C,Chuck Brinkman,1974,"N,Pittsburgh,Pirates"
cling101,Clines,Gene,R,R,PIT,OF,Gene Clines,1974,"N,Pittsburgh,Pirates"
demel101,Demery,Larry,R,R,PIT,P,Larry Demery,1974,"N,Pittsburgh,Pirates"
dilom001,Dilone,Miguel,B,R,PIT,OF,Miguel Dilone,1974,"N,Pittsburgh,Pirates"
ellid101,Ellis,Dock,B,R,PIT,P,Dock Ellis,1974,"N,Pittsburgh,Pirates"
giusd101,Giusti,Dave,R,R,PIT,P,Dave Giusti,1974,"N,Pittsburgh,Pirates"
hebnr001,Hebner,Richie,L,R,PIT,3B,Richie Hebner,1974,"N,Pittsburgh,Pirates"
hernr102,Hernandez,Ramon,B,L,PIT,P,Ramon Hernandez,1974,"N,Pittsburgh,Pirates"
howea001,Howe,Art,R,R,PIT,3B,Art Howe,1974,"N,Pittsburgh,Pirates"
jimej101,Jimenez,Juan,R,R,PIT,P,Juan Jimenez,1974,"N,Pittsburgh,Pirates"
kirke102,Kirkpatrick,Ed,L,R,PIT,1B,Ed Kirkpatrick,1974,"N,Pittsburgh,Pirates"
kisob001,Kison,Bruce,R,R,PIT,P,Bruce Kison,1974,"N,Pittsburgh,Pirates"
machk101,Macha,Ken,R,R,PIT,C,Ken Macha,1974,"N,Pittsburgh,Pirates"
maxvd101,Maxvill,Dal,R,R,PIT,SS,Dal Maxvill,1974,"N,Pittsburgh,Pirates"
mendm101,Mendoza,Mario,R,R,PIT,SS,Mario Mendoza,1974,"N,Pittsburgh,Pirates"
minsj101,Minshall,Jim,R,R,PIT,P,Jim Minshall,1974,"N,Pittsburgh,Pirates"
moosb101,Moose,Bob,R,R,PIT,P,Bob Moose,1974,"N,Pittsburgh,Pirates"
morlj101,Morlan,John,R,R,PIT,P,John Morlan,1974,"N,Pittsburgh,Pirates"
oliva001,Oliver,Al,L,L,PIT,OF,Al Oliver,1974,"N,Pittsburgh,Pirates"
ott-e101,Ott,Ed,L,R,PIT,OF,Ed Ott,1974,"N,Pittsburgh,Pirates"
parkd001,Parker,Dave,L,R,PIT,OF,Dave Parker,1974,"N,Pittsburgh,Pirates"
pattd102,Patterson,Daryl,L,R,PIT,P,Daryl Patterson,1974,"N,Pittsburgh,Pirates"
pizaj101,Pizarro,Juan,L,L,PIT,P,Juan Pizarro,1974,"N,Pittsburgh,Pirates"
popop101,Popovich,Paul,B,R,PIT,2B,Paul Popovich,1974,"N,Pittsburgh,Pirates"
reusj001,Reuss,Jerry,L,L,PIT,P,Jerry Reuss,1974,"N,Pittsburgh,Pirates"
robeb101,Robertson,Bob,R,R,PIT,1B,Bob Robertson,1974,"N,Pittsburgh,Pirates"
rookj101,Rooker,Jim,R,L,PIT,P,Jim Rooker,1974,"N,Pittsburgh,Pirates"
ryanm101,Ryan,Mike,R,R,PIT,C,Mike Ryan,1974,"N,Pittsburgh,Pirates"
sadoj101,Sadowski,Jim,R,R,PIT,P,Jim Sadowski,1974,"N,Pittsburgh,Pirates"
sangm101,Sanguillen,Manny,R,R,PIT,C,Manny Sanguillen,1974,"N,Pittsburgh,Pirates"
starw101,Stargell,Willie,L,L,PIT,OF,Willie Stargell,1974,"N,Pittsburgh,Pirates"
stenr101,Stennett,Rennie,R,R,PIT,2B,Rennie Stennett,1974,"N,Pittsburgh,Pirates"
tavef101,Taveras,Frank,R,R,PIT,SS,Frank Taveras,1974,"N,Pittsburgh,Pirates"
tekuk001,Tekulve,Kent,R,R,PIT,P,Kent Tekulve,1974,"N,Pittsburgh,Pirates"
ziskr101,Zisk,Richie,R,R,PIT,OF,Richie Zisk,1974,"N,Pittsburgh,Pirates"
almob001,Almon,Bill,R,R,SDN,SS,Bill Almon,1974,"N,San Diego,Padres"
aloum101,Alou,Matty,L,L,SDN,OF,Matty Alou,1974,"N,San Diego,Padres"
arlis101,Arlin,Steve,R,R,SDN,P,Steve Arlin,1974,"N,San Diego,Padres"
bartb101,Barton,Bob,R,R,SDN,C,Bob Barton,1974,"N,San Diego,Padres"
beckg101,Beckert,Glenn,R,R,SDN,2B,Glenn Beckert,1974,"N,San Diego,Padres"
cannc101,Cannizzaro,Chris,R,R,SDN,C,Chris Cannizzaro,1974,"N,San Diego,Padres"
clarh101,Clarke,Horace,B,R,SDN,2B,Horace Clarke,1974,"N,San Diego,Padres"
colbn101,Colbert,Nate,R,R,SDN,1B,Nate Colbert,1974,"N,San Diego,Padres"
corkm101,Corkins,Mike,R,R,SDN,P,Mike Corkins,1974,"N,San Diego,Padres"
ellir101,Elliott,Randy,R,R,SDN,OF,Randy Elliott,1974,"N,San Diego,Padres"
freid101,Freisleben,Dave,R,R,SDN,P,Dave Freisleben,1974,"N,San Diego,Padres"
garcr102,Garcia,Ralph,R,R,SDN,P,Ralph Garcia,1974,"N,San Diego,Padres"
gaspr101,Gaspar,Rod,B,L,SDN,OF,Rod Gaspar,1974,"N,San Diego,Padres"
gastc101,Gaston,Cito,R,R,SDN,OF,Cito Gaston,1974,"N,San Diego,Padres"
gerhr101,Gerhardt,Rusty,B,L,SDN,P,Rusty Gerhardt,1974,"N,San Diego,Padres"
greib101,Greif,Bill,R,R,SDN,P,Bill Greif,1974,"N,San Diego,Padres"
grubj001,Grubb,Johnny,L,R,SDN,OF,Johnny Grubb,1974,"N,San Diego,Padres"
hardl101,Hardy,Larry,R,R,SDN,P,Larry Hardy,1974,"N,San Diego,Padres"
herne102,Hernandez,Enzo,R,R,SDN,SS,Enzo Hernandez,1974,"N,San Diego,Padres"
hiltd101,Hilton,Dave,R,R,SDN,3B,Dave Hilton,1974,"N,San Diego,Padres"
iviem101,Ivie,Mike,R,R,SDN,1B,Mike Ivie,1974,"N,San Diego,Padres"
johnm101,Johnson,Mike,R,R,SDN,P,Mike Johnson,1974,"N,San Diego,Padres"
joner101,Jones,Randy,R,L,SDN,P,Randy Jones,1974,"N,San Diego,Padres"
kendf101,Kendall,Fred,R,R,SDN,C,Fred Kendall,1974,"N,San Diego,Padres"
laxtb101,Laxton,Bill,L,L,SDN,P,Bill Laxton,1974,"N,San Diego,Padres"
lockg101,Locklear,Gene,L,R,SDN,OF,Gene Locklear,1974,"N,San Diego,Padres"
mcanj101,McAndrew,Jim,R,R,SDN,P,Jim McAndrew,1974,"N,San Diego,Padres"
mccow101,McCovey,Willie,L,L,SDN,1B,Willie McCovey,1974,"N,San Diego,Padres"
mcinj101,McIntosh,Joe,B,R,SDN,P,Joe McIntosh,1974,"N,San Diego,Padres"
morar102,Morales,Rich,R,R,SDN,SS,Rich Morales,1974,"N,San Diego,Padres"
palml101,Palmer,Lowell,R,R,SDN,P,Lowell Palmer,1974,"N,San Diego,Padres"
robed102,Roberts,Dave,R,R,SDN,3B,Dave Roberts,1974,"N,San Diego,Padres"
romov101,Romo,Vicente,R,R,SDN,P,Vicente Romo,1974,"N,San Diego,Padres"
rossg102,Ross,Gary,R,R,SDN,P,Gary Ross,1974,"N,San Diego,Padres"
scotj102,Scott,John,R,R,SDN,OF,John Scott,1974,"N,San Diego,Padres"
spild001,Spillner,Dan,R,R,SDN,P,Dan Spillner,1974,"N,San Diego,Padres"
thomd001,Thomas,Derrel,B,R,SDN,2B,Derrel Thomas,1974,"N,San Diego,Padres"
tolab101,Tolan,Bobby,L,L,SDN,OF,Bobby Tolan,1974,"N,San Diego,Padres"
tomld001,Tomlin,Dave,L,L,SDN,P,Dave Tomlin,1974,"N,San Diego,Padres"
troer101,Troedson,Rich,L,L,SDN,P,Rich Troedson,1974,"N,San Diego,Padres"
turnj101,Turner,Jerry,L,L,SDN,OF,Jerry Turner,1974,"N,San Diego,Padres"
willb105,Williams,Bernie,R,R,SDN,OF,Bernie Williams,1974,"N,San Diego,Padres"
winfd001,Winfield,Dave,R,R,SDN,OF,Dave Winfield,1974,"N,San Diego,Padres"
alexd001,Alexander,Doyle,R,R,BAL,P,Doyle Alexander,1974,"A,Baltimore,Orioles"
bakef101,Baker,Frank,L,R,BAL,SS,Frank Baker,1974,"A,Baltimore,Orioles"
bayld001,Baylor,Don,R,R,BAL,OF,Don Baylor,1974,"A,Baltimore,Orioles"
belam101,Belanger,Mark,R,R,BAL,SS,Mark Belanger,1974,"A,Baltimore,Orioles"
blaip101,Blair,Paul,R,R,BAL,OF,Paul Blair,1974,"A,Baltimore,Orioles"
bumba001,Bumbry,Al,L,R,BAL,OF,Al Bumbry,1974,"A,Baltimore,Orioles"
cabee001,Cabell,Enos,R,R,BAL,1B,Enos Cabell,1974,"A,Baltimore,Orioles"
coggr101,Coggins,Rich,L,L,BAL,OF,Rich Coggins,1974,"A,Baltimore,Orioles"
cuelm101,Cuellar,Mike,L,L,BAL,P,Mike Cuellar,1974,"A,Baltimore,Orioles"
davit103,Davis,Tommy,R,R,BAL,DH,Tommy Davis,1974,"A,Baltimore,Orioles"
decid001,DeCinces,Doug,R,R,BAL,3B,Doug DeCinces,1974,"A,Baltimore,Orioles"
etcha101,Etchebarren,Andy,R,R,BAL,C,Andy Etchebarren,1974,"A,Baltimore,Orioles"
fullj102,Fuller,Jim,R,R,BAL,OF,Jim Fuller,1974,"A,Baltimore,Orioles"
garlw101,Garland,Wayne,R,R,BAL,P,Wayne Garland,1974,"A,Baltimore,Orioles"
gricb001,Grich,Bobby,R,R,BAL,2B,Bobby Grich,1974,"A,Baltimore,Orioles"
grimr101,Grimsley,Ross,L,L,BAL,P,Ross Grimsley,1974,"A,Baltimore,Orioles"
hende103,Hendricks,Elrod,L,R,BAL,C,Elrod Hendricks,1974,"A,Baltimore,Orioles"
hoodd101,Hood,Don,L,L,BAL,P,Don Hood,1974,"A,Baltimore,Orioles"
jackg101,Jackson,Grant,B,L,BAL,P,Grant Jackson,1974,"A,Baltimore,Orioles"
jeffj101,Jefferson,Jesse,R,R,BAL,P,Jesse Jefferson,1974,"A,Baltimore,Orioles"
johnd104,Johnson,Dave,R,R,BAL,P,Dave Johnson,1974,"A,Baltimore,Orioles"
mcnad102,McNally,Dave,R,L,BAL,P,Dave McNally,1974,"A,Baltimore,Orioles"
mottc101,Motton,Curt,R,R,BAL,OF,Curt Motton,1974,"A,Baltimore,Orioles"
nordt101,Nordbrook,Tim,R,R,BAL,SS,Tim Nordbrook,1974,"A,Baltimore,Orioles"
nortj101,Northrup,Jim,L,R,BAL,OF,Jim Northrup,1974,"A,Baltimore,Orioles"
olivb101,Oliver,Bob,R,R,BAL,1B,Bob Oliver,1974,"A,Baltimore,Orioles"
palmj001,Palmer,Jim,R,R,BAL,P,Jim Palmer,1974,"A,Baltimore,Orioles"
poweb101,Powell,Boog,L,R,BAL,1B,Boog Powell,1974,"A,Baltimore,Orioles"
reinm101,Reinbach,Mike,L,R,BAL,DH,Mike Reinbach,1974,"A,Baltimore,Orioles"
reynb102,Reynolds,Bob,R,R,BAL,P,Bob Reynolds,1974,"A,Baltimore,Orioles"
robib104,Robinson,Brooks,R,R,BAL,3B,Brooks Robinson,1974,"A,Baltimore,Orioles"
wille101,Williams,Earl,R,R,BAL,C,Earl Williams,1974,"A,Baltimore,Orioles"
andem101,Anderson,Mike,R,R,PHI,OF,Mike Anderson,1974,"N,Philadelphia,Phillies"
banna001,Bannister,Alan,R,R,PHI,OF,Alan Bannister,1974,"N,Philadelphia,Phillies"
boonb001,Boone,Bob,R,R,PHI,C,Bob Boone,1974,"N,Philadelphia,Phillies"
bowal001,Bowa,Larry,B,R,PHI,SS,Larry Bowa,1974,"N,Philadelphia,Phillies"
browo102,Brown,Ollie,R,R,PHI,OF,Ollie Brown,1974,"N,Philadelphia,Phillies"
carls001,Carlton,Steve,L,L,PHI,P,Steve Carlton,1974,"N,Philadelphia,Phillies"
cashd101,Cash,Dave,R,R,PHI,2B,Dave Cash,1974,"N,Philadelphia,Phillies"
chril101,Christenson,Larry,R,R,PHI,P,Larry Christenson,1974,"N,Philadelphia,Phillies"
cox-l101,Cox,Larry,R,R,PHI,C,Larry Cox,1974,"N,Philadelphia,Phillies"
culvg101,Culver,George,R,R,PHI,P,George Culver,1974,"N,Philadelphia,Phillies"
diorm101,Diorio,Ron,R,R,PHI,P,Ron Diorio,1974,"N,Philadelphia,Phillies"
essij001,Essian,Jim,R,R,PHI,C,Jim Essian,1974,"N,Philadelphia,Phillies"
farme101,Farmer,Ed,R,R,PHI,P,Ed Farmer,1974,"N,Philadelphia,Phillies"
garbg001,Garber,Gene,R,R,PHI,P,Gene Garber,1974,"N,Philadelphia,Phillies"
grabb101,Grabarkewitz,Billy,R,R,PHI,OF,Billy Grabarkewitz,1974,"N,Philadelphia,Phillies"
harmt101,Harmon,Terry,R,R,PHI,SS,Terry Harmon,1974,"N,Philadelphia,Phillies"
hernj101,Hernaiz,Jesus,R,R,PHI,P,Jesus Hernaiz,1974,"N,Philadelphia,Phillies"
huttt101,Hutton,Tom,L,L,PHI,1B,Tom Hutton,1974,"N,Philadelphia,Phillies"
johnj002,Johnstone,Jay,L,R,PHI,OF,Jay Johnstone,1974,"N,Philadelphia,Phillies"
linzf101,Linzy,Frank,R,R,PHI,P,Frank Linzy,1974,"N,Philadelphia,Phillies"
lonbj101,Lonborg,Jim,R,R,PHI,P,Jim Lonborg,1974,"N,Philadelphia,Phillies"
luzig001,Luzinski,Greg,R,R,PHI,OF,Greg Luzinski,1974,"N,Philadelphia,Phillies"
martj001,Martin,Jerry,R,R,PHI,OF,Jerry Martin,1974,"N,Philadelphia,Phillies"
montw101,Montanez,Willie,L,L,PHI,1B,Willie Montanez,1974,"N,Philadelphia,Phillies"
richp102,Richert,Pete,L,L,PHI,P,Pete Richert,1974,"N,Philadelphia,Phillies"
robib101,Robinson,Bill,R,R,PHI,OF,Bill Robinson,1974,"N,Philadelphia,Phillies"
rogom101,Rogodzinski,Mike,L,R,PHI,OF,Mike Rogodzinski,1974,"N,Philadelphia,Phillies"
ruthd001,Ruthven,Dick,R,R,PHI,P,Dick Ruthven,1974,"N,Philadelphia,Phillies"
scarm101,Scarce,Mac,L,L,PHI,P,Mac Scarce,1974,"N,Philadelphia,Phillies"
schmm001,Schmidt,Mike,R,R,PHI,3B,Mike Schmidt,1974,"N,Philadelphia,Phillies"
schur101,Schueler,Ron,R,R,PHI,P,Ron Schueler,1974,"N,Philadelphia,Phillies"
steaj001,Stearns,John,R,R,PHI,C,John Stearns,1974,"N,Philadelphia,Phillies"
taylt101,Taylor,Tony,R,R,PHI,1B,Tony Taylor,1974,"N,Philadelphia,Phillies"
thome101,Thomason,Erskine,R,R,PHI,P,Erskine Thomason,1974,"N,Philadelphia,Phillies"
twitw101,Twitchell,Wayne,R,R,PHI,P,Wayne Twitchell,1974,"N,Philadelphia,Phillies"
undet001,Underwood,Tom,R,L,PHI,P,Tom Underwood,1974,"N,Philadelphia,Phillies"
unsed101,Unser,Del,L,L,PHI,OF,Del Unser,1974,"N,Philadelphia,Phillies"
walld103,Wallace,Dave,R,R,PHI,P,Dave Wallace,1974,"N,Philadelphia,Phillies"
wallm102,Wallace,Mike,L,L,PHI,P,Mike Wallace,1974,"N,Philadelphia,Phillies"
watte101,Watt,Eddie,R,R,PHI,P,Eddie Watt,1974,"N,Philadelphia,Phillies"
bailb103,Bailey,Bob,R,R,MON,OF,Bob Bailey,1974,"N,Montreal,Expos"
biitl101,Biittner,Larry,L,L,MON,OF,Larry Biittner,1974,"N,Montreal,Expos"
blaid101,Blair,Dennis,R,R,MON,P,Dennis Blair,1974,"N,Montreal,Expos"
breeh101,Breeden,Hal,R,L,MON,1B,Hal Breeden,1974,"N,Montreal,Expos"
carrd104,Carrithers,Don,R,R,MON,P,Don Carrithers,1974,"N,Montreal,Expos"
cartg001,Carter,Gary,R,R,MON,C,Gary Carter,1974,"N,Montreal,Expos"
cox-j102,Cox,Jim,R,R,MON,2B,Jim Cox,1974,"N,Montreal,Expos"
cromw101,Cromartie,Warren,L,L,MON,OF,Warren Cromartie,1974,"N,Montreal,Expos"
daviw102,Davis,Willie,L,L,MON,OF,Willie Davis,1974,"N,Montreal,Expos"
day-b102,Day,Boots,L,L,MON,OF,Boots Day,1974,"N,Montreal,Expos"
demod101,DeMola,Don,R,R,MON,P,Don DeMola,1974,"N,Montreal,Expos"
enyat101,Enyart,Terry,R,L,MON,P,Terry Enyart,1974,"N,Montreal,Expos"
fairr101,Fairly,Ron,L,L,MON,1B,Ron Fairly,1974,"N,Montreal,Expos"
folit001,Foli,Tim,R,R,MON,SS,Tim Foli,1974,"N,Montreal,Expos"
footb101,Foote,Barry,R,R,MON,C,Barry Foote,1974,"N,Montreal,Expos"
friap101,Frias,Pepe,R,R,MON,SS,Pepe Frias,1974,"N,Montreal,Expos"
gebhb101,Gebhard,Bob,R,R,MON,P,Bob Gebhard,1974,"N,Montreal,Expos"
humpt101,Humphrey,Terry,R,R,MON,C,Terry Humphrey,1974,"N,Montreal,Expos"
huntr101,Hunt,Ron,R,R,MON,3B,Ron Hunt,1974,"N,Montreal,Expos"
jorgm001,Jorgensen,Mike,L,L,MON,1B,Mike Jorgensen,1974,"N,Montreal,Expos"
lintl101,Lintz,Larry,B,R,MON,2B,Larry Lintz,1974,"N,Montreal,Expos"
lyttj101,Lyttle,Jim,L,R,MON,OF,Jim Lyttle,1974,"N,Montreal,Expos"
mangp101,Mangual,Pepe,R,R,MON,OF,Pepe Mangual,1974,"N,Montreal,Expos"
mcane101,McAnally,Ernie,R,R,MON,P,Ernie McAnally,1974,"N,Montreal,Expos"
montj101,Montague,John,R,R,MON,P,John Montague,1974,"N,Montreal,Expos"
moorb101,Moore,Balor,L,L,MON,P,Balor Moore,1974,"N,Montreal,Expos"
moraj001,Morales,Jose,R,R,MON,C,Jose Morales,1974,"N,Montreal,Expos"
murrd001,Murray,Dale,R,R,MON,P,Dale Murray,1974,"N,Montreal,Expos"
nortj101,Northrup,Jim,L,R,MON,OF,Jim Northrup,1974,"N,Montreal,Expos"
parrl002,Parrish,Larry,R,R,MON,3B,Larry Parrish,1974,"N,Montreal,Expos"
renks101,Renko,Steve,R,R,MON,P,Steve Renko,1974,"N,Montreal,Expos"
roges001,Rogers,Steve,R,R,MON,P,Steve Rogers,1974,"N,Montreal,Expos"
scanp102,Scanlon,Pat,L,R,MON,3B,Pat Scanlon,1974,"N,Montreal,Expos"
scott001,Scott,Tony,B,R,MON,OF,Tony Scott,1974,"N,Montreal,Expos"
singk001,Singleton,Ken,B,R,MON,OF,Ken Singleton,1974,"N,Montreal,Expos"
stinb101,Stinson,Bob,B,R,MON,C,Bob Stinson,1974,"N,Montreal,Expos"
taylc101,Taylor,Chuck,R,R,MON,P,Chuck Taylor,1974,"N,Montreal,Expos"
torrm001,Torrez,Mike,R,R,MON,P,Mike Torrez,1974,"N,Montreal,Expos"
walkt103,Walker,Tom,R,R,MON,P,Tom Walker,1974,"N,Montreal,Expos"
whitj001,White,Jerry,B,R,MON,OF,Jerry White,1974,"N,Montreal,Expos"
woodr102,Woods,Ron,R,R,MON,OF,Ron Woods,1974,"N,Montreal,Expos"
alouf101,Alou,Felipe,R,R,MIL,OF,Felipe Alou,1974,"A,Milwaukee,Brewers"
andel101,Anderson,Larry,R,R,MIL,P,Larry Anderson,1974,"A,Milwaukee,Brewers"
bellj101,Bell,Jerry,B,R,MIL,P,Jerry Bell,1974,"A,Milwaukee,Brewers"
berrk101,Berry,Ken,R,R,MIL,OF,Ken Berry,1974,"A,Milwaukee,Brewers"
brigj102,Briggs,John,L,L,MIL,OF,John Briggs,1974,"A,Milwaukee,Brewers"
castb101,Castro,Bill,R,R,MIL,P,Bill Castro,1974,"A,Milwaukee,Brewers"
chamb101,Champion,Bill,R,R,MIL,P,Bill Champion,1974,"A,Milwaukee,Brewers"
colbj101,Colborn,Jim,R,R,MIL,P,Jim Colborn,1974,"A,Milwaukee,Brewers"
colub101,Coluccio,Bob,R,R,MIL,OF,Bob Coluccio,1974,"A,Milwaukee,Brewers"
ellir103,Ellis,Rob,R,R,MIL,OF,Rob Ellis,1974,"A,Milwaukee,Brewers"
garcp101,Garcia,Pedro,R,R,MIL,2B,Pedro Garcia,1974,"A,Milwaukee,Brewers"
hansb101,Hansen,Bob,L,L,MIL,DH,Bob Hansen,1974,"A,Milwaukee,Brewers"
hegam101,Hegan,Mike,L,L,MIL,DH,Mike Hegan,1974,"A,Milwaukee,Brewers"
johnd103,Johnson,Deron,R,R,MIL,DH,Deron Johnson,1974,"A,Milwaukee,Brewers"
johnt102,Johnson,Tim,L,R,MIL,SS,Tim Johnson,1974,"A,Milwaukee,Brewers"
kobek101,Kobel,Kevin,R,L,MIL,P,Kevin Kobel,1974,"A,Milwaukee,Brewers"
lezcs001,Lezcano,Sixto,R,R,MIL,OF,Sixto Lezcano,1974,"A,Milwaukee,Brewers"
lindj103,Lind,Jack,B,R,MIL,SS,Jack Lind,1974,"A,Milwaukee,Brewers"
may-d101,May,Dave,L,R,MIL,OF,Dave May,1974,"A,Milwaukee,Brewers"
millr105,Miller,Roger,R,R,MIL,P,Roger Miller,1974,"A,Milwaukee,Brewers"
mitcb102,Mitchell,Bobby,R,R,MIL,DH,Bobby Mitchell,1974,"A,Milwaukee,Brewers"
moned101,Money,Don,R,R,MIL,3B,Don Money,1974,"A,Milwaukee,Brewers"
moorc001,Moore,Charlie,R,R,MIL,C,Charlie Moore,1974,"A,Milwaukee,Brewers"
murpt101,Murphy,Tom,R,R,MIL,P,Tom Murphy,1974,"A,Milwaukee,Brewers"
portd001,Porter,Darrell,L,R,MIL,C,Darrell Porter,1974,"A,Milwaukee,Brewers"
rodre102,Rodriguez,Eduardo,R,R,MIL,P,Eduardo Rodriguez,1974,"A,Milwaukee,Brewers"
scotg102,Scott,George,R,R,MIL,1B,George Scott,1974,"A,Milwaukee,Brewers"
selmd101,Selma,Dick,R,R,MIL,P,Dick Selma,1974,"A,Milwaukee,Brewers"
shelb101,Sheldon,Bob,L,R,MIL,DH,Bob Sheldon,1974,"A,Milwaukee,Brewers"
slatj001,Slaton,Jim,R,R,MIL,P,Jim Slaton,1974,"A,Milwaukee,Brewers"
sprae101,Sprague,Ed,R,R,MIL,P,Ed Sprague,1974,"A,Milwaukee,Brewers"
thomg001,Thomas,Gorman,R,R,MIL,OF,Gorman Thomas,1974,"A,Milwaukee,Brewers"
travb101,Travers,Bill,L,L,MIL,P,Bill Travers,1974,"A,Milwaukee,Brewers"
vukoj101,Vukovich,John,R,R,MIL,3B,John Vukovich,1974,"A,Milwaukee,Brewers"
wrigc102,Wright,Clyde,R,L,MIL,P,Clyde Wright,1974,"A,Milwaukee,Brewers"
younr001,Yount,Robin,R,R,MIL,SS,Robin Yount,1974,"A,Milwaukee,Brewers"
acosc101,Acosta,Cy,R,R,CHA,P,Cy Acosta,1974,"A,Chicago,White Sox"
alled101,Allen,Dick,R,R,CHA,1B,Dick Allen,1974,"A,Chicago,White Sox"
allel101,Allen,Lloyd,R,R,CHA,P,Lloyd Allen,1974,"A,Chicago,White Sox"
alval101,Alvarado,Luis,R,R,CHA,SS,Luis Alvarado,1974,"A,Chicago,White Sox"
bahns101,Bahnsen,Stan,R,R,CHA,P,Stan Bahnsen,1974,"A,Chicago,White Sox"
barrf101,Barrios,Francisco,R,R,CHA,P,Francisco Barrios,1974,"A,Chicago,White Sox"
bradb105,Bradford,Buddy,R,R,CHA,OF,Buddy Bradford,1974,"A,Chicago,White Sox"
brinc101,Brinkman,Chuck,R,R,CHA,C,Chuck Brinkman,1974,"A,Chicago,White Sox"
dentb001,Dent,Bucky,R,R,CHA,SS,Bucky Dent,1974,"A,Chicago,White Sox"
downb001,Downing,Brian,R,R,CHA,C,Brian Downing,1974,"A,Chicago,White Sox"
forst001,Forster,Terry,L,L,CHA,P,Terry Forster,1974,"A,Chicago,White Sox"
gossr001,Gossage,Rich,R,R,CHA,P,Rich Gossage,1974,"A,Chicago,White Sox"
granw101,Granger,Wayne,R,R,CHA,P,Wayne Granger,1974,"A,Chicago,White Sox"
hairj001,Hairston,Jerry,B,R,CHA,OF,Jerry Hairston,1974,"A,Chicago,White Sox"
hendj102,Henderson,Joe,L,R,CHA,P,Joe Henderson,1974,"A,Chicago,White Sox"
hendk101,Henderson,Ken,B,R,CHA,OF,Ken Henderson,1974,"A,Chicago,White Sox"
herre102,Herrmann,Ed,L,R,CHA,C,Ed Herrmann,1974,"A,Chicago,White Sox"
johnb105,Johnson,Bart,R,R,CHA,P,Bart Johnson,1974,"A,Chicago,White Sox"
johnl101,Johnson,Lamar,R,R,CHA,1B,Lamar Johnson,1974,"A,Chicago,White Sox"
kaatj101,Kaat,Jim,L,L,CHA,P,Jim Kaat,1974,"A,Chicago,White Sox"
kellp101,Kelly,Pat,L,L,CHA,DH,Pat Kelly,1974,"A,Chicago,White Sox"
kucej101,Kucek,Jack,R,R,CHA,P,Jack Kucek,1974,"A,Chicago,White Sox"
leone102,Leon,Eddie,R,R,CHA,SS,Eddie Leon,1974,"A,Chicago,White Sox"
may-c101,May,Carlos,L,R,CHA,OF,Carlos May,1974,"A,Chicago,White Sox"
meltb101,Melton,Bill,R,R,CHA,3B,Bill Melton,1974,"A,Chicago,White Sox"
morab103,Moran,Bill,R,R,CHA,P,Bill Moran,1974,"A,Chicago,White Sox"
muset101,Muser,Tony,L,L,CHA,1B,Tony Muser,1974,"A,Chicago,White Sox"
nyman101,Nyman,Nyls,L,R,CHA,OF,Nyls Nyman,1974,"A,Chicago,White Sox"
ortaj001,Orta,Jorge,L,R,CHA,2B,Jorge Orta,1974,"A,Chicago,White Sox"
ottej101,Otten,Jim,R,R,CHA,P,Jim Otten,1974,"A,Chicago,White Sox"
perzs101,Perzanowski,Stan,B,R,CHA,P,Stan Perzanowski,1974,"A,Chicago,White Sox"
pitls101,Pitlock,Skip,L,L,CHA,P,Skip Pitlock,1974,"A,Chicago,White Sox"
richl101,Richard,Lee,R,R,CHA,3B,Lee Richard,1974,"A,Chicago,White Sox"
santr102,Santo,Ron,R,R,CHA,DH,Ron Santo,1974,"A,Chicago,White Sox"
sharb102,Sharp,Bill,L,L,CHA,OF,Bill Sharp,1974,"A,Chicago,White Sox"
steib001,Stein,Bill,R,R,CHA,3B,Bill Stein,1974,"A,Chicago,White Sox"
tatuk101,Tatum,Ken,R,R,CHA,P,Ken Tatum,1974,"A,Chicago,White Sox"
varnp101,Varney,Pete,R,R,CHA,C,Pete Varney,1974,"A,Chicago,White Sox"
woodw103,Wood,Wilbur,R,L,CHA,P,Wilbur Wood,1974,"A,Chicago,White Sox"
yanch101,Yancy,Hugh,R,R,CHA,DH,Hugh Yancy,1974,"A,Chicago,White Sox"
brine101,Brinkman,Ed,R,R,DET,SS,Ed Brinkman,1974,"A,Detroit,Tigers"
browg101,Brown,Gates,L,R,DET,DH,Gates Brown,1974,"A,Detroit,Tigers"
browi101,Brown,Ike,R,R,DET,3B,Ike Brown,1974,"A,Detroit,Tigers"
cashn101,Cash,Norm,L,L,DET,1B,Norm Cash,1974,"A,Detroit,Tigers"
cashr101,Cash,Ron,R,R,DET,1B,Ron Cash,1974,"A,Detroit,Tigers"
colej102,Coleman,Joe,R,R,DET,P,Joe Coleman,1974,"A,Detroit,Tigers"
freeb103,Freehan,Bill,R,R,DET,1B,Bill Freehan,1974,"A,Detroit,Tigers"
frymw101,Fryman,Woodie,R,L,DET,P,Woodie Fryman,1974,"A,Detroit,Tigers"
hillj101,Hiller,John,R,L,DET,P,John Hiller,1974,"A,Detroit,Tigers"
holdf101,Holdsworth,Fred,R,R,DET,P,Fred Holdsworth,1974,"A,Detroit,Tigers"
hortw101,Horton,Willie,R,R,DET,OF,Willie Horton,1974,"A,Detroit,Tigers"
kalia101,Kaline,Al,R,R,DET,DH,Al Kaline,1974,"A,Detroit,Tigers"
knoxj101,Knox,John,L,R,DET,2B,John Knox,1974,"A,Detroit,Tigers"
lagrl101,LaGrow,Lerrin,R,R,DET,P,Lerrin LaGrow,1974,"A,Detroit,Tigers"
lamog101,Lamont,Gene,L,R,DET,C,Gene Lamont,1974,"A,Detroit,Tigers"
lanem101,Lane,Marvin,R,R,DET,OF,Marvin Lane,1974,"A,Detroit,Tigers"
leflr101,LeFlore,Ron,R,R,DET,OF,Ron LeFlore,1974,"A,Detroit,Tigers"
lemad101,Lemanczyk,Dave,R,R,DET,P,Dave Lemanczyk,1974,"A,Detroit,Tigers"
lolim101,Lolich,Mickey,B,L,DET,P,Mickey Lolich,1974,"A,Detroit,Tigers"
meyed001,Meyer,Dan,L,R,DET,OF,Dan Meyer,1974,"A,Detroit,Tigers"
mosej101,Moses,Jerry,R,R,DET,C,Jerry Moses,1974,"A,Detroit,Tigers"
nettj101,Nettles,Jim,L,L,DET,OF,Jim Nettles,1974,"A,Detroit,Tigers"
nortj101,Northrup,Jim,L,R,DET,OF,Jim Northrup,1974,"A,Detroit,Tigers"
oglib001,Oglivie,Ben,L,L,DET,OF,Ben Oglivie,1974,"A,Detroit,Tigers"
ray-j101,Ray,Jim,R,R,DET,P,Jim Ray,1974,"A,Detroit,Tigers"
robel001,Roberts,Leon,R,R,DET,OF,Leon Roberts,1974,"A,Detroit,Tigers"
rodra101,Rodriguez,Aurelio,R,R,DET,3B,Aurelio Rodriguez,1974,"A,Detroit,Tigers"
ruhlv001,Ruhle,Vern,R,R,DET,P,Vern Ruhle,1974,"A,Detroit,Tigers"
sandr103,Sanders,Reggie,R,R,DET,1B,Reggie Sanders,1974,"A,Detroit,Tigers"
seelc101,Seelbach,Chuck,R,R,DET,P,Chuck Seelbach,1974,"A,Detroit,Tigers"
shard101,Sharon,Dick,R,R,DET,OF,Dick Sharon,1974,"A,Detroit,Tigers"
slayb101,Slayback,Bill,R,R,DET,P,Bill Slayback,1974,"A,Detroit,Tigers"
stanm101,Stanley,Mickey,R,R,DET,OF,Mickey Stanley,1974,"A,Detroit,Tigers"
suthg101,Sutherland,Gary,R,R,DET,2B,Gary Sutherland,1974,"A,Detroit,Tigers"
veryt001,Veryzer,Tom,R,R,DET,SS,Tom Veryzer,1974,"A,Detroit,Tigers"
walkl101,Walker,Luke,L,L,DET,P,Luke Walker,1974,"A,Detroit,Tigers"
wockj001,Wockenfuss,John,R,R,DET,C,John Wockenfuss,1974,"A,Detroit,Tigers"
allel101,Allen,Lloyd,R,R,TEX,P,Lloyd Allen,1974,"A,Texas,Rangers"
bibbj001,Bibby,Jim,R,R,TEX,P,Jim Bibby,1974,"A,Texas,Rangers"
billd101,Billings,Dick,R,R,TEX,C,Dick Billings,1974,"A,Texas,Rangers"
brobp101,Broberg,Pete,R,R,TEX,P,Pete Broberg,1974,"A,Texas,Rangers"
browj109,Brown,Jackie,R,R,TEX,P,Jackie Brown,1974,"A,Texas,Rangers"
browl104,Brown,Larry,R,R,TEX,3B,Larry Brown,1974,"A,Texas,Rangers"
burrj001,Burroughs,Jeff,R,R,TEX,OF,Jeff Burroughs,1974,"A,Texas,Rangers"
cardl101,Cardenas,Leo,R,R,TEX,3B,Leo Cardenas,1974,"A,Texas,Rangers"
clydd101,Clyde,David,L,L,TEX,P,David Clyde,1974,"A,Texas,Rangers"
cubbm101,Cubbage,Mike,L,R,TEX,3B,Mike Cubbage,1974,"A,Texas,Rangers"
dunns101,Dunning,Steve,R,R,TEX,P,Steve Dunning,1974,"A,Texas,Rangers"
faheb101,Fahey,Bill,L,R,TEX,C,Bill Fahey,1974,"A,Texas,Rangers"
foucs101,Foucault,Steve,L,R,TEX,P,Steve Foucault,1974,"A,Texas,Rangers"
fregj101,Fregosi,Jim,R,R,TEX,1B,Jim Fregosi,1974,"A,Texas,Rangers"
griet101,Grieve,Tom,R,R,TEX,DH,Tom Grieve,1974,"A,Texas,Rangers"
handb101,Hands,Bill,R,R,TEX,P,Bill Hands,1974,"A,Texas,Rangers"
hargm001,Hargrove,Mike,L,L,TEX,1B,Mike Hargrove,1974,"A,Texas,Rangers"
hargs101,Hargan,Steve,R,R,TEX,P,Steve Hargan,1974,"A,Texas,Rangers"
harrt001,Harrah,Toby,R,R,TEX,SS,Toby Harrah,1974,"A,Texas,Rangers"
hower001,Howell,Roy,L,R,TEX,3B,Roy Howell,1974,"A,Texas,Rangers"
jenkf101,Jenkins,Fergie,R,R,TEX,P,Fergie Jenkins,1974,"A,Texas,Rangers"
johna104,Johnson,Alex,R,R,TEX,OF,Alex Johnson,1974,"A,Texas,Rangers"
joneb001,Jones,Bob,L,L,TEX,OF,Bob Jones,1974,"A,Texas,Rangers"
lovij102,Lovitto,Joe,B,R,TEX,OF,Joe Lovitto,1974,"A,Texas,Rangers"
mackp101,Mackanin,Pete,R,R,TEX,SS,Pete Mackanin,1974,"A,Texas,Rangers"
merrj102,Merritt,Jim,L,L,TEX,P,Jim Merritt,1974,"A,Texas,Rangers"
moatd101,Moates,Dave,L,L,TEX,PR,Dave Moates,1974,"A,Texas,Rangers"
nelsd101,Nelson,Dave,R,R,TEX,2B,Dave Nelson,1974,"A,Texas,Rangers"
randl101,Randle,Lenny,B,R,TEX,3B,Lenny Randle,1974,"A,Texas,Rangers"
robst101,Robson,Tom,R,R,TEX,DH,Tom Robson,1974,"A,Texas,Rangers"
shelj101,Shellenback,Jim,L,L,TEX,P,Jim Shellenback,1974,"A,Texas,Rangers"
simsd101,Sims,Duke,L,R,TEX,C,Duke Sims,1974,"A,Texas,Rangers"
spenj101,Spencer,Jim,L,L,TEX,1B,Jim Spencer,1974,"A,Texas,Rangers"
stand101,Stanhouse,Don,R,R,TEX,P,Don Stanhouse,1974,"A,Texas,Rangers"
sundj001,Sundberg,Jim,R,R,TEX,C,Jim Sundberg,1974,"A,Texas,Rangers"
terpj101,Terpko,Jeff,R,R,TEX,P,Jeff Terpko,1974,"A,Texas,Rangers"
thoms102,Thomas,Stan,R,R,TEX,P,Stan Thomas,1974,"A,Texas,Rangers"
tovac101,Tovar,Cesar,R,R,TEX,OF,Cesar Tovar,1974,"A,Texas,Rangers"
alval101,Alvarado,Luis,R,R,CLE,2B,Luis Alvarado,1974,"A,Cleveland,Indians"
anded101,Anderson,Dwain,R,R,CLE,2B,Dwain Anderson,1974,"A,Cleveland,Indians"
arlis101,Arlin,Steve,R,R,CLE,P,Steve Arlin,1974,"A,Cleveland,Indians"
ashba001,Ashby,Alan,B,R,CLE,C,Alan Ashby,1974,"A,Cleveland,Indians"
beenf101,Beene,Fred,B,R,CLE,P,Fred Beene,1974,"A,Cleveland,Indians"
bellb001,Bell,Buddy,R,R,CLE,3B,Buddy Bell,1974,"A,Cleveland,Indians"
blano101,Blanco,Ossie,R,R,CLE,1B,Ossie Blanco,1974,"A,Cleveland,Indians"
bosmd101,Bosman,Dick,R,R,CLE,P,Dick Bosman,1974,"A,Cleveland,Indians"
brohj101,Brohamer,Jack,L,R,CLE,2B,Jack Brohamer,1974,"A,Cleveland,Indians"
buskt101,Buskey,Tom,R,R,CLE,P,Tom Buskey,1974,"A,Cleveland,Indians"
cartr101,Carty,Rico,R,R,CLE,DH,Rico Carty,1974,"A,Cleveland,Indians"
chamc001,Chambliss,Chris,L,R,CLE,1B,Chris Chambliss,1974,"A,Cleveland,Indians"
crose101,Crosby,Ed,L,R,CLE,3B,Ed Crosby,1974,"A,Cleveland,Indians"
dufff101,Duffy,Frank,R,R,CLE,SS,Frank Duffy,1974,"A,Cleveland,Indians"
duncd101,Duncan,Dave,R,R,CLE,C,Dave Duncan,1974,"A,Cleveland,Indians"
ellib104,Ellingsen,Bruce,L,L,CLE,P,Bruce Ellingsen,1974,"A,Cleveland,Indians"
ellij101,Ellis,John,R,R,CLE,1B,John Ellis,1974,"A,Cleveland,Indians"
gambo001,Gamble,Oscar,L,R,CLE,DH,Oscar Gamble,1974,"A,Cleveland,Indians"
gogob101,Gogolewski,Bill,L,R,CLE,P,Bill Gogolewski,1974,"A,Cleveland,Indians"
heidj101,Heidemann,Jack,R,R,CLE,3B,Jack Heidemann,1974,"A,Cleveland,Indians"
hendg001,Hendrick,George,R,R,CLE,OF,George Hendrick,1974,"A,Cleveland,Indians"
hermr101,Hermoso,Remy,R,R,CLE,2B,Remy Hermoso,1974,"A,Cleveland,Indians"
hilgt101,Hilgendorf,Tom,B,L,CLE,P,Tom Hilgendorf,1974,"A,Cleveland,Indians"
jetej101,Jeter,Johnny,R,R,CLE,OF,Johnny Jeter,1974,"A,Cleveland,Indians"
johnb103,Johnson,Bob,L,R,CLE,P,Bob Johnson,1974,"A,Cleveland,Indians"
johnl103,Johnson,Larry,R,R,CLE,PR,Larry Johnson,1974,"A,Cleveland,Indians"
kernj001,Kern,Jim,R,R,CLE,P,Jim Kern,1974,"A,Cleveland,Indians"
klins101,Kline,Steve,R,R,CLE,P,Steve Kline,1974,"A,Cleveland,Indians"
kuipd001,Kuiper,Duane,L,R,CLE,2B,Duane Kuiper,1974,"A,Cleveland,Indians"
lee-l101,Lee,Leron,L,R,CLE,OF,Leron Lee,1974,"A,Cleveland,Indians"
lis-j101,Lis,Joe,R,R,CLE,1B,Joe Lis,1974,"A,Cleveland,Indians"
lowej001,Lowenstein,John,L,R,CLE,OF,John Lowenstein,1974,"A,Cleveland,Indians"
mccrt102,McCraw,Tommy,L,L,CLE,1B,Tommy McCraw,1974,"A,Cleveland,Indians"
perrg101,Perry,Gaylord,R,R,CLE,P,Gaylord Perry,1974,"A,Cleveland,Indians"
perrj102,Perry,Jim,B,R,CLE,P,Jim Perry,1974,"A,Cleveland,Indians"
petef101,Peterson,Fritz,B,L,CLE,P,Fritz Peterson,1974,"A,Cleveland,Indians"
robif103,Robinson,Frank,R,R,CLE,DH,Frank Robinson,1974,"A,Cleveland,Indians"
sandk101,Sanders,Ken,R,R,CLE,P,Ken Sanders,1974,"A,Cleveland,Indians"
smitt102,Smith,Tommy,L,R,CLE,OF,Tommy Smith,1974,"A,Cleveland,Indians"
spikc101,Spikes,Charlie,R,R,CLE,OF,Charlie Spikes,1974,"A,Cleveland,Indians"
tidrd001,Tidrow,Dick,R,R,CLE,P,Dick Tidrow,1974,"A,Cleveland,Indians"
timmt101,Timmermann,Tom,R,R,CLE,P,Tom Timmermann,1974,"A,Cleveland,Indians"
torrr101,Torres,Rusty,B,R,CLE,OF,Rusty Torres,1974,"A,Cleveland,Indians"
upshc101,Upshaw,Cecil,R,R,CLE,P,Cecil Upshaw,1974,"A,Cleveland,Indians"
wilcm001,Wilcox,Milt,R,R,CLE,P,Milt Wilcox,1974,"A,Cleveland,Indians"
