player_id,last,first,bats,throws,team_id,pos,player_name,year
altrn101,Altrock,Nick,B,L,WS1,OF,Nick Altrock,1192
barnr104,Barnes,Red,L,R,WS1,OF,Red Barnes,1192
bealw101,Beall,Walter,R,R,WS1,P,Walter Beall,1192
blueo102,Bluege,Ossie,R,R,WS1,3B,Ossie Bluege,1192
bossh101,Boss,Harley,L,L,WS1,1B,Harley Boss,1192
braxg101,Braxton,Garland,B,L,WS1,P,Garland Braxton,1192
browl101,Brown,Lloyd,L,L,WS1,P,Lloyd Brown,1192
burkb102,Burke,Bobby,L,L,WS1,P,Bobby Burke,1192
campa102,Campbell,Archie,R,R,WS1,P,Archie Campbell,1192
cronj101,Cronin,Joe,R,R,WS1,SS,Joe Cronin,1192
flagi101,Flagstead,Ira,R,R,WS1,OF,Ira Flagstead,1192
gharp101,Gharrity,Patsy,R,R,WS1,PH,Patsy Gharrity,1192
goocc101,Gooch,Charlie,R,R,WS1,1B,Charlie Gooch,1192
goslg101,Goslin,Goose,L,R,WS1,OF,Goose Goslin,1192
hadlb101,Hadley,Bump,R,R,WS1,P,Bump Hadley,1192
harrs102,Harris,Spence,L,L,WS1,OF,Spence Harris,1192
hayej101,Hayes,Jackie,R,R,WS1,3B,Jackie Hayes,1192
hopkp101,Hopkins,Paul,R,R,WS1,P,Paul Hopkins,1192
jones104,Jones,Sad Sam,R,R,WS1,P,Sad Sam Jones,1192
judgj101,Judge,Joe,L,L,WS1,1B,Joe Judge,1192
landd103,Land,Doc,L,L,WS1,OF,Doc Land,1192
liska101,Liska,Ad,R,R,WS1,P,Ad Liska,1192
marbf101,Marberry,Firpo,R,R,WS1,P,Firpo Marberry,1192
mccup102,McCullough,Paul,R,R,WS1,P,Paul McCullough,1192
myerb103,Myer,Buddy,L,R,WS1,2B,Buddy Myer,1192
rices101,Rice,Sam,L,R,WS1,OF,Sam Rice,1192
ruelm101,Ruel,Muddy,R,R,WS1,C,Muddy Ruel,1192
savid101,Savidge,Don,R,R,WS1,P,Don Savidge,1192
spenr101,Spencer,Roy,R,R,WS1,C,Roy Spencer,1192
stews101,Stewart,Stuffy,R,R,WS1,2B,Stuffy Stewart,1192
tateb101,Tate,Bennie,L,R,WS1,C,Bennie Tate,1192
thomm101,Thomas,Myles,R,R,WS1,P,Myles Thomas,1192
wests101,West,Sam,L,L,WS1,OF,Sam West,1192
winee101,Wineapple,Ed,L,L,WS1,P,Ed Wineapple,1192
ballp101,Ballenger,Pelham,R,R,WS1,3B,Pelham Ballenger,1192
barnr104,Barnes,Red,L,R,WS1,OF,Red Barnes,1192
blueo102,Bluege,Ossie,R,R,WS1,3B,Ossie Bluege,1192
boola101,Bool,Al,R,R,WS1,C,Al Bool,1192
bossh101,Boss,Harley,L,L,WS1,1B,Harley Boss,1192
braxg101,Braxton,Garland,B,L,WS1,P,Garland Braxton,1192
browl101,Brown,Lloyd,L,L,WS1,P,Lloyd Brown,1192
burkb102,Burke,Bobby,L,L,WS1,P,Bobby Burke,1192
cronj101,Cronin,Joe,R,R,WS1,SS,Joe Cronin,1192
crowe101,Crowley,Ed,R,R,WS1,3B,Ed Crowley,1192
ganzb101,Ganzel,Babe,R,R,WS1,OF,Babe Ganzel,1192
gastm101,Gaston,Milt,R,R,WS1,P,Milt Gaston,1192
gillg102,Gillis,Grant,R,R,WS1,SS,Grant Gillis,1192
goslg101,Goslin,Goose,L,R,WS1,OF,Goose Goslin,1192
hadlb101,Hadley,Bump,R,R,WS1,P,Bump Hadley,1192
harrb106,Harris,Bucky,R,R,WS1,2B,Bucky Harris,1192
hayej101,Hayes,Jackie,R,R,WS1,2B,Jackie Hayes,1192
jones104,Jones,Sad Sam,R,R,WS1,P,Sad Sam Jones,1192
judgj101,Judge,Joe,L,L,WS1,1B,Joe Judge,1192
kenne104,Kenna,Eddie,R,R,WS1,C,Eddie Kenna,1192
liseh101,Lisenbee,Hod,R,R,WS1,P,Hod Lisenbee,1192
marbf101,Marberry,Firpo,R,R,WS1,P,Firpo Marberry,1192
mcmuh101,McMullen,Hugh,B,R,WS1,PH,Hugh McMullen,1192
reevb101,Reeves,Bobby,R,R,WS1,SS,Bobby Reeves,1192
rices101,Rice,Sam,L,R,WS1,OF,Sam Rice,1192
ruelm101,Ruel,Muddy,R,R,WS1,C,Muddy Ruel,1192
sislg101,Sisler,George,L,L,WS1,1B,George Sisler,1192
spald101,Spalding,Dick,L,L,WS1,OF,Dick Spalding,1192
tateb101,Tate,Bennie,L,R,WS1,C,Bennie Tate,1192
vanac101,Van Alstyne,Clay,R,R,WS1,P,Clay Van Alstyne,1192
weavj101,Weaver,Jim,R,R,WS1,P,Jim Weaver,1192
wests101,West,Sam,L,L,WS1,OF,Sam West,1192
zacht101,Zachary,Tom,L,L,WS1,P,Tom Zachary,1192
aldrv101,Aldridge,Vic,R,R,NY1,P,Vic Aldridge,1192
barnv101,Barnes,Virgil,R,R,NY1,P,Virgil Barnes,1192
bentl101,Benton,Larry,R,R,NY1,P,Larry Benton,1192
buckg101,Buckeye,Garland,B,L,NY1,P,Garland Buckeye,1192
cantb102,Cantwell,Ben,R,R,NY1,P,Ben Cantwell,1192
chapt101,Chaplin,Tiny,R,R,NY1,P,Tiny Chaplin,1192
clarb102,Clarkson,Bill,R,R,NY1,P,Bill Clarkson,1192
cohea101,Cohen,Andy,R,R,NY1,2B,Andy Cohen,1192
cummj101,Cummings,Jack,R,R,NY1,C,Jack Cummings,1192
faulj101,Faulkner,Jim,B,L,NY1,P,Jim Faulkner,1192
fitzf101,Fitzsimmons,Freddie,R,R,NY1,P,Freddie Fitzsimmons,1192
foler101,Foley,Ray,L,R,NY1,PH,Ray Foley,1192
fullc101,Fullis,Chick,R,R,NY1,PR,Chick Fullis,1192
genej101,Genewich,Joe,R,R,NY1,P,Joe Genewich,1192
haefb101,Haeffner,Bill,R,R,NY1,C,Bill Haeffner,1192
harpg101,Harper,George,L,R,NY1,OF,George Harper,1192
henrd101,Henry,Dutch,L,L,NY1,P,Dutch Henry,1192
hogas101,Hogan,Shanty,R,R,NY1,C,Shanty Hogan,1192
hubbc101,Hubbell,Carl,R,L,NY1,P,Carl Hubbell,1192
jackt101,Jackson,Travis,R,R,NY1,SS,Travis Jackson,1192
jahna101,Jahn,Art,R,R,NY1,OF,Art Jahn,1192
lindf101,Lindstrom,Freddie,R,R,NY1,3B,Freddie Lindstrom,1192
mangl101,Mangum,Leo,R,R,NY1,P,Leo Mangum,1192
mannl101,Mann,Les,R,R,NY1,OF,Les Mann,1192
nichc101,Nichols,Chet,R,R,NY1,P,Chet Nichols,1192
odoul101,O'Doul,Lefty,L,L,NY1,OF,Lefty O'Doul,1192
ofarb101,O'Farrell,Bob,R,R,NY1,C,Bob O'Farrell,1192
ott-m101,Ott,Mel,L,R,NY1,OF,Mel Ott,1192
pricj101,Price,Joe,R,R,NY1,OF,Joe Price,1192
reesr102,Reese,Andy,R,R,NY1,OF,Andy Reese,1192
rouse101,Roush,Edd,L,L,NY1,OF,Edd Roush,1192
scotj101,Scott,Jack,L,R,NY1,P,Jack Scott,1192
spoha101,Spohrer,Al,R,R,NY1,C,Al Spohrer,1192
terrb101,Terry,Bill,L,L,NY1,1B,Bill Terry,1192
veltp101,Veltman,Pat,R,R,NY1,OF,Pat Veltman,1192
walkb101,Walker,Bill,R,L,NY1,P,Bill Walker,1192
welsj101,Welsh,Jimmy,L,R,NY1,OF,Jimmy Welsh,1192
wrigr102,Wrightstone,Russ,L,R,NY1,1B,Russ Wrightstone,1192
bentl101,Benton,Larry,R,R,NY1,P,Larry Benton,1192
cohea101,Cohen,Andy,R,R,NY1,2B,Andy Cohen,1192
crawp101,Crawford,Pat,L,R,NY1,1B,Pat Crawford,1192
cummj101,Cummings,Jack,R,R,NY1,C,Jack Cummings,1192
farrd101,Farrell,Doc,R,R,NY1,3B,Doc Farrell,1192
fitzf101,Fitzsimmons,Freddie,R,R,NY1,P,Freddie Fitzsimmons,1192
fullc101,Fullis,Chick,R,R,NY1,OF,Chick Fullis,1192
genej101,Genewich,Joe,R,R,NY1,P,Joe Genewich,1192
henrd101,Henry,Dutch,L,L,NY1,P,Dutch Henry,1192
hogas101,Hogan,Shanty,R,R,NY1,C,Shanty Hogan,1192
hubbc101,Hubbell,Carl,R,L,NY1,P,Carl Hubbell,1192
jackt101,Jackson,Travis,R,R,NY1,SS,Travis Jackson,1192
jordb101,Jordan,Buck,L,R,NY1,1B,Buck Jordan,1192
juddr101,Judd,Ralph,L,R,NY1,P,Ralph Judd,1192
kauft101,Kaufmann,Tony,R,R,NY1,OF,Tony Kaufmann,1192
leacf101,Leach,Freddy,L,R,NY1,OF,Freddy Leach,1192
lesls101,Leslie,Sam,L,L,NY1,OF,Sam Leslie,1192
lindf101,Lindstrom,Freddie,R,R,NY1,3B,Freddie Lindstrom,1192
lucar101,Lucas,Ray,R,R,NY1,P,Ray Lucas,1192
marse101,Marshall,Doc,R,R,NY1,2B,Doc Marshall,1192
maysc101,Mays,Carl,L,R,NY1,P,Carl Mays,1192
ofarb101,O'Farrell,Bob,R,R,NY1,C,Bob O'Farrell,1192
ott-m101,Ott,Mel,L,R,NY1,OF,Mel Ott,1192
parmr101,Parmelee,Roy,R,R,NY1,P,Roy Parmelee,1192
reesr102,Reese,Andy,R,R,NY1,2B,Andy Reese,1192
rouse101,Roush,Edd,L,L,NY1,OF,Edd Roush,1192
schar103,Schalk,Ray,R,R,NY1,C,Ray Schalk,1192
scotj101,Scott,Jack,L,R,NY1,P,Jack Scott,1192
tennj101,Tennant,Jim,R,R,NY1,P,Jim Tennant,1192
terrb101,Terry,Bill,L,L,NY1,1B,Bill Terry,1192
veltp101,Veltman,Pat,R,R,NY1,C,Pat Veltman,1192
walkb101,Walker,Bill,R,L,NY1,P,Bill Walker,1192
welsj101,Welsh,Jimmy,L,R,NY1,OF,Jimmy Welsh,1192
bancd101,Bancroft,Dave,B,R,NY1,SS,Dave Bancroft,1192
barnj102,Barnes,Jesse,L,R,NY1,P,Jesse Barnes,1192
barnv101,Barnes,Virgil,R,R,NY1,P,Virgil Barnes,1192
berrj103,Berry,Joe,B,R,NY1,PR,Joe Berry,1192
blumc101,Blume,Clint,R,R,NY1,P,Clint Blume,1192
booni101,Boone,Ike,L,R,NY1,PH,Ike Boone,1192
causr101,Causey,Red,R,R,NY1,P,Red Causey,1192
cunnb102,Cunningham,Bill,R,R,NY1,OF,Bill Cunningham,1192
cvenm101,Cvengros,Mike,L,L,NY1,P,Mike Cvengros,1192
dolac102,Dolan,Cozy,R,R,NY1,PR,Cozy Dolan,1192
dougp101,Douglas,Phil,R,R,NY1,P,Phil Douglas,1192
frisf101,Frisch,Frankie,B,R,NY1,2B,Frankie Frisch,1192
gasta101,Gaston,Alex,R,R,NY1,C,Alex Gaston,1192
grohh101,Groh,Heinie,R,R,NY1,3B,Heinie Groh,1192
higbm101,Higbee,Mahlon,R,R,NY1,OF,Mahlon Higbee,1192
hillc102,Hill,Carmen,R,R,NY1,P,Carmen Hill,1192
jackt101,Jackson,Travis,R,R,NY1,SS,Travis Jackson,1192
johnf101,Johnson,Fred,R,R,NY1,P,Fred Johnson,1192
jonnc101,Jonnard,Claude,R,R,NY1,P,Claude Jonnard,1192
kellg101,Kelly,High Pockets,R,R,NY1,1B,High Pockets Kelly,1192
kingl103,King,Lee,R,R,NY1,1B,Lee King,1192
macpw101,MacPhee,Waddy,R,R,NY1,3B,Waddy MacPhee,1192
maguf101,Maguire,Freddie,R,R,NY1,2B,Freddie Maguire,1192
mcquh101,McQuillan,Hugh,R,R,NY1,P,Hugh McQuillan,1192
meusi101,Meusel,Irish,R,R,NY1,OF,Irish Meusel,1192
nehfa101,Nehf,Art,L,L,NY1,P,Art Nehf,1192
rawlj101,Rawlings,Johnny,R,R,NY1,2B,Johnny Rawlings,1192
robed103,Robertson,Dave,L,L,NY1,OF,Dave Robertson,1192
ryanr101,Ryan,Rosy,L,R,NY1,P,Rosy Ryan,1192
scotj101,Scott,Jack,L,R,NY1,P,Jack Scott,1192
shear102,Shea,Red,R,R,NY1,P,Red Shea,1192
shinr101,Shinners,Ralph,R,R,NY1,OF,Ralph Shinners,1192
smite106,Smith,Earl,L,R,NY1,C,Earl Smith,1192
snydf101,Snyder,Frank,R,R,NY1,C,Frank Snyder,1192
stenc101,Stengel,Casey,L,L,NY1,OF,Casey Stengel,1192
tonef101,Toney,Fred,R,R,NY1,P,Fred Toney,1192
younr101,Youngs,Ross,L,R,NY1,OF,Ross Youngs,1192
bancd101,Bancroft,Dave,B,R,NY1,SS,Dave Bancroft,1192
barnj102,Barnes,Jesse,L,R,NY1,P,Jesse Barnes,1192
barnv101,Barnes,Virgil,R,R,NY1,P,Virgil Barnes,1192
bentj101,Bentley,Jack,L,L,NY1,P,Jack Bentley,1192
blumc101,Blume,Clint,R,R,NY1,P,Clint Blume,1192
cunnb102,Cunningham,Bill,R,R,NY1,OF,Bill Cunningham,1192
frisf101,Frisch,Frankie,B,R,NY1,2B,Frankie Frisch,1192
gasta101,Gaston,Alex,R,R,NY1,C,Alex Gaston,1192
geard101,Gearin,Dinty,L,L,NY1,P,Dinty Gearin,1192
gowdh101,Gowdy,Hank,R,R,NY1,C,Hank Gowdy,1192
grohh101,Groh,Heinie,R,R,NY1,3B,Heinie Groh,1192
huntw101,Huntzinger,Walt,R,R,NY1,P,Walt Huntzinger,1192
jackt101,Jackson,Travis,R,R,NY1,SS,Travis Jackson,1192
johnf101,Johnson,Fred,R,R,NY1,P,Fred Johnson,1192
jonnc101,Jonnard,Claude,R,R,NY1,P,Claude Jonnard,1192
kellg101,Kelly,High Pockets,R,R,NY1,1B,High Pockets Kelly,1192
lucar102,Lucas,Red,L,R,NY1,P,Red Lucas,1192
maguf101,Maguire,Freddie,R,R,NY1,2B,Freddie Maguire,1192
mcquh101,McQuillan,Hugh,R,R,NY1,P,Hugh McQuillan,1192
meusi101,Meusel,Irish,R,R,NY1,OF,Irish Meusel,1192
nehfa101,Nehf,Art,L,L,NY1,P,Art Nehf,1192
oconj102,O'Connell,Jimmy,L,R,NY1,OF,Jimmy O'Connell,1192
ryanr101,Ryan,Rosy,L,R,NY1,P,Rosy Ryan,1192
scotj101,Scott,Jack,L,R,NY1,P,Jack Scott,1192
shinr101,Shinners,Ralph,R,R,NY1,OF,Ralph Shinners,1192
smite106,Smith,Earl,L,R,NY1,C,Earl Smith,1192
snydf101,Snyder,Frank,R,R,NY1,C,Frank Snyder,1192
solom101,Solomon,Mose,L,L,NY1,OF,Mose Solomon,1192
stenc101,Stengel,Casey,L,L,NY1,OF,Casey Stengel,1192
terrb101,Terry,Bill,L,L,NY1,1B,Bill Terry,1192
walbr101,Walberg,Rube,L,L,NY1,P,Rube Walberg,1192
watsm103,Watson,Mule,R,R,NY1,P,Mule Watson,1192
wilsh102,Wilson,Hack,R,R,NY1,OF,Hack Wilson,1192
younr101,Youngs,Ross,L,R,NY1,OF,Ross Youngs,1192
bancd101,Bancroft,Dave,B,R,NY1,SS,Dave Bancroft,1192
barnj102,Barnes,Jesse,L,R,NY1,P,Jesse Barnes,1192
bentr102,Benton,Rube,R,L,NY1,P,Rube Benton,1192
berrj103,Berry,Joe,B,R,NY1,2B,Joe Berry,1192
browe102,Brown,Eddie,R,R,NY1,OF,Eddie Brown,1192
burng101,Burns,George,R,R,NY1,OF,George Burns,1192
causr101,Causey,Red,R,R,NY1,P,Red Causey,1192
connj101,Connolly,Joe,R,R,NY1,OF,Joe Connolly,1192
cunnb102,Cunningham,Bill,R,R,NY1,OF,Bill Cunningham,1192
dougp101,Douglas,Phil,R,R,NY1,P,Phil Douglas,1192
frisf101,Frisch,Frankie,B,R,NY1,3B,Frankie Frisch,1192
gasta101,Gaston,Alex,R,R,NY1,C,Alex Gaston,1192
gonzm101,Gonzalez,Mike,R,R,NY1,1B,Mike Gonzalez,1192
heinb101,Heine,Bud,L,R,NY1,2B,Bud Heine,1192
henlb101,Henline,Butch,R,R,NY1,PH,Butch Henline,1192
jonnc101,Jonnard,Claude,R,R,NY1,P,Claude Jonnard,1192
kellg101,Kelly,High Pockets,R,R,NY1,1B,High Pockets Kelly,1192
kingl103,King,Lee,R,R,NY1,OF,Lee King,1192
kopfw101,Kopf,Wally,B,R,NY1,3B,Wally Kopf,1192
mahaj101,Mahady,Jim,R,R,NY1,2B,Jim Mahady,1192
meusi101,Meusel,Irish,R,R,NY1,OF,Irish Meusel,1192
monrj101,Monroe,John,L,R,NY1,2B,John Monroe,1192
nehfa101,Nehf,Art,L,L,NY1,P,Art Nehf,1192
pattp101,Patterson,Pat,R,R,NY1,3B,Pat Patterson,1192
perrp101,Perritt,Pol,R,R,NY1,P,Pol Perritt,1192
rappg101,Rapp,Goldie,B,R,NY1,3B,Goldie Rapp,1192
rawlj101,Rawlings,Johnny,R,R,NY1,2B,Johnny Rawlings,1192
ryanr101,Ryan,Rosy,L,R,NY1,P,Rosy Ryan,1192
salls101,Sallee,Slim,R,L,NY1,P,Slim Sallee,1192
schrh101,Schreiber,Hank,R,R,NY1,2B,Hank Schreiber,1192
shear102,Shea,Red,R,R,NY1,P,Red Shea,1192
smite106,Smith,Earl,L,R,NY1,C,Earl Smith,1192
snydf101,Snyder,Frank,R,R,NY1,C,Frank Snyder,1192
stenc101,Stengel,Casey,L,L,NY1,OF,Casey Stengel,1192
tonef101,Toney,Fred,R,R,NY1,P,Fred Toney,1192
walkc101,Walker,Curt,L,R,NY1,OF,Curt Walker,1192
younr101,Youngs,Ross,L,R,NY1,OF,Ross Youngs,1192
zinkw101,Zink,Walter,R,R,NY1,P,Walter Zink,1192
baird101,Baird,Doug,R,R,NY1,3B,Doug Baird,1192
bancd101,Bancroft,Dave,B,R,NY1,SS,Dave Bancroft,1192
barnj102,Barnes,Jesse,L,R,NY1,P,Jesse Barnes,1192
barnv101,Barnes,Virgil,R,R,NY1,P,Virgil Barnes,1192
bentr102,Benton,Rube,R,L,NY1,P,Rube Benton,1192
browe102,Brown,Eddie,R,R,NY1,OF,Eddie Brown,1192
burng101,Burns,George,R,R,NY1,OF,George Burns,1192
davec101,Davenport,Claude,R,R,NY1,P,Claude Davenport,1192
dougp101,Douglas,Phil,R,R,NY1,P,Phil Douglas,1192
doyll101,Doyle,Larry,L,R,NY1,2B,Larry Doyle,1192
fleta101,Fletcher,Art,R,R,NY1,SS,Art Fletcher,1192
frisf101,Frisch,Frankie,B,R,NY1,3B,Frankie Frisch,1192
gasta101,Gaston,Alex,R,R,NY1,C,Alex Gaston,1192
gonzm101,Gonzalez,Mike,R,R,NY1,C,Mike Gonzalez,1192
grifp101,Griffin,Pug,R,R,NY1,OF,Pug Griffin,1192
grimr104,Grimes,Roy,R,R,NY1,2B,Roy Grimes,1192
grubt101,Grubbs,Tom,R,R,NY1,P,Tom Grubbs,1192
hubbb101,Hubbell,Bill,R,R,NY1,P,Bill Hubbell,1192
kaufb101,Kauff,Benny,L,L,NY1,OF,Benny Kauff,1192
kellg101,Kelly,High Pockets,R,R,NY1,1B,High Pockets Kelly,1192
kingl103,King,Lee,R,R,NY1,OF,Lee King,1192
kinsb101,Kinsella,Bob,L,R,NY1,OF,Bob Kinsella,1192
learf102,Lear,Fred,R,R,NY1,3B,Fred Lear,1192
lefea101,Lefevre,Al,R,R,NY1,SS,Al Lefevre,1192
mccal102,McCarty,Lew,R,R,NY1,C,Lew McCarty,1192
nehfa101,Nehf,Art,L,L,NY1,P,Art Nehf,1192
perrp101,Perritt,Pol,R,R,NY1,P,Pol Perritt,1192
ryanr101,Ryan,Rosy,L,R,NY1,P,Rosy Ryan,1192
salls101,Sallee,Slim,R,L,NY1,P,Slim Sallee,1192
sicke101,Sicking,Ed,R,R,NY1,3B,Ed Sicking,1192
smite106,Smith,Earl,L,R,NY1,C,Earl Smith,1192
snydf101,Snyder,Frank,R,R,NY1,C,Frank Snyder,1192
spenv101,Spencer,Vern,L,R,NY1,OF,Vern Spencer,1192
statj101,Statz,Jigger,R,R,NY1,OF,Jigger Statz,1192
tonef101,Toney,Fred,R,R,NY1,P,Fred Toney,1192
walkc101,Walker,Curt,L,R,NY1,OF,Curt Walker,1192
wintj101,Winters,Jesse,R,R,NY1,P,Jesse Winters,1192
younr101,Youngs,Ross,L,R,NY1,OF,Ross Youngs,1192
ainse101,Ainsmith,Eddie,R,R,NY1,C,Eddie Ainsmith,1192
baldh101,Baldwin,Harry,R,R,NY1,P,Harry Baldwin,1192
barnv101,Barnes,Virgil,R,R,NY1,P,Virgil Barnes,1192
bentj101,Bentley,Jack,L,L,NY1,P,Jack Bentley,1192
cadol101,Cadore,Leon,R,R,NY1,P,Leon Cadore,1192
crumb101,Crump,Buddy,L,L,NY1,OF,Buddy Crump,1192
deanw101,Dean,Wayland,B,R,NY1,P,Wayland Dean,1192
frisf101,Frisch,Frankie,B,R,NY1,2B,Frankie Frisch,1192
geard101,Gearin,Dinty,L,L,NY1,P,Dinty Gearin,1192
gowdh101,Gowdy,Hank,R,R,NY1,C,Hank Gowdy,1192
greek101,Greenfield,Kent,R,R,NY1,P,Kent Greenfield,1192
grohh101,Groh,Heinie,R,R,NY1,3B,Heinie Groh,1192
hartg102,Hartley,Grover,R,R,NY1,C,Grover Hartley,1192
huntw101,Huntzinger,Walt,R,R,NY1,P,Walt Huntzinger,1192
jackt101,Jackson,Travis,R,R,NY1,SS,Travis Jackson,1192
jonnc101,Jonnard,Claude,R,R,NY1,P,Claude Jonnard,1192
kellg101,Kelly,High Pockets,R,R,NY1,1B,High Pockets Kelly,1192
lindf101,Lindstrom,Freddie,R,R,NY1,2B,Freddie Lindstrom,1192
maune101,Maun,Ernie,R,R,NY1,P,Ernie Maun,1192
mcquh101,McQuillan,Hugh,R,R,NY1,P,Hugh McQuillan,1192
meusi101,Meusel,Irish,R,R,NY1,OF,Irish Meusel,1192
nehfa101,Nehf,Art,L,L,NY1,P,Art Nehf,1192
oconj102,O'Connell,Jimmy,L,R,NY1,OF,Jimmy O'Connell,1192
oescj101,Oeschger,Joe,R,R,NY1,P,Joe Oeschger,1192
ryanr101,Ryan,Rosy,L,R,NY1,P,Rosy Ryan,1192
snydf101,Snyder,Frank,R,R,NY1,C,Frank Snyder,1192
soutb101,Southworth,Billy,L,R,NY1,OF,Billy Southworth,1192
terrb101,Terry,Bill,L,L,NY1,1B,Bill Terry,1192
watsm103,Watson,Mule,R,R,NY1,P,Mule Watson,1192
wilsh102,Wilson,Hack,R,R,NY1,OF,Hack Wilson,1192
younr101,Youngs,Ross,L,R,NY1,OF,Ross Youngs,1192
baldh101,Baldwin,Harry,R,R,NY1,P,Harry Baldwin,1192
barnv101,Barnes,Virgil,R,R,NY1,P,Virgil Barnes,1192
bentj101,Bentley,Jack,L,L,NY1,P,Jack Bentley,1192
cartb101,Carter,Blackie,R,R,NY1,OF,Blackie Carter,1192
davic104,Davies,Chick,L,L,NY1,P,Chick Davies,1192
deanw101,Dean,Wayland,B,R,NY1,P,Wayland Dean,1192
devim101,Devine,Mickey,R,R,NY1,C,Mickey Devine,1192
farrd101,Farrell,Doc,R,R,NY1,SS,Doc Farrell,1192
fitzf101,Fitzsimmons,Freddie,R,R,NY1,P,Freddie Fitzsimmons,1192
frisf101,Frisch,Frankie,B,R,NY1,3B,Frankie Frisch,1192
gowdh101,Gowdy,Hank,R,R,NY1,C,Hank Gowdy,1192
greek101,Greenfield,Kent,R,R,NY1,P,Kent Greenfield,1192
grohh101,Groh,Heinie,R,R,NY1,3B,Heinie Groh,1192
hartg102,Hartley,Grover,R,R,NY1,C,Grover Hartley,1192
huntw101,Huntzinger,Walt,R,R,NY1,P,Walt Huntzinger,1192
jackt101,Jackson,Travis,R,R,NY1,SS,Travis Jackson,1192
kellg101,Kelly,High Pockets,R,R,NY1,2B,High Pockets Kelly,1192
koehp101,Koehler,Pip,R,R,NY1,OF,Pip Koehler,1192
lindf101,Lindstrom,Freddie,R,R,NY1,3B,Freddie Lindstrom,1192
mcmuh101,McMullen,Hugh,B,R,NY1,C,Hugh McMullen,1192
mcquh101,McQuillan,Hugh,R,R,NY1,P,Hugh McQuillan,1192
meusi101,Meusel,Irish,R,R,NY1,OF,Irish Meusel,1192
moora103,Moore,Al,R,R,NY1,OF,Al Moore,1192
nehfa101,Nehf,Art,L,L,NY1,P,Art Nehf,1192
scotj101,Scott,Jack,L,R,NY1,P,Jack Scott,1192
snydf101,Snyder,Frank,R,R,NY1,C,Frank Snyder,1192
soutb101,Southworth,Billy,L,R,NY1,OF,Billy Southworth,1192
terrb101,Terry,Bill,L,L,NY1,1B,Bill Terry,1192
walkf102,Walker,Frank,R,R,NY1,OF,Frank Walker,1192
webbe101,Webb,Earl,L,R,NY1,PH,Earl Webb,1192
wilsh102,Wilson,Hack,R,R,NY1,OF,Hack Wilson,1192
wisnj101,Wisner,Jack,R,R,NY1,P,Jack Wisner,1192
younr101,Youngs,Ross,L,R,NY1,OF,Ross Youngs,1192
barnv101,Barnes,Virgil,R,R,NY1,P,Virgil Barnes,1192
bentj101,Bentley,Jack,L,L,NY1,P,Jack Bentley,1192
bentl101,Benton,Larry,R,R,NY1,P,Larry Benton,1192
boneh101,Boney,Hank,L,R,NY1,P,Hank Boney,1192
bushj102,Bush,Bullet Joe,R,R,NY1,P,Bullet Joe Bush,1192
cantb102,Cantwell,Ben,R,R,NY1,P,Ben Cantwell,1192
cheev101,Cheeves,Virgil,R,R,NY1,P,Virgil Cheeves,1192
clarb102,Clarkson,Bill,R,R,NY1,P,Bill Clarkson,1192
cummj101,Cummings,Jack,R,R,NY1,C,Jack Cummings,1192
devoa101,DeVormer,Al,R,R,NY1,C,Al DeVormer,1192
farrd101,Farrell,Doc,R,R,NY1,SS,Doc Farrell,1192
faulj101,Faulkner,Jim,B,L,NY1,P,Jim Faulkner,1192
fitzf101,Fitzsimmons,Freddie,R,R,NY1,P,Freddie Fitzsimmons,1192
greek101,Greenfield,Kent,R,R,NY1,P,Kent Greenfield,1192
grimb101,Grimes,Burleigh,R,R,NY1,P,Burleigh Grimes,1192
hambj101,Hamby,Jim,R,R,NY1,C,Jim Hamby,1192
harpg101,Harper,George,L,R,NY1,OF,George Harper,1192
henrd101,Henry,Dutch,L,L,NY1,P,Dutch Henry,1192
hollm101,Holland,Mul,R,R,NY1,P,Mul Holland,1192
hornr101,Hornsby,Rogers,R,R,NY1,2B,Rogers Hornsby,1192
jackt101,Jackson,Travis,R,R,NY1,SS,Travis Jackson,1192
jeant101,Jeanes,Tex,R,R,NY1,OF,Tex Jeanes,1192
johna103,Johnson,Art,B,L,NY1,P,Art Johnson,1192
jordb101,Jordan,Buck,L,R,NY1,PH,Buck Jordan,1192
klinj102,Klinger,Joe,R,R,NY1,OF,Joe Klinger,1192
lindf101,Lindstrom,Freddie,R,R,NY1,3B,Freddie Lindstrom,1192
mannl101,Mann,Les,R,R,NY1,OF,Les Mann,1192
mcquh101,McQuillan,Hugh,R,R,NY1,P,Hugh McQuillan,1192
muelh102,Mueller,Heinie,L,L,NY1,OF,Heinie Mueller,1192
oneim102,O'Neil,Mickey,R,R,NY1,C,Mickey O'Neil,1192
ott-m101,Ott,Mel,L,R,NY1,OF,Mel Ott,1192
plitn101,Plitt,Norman,R,R,NY1,P,Norman Plitt,1192
portn101,Porter,Ned,R,R,NY1,P,Ned Porter,1192
reesr102,Reese,Andy,R,R,NY1,3B,Andy Reese,1192
rouse101,Roush,Edd,L,L,NY1,OF,Edd Roush,1192
smitr105,Smith,Red,R,R,NY1,C,Red Smith,1192
songd101,Songer,Don,L,L,NY1,P,Don Songer,1192
taylz101,Taylor,Zack,R,R,NY1,C,Zack Taylor,1192
terrb101,Terry,Bill,L,L,NY1,1B,Bill Terry,1192
thomf105,Thomas,Fay,R,R,NY1,P,Fay Thomas,1192
thomh102,Thomas,Herb,R,R,NY1,OF,Herb Thomas,1192
tysot102,Tyson,Ty,R,R,NY1,OF,Ty Tyson,1192
walkb101,Walker,Bill,R,L,NY1,P,Bill Walker,1192
barnv101,Barnes,Virgil,R,R,NY1,P,Virgil Barnes,1192
bentj101,Bentley,Jack,L,L,NY1,P,Jack Bentley,1192
boylj103,Boyle,Jim,R,R,NY1,C,Jim Boyle,1192
cartb101,Carter,Blackie,R,R,NY1,OF,Blackie Carter,1192
cohea101,Cohen,Andy,R,R,NY1,2B,Andy Cohen,1192
connj108,Connell,Joe,L,L,NY1,PH,Joe Connell,1192
cotep101,Cote,Pete,R,R,NY1,PH,Pete Cote,1192
cummj101,Cummings,Jack,R,R,NY1,C,Jack Cummings,1192
davic104,Davies,Chick,L,L,NY1,P,Chick Davies,1192
farrd101,Farrell,Doc,R,R,NY1,SS,Doc Farrell,1192
fitzf101,Fitzsimmons,Freddie,R,R,NY1,P,Freddie Fitzsimmons,1192
florp101,Florence,Paul,B,R,NY1,C,Paul Florence,1192
frisf101,Frisch,Frankie,B,R,NY1,2B,Frankie Frisch,1192
greek101,Greenfield,Kent,R,R,NY1,P,Kent Greenfield,1192
grohh101,Groh,Heinie,R,R,NY1,3B,Heinie Groh,1192
hambj101,Hamby,Jim,R,R,NY1,C,Jim Hamby,1192
hartg102,Hartley,Grover,R,R,NY1,C,Grover Hartley,1192
jackt101,Jackson,Travis,R,R,NY1,SS,Travis Jackson,1192
johnj107,Johnston,Jimmy,R,R,NY1,OF,Jimmy Johnston,1192
kellg101,Kelly,High Pockets,R,R,NY1,1B,High Pockets Kelly,1192
lindf101,Lindstrom,Freddie,R,R,NY1,3B,Freddie Lindstrom,1192
mcmuh101,McMullen,Hugh,B,R,NY1,C,Hugh McMullen,1192
mcnat101,McNamara,Tim,R,R,NY1,P,Tim McNamara,1192
mcquh101,McQuillan,Hugh,R,R,NY1,P,Hugh McQuillan,1192
meusi101,Meusel,Irish,R,R,NY1,OF,Irish Meusel,1192
moora103,Moore,Al,R,R,NY1,OF,Al Moore,1192
muelh102,Mueller,Heinie,L,L,NY1,OF,Heinie Mueller,1192
nehfa101,Nehf,Art,L,L,NY1,P,Art Nehf,1192
ott-m101,Ott,Mel,L,R,NY1,OF,Mel Ott,1192
poetj101,Poetz,Joe,R,R,NY1,P,Joe Poetz,1192
portn101,Porter,Ned,R,R,NY1,P,Ned Porter,1192
ringj101,Ring,Jimmy,R,R,NY1,P,Jimmy Ring,1192
scotj101,Scott,Jack,L,R,NY1,P,Jack Scott,1192
slays102,Slayback,Scottie,R,R,NY1,2B,Scottie Slayback,1192
smita103,Smith,Al,R,R,NY1,P,Al Smith,1192
smitm103,Smith,Mike,L,R,NY1,OF,Mike Smith,1192
snydf101,Snyder,Frank,R,R,NY1,C,Frank Snyder,1192
soutb101,Southworth,Billy,L,R,NY1,OF,Billy Southworth,1192
terrb101,Terry,Bill,L,L,NY1,1B,Bill Terry,1192
thomf106,Thompson,Fresco,R,R,NY1,2B,Fresco Thompson,1192
tysot102,Tyson,Ty,R,R,NY1,OF,Ty Tyson,1192
wisnj101,Wisner,Jack,R,R,NY1,P,Jack Wisner,1192
younr101,Youngs,Ross,L,R,NY1,OF,Ross Youngs,1192
blueo102,Bluege,Ossie,R,R,WS1,3B,Ossie Bluege,1192
brilj101,Brillheart,Jim,R,L,WS1,P,Jim Brillheart,1192
bushd102,Bush,Donie,B,R,WS1,3B,Donie Bush,1192
conrb102,Conroy,Bill,R,R,WS1,3B,Bill Conroy,1192
evanj101,Evans,Joe,R,R,WS1,OF,Joe Evans,1192
fishs101,Fisher,Showboat,L,R,WS1,OF,Showboat Fisher,1192
frids101,Friday,Skipper,R,R,WS1,P,Skipper Friday,1192
gharp101,Gharrity,Patsy,R,R,WS1,C,Patsy Gharrity,1192
goslg101,Goslin,Goose,L,R,WS1,OF,Goose Goslin,1192
hargp101,Hargrave,Pinky,R,R,WS1,3B,Pinky Hargrave,1192
harrb106,Harris,Bucky,R,R,WS1,2B,Bucky Harris,1192
hollb102,Hollingsworth,Bonnie,R,R,WS1,P,Bonnie Hollingsworth,1192
johnw102,Johnson,Walter,R,R,WS1,P,Walter Johnson,1192
judgj101,Judge,Joe,L,L,WS1,1B,Joe Judge,1192
lapap101,Lapan,Pete,R,R,WS1,PH,Pete Lapan,1192
leibn101,Leibold,Nemo,L,R,WS1,OF,Nemo Leibold,1192
marbf101,Marberry,Firpo,R,R,WS1,P,Firpo Marberry,1192
mcgrs101,McGrew,Slim,R,R,WS1,P,Slim McGrew,1192
mitcm101,Mitchell,Monroe,R,R,WS1,P,Monroe Mitchell,1192
mogrg101,Mogridge,George,L,L,WS1,P,George Mogridge,1192
murrb101,Murray,Bobby,L,R,WS1,3B,Bobby Murray,1192
oneij104,O'Neill,Jim,R,R,WS1,2B,Jim O'Neill,1192
peckr101,Peckinpaugh,Roger,R,R,WS1,SS,Roger Peckinpaugh,1192
potts101,Potter,Squire,R,R,WS1,P,Squire Potter,1192
propj101,Propst,Jake,L,R,WS1,PH,Jake Propst,1192
protd101,Prothro,Doc,R,R,WS1,3B,Doc Prothro,1192
rices101,Rice,Sam,L,R,WS1,OF,Sam Rice,1192
rilej101,Riley,Jim,L,R,WS1,1B,Jim Riley,1192
roe-c101,Roe,Clay,L,L,WS1,P,Clay Roe,1192
ruelm101,Ruel,Muddy,R,R,WS1,C,Muddy Ruel,1192
russa101,Russell,Allen,B,R,WS1,P,Allen Russell,1192
schef103,Schemanske,Fred,R,R,WS1,P,Fred Schemanske,1192
sedgd101,Sedgwick,Duke,R,R,WS1,P,Duke Sedgwick,1192
smitc103,Smith,Carr,R,R,WS1,OF,Carr Smith,1192
wader101,Wade,Rip,L,R,WS1,OF,Rip Wade,1192
warmc101,Warmoth,Cy,L,L,WS1,P,Cy Warmoth,1192
wingt101,Wingfield,Ted,R,R,WS1,P,Ted Wingfield,1192
zacht101,Zachary,Tom,L,L,WS1,P,Tom Zachary,1192
zahnp101,Zahniser,Paul,R,R,WS1,P,Paul Zahniser,1192
blueo102,Bluege,Ossie,R,R,WS1,3B,Ossie Bluege,1192
brilj101,Brillheart,Jim,R,L,WS1,P,Jim Brillheart,1192
browf102,Brower,Frank,L,R,WS1,OF,Frank Brower,1192
bushd102,Bush,Donie,B,R,WS1,3B,Donie Bush,1192
courh101,Courtney,Harry,L,L,WS1,P,Harry Courtney,1192
erice101,Erickson,Eric,R,R,WS1,P,Eric Erickson,1192
franr101,Francis,Ray,L,L,WS1,P,Ray Francis,1192
gharp101,Gharrity,Patsy,R,R,WS1,C,Patsy Gharrity,1192
gleaj101,Gleason,Joe,R,R,WS1,P,Joe Gleason,1192
goebe101,Goebel,Ed,R,R,WS1,OF,Ed Goebel,1192
goslg101,Goslin,Goose,L,R,WS1,OF,Goose Goslin,1192
harrb106,Harris,Bucky,R,R,WS1,2B,Bucky Harris,1192
johnw102,Johnson,Walter,R,R,WS1,P,Walter Johnson,1192
judgj101,Judge,Joe,L,L,WS1,1B,Joe Judge,1192
lamob101,LaMotte,Bobby,R,R,WS1,3B,Bobby LaMotte,1192
lapap101,Lapan,Pete,R,R,WS1,C,Pete Lapan,1192
mcgrs101,McGrew,Slim,R,R,WS1,P,Slim McGrew,1192
mcnag101,McNamara,George,L,R,WS1,OF,George McNamara,1192
milac101,Milan,Clyde,L,R,WS1,OF,Clyde Milan,1192
mogrg101,Mogridge,George,L,L,WS1,P,George Mogridge,1192
peckr101,Peckinpaugh,Roger,R,R,WS1,SS,Roger Peckinpaugh,1192
philt102,Phillips,Tom,R,R,WS1,P,Tom Phillips,1192
piciv101,Picinich,Val,R,R,WS1,C,Val Picinich,1192
rices101,Rice,Sam,L,R,WS1,OF,Sam Rice,1192
shanh101,Shanks,Howie,R,R,WS1,3B,Howie Shanks,1192
smite107,Smith,Earl,B,R,WS1,OF,Earl Smith,1192
torrr102,Torres,Ricardo,R,R,WS1,C,Ricardo Torres,1192
turkl101,Turk,Lucas,R,R,WS1,P,Lucas Turk,1192
warmc101,Warmoth,Cy,L,L,WS1,P,Cy Warmoth,1192
woodf102,Woodward,Frank,R,R,WS1,P,Frank Woodward,1192
younc101,Youngblood,Chief,L,R,WS1,P,Chief Youngblood,1192
zacht101,Zachary,Tom,L,L,WS1,P,Tom Zachary,1192
acosj101,Acosta,Jose,R,R,WS1,P,Jose Acosta,1192
biemh101,Biemiller,Harry,R,R,WS1,P,Harry Biemiller,1192
bonog101,Bono,Gus,R,R,WS1,P,Gus Bono,1192
bowme102,Bowman,Elmer,R,R,WS1,PH,Elmer Bowman,1192
browf102,Brower,Frank,L,R,WS1,OF,Frank Brower,1192
calvj101,Calvo,Jack,L,L,WS1,OF,Jack Calvo,1192
carll101,Carlson,Leon,R,R,WS1,P,Leon Carlson,1192
conwj101,Conway,Jerry,L,L,WS1,P,Jerry Conway,1192
courh101,Courtney,Harry,L,L,WS1,P,Harry Courtney,1192
ellef101,Ellerbe,Frank,R,R,WS1,3B,Frank Ellerbe,1192
engej101,Engel,Joe,R,L,WS1,P,Joe Engel,1192
erice101,Erickson,Eric,R,R,WS1,P,Eric Erickson,1192
fishc101,Fisher,Clarence,R,R,WS1,P,Clarence Fisher,1192
gharp101,Gharrity,Patsy,R,R,WS1,C,Patsy Gharrity,1192
gleaj101,Gleason,Joe,R,R,WS1,P,Joe Gleason,1192
harrb106,Harris,Bucky,R,R,WS1,2B,Bucky Harris,1192
hollb104,Hollahan,Bill,R,R,WS1,3B,Bill Hollahan,1192
johne104,Johnson,Ed,L,R,WS1,OF,Ed Johnson,1192
johnw102,Johnson,Walter,R,R,WS1,P,Walter Johnson,1192
judgj101,Judge,Joe,L,L,WS1,1B,Joe Judge,1192
lamob101,LaMotte,Bobby,R,R,WS1,3B,Bobby LaMotte,1192
leonj101,Leonard,Joe,L,R,WS1,PR,Joe Leonard,1192
mcbrg101,McBride,George,R,R,WS1,SS,George McBride,1192
milac101,Milan,Clyde,L,R,WS1,OF,Clyde Milan,1192
oneij104,O'Neill,Jim,R,R,WS1,SS,Jim O'Neill,1192
orouf101,O'Rourke,Frank,R,R,WS1,SS,Frank O'Rourke,1192
piciv101,Picinich,Val,R,R,WS1,C,Val Picinich,1192
protd101,Prothro,Doc,R,R,WS1,3B,Doc Prothro,1192
rices101,Rice,Sam,L,R,WS1,OF,Sam Rice,1192
rothb102,Roth,Braggo,R,R,WS1,OF,Braggo Roth,1192
schaa101,Schacht,Al,R,R,WS1,P,Al Schacht,1192
shanh101,Shanks,Howie,R,R,WS1,3B,Howie Shanks,1192
shanr101,Shannon,Red,B,R,WS1,SS,Red Shannon,1192
shawj101,Shaw,Jim,R,R,WS1,P,Jim Shaw,1192
shird101,Shirey,Duke,R,R,WS1,P,Duke Shirey,1192
snydb102,Snyder,Bill,R,R,WS1,P,Bill Snyder,1192
thomf102,Thomas,Fred,R,R,WS1,3B,Fred Thomas,1192
torrr102,Torres,Ricardo,R,R,WS1,1B,Ricardo Torres,1192
watta101,Watt,Allie,R,R,WS1,2B,Allie Watt,1192
zacht101,Zachary,Tom,L,L,WS1,P,Tom Zachary,1192
acosj101,Acosta,Jose,R,R,WS1,P,Jose Acosta,1192
birdr101,Bird,Red,L,L,WS1,P,Red Bird,1192
brott101,Brottem,Tony,R,R,WS1,C,Tony Brottem,1192
browf102,Brower,Frank,L,R,WS1,OF,Frank Brower,1192
bushd102,Bush,Donie,B,R,WS1,SS,Donie Bush,1192
courh101,Courtney,Harry,L,L,WS1,P,Harry Courtney,1192
ellef101,Ellerbe,Frank,R,R,WS1,PH,Frank Ellerbe,1192
erice101,Erickson,Eric,R,R,WS1,P,Eric Erickson,1192
fossg101,Foss,George,R,R,WS1,3B,George Foss,1192
gainn101,Gaines,Nemo,L,L,WS1,P,Nemo Gaines,1192
gharp101,Gharrity,Patsy,R,R,WS1,C,Patsy Gharrity,1192
goslg101,Goslin,Goose,L,R,WS1,OF,Goose Goslin,1192
harrb106,Harris,Bucky,R,R,WS1,2B,Bucky Harris,1192
johnw102,Johnson,Walter,R,R,WS1,P,Walter Johnson,1192
judgj101,Judge,Joe,L,L,WS1,1B,Joe Judge,1192
lamob101,LaMotte,Bobby,R,R,WS1,SS,Bobby LaMotte,1192
lewid101,Lewis,Duffy,R,R,WS1,OF,Duffy Lewis,1192
mcilv101,McIlree,Vance,R,R,WS1,P,Vance McIlree,1192
milac101,Milan,Clyde,L,R,WS1,OF,Clyde Milan,1192
millb110,Miller,Bing,R,R,WS1,OF,Bing Miller,1192
millr102,Miller,Ralph,R,L,WS1,P,Ralph Miller,1192
mogrg101,Mogridge,George,L,L,WS1,P,George Mogridge,1192
orouf101,O'Rourke,Frank,R,R,WS1,SS,Frank O'Rourke,1192
philt102,Phillips,Tom,R,R,WS1,P,Tom Phillips,1192
piciv101,Picinich,Val,R,R,WS1,C,Val Picinich,1192
rices101,Rice,Sam,L,R,WS1,OF,Sam Rice,1192
schaa101,Schacht,Al,R,R,WS1,P,Al Schacht,1192
shanh101,Shanks,Howie,R,R,WS1,3B,Howie Shanks,1192
shawj101,Shaw,Jim,R,R,WS1,P,Jim Shaw,1192
smite107,Smith,Earl,B,R,WS1,OF,Earl Smith,1192
torrr102,Torres,Ricardo,R,R,WS1,C,Ricardo Torres,1192
woodf102,Woodward,Frank,R,R,WS1,P,Frank Woodward,1192
zacht101,Zachary,Tom,L,L,WS1,P,Tom Zachary,1192
adams102,Adams,Spencer,L,R,WS1,2B,Spencer Adams,1192
ballw101,Ballou,Win,R,R,WS1,P,Win Ballou,1192
blueo102,Bluege,Ossie,R,R,WS1,3B,Ossie Bluege,1192
carlr101,Carlyle,Roy,L,R,WS1,PH,Roy Carlyle,1192
coves101,Coveleski,Stan,R,R,WS1,P,Stan Coveleski,1192
ferga101,Ferguson,Alex,R,R,WS1,P,Alex Ferguson,1192
goslg101,Goslin,Goose,L,R,WS1,OF,Goose Goslin,1192
gregv101,Gregg,Vean,R,L,WS1,P,Vean Gregg,1192
hargp101,Hargrave,Pinky,R,R,WS1,C,Pinky Hargrave,1192
harrb106,Harris,Bucky,R,R,WS1,2B,Bucky Harris,1192
harrj103,Harris,Joe,R,R,WS1,1B,Joe Harris,1192
jeant101,Jeanes,Tex,R,R,WS1,OF,Tex Jeanes,1192
johnw102,Johnson,Walter,R,R,WS1,P,Walter Johnson,1192
judgj101,Judge,Joe,L,L,WS1,1B,Joe Judge,1192
kellh101,Kelley,Harry,R,R,WS1,P,Harry Kelley,1192
leibn101,Leibold,Nemo,L,R,WS1,OF,Nemo Leibold,1192
lylej101,Lyle,Jim,R,R,WS1,P,Jim Lyle,1192
marbf101,Marberry,Firpo,R,R,WS1,P,Firpo Marberry,1192
mattw103,Matthews,Wid,L,L,WS1,OF,Wid Matthews,1192
mcgef101,McGee,Frank,R,R,WS1,1B,Frank McGee,1192
mcnam101,McNally,Mike,R,R,WS1,3B,Mike McNally,1192
mcnee101,McNeely,Earl,R,R,WS1,OF,Earl McNeely,1192
mogrg101,Mogridge,George,L,L,WS1,P,George Mogridge,1192
myerb103,Myer,Buddy,L,R,WS1,SS,Buddy Myer,1192
ogdec101,Ogden,Curly,R,R,WS1,P,Curly Ogden,1192
peckr101,Peckinpaugh,Roger,R,R,WS1,SS,Roger Peckinpaugh,1192
pumps101,Pumpelly,Spencer,?,R,WS1,P,Spencer Pumpelly,1192
rices101,Rice,Sam,L,R,WS1,OF,Sam Rice,1192
ruelm101,Ruel,Muddy,R,R,WS1,C,Muddy Ruel,1192
ruetd101,Ruether,Dutch,L,L,WS1,P,Dutch Ruether,1192
russa101,Russell,Allen,B,R,WS1,P,Allen Russell,1192
scote101,Scott,Everett,R,R,WS1,SS,Everett Scott,1192
seveh101,Severeid,Hank,R,R,WS1,C,Hank Severeid,1192
shirm101,Shirley,Mule,L,L,WS1,1B,Mule Shirley,1192
stews101,Stewart,Stuffy,R,R,WS1,3B,Stuffy Stewart,1192
tateb101,Tate,Bennie,L,R,WS1,C,Bennie Tate,1192
thoml104,Thomas,Lefty,L,L,WS1,P,Lefty Thomas,1192
veacb101,Veach,Bobby,L,R,WS1,OF,Bobby Veach,1192
zacht101,Zachary,Tom,L,L,WS1,P,Tom Zachary,1192
altrn101,Altrock,Nick,B,L,WS1,P,Nick Altrock,1192
blueo102,Bluege,Ossie,R,R,WS1,3B,Ossie Bluege,1192
eastc101,East,Carl,L,R,WS1,OF,Carl East,1192
fishs101,Fisher,Showboat,L,R,WS1,OF,Showboat Fisher,1192
gagnc101,Gagnon,Chick,R,R,WS1,SS,Chick Gagnon,1192
goslg101,Goslin,Goose,L,R,WS1,OF,Goose Goslin,1192
grifb101,Griffith,Bert,R,R,WS1,OF,Bert Griffith,1192
hargp101,Hargrave,Pinky,R,R,WS1,C,Pinky Hargrave,1192
harrb106,Harris,Bucky,R,R,WS1,2B,Bucky Harris,1192
johnw102,Johnson,Walter,R,R,WS1,P,Walter Johnson,1192
judgj101,Judge,Joe,L,L,WS1,1B,Joe Judge,1192
leflw101,Lefler,Wade,L,R,WS1,OF,Wade Lefler,1192
leibn101,Leibold,Nemo,L,R,WS1,OF,Nemo Leibold,1192
marbf101,Marberry,Firpo,R,R,WS1,P,Firpo Marberry,1192
martj104,Martina,John,R,R,WS1,P,John Martina,1192
mattw103,Matthews,Wid,L,L,WS1,OF,Wid Matthews,1192
mcgrs101,McGrew,Slim,R,R,WS1,P,Slim McGrew,1192
mcnee101,McNeely,Earl,R,R,WS1,OF,Earl McNeely,1192
millr101,Miller,Ralph,R,R,WS1,2B,Ralph Miller,1192
mogrg101,Mogridge,George,L,L,WS1,P,George Mogridge,1192
ogdec101,Ogden,Curly,R,R,WS1,P,Curly Ogden,1192
peckr101,Peckinpaugh,Roger,R,R,WS1,SS,Roger Peckinpaugh,1192
protd101,Prothro,Doc,R,R,WS1,3B,Doc Prothro,1192
rices101,Rice,Sam,L,R,WS1,OF,Sam Rice,1192
richl103,Richbourg,Lance,L,R,WS1,OF,Lance Richbourg,1192
ruelm101,Ruel,Muddy,R,R,WS1,C,Muddy Ruel,1192
russa101,Russell,Allen,B,R,WS1,P,Allen Russell,1192
shirm101,Shirley,Mule,L,L,WS1,1B,Mule Shirley,1192
smitc103,Smith,Carr,R,R,WS1,OF,Carr Smith,1192
speeb101,Speece,By,R,R,WS1,P,By Speece,1192
tateb101,Tate,Bennie,L,R,WS1,C,Bennie Tate,1192
taylt102,Taylor,Tommy,R,R,WS1,3B,Tommy Taylor,1192
wingt101,Wingfield,Ted,R,R,WS1,P,Ted Wingfield,1192
zacht101,Zachary,Tom,L,L,WS1,P,Tom Zachary,1192
zahnp101,Zahniser,Paul,R,R,WS1,P,Paul Zahniser,1192
blueo102,Bluege,Ossie,R,R,WS1,3B,Ossie Bluege,1192
bushj102,Bush,Bullet Joe,R,R,WS1,P,Bullet Joe Bush,1192
coves101,Coveleski,Stan,R,R,WS1,P,Stan Coveleski,1192
crowg102,Crowder,General,L,R,WS1,P,General Crowder,1192
ennir101,Ennis,Russ,R,R,WS1,C,Russ Ennis,1192
ferga101,Ferguson,Alex,R,R,WS1,P,Alex Ferguson,1192
goslg101,Goslin,Goose,L,R,WS1,OF,Goose Goslin,1192
hadlb101,Hadley,Bump,R,R,WS1,P,Bump Hadley,1192
harrb106,Harris,Bucky,R,R,WS1,2B,Bucky Harris,1192
harrj103,Harris,Joe,R,R,WS1,1B,Joe Harris,1192
jeant101,Jeanes,Tex,R,R,WS1,OF,Tex Jeanes,1192
johnw102,Johnson,Walter,R,R,WS1,P,Walter Johnson,1192
joned103,Jones,Dick,L,R,WS1,P,Dick Jones,1192
judgj101,Judge,Joe,L,L,WS1,1B,Joe Judge,1192
kellh101,Kelley,Harry,R,R,WS1,P,Harry Kelley,1192
loftf101,Loftus,Frank,R,R,WS1,P,Frank Loftus,1192
marbf101,Marberry,Firpo,R,R,WS1,P,Firpo Marberry,1192
mcnee101,McNeely,Earl,R,R,WS1,OF,Earl McNeely,1192
morrb101,Morrell,Bill,R,R,WS1,P,Bill Morrell,1192
murrg101,Murray,George,R,R,WS1,P,George Murray,1192
myerb103,Myer,Buddy,L,R,WS1,SS,Buddy Myer,1192
ogdec101,Ogden,Curly,R,R,WS1,P,Curly Ogden,1192
palme102,Palmero,Emilio,L,L,WS1,P,Emilio Palmero,1192
peckr101,Peckinpaugh,Roger,R,R,WS1,SS,Roger Peckinpaugh,1192
reevb101,Reeves,Bobby,R,R,WS1,3B,Bobby Reeves,1192
rices101,Rice,Sam,L,R,WS1,OF,Sam Rice,1192
ruelm101,Ruel,Muddy,R,R,WS1,C,Muddy Ruel,1192
ruetd101,Ruether,Dutch,L,L,WS1,P,Dutch Ruether,1192
seveh101,Severeid,Hank,R,R,WS1,C,Hank Severeid,1192
stews101,Stewart,Stuffy,R,R,WS1,2B,Stuffy Stewart,1192
tateb101,Tate,Bennie,L,R,WS1,C,Bennie Tate,1192
tayld101,Taylor,Danny,R,R,WS1,OF,Danny Taylor,1192
thoml104,Thomas,Lefty,L,L,WS1,P,Lefty Thomas,1192
tobij101,Tobin,Jack,L,L,WS1,OF,Jack Tobin,1192
uchrj101,Uchrinscko,Jimmy,L,R,WS1,P,Jimmy Uchrinscko,1192
atkil101,Atkinson,Lefty,L,L,WS1,PR,Lefty Atkinson,1192
barnr104,Barnes,Red,L,R,WS1,OF,Red Barnes,1192
bergj102,Berger,Johnny,R,R,WS1,C,Johnny Berger,1192
blueo102,Bluege,Ossie,R,R,WS1,3B,Ossie Bluege,1192
braxg101,Braxton,Garland,B,L,WS1,P,Garland Braxton,1192
burkb102,Burke,Bobby,L,L,WS1,P,Bobby Burke,1192
coffd101,Coffman,Dick,R,R,WS1,P,Dick Coffman,1192
coves101,Coveleski,Stan,R,R,WS1,P,Stan Coveleski,1192
crowg102,Crowder,General,L,R,WS1,P,General Crowder,1192
culln102,Cullop,Nick,R,R,WS1,OF,Nick Cullop,1192
dearb101,Dear,Buddy,R,R,WS1,2B,Buddy Dear,1192
ganzb101,Ganzel,Babe,R,R,WS1,OF,Babe Ganzel,1192
gillg102,Gillis,Grant,R,R,WS1,SS,Grant Gillis,1192
goslg101,Goslin,Goose,L,R,WS1,OF,Goose Goslin,1192
hadlb101,Hadley,Bump,R,R,WS1,P,Bump Hadley,1192
harrb106,Harris,Bucky,R,R,WS1,2B,Bucky Harris,1192
hayej101,Hayes,Jackie,R,R,WS1,SS,Jackie Hayes,1192
hopkp101,Hopkins,Paul,R,R,WS1,P,Paul Hopkins,1192
johnw102,Johnson,Walter,R,R,WS1,P,Walter Johnson,1192
joned103,Jones,Dick,L,R,WS1,P,Dick Jones,1192
juddr101,Judd,Ralph,L,R,WS1,P,Ralph Judd,1192
judgj101,Judge,Joe,L,L,WS1,1B,Joe Judge,1192
liseh101,Lisenbee,Hod,R,R,WS1,P,Hod Lisenbee,1192
marbf101,Marberry,Firpo,R,R,WS1,P,Firpo Marberry,1192
mcnee101,McNeely,Earl,R,R,WS1,OF,Earl McNeely,1192
murrg101,Murray,George,R,R,WS1,P,George Murray,1192
myerb103,Myer,Buddy,L,R,WS1,SS,Buddy Myer,1192
oneim102,O'Neil,Mickey,R,R,WS1,C,Mickey O'Neil,1192
onsle101,Onslow,Eddie,L,L,WS1,1B,Eddie Onslow,1192
reevb101,Reeves,Bobby,R,R,WS1,SS,Bobby Reeves,1192
rices101,Rice,Sam,L,R,WS1,OF,Sam Rice,1192
rignt101,Rigney,Topper,R,R,WS1,SS,Topper Rigney,1192
ruelm101,Ruel,Muddy,R,R,WS1,C,Muddy Ruel,1192
speat101,Speaker,Tris,L,L,WS1,OF,Tris Speaker,1192
stews101,Stewart,Stuffy,R,R,WS1,2B,Stuffy Stewart,1192
tateb101,Tate,Bennie,L,R,WS1,C,Bennie Tate,1192
thurs101,Thurston,Sloppy,R,R,WS1,P,Sloppy Thurston,1192
tucko101,Tucker,Ollie,L,R,WS1,OF,Ollie Tucker,1192
vanac101,Van Alstyne,Clay,R,R,WS1,P,Clay Van Alstyne,1192
wests101,West,Sam,L,L,WS1,OF,Sam West,1192
zacht101,Zachary,Tom,L,L,WS1,P,Tom Zachary,1192
