player_id,last,first,bats,throws,team_id,pos,player_name,year,team_name
blanj001,Blanton,Joe,R,R,OAK,P,Joe Blanton,2004,"A,Oakland,Athletics"
bradc001,Bradford,Chad,R,R,OAK,P,Chad Bradford,2004,"A,Oakland,Athletics"
byrne001,Byrnes,Eric,R,R,OAK,OF,Eric Byrnes,2004,"A,Oakland,Athletics"
castr003,Castro,Ramon,R,R,OAK,3B,Ramon Castro,2004,"A,Oakland,Athletics"
chave001,Chavez,Eric,L,R,OAK,3B,Eric Chavez,2004,"A,Oakland,Athletics"
crosb002,Crosby,Bobby,R,R,OAK,SS,Bobby Crosby,2004,"A,Oakland,Athletics"
doteo001,Dotel,Octavio,R,R,OAK,P,Octavio Dotel,2004,"A,Oakland,Athletics"
duchj001,Duchscherer,Justin,R,R,OAK,P,Justin Duchscherer,2004,"A,Oakland,Athletics"
durae001,Durazo,Erubiel,L,L,OAK,DH,Erubiel Durazo,2004,"A,Oakland,Athletics"
dye-j001,Dye,Jermaine,R,R,OAK,OF,Jermaine Dye,2004,"A,Oakland,Athletics"
garcj002,Casilla,Santiago,R,R,OAK,P,Santiago Casilla,2004,"A,Oakland,Athletics"
germe001,German,Esteban,R,R,OAK,3B,Esteban German,2004,"A,Oakland,Athletics"
hammc001,Hammond,Chris,L,L,OAK,P,Chris Hammond,2004,"A,Oakland,Athletics"
hardr001,Harden,Rich,L,R,OAK,P,Rich Harden,2004,"A,Oakland,Athletics"
harvc001,Harville,Chad,R,R,OAK,P,Chad Harville,2004,"A,Oakland,Athletics"
hatts001,Hatteberg,Scott,L,R,OAK,1B,Scott Hatteberg,2004,"A,Oakland,Athletics"
hudst001,Hudson,Tim,R,R,OAK,P,Tim Hudson,2004,"A,Oakland,Athletics"
karre001,Karros,Eric,R,R,OAK,1B,Eric Karros,2004,"A,Oakland,Athletics"
kielb001,Kielty,Bobby,B,R,OAK,OF,Bobby Kielty,2004,"A,Oakland,Athletics"
kotsm001,Kotsay,Mark,L,L,OAK,OF,Mark Kotsay,2004,"A,Oakland,Athletics"
lehrj001,Lehr,Justin,R,R,OAK,P,Justin Lehr,2004,"A,Oakland,Athletics"
mclem001,McLemore,Mark,B,R,OAK,2B,Mark McLemore,2004,"A,Oakland,Athletics"
mcmib001,McMillon,Billy,L,L,OAK,OF,Billy McMillon,2004,"A,Oakland,Athletics"
mecij001,Mecir,Jim,B,R,OAK,P,Jim Mecir,2004,"A,Oakland,Athletics"
melha001,Melhuse,Adam,B,R,OAK,C,Adam Melhuse,2004,"A,Oakland,Athletics"
menef001,Menechino,Frank,R,R,OAK,2B,Frank Menechino,2004,"A,Oakland,Athletics"
milld002,Miller,Damian,R,R,OAK,C,Damian Miller,2004,"A,Oakland,Athletics"
muldm001,Mulder,Mark,L,L,OAK,P,Mark Mulder,2004,"A,Oakland,Athletics"
redmm002,Redman,Mark,L,L,OAK,P,Mark Redman,2004,"A,Oakland,Athletics"
rhoda001,Rhodes,Arthur,L,L,OAK,P,Arthur Rhodes,2004,"A,Oakland,Athletics"
rincr001,Rincon,Ricardo,L,L,OAK,P,Ricardo Rincon,2004,"A,Oakland,Athletics"
rosem001,Rose,Mike,B,R,OAK,C,Mike Rose,2004,"A,Oakland,Athletics"
saark001,Saarloos,Kirk,R,R,OAK,P,Kirk Saarloos,2004,"A,Oakland,Athletics"
scutm001,Scutaro,Marco,R,R,OAK,2B,Marco Scutaro,2004,"A,Oakland,Athletics"
swisn001,Swisher,Nick,B,L,OAK,OF,Nick Swisher,2004,"A,Oakland,Athletics"
zitob001,Zito,Barry,L,L,OAK,P,Barry Zito,2004,"A,Oakland,Athletics"
aguic001,Aguila,Chris,R,R,FLO,OF,Chris Aguila,2004,"N,Florida,Marlins"
beckj002,Beckett,Josh,R,R,FLO,P,Josh Beckett,2004,"N,Florida,Marlins"
benia001,Benitez,Armando,R,R,FLO,P,Armando Benitez,2004,"N,Florida,Marlins"
borlt001,Borland,Toby,R,R,FLO,P,Toby Borland,2004,"N,Florida,Marlins"
bumpn001,Bump,Nate,L,R,FLO,P,Nate Bump,2004,"N,Florida,Marlins"
burna001,Burnett,A.J.,R,R,FLO,P,A.J. Burnett,2004,"N,Florida,Marlins"
cabrm001,Cabrera,Miguel,R,R,FLO,OF,Miguel Cabrera,2004,"N,Florida,Marlins"
castl001,Castillo,Luis,B,R,FLO,2B,Luis Castillo,2004,"N,Florida,Marlins"
castr002,Castro,Ramon,R,R,FLO,C,Ramon Castro,2004,"N,Florida,Marlins"
choih001,Choi,Hee-Seop,L,L,FLO,1B,Hee-Seop Choi,2004,"N,Florida,Marlins"
conij001,Conine,Jeff,R,R,FLO,OF,Jeff Conine,2004,"N,Florida,Marlins"
cordw001,Cordero,Wil,R,R,FLO,1B,Wil Cordero,2004,"N,Florida,Marlins"
easld001,Easley,Damion,R,R,FLO,2B,Damion Easley,2004,"N,Florida,Marlins"
encaj001,Encarnacion,Juan,R,R,FLO,OF,Juan Encarnacion,2004,"N,Florida,Marlins"
fox-c001,Fox,Chad,R,R,FLO,P,Chad Fox,2004,"N,Florida,Marlins"
gonza002,Gonzalez,Alex,R,R,FLO,SS,Alex Gonzalez,2004,"N,Florida,Marlins"
gracf001,Gracesqui,Frank,B,L,FLO,P,Frank Gracesqui,2004,"N,Florida,Marlins"
harrl001,Harris,Lenny,L,R,FLO,OF,Lenny Harris,2004,"N,Florida,Marlins"
howab001,Howard,Ben,R,R,FLO,P,Ben Howard,2004,"N,Florida,Marlins"
kensl001,Kensing,Logan,R,R,FLO,P,Logan Kensing,2004,"N,Florida,Marlins"
kochb001,Koch,Billy,R,R,FLO,P,Billy Koch,2004,"N,Florida,Marlins"
lodup001,Lo Duca,Paul,R,R,FLO,C,Paul Lo Duca,2004,"N,Florida,Marlins"
lowem001,Lowell,Mike,R,R,FLO,3B,Mike Lowell,2004,"N,Florida,Marlins"
manzj001,Manzanillo,Josias,R,R,FLO,P,Josias Manzanillo,2004,"N,Florida,Marlins"
mordm001,Mordecai,Mike,R,R,FLO,3B,Mike Mordecai,2004,"N,Florida,Marlins"
motag001,Mota,Guillermo,R,R,FLO,P,Guillermo Mota,2004,"N,Florida,Marlins"
neu-m001,Neu,Michael,B,R,FLO,P,Michael Neu,2004,"N,Florida,Marlins"
nunea002,Nunez,Abraham,B,R,FLO,OF,Abraham Nunez,2004,"N,Florida,Marlins"
olivd001,Oliver,Darren,R,L,FLO,P,Darren Oliver,2004,"N,Florida,Marlins"
pavac001,Pavano,Carl,R,R,FLO,P,Carl Pavano,2004,"N,Florida,Marlins"
pennb002,Penny,Brad,R,R,FLO,P,Brad Penny,2004,"N,Florida,Marlins"
perim001,Perisho,Matt,L,L,FLO,P,Matt Perisho,2004,"N,Florida,Marlins"
phelt002,Phelps,Tommy,L,L,FLO,P,Tommy Phelps,2004,"N,Florida,Marlins"
pierj002,Pierre,Juan,L,L,FLO,OF,Juan Pierre,2004,"N,Florida,Marlins"
redmm001,Redmond,Mike,R,R,FLO,C,Mike Redmond,2004,"N,Florida,Marlins"
seanr001,Seanez,Rudy,R,R,FLO,P,Rudy Seanez,2004,"N,Florida,Marlins"
smala001,Small,Aaron,R,R,FLO,P,Aaron Small,2004,"N,Florida,Marlins"
suttl001,Sutton,Larry,L,L,FLO,1B,Larry Sutton,2004,"N,Florida,Marlins"
tejem001,Tejera,Michael,L,L,FLO,P,Michael Tejera,2004,"N,Florida,Marlins"
tream001,Treanor,Matt,R,R,FLO,C,Matt Treanor,2004,"N,Florida,Marlins"
valdi001,Valdez,Ismael,R,R,FLO,P,Ismael Valdez,2004,"N,Florida,Marlins"
waynj001,Wayne,Justin,R,R,FLO,P,Justin Wayne,2004,"N,Florida,Marlins"
weatd001,Weathers,David,R,R,FLO,P,David Weathers,2004,"N,Florida,Marlins"
willd003,Willis,Dontrelle,L,L,FLO,P,Dontrelle Willis,2004,"N,Florida,Marlins"
willj004,Willingham,Josh,R,R,FLO,C,Josh Willingham,2004,"N,Florida,Marlins"
atkig001,Atkins,Garrett,R,R,COL,3B,Garrett Atkins,2004,"N,Colorado,Rockies"
barmc001,Barmes,Clint,R,R,COL,2B,Clint Barmes,2004,"N,Colorado,Rockies"
berna001,Bernero,Adam,R,R,COL,P,Adam Bernero,2004,"N,Colorado,Rockies"
burnj001,Burnitz,Jeromy,L,R,COL,OF,Jeromy Burnitz,2004,"N,Colorado,Rockies"
castv001,Castilla,Vinny,R,R,COL,3B,Vinny Castilla,2004,"N,Colorado,Rockies"
chacs001,Chacon,Shawn,R,R,COL,P,Shawn Chacon,2004,"N,Colorado,Rockies"
clayr001,Clayton,Royce,R,R,COL,SS,Royce Clayton,2004,"N,Colorado,Rockies"
closj001,Closser,JD,B,R,COL,C,JD Closser,2004,"N,Colorado,Rockies"
cooka002,Cook,Aaron,R,R,COL,P,Aaron Cook,2004,"N,Colorado,Rockies"
dohms001,Dohmann,Scott,R,R,COL,P,Scott Dohmann,2004,"N,Colorado,Rockies"
drist001,Driskill,Travis,R,R,COL,P,Travis Driskill,2004,"N,Colorado,Rockies"
elars001,Elarton,Scott,R,R,COL,P,Scott Elarton,2004,"N,Colorado,Rockies"
estes001,Estes,Shawn,R,L,COL,P,Shawn Estes,2004,"N,Colorado,Rockies"
fassj001,Fassero,Jeff,L,L,COL,P,Jeff Fassero,2004,"N,Colorado,Rockies"
franj003,Francis,Jeff,L,L,COL,P,Jeff Francis,2004,"N,Colorado,Rockies"
freec001,Freeman,Choo,R,R,COL,OF,Choo Freeman,2004,"N,Colorado,Rockies"
fuenb001,Fuentes,Brian,L,L,COL,P,Brian Fuentes,2004,"N,Colorado,Rockies"
gissc001,Gissell,Chris,R,R,COL,P,Chris Gissell,2004,"N,Colorado,Rockies"
gonzl004,Gonzalez,Luis,R,R,COL,2B,Luis Gonzalez,2004,"N,Colorado,Rockies"
greet003,Greene,Todd,R,R,COL,C,Todd Greene,2004,"N,Colorado,Rockies"
harit001,Harikkala,Tim,R,R,COL,P,Tim Harikkala,2004,"N,Colorado,Rockies"
hawpb001,Hawpe,Brad,L,L,COL,OF,Brad Hawpe,2004,"N,Colorado,Rockies"
heltt001,Helton,Todd,L,L,COL,1B,Todd Helton,2004,"N,Colorado,Rockies"
hockd001,Hocking,Denny,B,R,COL,OF,Denny Hocking,2004,"N,Colorado,Rockies"
hollm001,Holliday,Matt,R,R,COL,OF,Matt Holliday,2004,"N,Colorado,Rockies"
jarvk001,Jarvis,Kevin,L,R,COL,P,Kevin Jarvis,2004,"N,Colorado,Rockies"
jennj001,Jennings,Jason,L,R,COL,P,Jason Jennings,2004,"N,Colorado,Rockies"
johnc002,Johnson,Charles,R,R,COL,C,Charles Johnson,2004,"N,Colorado,Rockies"
kennj001,Kennedy,Joe,R,L,COL,P,Joe Kennedy,2004,"N,Colorado,Rockies"
kroom001,Kroon,Marc,B,R,COL,P,Marc Kroon,2004,"N,Colorado,Rockies"
lopej002,Lopez,Javier,L,L,COL,P,Javier Lopez,2004,"N,Colorado,Rockies"
milea001,Miles,Aaron,B,R,COL,2B,Aaron Miles,2004,"N,Colorado,Rockies"
nunev001,Nunez,Vladimir,R,R,COL,P,Vladimir Nunez,2004,"N,Colorado,Rockies"
pellk001,Pellow,Kit,R,R,COL,OF,Kit Pellow,2004,"N,Colorado,Rockies"
piedj001,Piedra,Jorge,L,L,COL,OF,Jorge Piedra,2004,"N,Colorado,Rockies"
reeds001,Reed,Steve,R,R,COL,P,Steve Reed,2004,"N,Colorado,Rockies"
reyer001,Reyes,Rene,B,R,COL,OF,Rene Reyes,2004,"N,Colorado,Rockies"
simpa001,Simpson,Allan,R,R,COL,P,Allan Simpson,2004,"N,Colorado,Rockies"
stard001,Stark,Denny,R,R,COL,P,Denny Stark,2004,"N,Colorado,Rockies"
sweem001,Sweeney,Mark,L,L,COL,OF,Mark Sweeney,2004,"N,Colorado,Rockies"
traca001,Tracy,Andy,L,R,COL,3B,Andy Tracy,2004,"N,Colorado,Rockies"
tsaoc001,Tsao,Chin-hui,R,R,COL,P,Chin-hui Tsao,2004,"N,Colorado,Rockies"
walkl001,Walker,Larry,L,R,COL,OF,Larry Walker,2004,"N,Colorado,Rockies"
wendt001,Wendell,Turk,B,R,COL,P,Turk Wendell,2004,"N,Colorado,Rockies"
wilsp002,Wilson,Preston,R,R,COL,OF,Preston Wilson,2004,"N,Colorado,Rockies"
wrigj001,Wright,Jamey,R,R,COL,P,Jamey Wright,2004,"N,Colorado,Rockies"
younj002,Young,Jason,R,R,COL,P,Jason Young,2004,"N,Colorado,Rockies"
adamt001,Adams,Terry,R,R,BOS,P,Terry Adams,2004,"A,Boston,Red Sox"
alvaa001,Alvarez,Abe,L,L,BOS,P,Abe Alvarez,2004,"A,Boston,Red Sox"
andej002,Anderson,Jimmy,L,L,BOS,P,Jimmy Anderson,2004,"A,Boston,Red Sox"
arrob001,Arroyo,Bronson,R,R,BOS,P,Bronson Arroyo,2004,"A,Boston,Red Sox"
astap001,Astacio,Pedro,R,R,BOS,P,Pedro Astacio,2004,"A,Boston,Red Sox"
bellm002,Bellhorn,Mark,B,R,BOS,2B,Mark Bellhorn,2004,"A,Boston,Red Sox"
browj004,Brown,Jamie,R,R,BOS,P,Jamie Brown,2004,"A,Boston,Red Sox"
burke001,Burks,Ellis,R,R,BOS,DH,Ellis Burks,2004,"A,Boston,Red Sox"
cabro001,Cabrera,Orlando,R,R,BOS,SS,Orlando Cabrera,2004,"A,Boston,Red Sox"
castf001,Castillo,Frank,R,R,BOS,P,Frank Castillo,2004,"A,Boston,Red Sox"
cresc001,Crespo,Cesar,B,R,BOS,SS,Cesar Crespo,2004,"A,Boston,Red Sox"
damoj001,Damon,Johnny,L,L,BOS,OF,Johnny Damon,2004,"A,Boston,Red Sox"
daubb001,Daubach,Brian,L,R,BOS,1B,Brian Daubach,2004,"A,Boston,Red Sox"
dinal001,DiNardo,Lenny,L,L,BOS,P,Lenny DiNardo,2004,"A,Boston,Red Sox"
domia001,Dominique,Andy,R,R,BOS,1B,Andy Dominique,2004,"A,Boston,Red Sox"
embra001,Embree,Alan,L,L,BOS,P,Alan Embree,2004,"A,Boston,Red Sox"
foulk001,Foulke,Keith,R,R,BOS,P,Keith Foulke,2004,"A,Boston,Red Sox"
garcn001,Garciaparra,Nomar,R,R,BOS,SS,Nomar Garciaparra,2004,"A,Boston,Red Sox"
gutir001,Gutierrez,Ricky,R,R,BOS,2B,Ricky Gutierrez,2004,"A,Boston,Red Sox"
hyzda001,Hyzdu,Adam,R,R,BOS,OF,Adam Hyzdu,2004,"A,Boston,Red Sox"
joneb004,Jones,Bobby,R,L,BOS,P,Bobby Jones,2004,"A,Boston,Red Sox"
kaplg001,Kapler,Gabe,R,R,BOS,OF,Gabe Kapler,2004,"A,Boston,Red Sox"
kim-b001,Kim,Byung-Hyun,R,R,BOS,P,Byung-Hyun Kim,2004,"A,Boston,Red Sox"
leskc001,Leskanic,Curt,R,R,BOS,P,Curt Leskanic,2004,"A,Boston,Red Sox"
lowed001,Lowe,Derek,R,R,BOS,P,Derek Lowe,2004,"A,Boston,Red Sox"
malam001,Malaska,Mark,L,L,BOS,P,Mark Malaska,2004,"A,Boston,Red Sox"
marta002,Martinez,Sandy,L,R,BOS,C,Sandy Martinez,2004,"A,Boston,Red Sox"
marta003,Martinez,Anastacio,R,R,BOS,P,Anastacio Martinez,2004,"A,Boston,Red Sox"
martp001,Martinez,Pedro,R,R,BOS,P,Pedro Martinez,2004,"A,Boston,Red Sox"
mccad001,McCarty,Dave,R,L,BOS,1B,Dave McCarty,2004,"A,Boston,Red Sox"
mendr001,Mendoza,Ramiro,R,R,BOS,P,Ramiro Mendoza,2004,"A,Boston,Red Sox"
miend001,Mientkiewicz,Doug,L,R,BOS,1B,Doug Mientkiewicz,2004,"A,Boston,Red Sox"
millk005,Millar,Kevin,R,R,BOS,OF,Kevin Millar,2004,"A,Boston,Red Sox"
mirad001,Mirabelli,Doug,R,R,BOS,C,Doug Mirabelli,2004,"A,Boston,Red Sox"
muelb001,Mueller,Bill,B,R,BOS,3B,Bill Mueller,2004,"A,Boston,Red Sox"
myerm001,Myers,Mike,L,L,BOS,P,Mike Myers,2004,"A,Boston,Red Sox"
nelsj002,Nelson,Joe,R,R,BOS,P,Joe Nelson,2004,"A,Boston,Red Sox"
nixot001,Nixon,Trot,L,L,BOS,OF,Trot Nixon,2004,"A,Boston,Red Sox"
ortid001,Ortiz,David,L,L,BOS,DH,David Ortiz,2004,"A,Boston,Red Sox"
ramim002,Ramirez,Manny,R,R,BOS,OF,Manny Ramirez,2004,"A,Boston,Red Sox"
reesp001,Reese,Pokey,R,R,BOS,SS,Pokey Reese,2004,"A,Boston,Red Sox"
robed001,Roberts,Dave,L,L,BOS,OF,Dave Roberts,2004,"A,Boston,Red Sox"
schic002,Schilling,Curt,R,R,BOS,P,Curt Schilling,2004,"A,Boston,Red Sox"
seibp001,Seibel,Phil,L,L,BOS,P,Phil Seibel,2004,"A,Boston,Red Sox"
snyde001,Snyder,Earl,R,R,BOS,3B,Earl Snyder,2004,"A,Boston,Red Sox"
timlm001,Timlin,Mike,R,R,BOS,P,Mike Timlin,2004,"A,Boston,Red Sox"
varij001,Varitek,Jason,B,R,BOS,C,Jason Varitek,2004,"A,Boston,Red Sox"
waket001,Wakefield,Tim,R,R,BOS,P,Tim Wakefield,2004,"A,Boston,Red Sox"
wills002,Williamson,Scott,R,R,BOS,P,Scott Williamson,2004,"A,Boston,Red Sox"
youkk001,Youkilis,Kevin,R,R,BOS,3B,Kevin Youkilis,2004,"A,Boston,Red Sox"
acevj002,Acevedo,Jose,R,R,CIN,P,Jose Acevedo,2004,"N,Cincinnati,Reds"
bongj001,Bong,Jung,L,L,CIN,P,Jung Bong,2004,"N,Cincinnati,Reds"
bragd001,Bragg,Darren,L,R,CIN,OF,Darren Bragg,2004,"N,Cincinnati,Reds"
cases001,Casey,Sean,L,R,CIN,1B,Sean Casey,2004,"N,Cincinnati,Reds"
castj004,Castro,Juan,R,R,CIN,3B,Juan Castro,2004,"N,Cincinnati,Reds"
clarj003,Clark,Jermaine,L,R,CIN,OF,Jermaine Clark,2004,"N,Cincinnati,Reds"
claub001,Claussen,Brandon,R,L,CIN,P,Brandon Claussen,2004,"N,Cincinnati,Reds"
cruzj003,Cruz,Jacob,L,L,CIN,OF,Jacob Cruz,2004,"N,Cincinnati,Reds"
dunna001,Dunn,Adam,L,R,CIN,OF,Adam Dunn,2004,"N,Cincinnati,Reds"
freer001,Freel,Ryan,R,R,CIN,OF,Ryan Freel,2004,"N,Cincinnati,Reds"
gravd001,Graves,Danny,R,R,CIN,P,Danny Graves,2004,"N,Cincinnati,Reds"
grifk002,Griffey,Ken,L,L,CIN,OF,Ken Griffey,2004,"N,Cincinnati,Reds"
hancj001,Hancock,Josh,R,R,CIN,P,Josh Hancock,2004,"N,Cincinnati,Reds"
haraa001,Harang,Aaron,R,R,CIN,P,Aaron Harang,2004,"N,Cincinnati,Reds"
haynj001,Haynes,Jimmy,R,R,CIN,P,Jimmy Haynes,2004,"N,Cincinnati,Reds"
hudsl001,Hudson,Luke,R,R,CIN,P,Luke Hudson,2004,"N,Cincinnati,Reds"
hummt001,Hummel,Tim,R,R,CIN,3B,Tim Hummel,2004,"N,Cincinnati,Reds"
jimed001,Jimenez,D'Angelo,B,R,CIN,2B,D'Angelo Jimenez,2004,"N,Cincinnati,Reds"
jonet003,Jones,Todd,L,R,CIN,P,Todd Jones,2004,"N,Cincinnati,Reds"
keara001,Kearns,Austin,R,R,CIN,OF,Austin Kearns,2004,"N,Cincinnati,Reds"
larkb001,Larkin,Barry,R,R,CIN,SS,Barry Larkin,2004,"N,Cincinnati,Reds"
larsb001,Larson,Brandon,R,R,CIN,3B,Brandon Larson,2004,"N,Cincinnati,Reds"
laruj001,LaRue,Jason,R,R,CIN,C,Jason LaRue,2004,"N,Cincinnati,Reds"
lidlc001,Lidle,Cory,R,R,CIN,P,Cory Lidle,2004,"N,Cincinnati,Reds"
lopef001,Lopez,Felipe,B,R,CIN,SS,Felipe Lopez,2004,"N,Cincinnati,Reds"
macha001,Machado,Anderson,B,R,CIN,SS,Anderson Machado,2004,"N,Cincinnati,Reds"
mattm001,Matthews,Mike,L,L,CIN,P,Mike Matthews,2004,"N,Cincinnati,Reds"
millc001,Miller,Corky,R,R,CIN,C,Corky Miller,2004,"N,Cincinnati,Reds"
myeta001,Myette,Aaron,R,R,CIN,P,Aaron Myette,2004,"N,Cincinnati,Reds"
nortp001,Norton,Phil,R,L,CIN,P,Phil Norton,2004,"N,Cincinnati,Reds"
olmer001,Olmedo,Ray,B,R,CIN,SS,Ray Olmedo,2004,"N,Cincinnati,Reds"
padij001,Padilla,Juan,R,R,CIN,P,Juan Padilla,2004,"N,Cincinnati,Reds"
penaw001,Pena,Wily Mo,R,R,CIN,OF,Wily Mo Pena,2004,"N,Cincinnati,Reds"
reitb001,Reith,Brian,R,R,CIN,P,Brian Reith,2004,"N,Cincinnati,Reds"
riedj001,Riedling,John,R,R,CIN,P,John Riedling,2004,"N,Cincinnati,Reds"
romaj002,Romano,Jason,R,R,CIN,OF,Jason Romano,2004,"N,Cincinnati,Reds"
sancj001,Sanchez,Jesus,L,L,CIN,P,Jesus Sanchez,2004,"N,Cincinnati,Reds"
valej004,Valentin,Javier,B,R,CIN,C,Javier Valentin,2004,"N,Cincinnati,Reds"
valej005,Valentine,Joe,R,R,CIN,P,Joe Valentine,2004,"N,Cincinnati,Reds"
vandj001,Vander Wal,John,L,L,CIN,OF,John Vander Wal,2004,"N,Cincinnati,Reds"
vanpt001,Van Poppel,Todd,R,R,CIN,P,Todd Van Poppel,2004,"N,Cincinnati,Reds"
wagnr001,Wagner,Ryan,R,R,CIN,P,Ryan Wagner,2004,"N,Cincinnati,Reds"
whitg001,White,Gabe,L,L,CIN,P,Gabe White,2004,"N,Cincinnati,Reds"
wilsp001,Wilson,Paul,R,R,CIN,P,Paul Wilson,2004,"N,Cincinnati,Reds"
aloum001,Alou,Moises,R,R,CHN,OF,Moises Alou,2004,"N,Chicago,Cubs"
andej002,Anderson,Jimmy,L,L,CHN,P,Jimmy Anderson,2004,"N,Chicago,Cubs"
bakop001,Bako,Paul,L,R,CHN,C,Paul Bako,2004,"N,Chicago,Cubs"
barrm003,Barrett,Michael,R,R,CHN,C,Michael Barrett,2004,"N,Chicago,Cubs"
beltf001,Beltran,Francis,R,R,CHN,P,Francis Beltran,2004,"N,Chicago,Cubs"
boroj001,Borowski,Joe,R,R,CHN,P,Joe Borowski,2004,"N,Chicago,Cubs"
clemm001,Clement,Matt,R,R,CHN,P,Matt Clement,2004,"N,Chicago,Cubs"
dempr002,Dempster,Ryan,R,R,CHN,P,Ryan Dempster,2004,"N,Chicago,Cubs"
difem001,Difelice,Mike,R,R,CHN,C,Mike Difelice,2004,"N,Chicago,Cubs"
duboj001,Dubois,Jason,R,R,CHN,OF,Jason Dubois,2004,"N,Chicago,Cubs"
farnk001,Farnsworth,Kyle,R,R,CHN,P,Kyle Farnsworth,2004,"N,Chicago,Cubs"
garcn001,Garciaparra,Nomar,R,R,CHN,SS,Nomar Garciaparra,2004,"N,Chicago,Cubs"
gonza001,Gonzalez,Alex,R,R,CHN,SS,Alex Gonzalez,2004,"N,Chicago,Cubs"
goodt001,Goodwin,Tom,L,R,CHN,OF,Tom Goodwin,2004,"N,Chicago,Cubs"
grieb001,Grieve,Ben,L,R,CHN,OF,Ben Grieve,2004,"N,Chicago,Cubs"
grudm001,Grudzielanek,Mark,R,R,CHN,2B,Mark Grudzielanek,2004,"N,Chicago,Cubs"
harrb001,Harris,Brendan,R,R,CHN,3B,Brendan Harris,2004,"N,Chicago,Cubs"
hawkl001,Hawkins,LaTroy,R,R,CHN,P,LaTroy Hawkins,2004,"N,Chicago,Cubs"
hollt001,Hollandsworth,Todd,L,L,CHN,OF,Todd Hollandsworth,2004,"N,Chicago,Cubs"
jackd003,Jackson,Damian,R,R,CHN,2B,Damian Jackson,2004,"N,Chicago,Cubs"
keltd001,Kelton,David,R,R,CHN,OF,David Kelton,2004,"N,Chicago,Cubs"
lee-d002,Lee,Derrek,R,R,CHN,1B,Derrek Lee,2004,"N,Chicago,Cubs"
leicj001,Leicester,Jon,R,R,CHN,P,Jon Leicester,2004,"N,Chicago,Cubs"
macij001,Macias,Jose,B,R,CHN,OF,Jose Macias,2004,"N,Chicago,Cubs"
maddg002,Maddux,Greg,R,R,CHN,P,Greg Maddux,2004,"N,Chicago,Cubs"
martr003,Martinez,Ramon,R,R,CHN,SS,Ramon Martinez,2004,"N,Chicago,Cubs"
merck001,Mercker,Kent,L,L,CHN,P,Kent Mercker,2004,"N,Chicago,Cubs"
mitrs001,Mitre,Sergio,R,R,CHN,P,Sergio Mitre,2004,"N,Chicago,Cubs"
murrc001,Murray,Calvin,R,R,CHN,OF,Calvin Murray,2004,"N,Chicago,Cubs"
ordor001,Ordonez,Rey,R,R,CHN,SS,Rey Ordonez,2004,"N,Chicago,Cubs"
pattc001,Patterson,Corey,L,R,CHN,OF,Corey Patterson,2004,"N,Chicago,Cubs"
peren001,Perez,Neifi,B,R,CHN,SS,Neifi Perez,2004,"N,Chicago,Cubs"
prata001,Pratt,Andy,L,L,CHN,P,Andy Pratt,2004,"N,Chicago,Cubs"
priom001,Prior,Mark,R,R,CHN,P,Mark Prior,2004,"N,Chicago,Cubs"
ramia001,Ramirez,Aramis,R,R,CHN,3B,Aramis Ramirez,2004,"N,Chicago,Cubs"
remlm001,Remlinger,Mike,L,L,CHN,P,Mike Remlinger,2004,"N,Chicago,Cubs"
ruscg001,Rusch,Glendon,L,L,CHN,P,Glendon Rusch,2004,"N,Chicago,Cubs"
sosas001,Sosa,Sammy,R,R,CHN,OF,Sammy Sosa,2004,"N,Chicago,Cubs"
walkt002,Walker,Todd,L,R,CHN,2B,Todd Walker,2004,"N,Chicago,Cubs"
wellt002,Wellemeyer,Todd,R,R,CHN,P,Todd Wellemeyer,2004,"N,Chicago,Cubs"
woodk002,Wood,Kerry,R,R,CHN,P,Kerry Wood,2004,"N,Chicago,Cubs"
wuerm001,Wuertz,Michael,R,R,CHN,P,Michael Wuertz,2004,"N,Chicago,Cubs"
zambc001,Zambrano,Carlos,B,R,CHN,P,Carlos Zambrano,2004,"N,Chicago,Cubs"
abbop001,Abbott,Paul,R,R,TBA,P,Paul Abbott,2004,"A,Tampa Bay,Devil Rays"
baezd001,Baez,Danys,R,R,TBA,P,Danys Baez,2004,"A,Tampa Bay,Devil Rays"
baldr001,Baldelli,Rocco,R,R,TBA,OF,Rocco Baldelli,2004,"A,Tampa Bay,Devil Rays"
bautj002,Bautista,Jose,R,R,TBA,OF,Jose Bautista,2004,"A,Tampa Bay,Devil Rays"
bellr003,Bell,Rob,R,R,TBA,P,Rob Bell,2004,"A,Tampa Bay,Devil Rays"
blumg001,Blum,Geoff,B,R,TBA,3B,Geoff Blum,2004,"A,Tampa Bay,Devil Rays"
brazd001,Brazelton,Dewon,R,R,TBA,P,Dewon Brazelton,2004,"A,Tampa Bay,Devil Rays"
cantj001,Cantu,Jorge,R,R,TBA,2B,Jorge Cantu,2004,"A,Tampa Bay,Devil Rays"
cartl002,Carter,Lance,R,R,TBA,P,Lance Carter,2004,"A,Tampa Bay,Devil Rays"
coloj001,Colome,Jesus,R,R,TBA,P,Jesus Colome,2004,"A,Tampa Bay,Devil Rays"
crawc002,Crawford,Carl,L,L,TBA,OF,Carl Crawford,2004,"A,Tampa Bay,Devil Rays"
cruzj004,Cruz,Jose,B,R,TBA,OF,Jose Cruz,2004,"A,Tampa Bay,Devil Rays"
cummm001,Cummings,Midre,L,R,TBA,DH,Midre Cummings,2004,"A,Tampa Bay,Devil Rays"
diazm003,Diaz,Matt,R,R,TBA,DH,Matt Diaz,2004,"A,Tampa Bay,Devil Rays"
fickr001,Fick,Robert,L,R,TBA,DH,Robert Fick,2004,"A,Tampa Bay,Devil Rays"
fordb001,Fordyce,Brook,R,R,TBA,C,Brook Fordyce,2004,"A,Tampa Bay,Devil Rays"
fortb001,Fortunato,Bartolome,R,R,TBA,P,Bartolome Fortunato,2004,"A,Tampa Bay,Devil Rays"
gathj001,Gathright,Joey,L,R,TBA,OF,Joey Gathright,2004,"A,Tampa Bay,Devil Rays"
gaudc001,Gaudin,Chad,R,R,TBA,P,Chad Gaudin,2004,"A,Tampa Bay,Devil Rays"
gipsc001,Gipson,Charles,R,R,TBA,OF,Charles Gipson,2004,"A,Tampa Bay,Devil Rays"
gomej001,Gomes,Jonny,R,R,TBA,DH,Jonny Gomes,2004,"A,Tampa Bay,Devil Rays"
gonzd002,Gonzalez,Dicky,R,R,TBA,P,Dicky Gonzalez,2004,"A,Tampa Bay,Devil Rays"
gonzj003,Gonzalez,Geremi,R,R,TBA,P,Geremi Gonzalez,2004,"A,Tampa Bay,Devil Rays"
halaj001,Halama,John,L,L,TBA,P,John Halama,2004,"A,Tampa Bay,Devil Rays"
hallt001,Hall,Toby,R,R,TBA,C,Toby Hall,2004,"A,Tampa Bay,Devil Rays"
harpt002,Harper,Travis,L,R,TBA,P,Travis Harper,2004,"A,Tampa Bay,Devil Rays"
hendm001,Hendrickson,Mark,L,L,TBA,P,Mark Hendrickson,2004,"A,Tampa Bay,Devil Rays"
huffa001,Huff,Aubrey,L,R,TBA,3B,Aubrey Huff,2004,"A,Tampa Bay,Devil Rays"
kazms001,Kazmir,Scott,L,L,TBA,P,Scott Kazmir,2004,"A,Tampa Bay,Devil Rays"
lugoj001,Lugo,Julio,R,R,TBA,SS,Julio Lugo,2004,"A,Tampa Bay,Devil Rays"
martt002,Martinez,Tino,L,R,TBA,1B,Tino Martinez,2004,"A,Tampa Bay,Devil Rays"
mcgrf001,McGriff,Fred,L,L,TBA,DH,Fred McGriff,2004,"A,Tampa Bay,Devil Rays"
millt002,Miller,Trever,R,L,TBA,P,Trever Miller,2004,"A,Tampa Bay,Devil Rays"
mossd001,Moss,Damian,R,L,TBA,P,Damian Moss,2004,"A,Tampa Bay,Devil Rays"
nunef001,Nunez,Franklin,R,R,TBA,P,Franklin Nunez,2004,"A,Tampa Bay,Devil Rays"
peree001,Perez,Eduardo,R,R,TBA,1B,Eduardo Perez,2004,"A,Tampa Bay,Devil Rays"
ritct001,Ritchie,Todd,R,R,TBA,P,Todd Ritchie,2004,"A,Tampa Bay,Devil Rays"
rolld001,Rolls,Damian,R,R,TBA,OF,Damian Rolls,2004,"A,Tampa Bay,Devil Rays"
romaj002,Romano,Jason,R,R,TBA,2B,Jason Romano,2004,"A,Tampa Bay,Devil Rays"
sancr001,Sanchez,Rey,R,R,TBA,2B,Rey Sanchez,2004,"A,Tampa Bay,Devil Rays"
seayb001,Seay,Bobby,L,L,TBA,P,Bobby Seay,2004,"A,Tampa Bay,Devil Rays"
simor001,Simon,Randall,L,L,TBA,DH,Randall Simon,2004,"A,Tampa Bay,Devil Rays"
sosaj002,Sosa,Jorge,R,R,TBA,P,Jorge Sosa,2004,"A,Tampa Bay,Devil Rays"
stanj001,Standridge,Jason,R,R,TBA,P,Jason Standridge,2004,"A,Tampa Bay,Devil Rays"
uptob001,Upton,Melvin,R,R,TBA,SS,Melvin Upton,2004,"A,Tampa Bay,Devil Rays"
waecd001,Waechter,Doug,R,R,TBA,P,Doug Waechter,2004,"A,Tampa Bay,Devil Rays"
webbj001,Webb,John,R,R,TBA,P,John Webb,2004,"A,Tampa Bay,Devil Rays"
zambv001,Zambrano,Victor,B,R,TBA,P,Victor Zambrano,2004,"A,Tampa Bay,Devil Rays"
aardd001,Aardsma,David,R,R,SFN,P,David Aardsma,2004,"N,San Francisco,Giants"
alfoe001,Alfonzo,Edgardo,R,R,SFN,3B,Edgardo Alfonzo,2004,"N,San Francisco,Giants"
bondb001,Bonds,Barry,L,L,SFN,OF,Barry Bonds,2004,"N,San Francisco,Giants"
browj003,Brower,Jim,R,R,SFN,P,Jim Brower,2004,"N,San Francisco,Giants"
burbd001,Burba,Dave,R,R,SFN,P,Dave Burba,2004,"N,San Francisco,Giants"
chrij002,Christiansen,Jason,R,L,SFN,P,Jason Christiansen,2004,"N,San Francisco,Giants"
coopb001,Cooper,Brian,R,R,SFN,P,Brian Cooper,2004,"N,San Francisco,Giants"
corrk001,Correia,Kevin,R,R,SFN,P,Kevin Correia,2004,"N,San Francisco,Giants"
cruzd001,Cruz,Deivi,R,R,SFN,SS,Deivi Cruz,2004,"N,San Francisco,Giants"
dallb001,Dallimore,Brian,R,R,SFN,2B,Brian Dallimore,2004,"N,San Francisco,Giants"
durhr001,Durham,Ray,B,R,SFN,2B,Ray Durham,2004,"N,San Francisco,Giants"
ellij001,Ellison,Jason,R,R,SFN,OF,Jason Ellison,2004,"N,San Francisco,Giants"
estrl001,Estrella,Leo,R,R,SFN,P,Leo Estrella,2004,"N,San Francisco,Giants"
eyres001,Eyre,Scott,L,L,SFN,P,Scott Eyre,2004,"N,San Francisco,Giants"
felip001,Feliz,Pedro,R,R,SFN,1B,Pedro Feliz,2004,"N,San Francisco,Giants"
foppj001,Foppert,Jesse,R,R,SFN,P,Jesse Foppert,2004,"N,San Francisco,Giants"
franw001,Franklin,Wayne,L,L,SFN,P,Wayne Franklin,2004,"N,San Francisco,Giants"
grism001,Grissom,Marquis,R,R,SFN,OF,Marquis Grissom,2004,"N,San Francisco,Giants"
hammj001,Hammonds,Jeffrey,R,R,SFN,OF,Jeffrey Hammonds,2004,"N,San Francisco,Giants"
hennb001,Hennessey,Brad,R,R,SFN,P,Brad Hennessey,2004,"N,San Francisco,Giants"
hergm001,Herges,Matt,L,R,SFN,P,Matt Herges,2004,"N,San Francisco,Giants"
hermd001,Hermanson,Dustin,R,R,SFN,P,Dustin Hermanson,2004,"N,San Francisco,Giants"
knoej001,Knoedler,Justin,R,R,SFN,C,Justin Knoedler,2004,"N,San Francisco,Giants"
leder001,Ledee,Ricky,L,L,SFN,OF,Ricky Ledee,2004,"N,San Francisco,Giants"
lindt001,Linden,Todd,B,R,SFN,OF,Todd Linden,2004,"N,San Francisco,Giants"
lowrn001,Lowry,Noah,R,L,SFN,P,Noah Lowry,2004,"N,San Francisco,Giants"
minod001,Minor,Damon,L,L,SFN,1B,Damon Minor,2004,"N,San Francisco,Giants"
mohrd001,Mohr,Dustan,R,R,SFN,OF,Dustan Mohr,2004,"N,San Francisco,Giants"
peren001,Perez,Neifi,B,R,SFN,SS,Neifi Perez,2004,"N,San Francisco,Giants"
piera001,Pierzynski,A.J.,L,R,SFN,C,A.J. Pierzynski,2004,"N,San Francisco,Giants"
ransc001,Ransom,Cody,R,R,SFN,SS,Cody Ransom,2004,"N,San Francisco,Giants"
rodrf002,Rodriguez,Felix,R,R,SFN,P,Felix Rodriguez,2004,"N,San Francisco,Giants"
ruetk001,Rueter,Kirk,L,L,SFN,P,Kirk Rueter,2004,"N,San Francisco,Giants"
schmj001,Schmidt,Jason,R,R,SFN,P,Jason Schmidt,2004,"N,San Francisco,Giants"
snowj001,Snow,J.T.,L,L,SFN,1B,J.T. Snow,2004,"N,San Francisco,Giants"
tomkb001,Tomko,Brett,R,R,SFN,P,Brett Tomko,2004,"N,San Francisco,Giants"
torct001,Torcato,Tony,L,R,SFN,PH,Tony Torcato,2004,"N,San Francisco,Giants"
torry001,Torrealba,Yorvit,R,R,SFN,C,Yorvit Torrealba,2004,"N,San Francisco,Giants"
tuckm001,Tucker,Michael,L,R,SFN,OF,Michael Tucker,2004,"N,San Francisco,Giants"
valdm003,Valdez,Merkin,R,R,SFN,P,Merkin Valdez,2004,"N,San Francisco,Giants"
walkk001,Walker,Kevin,L,L,SFN,P,Kevin Walker,2004,"N,San Francisco,Giants"
walkt003,Walker,Tyler,R,R,SFN,P,Tyler Walker,2004,"N,San Francisco,Giants"
willj003,Williams,Jerome,R,R,SFN,P,Jerome Williams,2004,"N,San Francisco,Giants"
atchs001,Atchison,Scott,R,R,SEA,P,Scott Atchison,2004,"A,Seattle,Mariners"
aurir001,Aurilia,Rich,R,R,SEA,SS,Rich Aurilia,2004,"A,Seattle,Mariners"
baekc001,Baek,Cha-Seung,R,R,SEA,P,Cha-Seung Baek,2004,"A,Seattle,Mariners"
blact001,Blackley,Travis,L,L,SEA,P,Travis Blackley,2004,"A,Seattle,Mariners"
bloow001,Bloomquist,Willie,R,R,SEA,3B,Willie Bloomquist,2004,"A,Seattle,Mariners"
bocah001,Bocachica,Hiram,R,R,SEA,OF,Hiram Bocachica,2004,"A,Seattle,Mariners"
boonb002,Boone,Bret,R,R,SEA,2B,Bret Boone,2004,"A,Seattle,Mariners"
bordp001,Borders,Pat,R,R,SEA,C,Pat Borders,2004,"A,Seattle,Mariners"
cabrj002,Cabrera,Jolbert,R,R,SEA,3B,Jolbert Cabrera,2004,"A,Seattle,Mariners"
davib003,Davis,Ben,B,R,SEA,C,Ben Davis,2004,"A,Seattle,Mariners"
dobbg001,Dobbs,Greg,L,R,SEA,3B,Greg Dobbs,2004,"A,Seattle,Mariners"
franr001,Franklin,Ryan,R,R,SEA,P,Ryan Franklin,2004,"A,Seattle,Mariners"
garcf002,Garcia,Freddy,R,R,SEA,P,Freddy Garcia,2004,"A,Seattle,Mariners"
guare001,Guardado,Eddie,R,L,SEA,P,Eddie Guardado,2004,"A,Seattle,Mariners"
hansd001,Hansen,Dave,L,R,SEA,DH,Dave Hansen,2004,"A,Seattle,Mariners"
hases001,Hasegawa,Shigetoshi,R,R,SEA,P,Shigetoshi Hasegawa,2004,"A,Seattle,Mariners"
ibanr001,Ibanez,Raul,L,R,SEA,OF,Raul Ibanez,2004,"A,Seattle,Mariners"
jacob002,Jacobsen,Bucky,R,R,SEA,1B,Bucky Jacobsen,2004,"A,Seattle,Mariners"
jarvk001,Jarvis,Kevin,L,R,SEA,P,Kevin Jarvis,2004,"A,Seattle,Mariners"
kidam001,Kida,Masao,R,R,SEA,P,Masao Kida,2004,"A,Seattle,Mariners"
leonj003,Leone,Justin,R,R,SEA,3B,Justin Leone,2004,"A,Seattle,Mariners"
lopej003,Lopez,Jose,R,R,SEA,SS,Jose Lopez,2004,"A,Seattle,Mariners"
lopem002,Lopez,Mickey,B,R,SEA,2B,Mickey Lopez,2004,"A,Seattle,Mariners"
madrb001,Madritsch,Bobby,L,L,SEA,P,Bobby Madritsch,2004,"A,Seattle,Mariners"
marte001,Martinez,Edgar,R,R,SEA,DH,Edgar Martinez,2004,"A,Seattle,Mariners"
matej001,Mateo,Julio,R,R,SEA,P,Julio Mateo,2004,"A,Seattle,Mariners"
mccrq001,McCracken,Quinton,B,R,SEA,OF,Quinton McCracken,2004,"A,Seattle,Mariners"
mechg001,Meche,Gil,R,R,SEA,P,Gil Meche,2004,"A,Seattle,Mariners"
moyej001,Moyer,Jamie,L,L,SEA,P,Jamie Moyer,2004,"A,Seattle,Mariners"
myerm001,Myers,Mike,L,L,SEA,P,Mike Myers,2004,"A,Seattle,Mariners"
nagec001,Nageotte,Clint,R,R,SEA,P,Clint Nageotte,2004,"A,Seattle,Mariners"
olerj001,Olerud,John,L,L,SEA,1B,John Olerud,2004,"A,Seattle,Mariners"
olivm001,Olivo,Miguel,R,R,SEA,C,Miguel Olivo,2004,"A,Seattle,Mariners"
pinej001,Pineiro,Joel,R,R,SEA,P,Joel Pineiro,2004,"A,Seattle,Mariners"
putzj001,Putz,J.J.,R,R,SEA,P,J.J. Putz,2004,"A,Seattle,Mariners"
reedj004,Reed,Jeremy,L,L,SEA,OF,Jeremy Reed,2004,"A,Seattle,Mariners"
river003,Rivera,Rene,R,R,SEA,C,Rene Rivera,2004,"A,Seattle,Mariners"
santr002,Santiago,Ramon,B,R,SEA,SS,Ramon Santiago,2004,"A,Seattle,Mariners"
sherg001,Sherrill,George,L,L,SEA,P,George Sherrill,2004,"A,Seattle,Mariners"
sorir001,Soriano,Rafael,R,R,SEA,P,Rafael Soriano,2004,"A,Seattle,Mariners"
spies001,Spiezio,Scott,B,R,SEA,3B,Scott Spiezio,2004,"A,Seattle,Mariners"
suzui001,Suzuki,Ichiro,L,R,SEA,OF,Ichiro Suzuki,2004,"A,Seattle,Mariners"
tayla001,Taylor,Aaron,R,R,SEA,P,Aaron Taylor,2004,"A,Seattle,Mariners"
thorm001,Thornton,Matt,L,L,SEA,P,Matt Thornton,2004,"A,Seattle,Mariners"
villr001,Villone,Ron,L,L,SEA,P,Ron Villone,2004,"A,Seattle,Mariners"
willr003,Williams,Randy,L,L,SEA,P,Randy Williams,2004,"A,Seattle,Mariners"
wilsd001,Wilson,Dan,R,R,SEA,C,Dan Wilson,2004,"A,Seattle,Mariners"
winnr001,Winn,Randy,B,R,SEA,OF,Randy Winn,2004,"A,Seattle,Mariners"
andem003,Anderson,Marlon,L,R,SLN,2B,Marlon Anderson,2004,"N,St. Louis,Cardinals"
ankir001,Ankiel,Rick,L,L,SLN,P,Rick Ankiel,2004,"N,St. Louis,Cardinals"
calek001,Calero,Kiko,R,R,SLN,P,Kiko Calero,2004,"N,St. Louis,Cardinals"
calic001,Cali,Carmen,L,L,SLN,P,Carmen Cali,2004,"N,St. Louis,Cardinals"
carpc002,Carpenter,Chris,R,R,SLN,P,Chris Carpenter,2004,"N,St. Louis,Cardinals"
ceder001,Cedeno,Roger,B,R,SLN,OF,Roger Cedeno,2004,"N,St. Louis,Cardinals"
edmoj001,Edmonds,Jim,L,L,SLN,OF,Jim Edmonds,2004,"N,St. Louis,Cardinals"
eldrc001,Eldred,Cal,R,R,SLN,P,Cal Eldred,2004,"N,St. Louis,Cardinals"
florr001,Flores,Randy,L,L,SLN,P,Randy Flores,2004,"N,St. Louis,Cardinals"
hared001,Haren,Dan,R,R,SLN,P,Dan Haren,2004,"N,St. Louis,Cardinals"
hartb001,Hart,Bo,R,R,SLN,2B,Bo Hart,2004,"N,St. Louis,Cardinals"
isrij001,Isringhausen,Jason,R,R,SLN,P,Jason Isringhausen,2004,"N,St. Louis,Cardinals"
kingr001,King,Ray,L,L,SLN,P,Ray King,2004,"N,St. Louis,Cardinals"
klins002,Kline,Steve,R,L,SLN,P,Steve Kline,2004,"N,St. Louis,Cardinals"
lankr001,Lankford,Ray,L,L,SLN,OF,Ray Lankford,2004,"N,St. Louis,Cardinals"
lincm001,Lincoln,Mike,R,R,SLN,P,Mike Lincoln,2004,"N,St. Louis,Cardinals"
lunah001,Luna,Hector,R,R,SLN,SS,Hector Luna,2004,"N,St. Louis,Cardinals"
mabrj001,Mabry,John,L,R,SLN,OF,John Mabry,2004,"N,St. Louis,Cardinals"
marqj001,Marquis,Jason,L,R,SLN,P,Jason Marquis,2004,"N,St. Louis,Cardinals"
mathm001,Matheny,Mike,R,R,SLN,C,Mike Matheny,2004,"N,St. Louis,Cardinals"
mckac001,McKay,Cody,L,R,SLN,C,Cody McKay,2004,"N,St. Louis,Cardinals"
moliy001,Molina,Yadier,R,R,SLN,C,Yadier Molina,2004,"N,St. Louis,Cardinals"
morrm001,Morris,Matt,R,R,SLN,P,Matt Morris,2004,"N,St. Louis,Cardinals"
pearj001,Pearce,Josh,R,R,SLN,P,Josh Pearce,2004,"N,St. Louis,Cardinals"
portc002,Porter,Colin,L,L,SLN,OF,Colin Porter,2004,"N,St. Louis,Cardinals"
pujoa001,Pujols,Albert,R,R,SLN,1B,Albert Pujols,2004,"N,St. Louis,Cardinals"
rente001,Renteria,Edgar,R,R,SLN,SS,Edgar Renteria,2004,"N,St. Louis,Cardinals"
reyea001,Reyes,Alberto,R,R,SLN,P,Alberto Reyes,2004,"N,St. Louis,Cardinals"
roles001,Rolen,Scott,R,R,SLN,3B,Scott Rolen,2004,"N,St. Louis,Cardinals"
sandr002,Sanders,Reggie,R,R,SLN,OF,Reggie Sanders,2004,"N,St. Louis,Cardinals"
simoj001,Simontacchi,Jason,R,R,SLN,P,Jason Simontacchi,2004,"N,St. Louis,Cardinals"
suppj001,Suppan,Jeff,R,R,SLN,P,Jeff Suppan,2004,"N,St. Louis,Cardinals"
tagus001,Taguchi,So,R,R,SLN,OF,So Taguchi,2004,"N,St. Louis,Cardinals"
tavaj001,Tavarez,Julian,L,R,SLN,P,Julian Tavarez,2004,"N,St. Louis,Cardinals"
walkl001,Walker,Larry,L,R,SLN,OF,Larry Walker,2004,"N,St. Louis,Cardinals"
willw001,Williams,Woody,R,R,SLN,P,Woody Williams,2004,"N,St. Louis,Cardinals"
womat001,Womack,Tony,L,R,SLN,2B,Tony Womack,2004,"N,St. Louis,Cardinals"
alvaw001,Alvarez,Wilson,L,L,LAN,P,Wilson Alvarez,2004,"N,Los Angeles,Dodgers"
belta001,Beltre,Adrian,R,R,LAN,3B,Adrian Beltre,2004,"N,Los Angeles,Dodgers"
bradm001,Bradley,Milton,B,R,LAN,OF,Milton Bradley,2004,"N,Los Angeles,Dodgers"
brazy001,Brazoban,Yhency,R,R,LAN,P,Yhency Brazoban,2004,"N,Los Angeles,Dodgers"
carrg001,Carrara,Giovanni,R,R,LAN,P,Giovanni Carrara,2004,"N,Los Angeles,Dodgers"
chenc001,Chen,Chin-Feng,R,R,LAN,OF,Chin-Feng Chen,2004,"N,Los Angeles,Dodgers"
choih001,Choi,Hee-Seop,L,L,LAN,1B,Hee-Seop Choi,2004,"N,Los Angeles,Dodgers"
coraa001,Cora,Alex,L,R,LAN,2B,Alex Cora,2004,"N,Los Angeles,Dodgers"
desse001,Dessens,Elmer,R,R,LAN,P,Elmer Dessens,2004,"N,Los Angeles,Dodgers"
dreid001,Dreifort,Darren,R,R,LAN,P,Darren Dreifort,2004,"N,Los Angeles,Dodgers"
encaj001,Encarnacion,Juan,R,R,LAN,OF,Juan Encarnacion,2004,"N,Los Angeles,Dodgers"
falkb001,Falkenborg,Brian,R,R,LAN,P,Brian Falkenborg,2004,"N,Los Angeles,Dodgers"
finls001,Finley,Steve,L,L,LAN,OF,Steve Finley,2004,"N,Los Angeles,Dodgers"
florj001,Flores,Jose,R,R,LAN,2B,Jose Flores,2004,"N,Los Angeles,Dodgers"
gagne001,Gagne,Eric,R,R,LAN,P,Eric Gagne,2004,"N,Los Angeles,Dodgers"
grabj001,Grabowski,Jason,L,R,LAN,OF,Jason Grabowski,2004,"N,Los Angeles,Dodgers"
grees001,Green,Shawn,L,L,LAN,1B,Shawn Green,2004,"N,Los Angeles,Dodgers"
hernj001,Hernandez,Jose,R,R,LAN,2B,Jose Hernandez,2004,"N,Los Angeles,Dodgers"
ishik001,Ishii,Kazuhisa,L,L,LAN,P,Kazuhisa Ishii,2004,"N,Los Angeles,Dodgers"
iztuc001,Izturis,Cesar,B,R,LAN,SS,Cesar Izturis,2004,"N,Los Angeles,Dodgers"
jacke001,Jackson,Edwin,R,R,LAN,P,Edwin Jackson,2004,"N,Los Angeles,Dodgers"
kidam001,Kida,Masao,R,R,LAN,P,Masao Kida,2004,"N,Los Angeles,Dodgers"
limaj001,Lima,Jose,R,R,LAN,P,Jose Lima,2004,"N,Los Angeles,Dodgers"
lodup001,Lo Duca,Paul,R,R,LAN,C,Paul Lo Duca,2004,"N,Los Angeles,Dodgers"
martt003,Martin,Tom,L,L,LAN,P,Tom Martin,2004,"N,Los Angeles,Dodgers"
maynb001,Mayne,Brent,L,R,LAN,C,Brent Mayne,2004,"N,Los Angeles,Dodgers"
motag001,Mota,Guillermo,R,R,LAN,P,Guillermo Mota,2004,"N,Los Angeles,Dodgers"
myerr002,Myers,Rodney,R,R,LAN,P,Rodney Myers,2004,"N,Los Angeles,Dodgers"
nomoh001,Nomo,Hideo,R,R,LAN,P,Hideo Nomo,2004,"N,Los Angeles,Dodgers"
pennb002,Penny,Brad,R,R,LAN,P,Brad Penny,2004,"N,Los Angeles,Dodgers"
perea001,Perez,Antonio,R,R,LAN,2B,Antonio Perez,2004,"N,Los Angeles,Dodgers"
pereo001,Perez,Odalis,L,L,LAN,P,Odalis Perez,2004,"N,Los Angeles,Dodgers"
robed001,Roberts,Dave,L,L,LAN,OF,Dave Roberts,2004,"N,Los Angeles,Dodgers"
rossd001,Ross,David,R,R,LAN,C,David Ross,2004,"N,Los Angeles,Dodgers"
saeno001,Saenz,Olmedo,R,R,LAN,1B,Olmedo Saenz,2004,"N,Los Angeles,Dodgers"
sancd001,Sanchez,Duaner,R,R,LAN,P,Duaner Sanchez,2004,"N,Los Angeles,Dodgers"
stews003,Stewart,Scott,R,L,LAN,P,Scott Stewart,2004,"N,Los Angeles,Dodgers"
thurj001,Thurston,Joseph,L,R,LAN,2B,Joseph Thurston,2004,"N,Los Angeles,Dodgers"
venam002,Venafro,Mike,L,L,LAN,P,Mike Venafro,2004,"N,Los Angeles,Dodgers"
ventr001,Ventura,Robin,L,R,LAN,1B,Robin Ventura,2004,"N,Los Angeles,Dodgers"
weavj002,Weaver,Jeff,R,R,LAN,P,Jeff Weaver,2004,"N,Los Angeles,Dodgers"
wertj001,Werth,Jayson,R,R,LAN,OF,Jayson Werth,2004,"N,Los Angeles,Dodgers"
wilst003,Wilson,Tom,R,R,LAN,C,Tom Wilson,2004,"N,Los Angeles,Dodgers"
affej001,Affeldt,Jeremy,L,L,KCA,P,Jeremy Affeldt,2004,"A,Kansas City,Royals"
andeb002,Anderson,Brian,L,L,KCA,P,Brian Anderson,2004,"A,Kansas City,Royals"
appik001,Appier,Kevin,R,R,KCA,P,Kevin Appier,2004,"A,Kansas City,Royals"
bautd002,Bautista,Denny,R,R,KCA,P,Denny Bautista,2004,"A,Kansas City,Royals"
bautj002,Bautista,Jose,R,R,KCA,3B,Jose Bautista,2004,"A,Kansas City,Royals"
beltc001,Beltran,Carlos,B,R,KCA,OF,Carlos Beltran,2004,"A,Kansas City,Royals"
bergb001,Berger,Brandon,R,R,KCA,OF,Brandon Berger,2004,"A,Kansas City,Royals"
berra001,Berroa,Angel,R,R,KCA,SS,Angel Berroa,2004,"A,Kansas City,Royals"
blana001,Blanco,Andres,B,R,KCA,SS,Andres Blanco,2004,"A,Kansas City,Royals"
browa001,Brown,Adrian,B,R,KCA,OF,Adrian Brown,2004,"A,Kansas City,Royals"
browd002,Brown,Dee,L,R,KCA,OF,Dee Brown,2004,"A,Kansas City,Royals"
buckj001,Buck,John,R,R,KCA,C,John Buck,2004,"A,Kansas City,Royals"
bukvr001,Bukvich,Ryan,R,R,KCA,P,Ryan Bukvich,2004,"A,Kansas City,Royals"
camps002,Camp,Shawn,R,R,KCA,P,Shawn Camp,2004,"A,Kansas City,Royals"
carrd001,Carrasco,D.J.,R,R,KCA,P,D.J. Carrasco,2004,"A,Kansas City,Royals"
casta001,Castillo,Alberto,R,R,KCA,C,Alberto Castillo,2004,"A,Kansas City,Royals"
cerdj001,Cerda,Jaime,L,L,KCA,P,Jaime Cerda,2004,"A,Kansas City,Royals"
dejed001,DeJesus,David,L,L,KCA,OF,David DeJesus,2004,"A,Kansas City,Royals"
fieln001,Field,Nate,R,R,KCA,P,Nate Field,2004,"A,Kansas City,Royals"
georc002,George,Chris,L,L,KCA,P,Chris George,2004,"A,Kansas City,Royals"
gettb001,Gettis,Byron,R,R,KCA,OF,Byron Gettis,2004,"A,Kansas City,Royals"
gobbj001,Gobble,Jimmy,L,L,KCA,P,Jimmy Gobble,2004,"A,Kansas City,Royals"
gomea001,Gomez,Alexis,L,L,KCA,OF,Alexis Gomez,2004,"A,Kansas City,Royals"
gonzj002,Gonzalez,Juan,R,R,KCA,OF,Juan Gonzalez,2004,"A,Kansas City,Royals"
gotar001,Gotay,Ruben,B,R,KCA,2B,Ruben Gotay,2004,"A,Kansas City,Royals"
graft001,Graffanino,Tony,R,R,KCA,2B,Tony Graffanino,2004,"A,Kansas City,Royals"
greiz001,Greinke,Zack,R,R,KCA,P,Zack Greinke,2004,"A,Kansas City,Royals"
grimj001,Grimsley,Jason,R,R,KCA,P,Jason Grimsley,2004,"A,Kansas City,Royals"
guerw001,Guerrero,Wilton,B,R,KCA,2B,Wilton Guerrero,2004,"A,Kansas City,Royals"
guiea001,Guiel,Aaron,L,R,KCA,OF,Aaron Guiel,2004,"A,Kansas City,Royals"
harvk001,Harvey,Ken,R,R,KCA,1B,Ken Harvey,2004,"A,Kansas City,Royals"
huisj001,Huisman,Justin,R,R,KCA,P,Justin Huisman,2004,"A,Kansas City,Royals"
jackd003,Jackson,Damian,R,R,KCA,OF,Damian Jackson,2004,"A,Kansas City,Royals"
kinnm002,Kinney,Matt,R,R,KCA,P,Matt Kinney,2004,"A,Kansas City,Royals"
leskc001,Leskanic,Curt,R,R,KCA,P,Curt Leskanic,2004,"A,Kansas City,Royals"
lopem001,Lopez,Mendy,R,R,KCA,2B,Mendy Lopez,2004,"A,Kansas City,Royals"
macdm001,MacDougal,Mike,B,R,KCA,P,Mike MacDougal,2004,"A,Kansas City,Royals"
mater001,Mateo,Ruben,R,R,KCA,OF,Ruben Mateo,2004,"A,Kansas City,Royals"
may-d002,May,Darrell,L,L,KCA,P,Darrell May,2004,"A,Kansas City,Royals"
murpd004,Murphy,Donnie,R,R,KCA,2B,Donnie Murphy,2004,"A,Kansas City,Royals"
nunea002,Nunez,Abraham,B,R,KCA,OF,Abraham Nunez,2004,"A,Kansas City,Royals"
philp001,Phillips,Paul,R,R,KCA,C,Paul Phillips,2004,"A,Kansas City,Royals"
pickc001,Pickering,Calvin,L,L,KCA,DH,Calvin Pickering,2004,"A,Kansas City,Royals"
randj002,Randa,Joe,R,R,KCA,3B,Joe Randa,2004,"A,Kansas City,Royals"
relad001,Relaford,Desi,B,R,KCA,3B,Desi Relaford,2004,"A,Kansas City,Royals"
reyed001,Reyes,Dennys,R,L,KCA,P,Dennys Reyes,2004,"A,Kansas City,Royals"
santb001,Santiago,Benito,R,R,KCA,C,Benito Santiago,2004,"A,Kansas City,Royals"
seanr001,Seanez,Rudy,R,R,KCA,P,Rudy Seanez,2004,"A,Kansas City,Royals"
serrj001,Serrano,Jimmy,R,R,KCA,P,Jimmy Serrano,2004,"A,Kansas City,Royals"
staim001,Stairs,Matt,L,R,KCA,OF,Matt Stairs,2004,"A,Kansas City,Royals"
stink001,Stinnett,Kelly,R,R,KCA,C,Kelly Stinnett,2004,"A,Kansas City,Royals"
sulls001,Sullivan,Scott,R,R,KCA,P,Scott Sullivan,2004,"A,Kansas City,Royals"
sweem002,Sweeney,Mike,R,R,KCA,1B,Mike Sweeney,2004,"A,Kansas City,Royals"
thomr005,Thompson,Rich,L,R,KCA,OF,Rich Thompson,2004,"A,Kansas City,Royals"
tonim001,Tonis,Mike,R,R,KCA,C,Mike Tonis,2004,"A,Kansas City,Royals"
vasqj001,Vasquez,Jorge,R,R,KCA,P,Jorge Vasquez,2004,"A,Kansas City,Royals"
ville001,Villacis,Eduardo,R,R,KCA,P,Eduardo Villacis,2004,"A,Kansas City,Royals"
woodm002,Wood,Mike,R,R,KCA,P,Mike Wood,2004,"A,Kansas City,Royals"
browk001,Brown,Kevin,R,R,NYA,P,Kevin Brown,2004,"A,New York,Yankees"
bushh001,Bush,Homer,R,R,NYA,2B,Homer Bush,2004,"A,New York,Yankees"
cairm001,Cairo,Miguel,R,R,NYA,2B,Miguel Cairo,2004,"A,New York,Yankees"
clart002,Clark,Tony,B,R,NYA,1B,Tony Clark,2004,"A,New York,Yankees"
contj002,Contreras,Jose,R,R,NYA,P,Jose Contreras,2004,"A,New York,Yankees"
crosb001,Crosby,Bubba,L,L,NYA,OF,Bubba Crosby,2004,"A,New York,Yankees"
depaj002,de Paula,Jorge,R,R,NYA,P,Jorge de Paula,2004,"A,New York,Yankees"
escaf001,Escalona,Felix,R,R,NYA,SS,Felix Escalona,2004,"A,New York,Yankees"
flahj001,Flaherty,John,R,R,NYA,C,John Flaherty,2004,"A,New York,Yankees"
giamj001,Giambi,Jason,L,R,NYA,1B,Jason Giambi,2004,"A,New York,Yankees"
gordt001,Gordon,Tom,R,R,NYA,P,Tom Gordon,2004,"A,New York,Yankees"
grama001,Graman,Alex,L,L,NYA,P,Alex Graman,2004,"A,New York,Yankees"
halsb001,Halsey,Brad,L,L,NYA,P,Brad Halsey,2004,"A,New York,Yankees"
heref001,Heredia,Felix,L,L,NYA,P,Felix Heredia,2004,"A,New York,Yankees"
herno001,Hernandez,Orlando,R,R,NYA,P,Orlando Hernandez,2004,"A,New York,Yankees"
jeted001,Jeter,Derek,R,R,NYA,SS,Derek Jeter,2004,"A,New York,Yankees"
karss001,Karsay,Steve,R,R,NYA,P,Steve Karsay,2004,"A,New York,Yankees"
lee-t002,Lee,Travis,L,L,NYA,1B,Travis Lee,2004,"A,New York,Yankees"
liebj001,Lieber,Jon,L,R,NYA,P,Jon Lieber,2004,"A,New York,Yankees"
loaie001,Loaiza,Esteban,R,R,NYA,P,Esteban Loaiza,2004,"A,New York,Yankees"
loftk001,Lofton,Kenny,L,L,NYA,OF,Kenny Lofton,2004,"A,New York,Yankees"
marss001,Marsonek,Sam,R,R,NYA,P,Sam Marsonek,2004,"A,New York,Yankees"
matsh001,Matsui,Hideki,L,R,NYA,OF,Hideki Matsui,2004,"A,New York,Yankees"
mussm001,Mussina,Mike,L,R,NYA,P,Mike Mussina,2004,"A,New York,Yankees"
navad001,Navarro,Dioner,B,R,NYA,C,Dioner Navarro,2004,"A,New York,Yankees"
nitkc001,Nitkowski,C.J.,L,L,NYA,P,C.J. Nitkowski,2004,"A,New York,Yankees"
olerj001,Olerud,John,L,L,NYA,1B,John Olerud,2004,"A,New York,Yankees"
osbod001,Osborne,Donovan,B,L,NYA,P,Donovan Osborne,2004,"A,New York,Yankees"
padij001,Padilla,Juan,R,R,NYA,P,Juan Padilla,2004,"A,New York,Yankees"
phila001,Phillips,Andy,R,R,NYA,3B,Andy Phillips,2004,"A,New York,Yankees"
posaj001,Posada,Jorge,B,R,NYA,C,Jorge Posada,2004,"A,New York,Yankees"
prinb001,Prinz,Bret,R,R,NYA,P,Bret Prinz,2004,"A,New York,Yankees"
procs001,Proctor,Scott,R,R,NYA,P,Scott Proctor,2004,"A,New York,Yankees"
quanp001,Quantrill,Paul,L,R,NYA,P,Paul Quantrill,2004,"A,New York,Yankees"
rivem002,Rivera,Mariano,R,R,NYA,P,Mariano Rivera,2004,"A,New York,Yankees"
rodra001,Rodriguez,Alex,R,R,NYA,3B,Alex Rodriguez,2004,"A,New York,Yankees"
shefg001,Sheffield,Gary,R,R,NYA,OF,Gary Sheffield,2004,"A,New York,Yankees"
sierr001,Sierra,Ruben,B,R,NYA,DH,Ruben Sierra,2004,"A,New York,Yankees"
sturt001,Sturtze,Tanyon,R,R,NYA,P,Tanyon Sturtze,2004,"A,New York,Yankees"
vazqj001,Vazquez,Javier,R,R,NYA,P,Javier Vazquez,2004,"A,New York,Yankees"
whitg001,White,Gabe,L,L,NYA,P,Gabe White,2004,"A,New York,Yankees"
willb002,Williams,Bernie,B,R,NYA,OF,Bernie Williams,2004,"A,New York,Yankees"
wilse001,Wilson,Enrique,B,R,NYA,2B,Enrique Wilson,2004,"A,New York,Yankees"
ameza001,Amezaga,Alfredo,B,R,ANA,SS,Alfredo Amezaga,2004,"A,Anaheim,Angels"
andeg001,Anderson,Garret,L,L,ANA,OF,Garret Anderson,2004,"A,Anaheim,Angels"
bergd003,Bergman,Dusty,L,L,ANA,P,Dusty Bergman,2004,"A,Anaheim,Angels"
colob001,Colon,Bartolo,R,R,ANA,P,Bartolo Colon,2004,"A,Anaheim,Angels"
davaj001,DaVanon,Jeff,B,R,ANA,OF,Jeff DaVanon,2004,"A,Anaheim,Angels"
donnb001,Donnelly,Brendan,R,R,ANA,P,Brendan Donnelly,2004,"A,Anaheim,Angels"
dunns002,Dunn,Scott,R,R,ANA,P,Scott Dunn,2004,"A,Anaheim,Angels"
ecksd001,Eckstein,David,R,R,ANA,SS,David Eckstein,2004,"A,Anaheim,Angels"
erstd001,Erstad,Darin,L,L,ANA,1B,Darin Erstad,2004,"A,Anaheim,Angels"
escok001,Escobar,Kelvim,R,R,ANA,P,Kelvim Escobar,2004,"A,Anaheim,Angels"
figgc001,Figgins,Chone,B,R,ANA,3B,Chone Figgins,2004,"A,Anaheim,Angels"
galaa001,Galarraga,Andres,R,R,ANA,DH,Andres Galarraga,2004,"A,Anaheim,Angels"
glaut001,Glaus,Troy,R,R,ANA,DH,Troy Glaus,2004,"A,Anaheim,Angels"
gregk001,Gregg,Kevin,R,R,ANA,P,Kevin Gregg,2004,"A,Anaheim,Angels"
guerv001,Guerrero,Vladimir,R,R,ANA,OF,Vladimir Guerrero,2004,"A,Anaheim,Angels"
guilj001,Guillen,Jose,R,R,ANA,OF,Jose Guillen,2004,"A,Anaheim,Angels"
halts001,Halter,Shane,R,R,ANA,3B,Shane Halter,2004,"A,Anaheim,Angels"
hensm001,Hensley,Matt,R,R,ANA,P,Matt Hensley,2004,"A,Anaheim,Angels"
kenna001,Kennedy,Adam,L,R,ANA,2B,Adam Kennedy,2004,"A,Anaheim,Angels"
kotcc001,Kotchman,Casey,L,L,ANA,1B,Casey Kotchman,2004,"A,Anaheim,Angels"
lackj001,Lackey,John,R,R,ANA,P,John Lackey,2004,"A,Anaheim,Angels"
mcphd001,McPherson,Dallas,L,R,ANA,3B,Dallas McPherson,2004,"A,Anaheim,Angels"
molib001,Molina,Bengie,R,R,ANA,C,Bengie Molina,2004,"A,Anaheim,Angels"
molij001,Molina,Jose,R,R,ANA,C,Jose Molina,2004,"A,Anaheim,Angels"
mondr002,Mondesi,Raul,R,R,ANA,OF,Raul Mondesi,2004,"A,Anaheim,Angels"
ortir002,Ortiz,Ramon,R,R,ANA,P,Ramon Ortiz,2004,"A,Anaheim,Angels"
paulj001,Paul,Josh,R,R,ANA,C,Josh Paul,2004,"A,Anaheim,Angels"
perct001,Percival,Troy,R,R,ANA,P,Troy Percival,2004,"A,Anaheim,Angels"
pridc001,Pride,Curtis,L,R,ANA,OF,Curtis Pride,2004,"A,Anaheim,Angels"
quinr002,Quinlan,Robb,R,R,ANA,3B,Robb Quinlan,2004,"A,Anaheim,Angels"
rigga001,Riggs,Adam,R,R,ANA,OF,Adam Riggs,2004,"A,Anaheim,Angels"
rodrf003,Rodriguez,Francisco,R,R,ANA,P,Francisco Rodriguez,2004,"A,Anaheim,Angels"
salmt001,Salmon,Tim,R,R,ANA,DH,Tim Salmon,2004,"A,Anaheim,Angels"
selea001,Sele,Aaron,R,R,ANA,P,Aaron Sele,2004,"A,Anaheim,Angels"
shies002,Shields,Scot,R,R,ANA,P,Scot Shields,2004,"A,Anaheim,Angels"
turnd001,Turnbow,Derrick,R,R,ANA,P,Derrick Turnbow,2004,"A,Anaheim,Angels"
washj001,Washburn,Jarrod,L,L,ANA,P,Jarrod Washburn,2004,"A,Anaheim,Angels"
webeb001,Weber,Ben,R,R,ANA,P,Ben Weber,2004,"A,Anaheim,Angels"
alfoa001,Alfonseca,Antonio,R,R,ATL,P,Antonio Alfonseca,2004,"N,Atlanta,Braves"
almaa001,Almanza,Armando,L,L,ATL,P,Armando Almanza,2004,"N,Atlanta,Braves"
betew001,Betemit,Wilson,B,R,ATL,SS,Wilson Betemit,2004,"N,Atlanta,Braves"
byrdp001,Byrd,Paul,R,R,ATL,P,Paul Byrd,2004,"N,Atlanta,Braves"
capej001,Capellan,Jose,R,R,ATL,P,Jose Capellan,2004,"N,Atlanta,Braves"
color001,Colon,Roman,R,R,ATL,P,Roman Colon,2004,"N,Atlanta,Braves"
cruzj005,Cruz,Juan,R,R,ATL,P,Juan Cruz,2004,"N,Atlanta,Braves"
cunnw001,Cunnane,Will,R,R,ATL,P,Will Cunnane,2004,"N,Atlanta,Braves"
derom001,DeRosa,Mark,R,R,ATL,3B,Mark DeRosa,2004,"N,Atlanta,Braves"
drewj001,Drew,J.D.,L,R,ATL,OF,J.D. Drew,2004,"N,Atlanta,Braves"
drewt001,Drew,Tim,R,R,ATL,P,Tim Drew,2004,"N,Atlanta,Braves"
estrj001,Estrada,Johnny,B,R,ATL,C,Johnny Estrada,2004,"N,Atlanta,Braves"
franj002,Franco,Julio,R,R,ATL,1B,Julio Franco,2004,"N,Atlanta,Braves"
furcr001,Furcal,Rafael,B,R,ATL,SS,Rafael Furcal,2004,"N,Atlanta,Braves"
garcj001,Garcia,Jesse,R,R,ATL,SS,Jesse Garcia,2004,"N,Atlanta,Braves"
gilem001,Giles,Marcus,R,R,ATL,2B,Marcus Giles,2004,"N,Atlanta,Braves"
green001,Green,Nick,R,R,ATL,2B,Nick Green,2004,"N,Atlanta,Braves"
grybk001,Gryboski,Kevin,R,R,ATL,P,Kevin Gryboski,2004,"N,Atlanta,Braves"
hampm001,Hampton,Mike,R,L,ATL,P,Mike Hampton,2004,"N,Atlanta,Braves"
hessm001,Hessman,Mike,R,R,ATL,1B,Mike Hessman,2004,"N,Atlanta,Braves"
holld002,Hollins,Damon,R,L,ATL,OF,Damon Hollins,2004,"N,Atlanta,Braves"
jonea002,Jones,Andruw,R,R,ATL,OF,Andruw Jones,2004,"N,Atlanta,Braves"
jonec004,Jones,Chipper,B,R,ATL,3B,Chipper Jones,2004,"N,Atlanta,Braves"
laroa001,LaRoche,Adam,L,L,ATL,1B,Adam LaRoche,2004,"N,Atlanta,Braves"
marre001,Marrero,Eli,R,R,ATL,OF,Eli Marrero,2004,"N,Atlanta,Braves"
martt003,Martin,Tom,L,L,ATL,P,Tom Martin,2004,"N,Atlanta,Braves"
mccos001,McConnell,Sam,L,L,ATL,P,Sam McConnell,2004,"N,Atlanta,Braves"
meyed002,Meyer,Dan,R,L,ATL,P,Dan Meyer,2004,"N,Atlanta,Braves"
nitkc001,Nitkowski,C.J.,L,L,ATL,P,C.J. Nitkowski,2004,"N,Atlanta,Braves"
ortir001,Ortiz,Russ,R,R,ATL,P,Russ Ortiz,2004,"N,Atlanta,Braves"
peree002,Perez,Eddie,R,R,ATL,C,Eddie Perez,2004,"N,Atlanta,Braves"
ramih002,Ramirez,Horacio,L,L,ATL,P,Horacio Ramirez,2004,"N,Atlanta,Braves"
reitc001,Reitsma,Chris,R,R,ATL,P,Chris Reitsma,2004,"N,Atlanta,Braves"
smitt001,Smith,Travis,R,R,ATL,P,Travis Smith,2004,"N,Atlanta,Braves"
smolj001,Smoltz,John,R,R,ATL,P,John Smoltz,2004,"N,Atlanta,Braves"
thomc001,Thomas,Charles,L,L,ATL,OF,Charles Thomas,2004,"N,Atlanta,Braves"
thomj005,Thomson,John,R,R,ATL,P,John Thomson,2004,"N,Atlanta,Braves"
wised001,Wise,Dewayne,L,L,ATL,OF,Dewayne Wise,2004,"N,Atlanta,Braves"
wrigj002,Wright,Jaret,R,R,ATL,P,Jaret Wright,2004,"N,Atlanta,Braves"
ainsk001,Ainsworth,Kurt,R,R,BAL,P,Kurt Ainsworth,2004,"A,Baltimore,Orioles"
bauer001,Bauer,Rick,R,R,BAL,P,Rick Bauer,2004,"A,Baltimore,Orioles"
bautd002,Bautista,Denny,R,R,BAL,P,Denny Bautista,2004,"A,Baltimore,Orioles"
bautj002,Bautista,Jose,R,R,BAL,OF,Jose Bautista,2004,"A,Baltimore,Orioles"
bedae001,Bedard,Erik,L,L,BAL,P,Erik Bedard,2004,"A,Baltimore,Orioles"
bigbl001,Bigbie,Larry,L,R,BAL,OF,Larry Bigbie,2004,"A,Baltimore,Orioles"
borkd001,Borkowski,Dave,R,R,BAL,P,Dave Borkowski,2004,"A,Baltimore,Orioles"
cabrd001,Cabrera,Daniel,R,R,BAL,P,Daniel Cabrera,2004,"A,Baltimore,Orioles"
chenb001,Chen,Bruce,L,L,BAL,P,Bruce Chen,2004,"A,Baltimore,Orioles"
cubid001,Cubillan,Darwin,R,R,BAL,P,Darwin Cubillan,2004,"A,Baltimore,Orioles"
custj001,Cust,Jack,L,R,BAL,PH,Jack Cust,2004,"A,Baltimore,Orioles"
dejem001,DeJean,Mike,R,R,BAL,P,Mike DeJean,2004,"A,Baltimore,Orioles"
duboe001,DuBose,Eric,L,L,BAL,P,Eric DuBose,2004,"A,Baltimore,Orioles"
garck002,Garcia,Karim,L,L,BAL,OF,Karim Garcia,2004,"A,Baltimore,Orioles"
gibbj002,Gibbons,Jay,L,L,BAL,OF,Jay Gibbons,2004,"A,Baltimore,Orioles"
gil-g001,Gil,Geronimo,R,R,BAL,C,Geronimo Gil,2004,"A,Baltimore,Orioles"
grimj001,Grimsley,Jason,R,R,BAL,P,Jason Grimsley,2004,"A,Baltimore,Orioles"
groob001,Groom,Buddy,L,L,BAL,P,Buddy Groom,2004,"A,Baltimore,Orioles"
hairj002,Hairston,Jerry,R,R,BAL,OF,Jerry Hairston,2004,"A,Baltimore,Orioles"
huckk001,Huckaby,Ken,R,R,BAL,C,Ken Huckaby,2004,"A,Baltimore,Orioles"
julij001,Julio,Jorge,R,R,BAL,P,Jorge Julio,2004,"A,Baltimore,Orioles"
leonj002,Leon,Jose,R,R,BAL,1B,Jose Leon,2004,"A,Baltimore,Orioles"
lopej001,Lopez,Javy,R,R,BAL,C,Javy Lopez,2004,"A,Baltimore,Orioles"
lopel002,Lopez,Luis,B,R,BAL,SS,Luis Lopez,2004,"A,Baltimore,Orioles"
loper001,Lopez,Rodrigo,R,R,BAL,P,Rodrigo Lopez,2004,"A,Baltimore,Orioles"
machr001,Machado,Robert,R,R,BAL,C,Robert Machado,2004,"A,Baltimore,Orioles"
mainj001,Maine,John,R,R,BAL,P,John Maine,2004,"A,Baltimore,Orioles"
majev001,Majewski,Val,L,L,BAL,OF,Val Majewski,2004,"A,Baltimore,Orioles"
matol001,Matos,Luis,R,R,BAL,OF,Luis Matos,2004,"A,Baltimore,Orioles"
mcdod002,McDonald,Darnell,R,R,BAL,OF,Darnell McDonald,2004,"A,Baltimore,Orioles"
moram002,Mora,Melvin,R,R,BAL,3B,Melvin Mora,2004,"A,Baltimore,Orioles"
mottc001,Mottola,Chad,R,R,BAL,OF,Chad Mottola,2004,"A,Baltimore,Orioles"
newhd001,Newhan,David,L,R,BAL,OF,David Newhan,2004,"A,Baltimore,Orioles"
osikk001,Osik,Keith,R,R,BAL,C,Keith Osik,2004,"A,Baltimore,Orioles"
palmr001,Palmeiro,Rafael,L,L,BAL,1B,Rafael Palmeiro,2004,"A,Baltimore,Orioles"
parrj003,Parrish,John,L,L,BAL,P,John Parrish,2004,"A,Baltimore,Orioles"
ponss001,Ponson,Sidney,R,R,BAL,P,Sidney Ponson,2004,"A,Baltimore,Orioles"
raint002,Raines,Tim,R,R,BAL,OF,Tim Raines,2004,"A,Baltimore,Orioles"
rakea001,Rakers,Aaron,R,R,BAL,P,Aaron Rakers,2004,"A,Baltimore,Orioles"
rilem001,Riley,Matt,L,L,BAL,P,Matt Riley,2004,"A,Baltimore,Orioles"
robeb003,Roberts,Brian,B,R,BAL,2B,Brian Roberts,2004,"A,Baltimore,Orioles"
rodre002,Rodriguez,Eddy,R,R,BAL,P,Eddy Rodriguez,2004,"A,Baltimore,Orioles"
ryanb001,Ryan,B.J.,L,L,BAL,P,B.J. Ryan,2004,"A,Baltimore,Orioles"
segud001,Segui,David,B,L,BAL,DH,David Segui,2004,"A,Baltimore,Orioles"
surhb001,Surhoff,B.J.,L,R,BAL,OF,B.J. Surhoff,2004,"A,Baltimore,Orioles"
tejam001,Tejada,Miguel,R,R,BAL,SS,Miguel Tejada,2004,"A,Baltimore,Orioles"
willt001,Williams,Todd,R,R,BAL,P,Todd Williams,2004,"A,Baltimore,Orioles"
alvat002,Alvarez,Tony,R,R,PIT,OF,Tony Alvarez,2004,"N,Pittsburgh,Pirates"
bautj002,Bautista,Jose,R,R,PIT,OF,Jose Bautista,2004,"N,Pittsburgh,Pirates"
bay-j001,Bay,Jason,R,R,PIT,OF,Jason Bay,2004,"N,Pittsburgh,Pirates"
bensk001,Benson,Kris,R,R,PIT,P,Kris Benson,2004,"N,Pittsburgh,Pirates"
boehb001,Boehringer,Brian,B,R,PIT,P,Brian Boehringer,2004,"N,Pittsburgh,Pirates"
boydj001,Boyd,Jason,R,R,PIT,P,Jason Boyd,2004,"N,Pittsburgh,Pirates"
broof001,Brooks,Frank,L,L,PIT,P,Frank Brooks,2004,"N,Pittsburgh,Pirates"
burns001,Burnett,Sean,L,L,PIT,P,Sean Burnett,2004,"N,Pittsburgh,Pirates"
castj005,Castillo,Jose,R,R,PIT,2B,Jose Castillo,2004,"N,Pittsburgh,Pirates"
corem001,Corey,Mark,R,R,PIT,P,Mark Corey,2004,"N,Pittsburgh,Pirates"
cotah001,Cota,Humberto,R,R,PIT,C,Humberto Cota,2004,"N,Pittsburgh,Pirates"
davij004,Davis,J.J.,R,R,PIT,OF,J.J. Davis,2004,"N,Pittsburgh,Pirates"
figun001,Figueroa,Nelson,B,R,PIT,P,Nelson Figueroa,2004,"N,Pittsburgh,Pirates"
foggj001,Fogg,Josh,R,R,PIT,P,Josh Fogg,2004,"N,Pittsburgh,Pirates"
gonzm001,Gonzalez,Mike,R,L,PIT,P,Mike Gonzalez,2004,"N,Pittsburgh,Pirates"
grabj002,Grabow,John,L,L,PIT,P,John Grabow,2004,"N,Pittsburgh,Pirates"
hillb001,Hill,Bobby,B,R,PIT,2B,Bobby Hill,2004,"N,Pittsburgh,Pirates"
housj001,House,J.R.,R,R,PIT,C,J.R. House,2004,"N,Pittsburgh,Pirates"
johnm005,Johnston,Mike,L,L,PIT,P,Mike Johnston,2004,"N,Pittsburgh,Pirates"
kendj001,Kendall,Jason,R,R,PIT,C,Jason Kendall,2004,"N,Pittsburgh,Pirates"
mackr001,Mackowiak,Rob,L,R,PIT,OF,Rob Mackowiak,2004,"N,Pittsburgh,Pirates"
mater001,Mateo,Ruben,R,R,PIT,OF,Ruben Mateo,2004,"N,Pittsburgh,Pirates"
meadb001,Meadows,Brian,R,R,PIT,P,Brian Meadows,2004,"N,Pittsburgh,Pirates"
mesaj001,Mesa,Jose,R,R,PIT,P,Jose Mesa,2004,"N,Pittsburgh,Pirates"
mondr002,Mondesi,Raul,R,R,PIT,OF,Raul Mondesi,2004,"N,Pittsburgh,Pirates"
nunea001,Nunez,Abraham,B,R,PIT,2B,Abraham Nunez,2004,"N,Pittsburgh,Pirates"
pereo002,Perez,Oliver,L,L,PIT,P,Oliver Perez,2004,"N,Pittsburgh,Pirates"
redmt001,Redman,Tike,L,L,PIT,OF,Tike Redman,2004,"N,Pittsburgh,Pirates"
rivec001,Rivera,Carlos,L,L,PIT,1B,Carlos Rivera,2004,"N,Pittsburgh,Pirates"
robew001,Roberts,Willis,R,R,PIT,P,Willis Roberts,2004,"N,Pittsburgh,Pirates"
sancf001,Sanchez,Freddy,R,R,PIT,SS,Freddy Sanchez,2004,"N,Pittsburgh,Pirates"
simor001,Simon,Randall,L,L,PIT,1B,Randall Simon,2004,"N,Pittsburgh,Pirates"
sneli001,Snell,Ian,R,R,PIT,P,Ian Snell,2004,"N,Pittsburgh,Pirates"
stync001,Stynes,Chris,R,R,PIT,3B,Chris Stynes,2004,"N,Pittsburgh,Pirates"
torrs001,Torres,Salomon,R,R,PIT,P,Salomon Torres,2004,"N,Pittsburgh,Pirates"
vanbj001,Van Benschoten,John,R,R,PIT,P,John Van Benschoten,2004,"N,Pittsburgh,Pirates"
voger001,Vogelsong,Ryan,R,R,PIT,P,Ryan Vogelsong,2004,"N,Pittsburgh,Pirates"
wardd002,Ward,Daryle,L,L,PIT,1B,Daryle Ward,2004,"N,Pittsburgh,Pirates"
wellk001,Wells,Kip,R,R,PIT,P,Kip Wells,2004,"N,Pittsburgh,Pirates"
wiggt001,Wigginton,Ty,R,R,PIT,3B,Ty Wigginton,2004,"N,Pittsburgh,Pirates"
willd002,Williams,David,L,L,PIT,P,David Williams,2004,"N,Pittsburgh,Pirates"
wilsc003,Wilson,Craig,R,R,PIT,OF,Craig Wilson,2004,"N,Pittsburgh,Pirates"
wilsj002,Wilson,Jack,R,R,PIT,SS,Jack Wilson,2004,"N,Pittsburgh,Pirates"
ashba002,Ashby,Andy,R,R,SDN,P,Andy Ashby,2004,"N,San Diego,Padres"
aurir001,Aurilia,Rich,R,R,SDN,3B,Rich Aurilia,2004,"N,San Diego,Padres"
beckr001,Beck,Rod,R,R,SDN,P,Rod Beck,2004,"N,San Diego,Padres"
bragd001,Bragg,Darren,L,R,SDN,PH,Darren Bragg,2004,"N,San Diego,Padres"
buchb002,Buchanan,Brian,R,R,SDN,OF,Brian Buchanan,2004,"N,San Diego,Padres"
burrs001,Burroughs,Sean,L,R,SDN,3B,Sean Burroughs,2004,"N,San Diego,Padres"
bynum001,Bynum,Mike,L,L,SDN,P,Mike Bynum,2004,"N,San Diego,Padres"
cirij001,Cirillo,Jeff,R,R,SDN,3B,Jeff Cirillo,2004,"N,San Diego,Padres"
eatoa001,Eaton,Adam,R,R,SDN,P,Adam Eaton,2004,"N,San Diego,Padres"
fickr001,Fick,Robert,L,R,SDN,1B,Robert Fick,2004,"N,San Diego,Padres"
germj001,Germano,Justin,R,R,SDN,P,Justin Germano,2004,"N,San Diego,Padres"
gileb002,Giles,Brian,L,L,SDN,OF,Brian Giles,2004,"N,San Diego,Padres"
gonza001,Gonzalez,Alex,R,R,SDN,SS,Alex Gonzalez,2004,"N,San Diego,Padres"
greek002,Greene,Khalil,R,R,SDN,SS,Khalil Greene,2004,"N,San Diego,Padres"
guzmf001,Guzman,Freddy,B,R,SDN,OF,Freddy Guzman,2004,"N,San Diego,Padres"
hansd001,Hansen,Dave,L,R,SDN,1B,Dave Hansen,2004,"N,San Diego,Padres"
hernr002,Hernandez,Ramon,R,R,SDN,C,Ramon Hernandez,2004,"N,San Diego,Padres"
hitcs001,Hitchcock,Sterling,L,L,SDN,P,Sterling Hitchcock,2004,"N,San Diego,Padres"
hofft001,Hoffman,Trevor,R,R,SDN,P,Trevor Hoffman,2004,"N,San Diego,Padres"
klesr001,Klesko,Ryan,L,L,SDN,OF,Ryan Klesko,2004,"N,San Diego,Padres"
knotj001,Knott,Jon,R,R,SDN,OF,Jon Knott,2004,"N,San Diego,Padres"
lawrb001,Lawrence,Brian,R,R,SDN,P,Brian Lawrence,2004,"N,San Diego,Padres"
lines001,Linebrink,Scott,R,R,SDN,P,Scott Linebrink,2004,"N,San Diego,Padres"
longt002,Long,Terrence,L,L,SDN,OF,Terrence Long,2004,"N,San Diego,Padres"
lorem001,Loretta,Mark,R,R,SDN,2B,Mark Loretta,2004,"N,San Diego,Padres"
mclem002,McLeary,Marty,R,R,SDN,P,Marty McLeary,2004,"N,San Diego,Padres"
nadyx001,Nady,Xavier,R,R,SDN,OF,Xavier Nady,2004,"N,San Diego,Padres"
nealb001,Neal,Blaine,L,R,SDN,P,Blaine Neal,2004,"N,San Diego,Padres"
nevip001,Nevin,Phil,R,R,SDN,1B,Phil Nevin,2004,"N,San Diego,Padres"
ojedm001,Ojeda,Miguel,R,R,SDN,C,Miguel Ojeda,2004,"N,San Diego,Padres"
orope001,Oropesa,Eddie,L,L,SDN,P,Eddie Oropesa,2004,"N,San Diego,Padres"
osuna002,Osuna,Antonio,R,R,SDN,P,Antonio Osuna,2004,"N,San Diego,Padres"
otsua001,Otsuka,Akinori,R,R,SDN,P,Akinori Otsuka,2004,"N,San Diego,Padres"
paytj001,Payton,Jay,R,R,SDN,OF,Jay Payton,2004,"N,San Diego,Padres"
peavj001,Peavy,Jake,R,R,SDN,P,Jake Peavy,2004,"N,San Diego,Padres"
puffb001,Puffer,Brandon,R,R,SDN,P,Brandon Puffer,2004,"N,San Diego,Padres"
quinh001,Quintero,Humberto,R,R,SDN,C,Humberto Quintero,2004,"N,San Diego,Padres"
robik002,Robinson,Kerry,L,L,SDN,OF,Kerry Robinson,2004,"N,San Diego,Padres"
stonr001,Stone,Ricky,R,R,SDN,P,Ricky Stone,2004,"N,San Diego,Padres"
sweeb001,Sweeney,Brian,R,R,SDN,P,Brian Sweeney,2004,"N,San Diego,Padres"
szumj001,Szuminski,Jason,R,R,SDN,P,Jason Szuminski,2004,"N,San Diego,Padres"
tankd001,Tankersley,Dennis,R,R,SDN,P,Dennis Tankersley,2004,"N,San Diego,Padres"
valdi001,Valdez,Ismael,R,R,SDN,P,Ismael Valdez,2004,"N,San Diego,Padres"
vazqr001,Vazquez,Ramon,L,R,SDN,SS,Ramon Vazquez,2004,"N,San Diego,Padres"
watks002,Watkins,Steve,R,R,SDN,P,Steve Watkins,2004,"N,San Diego,Padres"
welld001,Wells,David,L,L,SDN,P,David Wells,2004,"N,San Diego,Padres"
witaj001,Witasick,Jay,R,R,SDN,P,Jay Witasick,2004,"N,San Diego,Padres"
bondj001,Bonderman,Jeremy,R,R,DET,P,Jeremy Bonderman,2004,"A,Detroit,Tigers"
colys001,Colyer,Steve,L,L,DET,P,Steve Colyer,2004,"A,Detroit,Tigers"
cornn001,Cornejo,Nate,R,R,DET,P,Nate Cornejo,2004,"A,Detroit,Tigers"
difem001,Difelice,Mike,R,R,DET,C,Mike Difelice,2004,"A,Detroit,Tigers"
dingc001,Dingman,Craig,R,R,DET,P,Craig Dingman,2004,"A,Detroit,Tigers"
ennij001,Ennis,John,R,R,DET,P,John Ennis,2004,"A,Detroit,Tigers"
germf001,German,Franklyn,R,R,DET,P,Franklyn German,2004,"A,Detroit,Tigers"
granc001,Granderson,Curtis,L,R,DET,OF,Curtis Granderson,2004,"A,Detroit,Tigers"
guilc001,Guillen,Carlos,B,R,DET,SS,Carlos Guillen,2004,"A,Detroit,Tigers"
higgb001,Higginson,Bobby,L,R,DET,OF,Bobby Higginson,2004,"A,Detroit,Tigers"
infao001,Infante,Omar,R,R,DET,2B,Omar Infante,2004,"A,Detroit,Tigers"
ingeb001,Inge,Brandon,R,R,DET,3B,Brandon Inge,2004,"A,Detroit,Tigers"
johnj007,Johnson,Jason,R,R,DET,P,Jason Johnson,2004,"A,Detroit,Tigers"
knotg001,Knotts,Gary,R,R,DET,P,Gary Knotts,2004,"A,Detroit,Tigers"
ledew001,Ledezma,Wil,L,L,DET,P,Wil Ledezma,2004,"A,Detroit,Tigers"
levia001,Levine,Al,L,R,DET,P,Al Levine,2004,"A,Detroit,Tigers"
logan001,Logan,Nook,B,R,DET,OF,Nook Logan,2004,"A,Detroit,Tigers"
marom001,Maroth,Mike,L,L,DET,P,Mike Maroth,2004,"A,Detroit,Tigers"
monrc001,Monroe,Craig,R,R,DET,OF,Craig Monroe,2004,"A,Detroit,Tigers"
munse001,Munson,Eric,L,R,DET,3B,Eric Munson,2004,"A,Detroit,Tigers"
nortg001,Norton,Greg,B,R,DET,3B,Greg Norton,2004,"A,Detroit,Tigers"
novor002,Novoa,Roberto,R,R,DET,P,Roberto Novoa,2004,"A,Detroit,Tigers"
pattd001,Patterson,Danny,R,R,DET,P,Danny Patterson,2004,"A,Detroit,Tigers"
penac001,Pena,Carlos,L,L,DET,1B,Carlos Pena,2004,"A,Detroit,Tigers"
rabur001,Raburn,Ryan,R,R,DET,2B,Ryan Raburn,2004,"A,Detroit,Tigers"
roben001,Robertson,Nate,R,L,DET,P,Nate Robertson,2004,"A,Detroit,Tigers"
rodri001,Rodriguez,Ivan,R,R,DET,C,Ivan Rodriguez,2004,"A,Detroit,Tigers"
sanca003,Sanchez,Alex,L,L,DET,OF,Alex Sanchez,2004,"A,Detroit,Tigers"
shelc001,Shelton,Chris,R,R,DET,DH,Chris Shelton,2004,"A,Detroit,Tigers"
smitj001,Smith,Jason,L,R,DET,2B,Jason Smith,2004,"A,Detroit,Tigers"
thamm001,Thames,Marcus,R,R,DET,OF,Marcus Thames,2004,"A,Detroit,Tigers"
torra001,Torres,Andres,B,R,DET,DH,Andres Torres,2004,"A,Detroit,Tigers"
urbiu001,Urbina,Ugueth,R,R,DET,P,Ugueth Urbina,2004,"A,Detroit,Tigers"
urdal001,Urdaneta,Lino,R,R,DET,P,Lino Urdaneta,2004,"A,Detroit,Tigers"
vinaf001,Vina,Fernando,L,R,DET,2B,Fernando Vina,2004,"A,Detroit,Tigers"
walkj001,Walker,Jamie,L,L,DET,P,Jamie Walker,2004,"A,Detroit,Tigers"
whitr001,White,Rondell,R,R,DET,OF,Rondell White,2004,"A,Detroit,Tigers"
yan-e001,Yan,Esteban,R,R,DET,P,Esteban Yan,2004,"A,Detroit,Tigers"
yound001,Young,Dmitri,B,R,DET,DH,Dmitri Young,2004,"A,Detroit,Tigers"
alexm001,Alexander,Manny,R,R,TEX,2B,Manny Alexander,2004,"A,Texas,Rangers"
allec001,Allen,Chad,R,R,TEX,OF,Chad Allen,2004,"A,Texas,Rangers"
almac001,Almanzar,Carlos,R,R,TEX,P,Carlos Almanzar,2004,"A,Texas,Rangers"
ardod001,Ardoin,Danny,R,R,TEX,C,Danny Ardoin,2004,"A,Texas,Rangers"
bacsm001,Bacsik,Michael,L,L,TEX,P,Michael Bacsik,2004,"A,Texas,Rangers"
barar001,Barajas,Rod,R,R,TEX,C,Rod Barajas,2004,"A,Texas,Rangers"
benoj001,Benoit,Joaquin,R,R,TEX,P,Joaquin Benoit,2004,"A,Texas,Rangers"
biern001,Bierbrodt,Nick,L,L,TEX,P,Nick Bierbrodt,2004,"A,Texas,Rangers"
blalh001,Blalock,Hank,L,R,TEX,3B,Hank Blalock,2004,"A,Texas,Rangers"
brocd001,Brocail,Doug,L,R,TEX,P,Doug Brocail,2004,"A,Texas,Rangers"
callm001,Callaway,Mickey,R,R,TEX,P,Mickey Callaway,2004,"A,Texas,Rangers"
contj001,Conti,Jason,L,R,TEX,OF,Jason Conti,2004,"A,Texas,Rangers"
cordf002,Cordero,Francisco,R,R,TEX,P,Francisco Cordero,2004,"A,Texas,Rangers"
delld001,Dellucci,David,L,L,TEX,OF,David Dellucci,2004,"A,Texas,Rangers"
dickr001,Dickey,R.A.,R,R,TEX,P,R.A. Dickey,2004,"A,Texas,Rangers"
domij001,Dominguez,Juan,R,R,TEX,P,Juan Dominguez,2004,"A,Texas,Rangers"
dresr001,Drese,Ryan,R,R,TEX,P,Ryan Drese,2004,"A,Texas,Rangers"
erics001,Erickson,Scott,R,R,TEX,P,Scott Erickson,2004,"A,Texas,Rangers"
fox-a001,Fox,Andy,L,R,TEX,2B,Andy Fox,2004,"A,Texas,Rangers"
franf001,Francisco,Frank,R,R,TEX,P,Frank Francisco,2004,"A,Texas,Rangers"
fullb001,Fullmer,Brad,L,R,TEX,DH,Brad Fullmer,2004,"A,Texas,Rangers"
garcr004,Garcia,Rosman,R,R,TEX,P,Rosman Garcia,2004,"A,Texas,Rangers"
gonza003,Gonzalez,Adrian,L,L,TEX,1B,Adrian Gonzalez,2004,"A,Texas,Rangers"
huckk001,Huckaby,Ken,R,R,TEX,C,Ken Huckaby,2004,"A,Texas,Rangers"
hught001,Hughes,Travis,R,R,TEX,P,Travis Hughes,2004,"A,Texas,Rangers"
jordb001,Jordan,Brian,R,R,TEX,OF,Brian Jordan,2004,"A,Texas,Rangers"
lairg001,Laird,Gerald,R,R,TEX,C,Gerald Laird,2004,"A,Texas,Rangers"
lewic001,Lewis,Colby,R,R,TEX,P,Colby Lewis,2004,"A,Texas,Rangers"
loe-k001,Loe,Kameron,R,R,TEX,P,Kameron Loe,2004,"A,Texas,Rangers"
mahar001,Mahay,Ron,L,L,TEX,P,Ron Mahay,2004,"A,Texas,Rangers"
mattg002,Matthews,Gary,B,R,TEX,OF,Gary Matthews,2004,"A,Texas,Rangers"
menck001,Mench,Kevin,R,R,TEX,OF,Kevin Mench,2004,"A,Texas,Rangers"
narrs001,Narron,Sam,L,L,TEX,P,Sam Narron,2004,"A,Texas,Rangers"
nelsj001,Nelson,Jeff,R,R,TEX,P,Jeff Nelson,2004,"A,Texas,Rangers"
nivar001,Nivar,Ramon,R,R,TEX,OF,Ramon Nivar,2004,"A,Texas,Rangers"
nix-l001,Nix,Laynce,L,L,TEX,OF,Laynce Nix,2004,"A,Texas,Rangers"
parkc002,Park,Chan Ho,R,R,TEX,P,Chan Ho Park,2004,"A,Texas,Rangers"
perrh001,Perry,Herbert,R,R,TEX,DH,Herbert Perry,2004,"A,Texas,Rangers"
powej001,Powell,Jay,R,R,TEX,P,Jay Powell,2004,"A,Texas,Rangers"
ramie001,Ramirez,Erasmo,L,L,TEX,P,Erasmo Ramirez,2004,"A,Texas,Rangers"
regin001,Regilio,Nick,R,R,TEX,P,Nick Regilio,2004,"A,Texas,Rangers"
rodrr005,Rodriguez,Ricardo,L,R,TEX,P,Ricardo Rodriguez,2004,"A,Texas,Rangers"
rogek001,Rogers,Kenny,L,L,TEX,P,Kenny Rogers,2004,"A,Texas,Rangers"
shoub001,Shouse,Brian,L,L,TEX,P,Brian Shouse,2004,"A,Texas,Rangers"
snarr001,Snare,Ryan,L,L,TEX,P,Ryan Snare,2004,"A,Texas,Rangers"
soria001,Soriano,Alfonso,R,R,TEX,2B,Alfonso Soriano,2004,"A,Texas,Rangers"
teixm001,Teixeira,Mark,B,R,TEX,1B,Mark Teixeira,2004,"A,Texas,Rangers"
tejem001,Tejera,Michael,L,L,TEX,P,Michael Tejera,2004,"A,Texas,Rangers"
wasdj001,Wasdin,John,R,R,TEX,P,John Wasdin,2004,"A,Texas,Rangers"
younc003,Young,Chris,R,R,TEX,P,Chris Young,2004,"A,Texas,Rangers"
youne001,Young,Eric,R,R,TEX,OF,Eric Young,2004,"A,Texas,Rangers"
younm003,Young,Michael,R,R,TEX,SS,Michael Young,2004,"A,Texas,Rangers"
andej003,Anderson,Jason,L,R,CLE,P,Jason Anderson,2004,"A,Cleveland,Indians"
bardj001,Bard,Josh,B,R,CLE,C,Josh Bard,2004,"A,Cleveland,Indians"
bartc001,Bartosh,Cliff,L,L,CLE,P,Cliff Bartosh,2004,"A,Cleveland,Indians"
bellr002,Belliard,Ronnie,R,R,CLE,2B,Ronnie Belliard,2004,"A,Cleveland,Indians"
betar001,Betancourt,Rafael,R,R,CLE,P,Rafael Betancourt,2004,"A,Cleveland,Indians"
blakc001,Blake,Casey,R,R,CLE,3B,Casey Blake,2004,"A,Cleveland,Indians"
broub001,Broussard,Ben,L,L,CLE,1B,Ben Broussard,2004,"A,Cleveland,Indians"
cabrf002,Cabrera,Fernando,R,R,CLE,P,Fernando Cabrera,2004,"A,Cleveland,Indians"
cresj001,Cressend,Jack,R,R,CLE,P,Jack Cressend,2004,"A,Cleveland,Indians"
crisc001,Crisp,Coco,B,R,CLE,OF,Coco Crisp,2004,"A,Cleveland,Indians"
crucf001,Cruceta,Francisco,R,R,CLE,P,Francisco Cruceta,2004,"A,Cleveland,Indians"
damij001,D'Amico,Jeff,R,R,CLE,P,Jeff D'Amico,2004,"A,Cleveland,Indians"
davij005,Davis,Jason,R,R,CLE,P,Jason Davis,2004,"A,Cleveland,Indians"
dawlj001,Dawley,Joey,R,R,CLE,P,Joey Dawley,2004,"A,Cleveland,Indians"
dennk001,Denney,Kyle,R,R,CLE,P,Kyle Denney,2004,"A,Cleveland,Indians"
durbc001,Durbin,Chad,R,R,CLE,P,Chad Durbin,2004,"A,Cleveland,Indians"
elars001,Elarton,Scott,R,R,CLE,P,Scott Elarton,2004,"A,Cleveland,Indians"
escoa002,Escobar,Alex,R,R,CLE,OF,Alex Escobar,2004,"A,Cleveland,Indians"
geruj001,Gerut,Jody,L,L,CLE,OF,Jody Gerut,2004,"A,Cleveland,Indians"
gonzr002,Gonzalez,Raul,R,R,CLE,OF,Raul Gonzalez,2004,"A,Cleveland,Indians"
guthj001,Guthrie,Jeremy,R,R,CLE,P,Jeremy Guthrie,2004,"A,Cleveland,Indians"
hafnt001,Hafner,Travis,L,R,CLE,DH,Travis Hafner,2004,"A,Cleveland,Indians"
howrb001,Howry,Bob,L,R,CLE,P,Bob Howry,2004,"A,Cleveland,Indians"
jimej001,Jimenez,Jose,R,R,CLE,P,Jose Jimenez,2004,"A,Cleveland,Indians"
laket001,Laker,Tim,R,R,CLE,C,Tim Laker,2004,"A,Cleveland,Indians"
lawtm002,Lawton,Matt,L,R,CLE,OF,Matt Lawton,2004,"A,Cleveland,Indians"
lee-c003,Lee,Cliff,L,L,CLE,P,Cliff Lee,2004,"A,Cleveland,Indians"
lee-d003,Lee,David,R,R,CLE,P,David Lee,2004,"A,Cleveland,Indians"
littm001,Little,Mark,R,R,CLE,OF,Mark Little,2004,"A,Cleveland,Indians"
ludwr001,Ludwick,Ryan,R,L,CLE,OF,Ryan Ludwick,2004,"A,Cleveland,Indians"
marta002,Martinez,Sandy,L,R,CLE,C,Sandy Martinez,2004,"A,Cleveland,Indians"
martv001,Martinez,Victor,B,R,CLE,C,Victor Martinez,2004,"A,Cleveland,Indians"
mcdoj003,McDonald,John,R,R,CLE,SS,John McDonald,2004,"A,Cleveland,Indians"
merll001,Merloni,Lou,R,R,CLE,1B,Lou Merloni,2004,"A,Cleveland,Indians"
millm002,Miller,Matt,R,R,CLE,P,Matt Miller,2004,"A,Cleveland,Indians"
peraj001,Peralta,Jhonny,R,R,CLE,SS,Jhonny Peralta,2004,"A,Cleveland,Indians"
phelj001,Phelps,Josh,R,R,CLE,DH,Josh Phelps,2004,"A,Cleveland,Indians"
philb001,Phillips,Brandon,R,R,CLE,2B,Brandon Phillips,2004,"A,Cleveland,Indians"
potel001,Pote,Lou,R,R,CLE,P,Lou Pote,2004,"A,Cleveland,Indians"
riskd001,Riske,David,R,R,CLE,P,David Riske,2004,"A,Cleveland,Indians"
robbj001,Robbins,Jake,R,R,CLE,P,Jake Robbins,2004,"A,Cleveland,Indians"
robej001,Robertson,Jeriome,L,L,CLE,P,Jeriome Robertson,2004,"A,Cleveland,Indians"
sabac001,Sabathia,CC,L,L,CLE,P,CC Sabathia,2004,"A,Cleveland,Indians"
sizeg001,Sizemore,Grady,L,L,CLE,OF,Grady Sizemore,2004,"A,Cleveland,Indians"
stanj002,Stanford,Jason,L,L,CLE,P,Jason Stanford,2004,"A,Cleveland,Indians"
stews003,Stewart,Scott,R,L,CLE,P,Scott Stewart,2004,"A,Cleveland,Indians"
tadak001,Tadano,Kazuhito,R,R,CLE,P,Kazuhito Tadano,2004,"A,Cleveland,Indians"
vizqo001,Vizquel,Omar,B,R,CLE,SS,Omar Vizquel,2004,"A,Cleveland,Indians"
westj001,Westbrook,Jake,R,R,CLE,P,Jake Westbrook,2004,"A,Cleveland,Indians"
whitr002,White,Rick,R,R,CLE,P,Rick White,2004,"A,Cleveland,Indians"
wickb001,Wickman,Bob,R,R,CLE,P,Bob Wickman,2004,"A,Cleveland,Indians"
youne002,Young,Ernie,R,R,CLE,DH,Ernie Young,2004,"A,Cleveland,Indians"
armat002,Armas,Tony,R,R,MON,P,Tony Armas,2004,"N,Montreal,Expos"
ayall001,Ayala,Luis,R,R,MON,P,Luis Ayala,2004,"N,Montreal,Expos"
batit001,Batista,Tony,R,R,MON,3B,Tony Batista,2004,"N,Montreal,Expos"
beltf001,Beltran,Francis,R,R,MON,P,Francis Beltran,2004,"N,Montreal,Expos"
beltr001,Beltran,Rigo,L,L,MON,P,Rigo Beltran,2004,"N,Montreal,Expos"
bentc001,Bentz,Chad,R,L,MON,P,Chad Bentz,2004,"N,Montreal,Expos"
bergp001,Bergeron,Peter,L,R,MON,OF,Peter Bergeron,2004,"N,Montreal,Expos"
biddr001,Biddle,Rocky,R,R,MON,P,Rocky Biddle,2004,"N,Montreal,Expos"
cabro001,Cabrera,Orlando,R,R,MON,SS,Orlando Cabrera,2004,"N,Montreal,Expos"
callr001,Calloway,Ron,L,L,MON,OF,Ron Calloway,2004,"N,Montreal,Expos"
carrj001,Carroll,Jamey,R,R,MON,2B,Jamey Carroll,2004,"N,Montreal,Expos"
cepim001,Cepicky,Matthew,L,R,MON,OF,Matthew Cepicky,2004,"N,Montreal,Expos"
chave002,Chavez,Endy,L,L,MON,OF,Endy Chavez,2004,"N,Montreal,Expos"
churr001,Church,Ryan,L,L,MON,OF,Ryan Church,2004,"N,Montreal,Expos"
corcr001,Corcoran,Roy,R,R,MON,P,Roy Corcoran,2004,"N,Montreal,Expos"
cordc001,Cordero,Chad,R,R,MON,P,Chad Cordero,2004,"N,Montreal,Expos"
day-z001,Day,Zach,R,R,MON,P,Zach Day,2004,"N,Montreal,Expos"
diaze002,Diaz,Einar,R,R,MON,C,Einar Diaz,2004,"N,Montreal,Expos"
downs001,Downs,Scott,L,L,MON,P,Scott Downs,2004,"N,Montreal,Expos"
eiscj001,Eischen,Joey,L,L,MON,P,Joey Eischen,2004,"N,Montreal,Expos"
everc001,Everett,Carl,B,R,MON,OF,Carl Everett,2004,"N,Montreal,Expos"
fikaj001,Fikac,Jeremy,R,R,MON,P,Jeremy Fikac,2004,"N,Montreal,Expos"
fox-a001,Fox,Andy,L,R,MON,SS,Andy Fox,2004,"N,Montreal,Expos"
gonza001,Gonzalez,Alex,R,R,MON,SS,Alex Gonzalez,2004,"N,Montreal,Expos"
harrb001,Harris,Brendan,R,R,MON,2B,Brendan Harris,2004,"N,Montreal,Expos"
hernl003,Hernandez,Livan,R,R,MON,P,Livan Hernandez,2004,"N,Montreal,Expos"
hills003,Hill,Shawn,R,R,MON,P,Shawn Hill,2004,"N,Montreal,Expos"
horgj001,Horgan,Joe,L,L,MON,P,Joe Horgan,2004,"N,Montreal,Expos"
iztum001,Izturis,Maicer,B,R,MON,SS,Maicer Izturis,2004,"N,Montreal,Expos"
johnn001,Johnson,Nick,L,L,MON,1B,Nick Johnson,2004,"N,Montreal,Expos"
kim-s001,Kim,Sun-Woo,R,R,MON,P,Sun-Woo Kim,2004,"N,Montreal,Expos"
labaj001,Labandeira,Josh,R,R,MON,SS,Josh Labandeira,2004,"N,Montreal,Expos"
lopel003,Lopez,Luis,R,R,MON,1B,Luis Lopez,2004,"N,Montreal,Expos"
majeg001,Majewski,Gary,R,R,MON,P,Gary Majewski,2004,"N,Montreal,Expos"
mateh001,Mateo,Henry,B,R,MON,2B,Henry Mateo,2004,"N,Montreal,Expos"
ohkat001,Ohka,Tomo,B,R,MON,P,Tomo Ohka,2004,"N,Montreal,Expos"
pascv001,Pascucci,Val,R,R,MON,OF,Val Pascucci,2004,"N,Montreal,Expos"
pattj004,Patterson,John,R,R,MON,P,John Patterson,2004,"N,Montreal,Expos"
raucj001,Rauch,Jon,R,R,MON,P,Jon Rauch,2004,"N,Montreal,Expos"
rivej001,Rivera,Juan,R,R,MON,OF,Juan Rivera,2004,"N,Montreal,Expos"
schnb001,Schneider,Brian,L,R,MON,C,Brian Schneider,2004,"N,Montreal,Expos"
sledt001,Sledge,Terrmel,L,L,MON,OF,Terrmel Sledge,2004,"N,Montreal,Expos"
tuckt001,Tucker,T.J.,R,R,MON,P,T.J. Tucker,2004,"N,Montreal,Expos"
vargc001,Vargas,Claudio,R,R,MON,P,Claudio Vargas,2004,"N,Montreal,Expos"
vidrj001,Vidro,Jose,B,R,MON,2B,Jose Vidro,2004,"N,Montreal,Expos"
wilkb002,Wilkerson,Brad,L,L,MON,1B,Brad Wilkerson,2004,"N,Montreal,Expos"
abbop001,Abbott,Paul,R,R,PHI,P,Paul Abbott,2004,"N,Philadelphia,Phillies"
abreb001,Abreu,Bobby,L,R,PHI,OF,Bobby Abreu,2004,"N,Philadelphia,Phillies"
belld002,Bell,David,R,R,PHI,3B,David Bell,2004,"N,Philadelphia,Phillies"
burrp001,Burrell,Pat,R,R,PHI,OF,Pat Burrell,2004,"N,Philadelphia,Phillies"
byrdm001,Byrd,Marlon,R,R,PHI,OF,Marlon Byrd,2004,"N,Philadelphia,Phillies"
colll001,Collier,Lou,R,R,PHI,OF,Lou Collier,2004,"N,Philadelphia,Phillies"
cormr001,Cormier,Rheal,L,L,PHI,P,Rheal Cormier,2004,"N,Philadelphia,Phillies"
crowj001,Crowell,Jim,R,L,PHI,P,Jim Crowell,2004,"N,Philadelphia,Phillies"
floyg001,Floyd,Gavin,R,R,PHI,P,Gavin Floyd,2004,"N,Philadelphia,Phillies"
gearg001,Geary,Geoff,R,R,PHI,P,Geoff Geary,2004,"N,Philadelphia,Phillies"
gland001,Glanville,Doug,R,R,PHI,OF,Doug Glanville,2004,"N,Philadelphia,Phillies"
hancj001,Hancock,Josh,R,R,PHI,P,Josh Hancock,2004,"N,Philadelphia,Phillies"
hernr001,Hernandez,Roberto,R,R,PHI,P,Roberto Hernandez,2004,"N,Philadelphia,Phillies"
hinca001,Hinch,A.J.,R,R,PHI,C,A.J. Hinch,2004,"N,Philadelphia,Phillies"
howar001,Howard,Ryan,L,L,PHI,1B,Ryan Howard,2004,"N,Philadelphia,Phillies"
jonet003,Jones,Todd,L,R,PHI,P,Todd Jones,2004,"N,Philadelphia,Phillies"
leder001,Ledee,Ricky,L,L,PHI,OF,Ricky Ledee,2004,"N,Philadelphia,Phillies"
lidlc001,Lidle,Cory,R,R,PHI,P,Cory Lidle,2004,"N,Philadelphia,Phillies"
liebm001,Lieberthal,Mike,R,R,PHI,C,Mike Lieberthal,2004,"N,Philadelphia,Phillies"
madsr001,Madson,Ryan,L,R,PHI,P,Ryan Madson,2004,"N,Philadelphia,Phillies"
michj001,Michaels,Jason,R,R,PHI,OF,Jason Michaels,2004,"N,Philadelphia,Phillies"
millk004,Millwood,Kevin,R,R,PHI,P,Kevin Millwood,2004,"N,Philadelphia,Phillies"
milte001,Milton,Eric,L,L,PHI,P,Eric Milton,2004,"N,Philadelphia,Phillies"
myerb001,Myers,Brett,R,R,PHI,P,Brett Myers,2004,"N,Philadelphia,Phillies"
padiv001,Padilla,Vicente,R,R,PHI,P,Vicente Padilla,2004,"N,Philadelphia,Phillies"
peret003,Perez,Tomas,B,R,PHI,3B,Tomas Perez,2004,"N,Philadelphia,Phillies"
polap001,Polanco,Placido,R,R,PHI,2B,Placido Polanco,2004,"N,Philadelphia,Phillies"
poweb001,Powell,Brian,R,R,PHI,P,Brian Powell,2004,"N,Philadelphia,Phillies"
pratt001,Pratt,Todd,R,R,PHI,C,Todd Pratt,2004,"N,Philadelphia,Phillies"
ramie002,Ramirez,Elizardo,B,R,PHI,P,Elizardo Ramirez,2004,"N,Philadelphia,Phillies"
rodrf002,Rodriguez,Felix,R,R,PHI,P,Felix Rodriguez,2004,"N,Philadelphia,Phillies"
rollj001,Rollins,Jimmy,B,R,PHI,SS,Jimmy Rollins,2004,"N,Philadelphia,Phillies"
telea001,Telemaco,Amaury,R,R,PHI,P,Amaury Telemaco,2004,"N,Philadelphia,Phillies"
thomj002,Thome,Jim,L,R,PHI,1B,Jim Thome,2004,"N,Philadelphia,Phillies"
utlec001,Utley,Chase,L,R,PHI,2B,Chase Utley,2004,"N,Philadelphia,Phillies"
wagnb001,Wagner,Billy,L,L,PHI,P,Billy Wagner,2004,"N,Philadelphia,Phillies"
wolfr001,Wolf,Randy,L,L,PHI,P,Randy Wolf,2004,"N,Philadelphia,Phillies"
woots001,Wooten,Shawn,R,R,PHI,1B,Shawn Wooten,2004,"N,Philadelphia,Phillies"
worrt002,Worrell,Tim,R,R,PHI,P,Tim Worrell,2004,"N,Philadelphia,Phillies"
adkij001,Adkins,Jon,L,R,CHA,P,Jon Adkins,2004,"A,Chicago,White Sox"
alomr001,Alomar,Roberto,B,R,CHA,2B,Roberto Alomar,2004,"A,Chicago,White Sox"
aloms001,Alomar,Sandy,R,R,CHA,C,Sandy Alomar,2004,"A,Chicago,White Sox"
bajej001,Bajenaru,Jeff,R,R,CHA,P,Jeff Bajenaru,2004,"A,Chicago,White Sox"
borcj001,Borchard,Joe,B,R,CHA,OF,Joe Borchard,2004,"A,Chicago,White Sox"
buehm001,Buehrle,Mark,L,L,CHA,P,Mark Buehrle,2004,"A,Chicago,White Sox"
burkj003,Burke,Jamie,R,R,CHA,C,Jamie Burke,2004,"A,Chicago,White Sox"
contj002,Contreras,Jose,R,R,CHA,P,Jose Contreras,2004,"A,Chicago,White Sox"
cottn001,Cotts,Neal,L,L,CHA,P,Neal Cotts,2004,"A,Chicago,White Sox"
credj001,Crede,Joe,R,R,CHA,3B,Joe Crede,2004,"A,Chicago,White Sox"
darev001,Darensbourg,Vic,L,L,CHA,P,Vic Darensbourg,2004,"A,Chicago,White Sox"
davib003,Davis,Ben,B,R,CHA,C,Ben Davis,2004,"A,Chicago,White Sox"
diazf001,Diaz,Felix,R,R,CHA,P,Felix Diaz,2004,"A,Chicago,White Sox"
drank001,Dransfeldt,Kelly,R,R,CHA,SS,Kelly Dransfeldt,2004,"A,Chicago,White Sox"
everc001,Everett,Carl,B,R,CHA,DH,Carl Everett,2004,"A,Chicago,White Sox"
garcf002,Garcia,Freddy,R,R,CHA,P,Freddy Garcia,2004,"A,Chicago,White Sox"
garlj001,Garland,Jon,R,R,CHA,P,Jon Garland,2004,"A,Chicago,White Sox"
gloar001,Gload,Ross,L,L,CHA,1B,Ross Gload,2004,"A,Chicago,White Sox"
grilj001,Grilli,Jason,R,R,CHA,P,Jason Grilli,2004,"A,Chicago,White Sox"
harrw001,Harris,Willie,L,R,CHA,2B,Willie Harris,2004,"A,Chicago,White Sox"
jackm001,Jackson,Michael,R,R,CHA,P,Michael Jackson,2004,"A,Chicago,White Sox"
kochb001,Koch,Billy,R,R,CHA,P,Billy Koch,2004,"A,Chicago,White Sox"
konep001,Konerko,Paul,R,R,CHA,1B,Paul Konerko,2004,"A,Chicago,White Sox"
lee-c001,Lee,Carlos,R,R,CHA,OF,Carlos Lee,2004,"A,Chicago,White Sox"
loaie001,Loaiza,Esteban,R,R,CHA,P,Esteban Loaiza,2004,"A,Chicago,White Sox"
martd004,Marte,Damaso,L,L,CHA,P,Damaso Marte,2004,"A,Chicago,White Sox"
munoa001,Munoz,Arnie,L,L,CHA,P,Arnie Munoz,2004,"A,Chicago,White Sox"
olivm001,Olivo,Miguel,R,R,CHA,C,Miguel Olivo,2004,"A,Chicago,White Sox"
ordom001,Ordonez,Magglio,R,R,CHA,OF,Magglio Ordonez,2004,"A,Chicago,White Sox"
peret004,Perez,Timo,L,L,CHA,OF,Timo Perez,2004,"A,Chicago,White Sox"
polic001,Politte,Cliff,R,R,CHA,P,Cliff Politte,2004,"A,Chicago,White Sox"
raucj001,Rauch,Jon,R,R,CHA,P,Jon Rauch,2004,"A,Chicago,White Sox"
rowaa001,Rowand,Aaron,R,R,CHA,OF,Aaron Rowand,2004,"A,Chicago,White Sox"
schos001,Schoeneweis,Scott,L,L,CHA,P,Scott Schoeneweis,2004,"A,Chicago,White Sox"
stewj001,Stewart,Josh,L,L,CHA,P,Josh Stewart,2004,"A,Chicago,White Sox"
takas001,Takatsu,Shingo,R,R,CHA,P,Shingo Takatsu,2004,"A,Chicago,White Sox"
thomf001,Thomas,Frank,R,R,CHA,DH,Frank Thomas,2004,"A,Chicago,White Sox"
uribj002,Uribe,Juan,R,R,CHA,2B,Juan Uribe,2004,"A,Chicago,White Sox"
valdw001,Valdez,Wilson,R,R,CHA,SS,Wilson Valdez,2004,"A,Chicago,White Sox"
valej003,Valentin,Jose,B,R,CHA,SS,Jose Valentin,2004,"A,Chicago,White Sox"
wrigd001,Wright,Dan,R,R,CHA,P,Dan Wright,2004,"A,Chicago,White Sox"
wunsk001,Wunsch,Kelly,L,L,CHA,P,Kelly Wunsch,2004,"A,Chicago,White Sox"
adamm001,Adams,Mike,R,R,MIL,P,Mike Adams,2004,"N,Milwaukee,Brewers"
benng001,Bennett,Gary,R,R,MIL,C,Gary Bennett,2004,"N,Milwaukee,Brewers"
bennj002,Bennett,Jeff,R,R,MIL,P,Jeff Bennett,2004,"N,Milwaukee,Brewers"
branr001,Branyan,Russell,L,R,MIL,3B,Russell Branyan,2004,"N,Milwaukee,Brewers"
burbd001,Burba,Dave,R,R,MIL,P,Dave Burba,2004,"N,Milwaukee,Brewers"
capuc001,Capuano,Chris,L,L,MIL,P,Chris Capuano,2004,"N,Milwaukee,Brewers"
clarb003,Clark,Brady,R,R,MIL,OF,Brady Clark,2004,"N,Milwaukee,Brewers"
counc001,Counsell,Craig,L,R,MIL,SS,Craig Counsell,2004,"N,Milwaukee,Brewers"
david002,Davis,Doug,R,L,MIL,P,Doug Davis,2004,"N,Milwaukee,Brewers"
delaj001,de la Rosa,Jorge,L,L,MIL,P,Jorge de la Rosa,2004,"N,Milwaukee,Brewers"
durrt001,Durrington,Trent,R,R,MIL,3B,Trent Durrington,2004,"N,Milwaukee,Brewers"
ericm001,Erickson,Matt,L,R,MIL,2B,Matt Erickson,2004,"N,Milwaukee,Brewers"
fordb002,Ford,Ben,R,R,MIL,P,Ben Ford,2004,"N,Milwaukee,Brewers"
gintk001,Ginter,Keith,R,R,MIL,2B,Keith Ginter,2004,"N,Milwaukee,Brewers"
glovg001,Glover,Gary,R,R,MIL,P,Gary Glover,2004,"N,Milwaukee,Brewers"
grieb001,Grieve,Ben,L,R,MIL,OF,Ben Grieve,2004,"N,Milwaukee,Brewers"
hallb001,Hall,Bill,R,R,MIL,2B,Bill Hall,2004,"N,Milwaukee,Brewers"
hartc001,Hart,Corey,R,R,MIL,PH,Corey Hart,2004,"N,Milwaukee,Brewers"
helmw001,Helms,Wes,R,R,MIL,3B,Wes Helms,2004,"N,Milwaukee,Brewers"
hendb001,Hendrickson,Ben,R,R,MIL,P,Ben Hendrickson,2004,"N,Milwaukee,Brewers"
herna002,Hernandez,Adrian,R,R,MIL,P,Adrian Hernandez,2004,"N,Milwaukee,Brewers"
jenkg001,Jenkins,Geoff,L,R,MIL,OF,Geoff Jenkins,2004,"N,Milwaukee,Brewers"
johnm003,Johnson,Mark,L,R,MIL,C,Mark Johnson,2004,"N,Milwaukee,Brewers"
kiesb001,Kieschnick,Brooks,L,R,MIL,P,Brooks Kieschnick,2004,"N,Milwaukee,Brewers"
kinnm002,Kinney,Matt,R,R,MIL,P,Matt Kinney,2004,"N,Milwaukee,Brewers"
kolbd001,Kolb,Danny,R,R,MIL,P,Danny Kolb,2004,"N,Milwaukee,Brewers"
krynd001,Krynzel,Dave,L,L,MIL,OF,Dave Krynzel,2004,"N,Milwaukee,Brewers"
liefj001,Liefer,Jeff,L,R,MIL,DH,Jeff Liefer,2004,"N,Milwaukee,Brewers"
lirip001,Liriano,Pedro,R,R,MIL,P,Pedro Liriano,2004,"N,Milwaukee,Brewers"
magrc001,Magruder,Chris,B,R,MIL,OF,Chris Magruder,2004,"N,Milwaukee,Brewers"
moelc001,Moeller,Chad,R,R,MIL,C,Chad Moeller,2004,"N,Milwaukee,Brewers"
oberw001,Obermueller,Wes,R,R,MIL,P,Wes Obermueller,2004,"N,Milwaukee,Brewers"
overl001,Overbay,Lyle,L,L,MIL,1B,Lyle Overbay,2004,"N,Milwaukee,Brewers"
phelt001,Phelps,Travis,R,R,MIL,P,Travis Phelps,2004,"N,Milwaukee,Brewers"
podss001,Podsednik,Scott,L,L,MIL,OF,Scott Podsednik,2004,"N,Milwaukee,Brewers"
saenc001,Saenz,Chris,R,R,MIL,P,Chris Saenz,2004,"N,Milwaukee,Brewers"
santv001,Santos,Victor,R,R,MIL,P,Victor Santos,2004,"N,Milwaukee,Brewers"
sheeb001,Sheets,Ben,R,R,MIL,P,Ben Sheets,2004,"N,Milwaukee,Brewers"
spivj001,Spivey,Junior,R,R,MIL,2B,Junior Spivey,2004,"N,Milwaukee,Brewers"
vizcl001,Vizcaino,Luis,R,R,MIL,P,Luis Vizcaino,2004,"N,Milwaukee,Brewers"
wisem001,Wise,Matt,R,R,MIL,P,Matt Wise,2004,"N,Milwaukee,Brewers"
balfg001,Balfour,Grant,R,R,MIN,P,Grant Balfour,2004,"A,Minnesota,Twins"
bartj001,Bartlett,Jason,R,R,MIN,SS,Jason Bartlett,2004,"A,Minnesota,Twins"
beimj001,Beimel,Joe,L,L,MIN,P,Joe Beimel,2004,"A,Minnesota,Twins"
blanh001,Blanco,Henry,R,R,MIN,C,Henry Blanco,2004,"A,Minnesota,Twins"
bordp001,Borders,Pat,R,R,MIN,C,Pat Borders,2004,"A,Minnesota,Twins"
bower002,Bowen,Rob,B,R,MIN,C,Rob Bowen,2004,"A,Minnesota,Twins"
craij001,Crain,Jesse,R,R,MIN,P,Jesse Crain,2004,"A,Minnesota,Twins"
cuddm001,Cuddyer,Michael,R,R,MIN,2B,Michael Cuddyer,2004,"A,Minnesota,Twins"
durbj001,Durbin,J.D.,R,R,MIN,P,J.D. Durbin,2004,"A,Minnesota,Twins"
fordl001,Ford,Lew,R,R,MIN,OF,Lew Ford,2004,"A,Minnesota,Twins"
fulta001,Fultz,Aaron,L,L,MIN,P,Aaron Fultz,2004,"A,Minnesota,Twins"
greis001,Greisinger,Seth,R,R,MIN,P,Seth Greisinger,2004,"A,Minnesota,Twins"
guerm001,Guerrier,Matt,R,R,MIN,P,Matt Guerrier,2004,"A,Minnesota,Twins"
guzmc001,Guzman,Cristian,B,R,MIN,SS,Cristian Guzman,2004,"A,Minnesota,Twins"
huntt001,Hunter,Torii,R,R,MIN,OF,Torii Hunter,2004,"A,Minnesota,Twins"
jonej003,Jones,Jacque,L,L,MIN,OF,Jacque Jones,2004,"A,Minnesota,Twins"
koskc001,Koskie,Corey,L,R,MIN,3B,Corey Koskie,2004,"A,Minnesota,Twins"
kubej002,Kubel,Jason,L,R,MIN,OF,Jason Kubel,2004,"A,Minnesota,Twins"
lecrm001,LeCroy,Matt,R,R,MIN,DH,Matt LeCroy,2004,"A,Minnesota,Twins"
lohsk001,Lohse,Kyle,R,R,MIN,P,Kyle Lohse,2004,"A,Minnesota,Twins"
mauej001,Mauer,Joe,L,R,MIN,C,Joe Mauer,2004,"A,Minnesota,Twins"
miend001,Mientkiewicz,Doug,L,R,MIN,1B,Doug Mientkiewicz,2004,"A,Minnesota,Twins"
mornj001,Morneau,Justin,L,R,MIN,1B,Justin Morneau,2004,"A,Minnesota,Twins"
mulht001,Mulholland,Terry,R,L,MIN,P,Terry Mulholland,2004,"A,Minnesota,Twins"
nathj001,Nathan,Joe,R,R,MIN,P,Joe Nathan,2004,"A,Minnesota,Twins"
offej001,Offerman,Jose,B,R,MIN,DH,Jose Offerman,2004,"A,Minnesota,Twins"
ojeda001,Ojeda,Augie,B,R,MIN,2B,Augie Ojeda,2004,"A,Minnesota,Twins"
priea002,Prieto,Alex,R,R,MIN,2B,Alex Prieto,2004,"A,Minnesota,Twins"
pulic001,Pulido,Carlos,L,L,MIN,P,Carlos Pulido,2004,"A,Minnesota,Twins"
puntn001,Punto,Nick,B,R,MIN,2B,Nick Punto,2004,"A,Minnesota,Twins"
radkb001,Radke,Brad,R,R,MIN,P,Brad Radke,2004,"A,Minnesota,Twins"
restm001,Restovich,Michael,R,R,MIN,OF,Michael Restovich,2004,"A,Minnesota,Twins"
rincj001,Rincon,Juan,R,R,MIN,P,Juan Rincon,2004,"A,Minnesota,Twins"
rival001,Rivas,Luis,R,R,MIN,2B,Luis Rivas,2004,"A,Minnesota,Twins"
roa-j001,Roa,Joe,R,R,MIN,P,Joe Roa,2004,"A,Minnesota,Twins"
romej001,Romero,J.C.,B,L,MIN,P,J.C. Romero,2004,"A,Minnesota,Twins"
ryanm001,Ryan,Mike,L,R,MIN,OF,Mike Ryan,2004,"A,Minnesota,Twins"
santj003,Santana,Johan,L,L,MIN,P,Johan Santana,2004,"A,Minnesota,Twins"
silvc001,Silva,Carlos,R,R,MIN,P,Carlos Silva,2004,"A,Minnesota,Twins"
stews002,Stewart,Shannon,R,R,MIN,OF,Shannon Stewart,2004,"A,Minnesota,Twins"
thomb001,Thomas,Brad,L,L,MIN,P,Brad Thomas,2004,"A,Minnesota,Twins"
tifft001,Tiffee,Terry,B,R,MIN,3B,Terry Tiffee,2004,"A,Minnesota,Twins"
alfaj001,Alfaro,Jason,R,R,HOU,SS,Jason Alfaro,2004,"N,Houston,Astros"
ausmb001,Ausmus,Brad,R,R,HOU,C,Brad Ausmus,2004,"N,Houston,Astros"
backb001,Backe,Brandon,R,R,HOU,P,Brandon Backe,2004,"N,Houston,Astros"
bagwj001,Bagwell,Jeff,R,R,HOU,1B,Jeff Bagwell,2004,"N,Houston,Astros"
beltc001,Beltran,Carlos,B,R,HOU,OF,Carlos Beltran,2004,"N,Houston,Astros"
berkl001,Berkman,Lance,B,L,HOU,OF,Lance Berkman,2004,"N,Houston,Astros"
biggc001,Biggio,Craig,R,R,HOU,OF,Craig Biggio,2004,"N,Houston,Astros"
brune001,Bruntlett,Eric,R,R,HOU,SS,Eric Bruntlett,2004,"N,Houston,Astros"
bullk001,Bullinger,Kirk,R,R,HOU,P,Kirk Bullinger,2004,"N,Houston,Astros"
burkc001,Burke,Chris,R,R,HOU,2B,Chris Burke,2004,"N,Houston,Astros"
chavr001,Chavez,Raul,R,R,HOU,C,Raul Chavez,2004,"N,Houston,Astros"
clemr001,Clemens,Roger,R,R,HOU,P,Roger Clemens,2004,"N,Houston,Astros"
doteo001,Dotel,Octavio,R,R,HOU,P,Octavio Dotel,2004,"N,Houston,Astros"
duckb001,Duckworth,Brandon,R,R,HOU,P,Brandon Duckworth,2004,"N,Houston,Astros"
ensbm001,Ensberg,Morgan,R,R,HOU,3B,Morgan Ensberg,2004,"N,Houston,Astros"
evera001,Everett,Adam,R,R,HOU,SS,Adam Everett,2004,"N,Houston,Astros"
fernj002,Fernandez,Jared,R,R,HOU,P,Jared Fernandez,2004,"N,Houston,Astros"
gallm002,Gallo,Mike,L,L,HOU,P,Mike Gallo,2004,"N,Houston,Astros"
grifj001,Griffiths,Jeremy,R,R,HOU,P,Jeremy Griffiths,2004,"N,Houston,Astros"
harvc001,Harville,Chad,R,R,HOU,P,Chad Harville,2004,"N,Houston,Astros"
hernc004,Hernandez,Carlos,L,L,HOU,P,Carlos Hernandez,2004,"N,Houston,Astros"
hidar001,Hidalgo,Richard,R,R,HOU,OF,Richard Hidalgo,2004,"N,Houston,Astros"
kentj001,Kent,Jeff,R,R,HOU,2B,Jeff Kent,2004,"N,Houston,Astros"
lambm001,Lamb,Mike,L,R,HOU,3B,Mike Lamb,2004,"N,Houston,Astros"
lanej001,Lane,Jason,R,L,HOU,OF,Jason Lane,2004,"N,Houston,Astros"
lidgb001,Lidge,Brad,R,R,HOU,P,Brad Lidge,2004,"N,Houston,Astros"
miced001,Miceli,Dan,R,R,HOU,P,Dan Miceli,2004,"N,Houston,Astros"
millw001,Miller,Wade,R,R,HOU,P,Wade Miller,2004,"N,Houston,Astros"
munrp001,Munro,Peter,R,R,HOU,P,Peter Munro,2004,"N,Houston,Astros"
olivd001,Oliver,Darren,R,L,HOU,P,Darren Oliver,2004,"N,Houston,Astros"
oswar001,Oswalt,Roy,R,R,HOU,P,Roy Oswalt,2004,"N,Houston,Astros"
palmo001,Palmeiro,Orlando,L,L,HOU,OF,Orlando Palmeiro,2004,"N,Houston,Astros"
petta001,Pettitte,Andy,L,L,HOU,P,Andy Pettitte,2004,"N,Houston,Astros"
qualc001,Qualls,Chad,R,R,HOU,P,Chad Qualls,2004,"N,Houston,Astros"
reddt001,Redding,Tim,R,R,HOU,P,Tim Redding,2004,"N,Houston,Astros"
sprir001,Springer,Russ,R,R,HOU,P,Russ Springer,2004,"N,Houston,Astros"
stonr001,Stone,Ricky,R,R,HOU,P,Ricky Stone,2004,"N,Houston,Astros"
tavew001,Taveras,Willy,R,R,HOU,OF,Willy Taveras,2004,"N,Houston,Astros"
tremc001,Tremie,Chris,R,R,HOU,C,Chris Tremie,2004,"N,Houston,Astros"
vizcj001,Vizcaino,Jose,B,R,HOU,SS,Jose Vizcaino,2004,"N,Houston,Astros"
weatd001,Weathers,David,R,R,HOU,P,David Weathers,2004,"N,Houston,Astros"
wheed001,Wheeler,Dan,R,R,HOU,P,Dan Wheeler,2004,"N,Houston,Astros"
baldj002,Baldwin,James,R,R,NYN,P,James Baldwin,2004,"N,New York,Mets"
bellh001,Bell,Heath,R,R,NYN,P,Heath Bell,2004,"N,New York,Mets"
bensk001,Benson,Kris,R,R,NYN,P,Kris Benson,2004,"N,New York,Mets"
bottr001,Bottalico,Ricky,L,R,NYN,P,Ricky Bottalico,2004,"N,New York,Mets"
brazc001,Brazell,Craig,L,R,NYN,1B,Craig Brazell,2004,"N,New York,Mets"
buchb002,Buchanan,Brian,R,R,NYN,1B,Brian Buchanan,2004,"N,New York,Mets"
camem001,Cameron,Mike,R,R,NYN,OF,Mike Cameron,2004,"N,New York,Mets"
darev001,Darensbourg,Vic,L,L,NYN,P,Vic Darensbourg,2004,"N,New York,Mets"
dejem001,DeJean,Mike,R,R,NYN,P,Mike DeJean,2004,"N,New York,Mets"
delgw001,Delgado,Wilson,B,R,NYN,SS,Wilson Delgado,2004,"N,New York,Mets"
diazv001,Diaz,Victor,R,R,NYN,OF,Victor Diaz,2004,"N,New York,Mets"
duncj001,Duncan,Jeff,L,L,NYN,OF,Jeff Duncan,2004,"N,New York,Mets"
erics001,Erickson,Scott,R,R,NYN,P,Scott Erickson,2004,"N,New York,Mets"
felip002,Feliciano,Pedro,L,L,NYN,P,Pedro Feliciano,2004,"N,New York,Mets"
floyc001,Floyd,Cliff,L,R,NYN,OF,Cliff Floyd,2004,"N,New York,Mets"
fortb001,Fortunato,Bartolome,R,R,NYN,P,Bartolome Fortunato,2004,"N,New York,Mets"
franj001,Franco,John,L,L,NYN,P,John Franco,2004,"N,New York,Mets"
garcd002,Garcia,Daniel,R,R,NYN,2B,Daniel Garcia,2004,"N,New York,Mets"
garck002,Garcia,Karim,L,L,NYN,OF,Karim Garcia,2004,"N,New York,Mets"
gintm001,Ginter,Matt,R,R,NYN,P,Matt Ginter,2004,"N,New York,Mets"
glavt001,Glavine,Tom,L,L,NYN,P,Tom Glavine,2004,"N,New York,Mets"
gutir001,Gutierrez,Ricky,R,R,NYN,2B,Ricky Gutierrez,2004,"N,New York,Mets"
heila001,Heilman,Aaron,R,R,NYN,P,Aaron Heilman,2004,"N,New York,Mets"
hidar001,Hidalgo,Richard,R,R,NYN,OF,Richard Hidalgo,2004,"N,New York,Mets"
hietj001,Hietpas,Joe,R,R,NYN,C,Joe Hietpas,2004,"N,New York,Mets"
keppj001,Keppinger,Jeff,R,R,NYN,2B,Jeff Keppinger,2004,"N,New York,Mets"
leita001,Leiter,Al,L,L,NYN,P,Al Leiter,2004,"N,New York,Mets"
loopb001,Looper,Braden,R,R,NYN,P,Braden Looper,2004,"N,New York,Mets"
matsk001,Matsui,Kazuo,B,R,NYN,SS,Kazuo Matsui,2004,"N,New York,Mets"
mcewj001,McEwing,Joe,R,R,NYN,2B,Joe McEwing,2004,"N,New York,Mets"
moreo002,Moreno,Orber,R,R,NYN,P,Orber Moreno,2004,"N,New York,Mets"
parrj002,Parra,Jose,R,R,NYN,P,Jose Parra,2004,"N,New York,Mets"
philj003,Phillips,Jason,R,R,NYN,C,Jason Phillips,2004,"N,New York,Mets"
piazm001,Piazza,Mike,R,R,NYN,1B,Mike Piazza,2004,"N,New York,Mets"
reyej001,Reyes,Jose,B,R,NYN,2B,Jose Reyes,2004,"N,New York,Mets"
robeg001,Roberts,Grant,R,R,NYN,P,Grant Roberts,2004,"N,New York,Mets"
seo-j001,Seo,Jae Weong,R,R,NYN,P,Jae Weong Seo,2004,"N,New York,Mets"
sneae001,Snead,Esix,B,R,NYN,OF,Esix Snead,2004,"N,New York,Mets"
spens001,Spencer,Shane,R,R,NYN,OF,Shane Spencer,2004,"N,New York,Mets"
stanm003,Stanton,Mike,L,L,NYN,P,Mike Stanton,2004,"N,New York,Mets"
tracs001,Trachsel,Steve,R,R,NYN,P,Steve Trachsel,2004,"N,New York,Mets"
valee002,Valent,Eric,L,L,NYN,OF,Eric Valent,2004,"N,New York,Mets"
weatd001,Weathers,David,R,R,NYN,P,David Weathers,2004,"N,New York,Mets"
wheed001,Wheeler,Dan,R,R,NYN,P,Dan Wheeler,2004,"N,New York,Mets"
wiggt001,Wigginton,Ty,R,R,NYN,3B,Ty Wigginton,2004,"N,New York,Mets"
willg001,Williams,Gerald,R,R,NYN,OF,Gerald Williams,2004,"N,New York,Mets"
wilst003,Wilson,Tom,R,R,NYN,C,Tom Wilson,2004,"N,New York,Mets"
wilsv001,Wilson,Vance,R,R,NYN,C,Vance Wilson,2004,"N,New York,Mets"
wrigd002,Wright,David,R,R,NYN,3B,David Wright,2004,"N,New York,Mets"
yatet001,Yates,Tyler,R,R,NYN,P,Tyler Yates,2004,"N,New York,Mets"
zambv001,Zambrano,Victor,B,R,NYN,P,Victor Zambrano,2004,"N,New York,Mets"
zeilt001,Zeile,Todd,R,R,NYN,1B,Todd Zeile,2004,"N,New York,Mets"
alomr001,Alomar,Roberto,B,R,ARI,2B,Roberto Alomar,2004,"N,Arizona,Diamondbacks"
aquig001,Aquino,Greg,R,R,ARI,P,Greg Aquino,2004,"N,Arizona,Diamondbacks"
baerc001,Baerga,Carlos,B,R,ARI,1B,Carlos Baerga,2004,"N,Arizona,Diamondbacks"
bautd001,Bautista,Danny,R,R,ARI,OF,Danny Bautista,2004,"N,Arizona,Diamondbacks"
britj002,Brito,Juan,R,R,ARI,C,Juan Brito,2004,"N,Arizona,Diamondbacks"
brunb001,Bruney,Brian,R,R,ARI,P,Brian Bruney,2004,"N,Arizona,Diamondbacks"
choar001,Choate,Randy,L,L,ARI,P,Randy Choate,2004,"N,Arizona,Diamondbacks"
cinta001,Cintron,Alex,B,R,ARI,SS,Alex Cintron,2004,"N,Arizona,Diamondbacks"
colbg001,Colbrunn,Greg,R,R,ARI,1B,Greg Colbrunn,2004,"N,Arizona,Diamondbacks"
corml001,Cormier,Lance,R,R,ARI,P,Lance Cormier,2004,"N,Arizona,Diamondbacks"
daigc001,Daigle,Casey,R,R,ARI,P,Casey Daigle,2004,"N,Arizona,Diamondbacks"
desse001,Dessens,Elmer,R,R,ARI,P,Elmer Dessens,2004,"N,Arizona,Diamondbacks"
devod001,DeVore,Doug,L,L,ARI,OF,Doug DeVore,2004,"N,Arizona,Diamondbacks"
durbc001,Durbin,Chad,R,R,ARI,P,Chad Durbin,2004,"N,Arizona,Diamondbacks"
estab001,Estalella,Bobby,R,R,ARI,C,Bobby Estalella,2004,"N,Arizona,Diamondbacks"
fassj001,Fassero,Jeff,L,L,ARI,P,Jeff Fassero,2004,"N,Arizona,Diamondbacks"
fettm001,Fetters,Mike,R,R,ARI,P,Mike Fetters,2004,"N,Arizona,Diamondbacks"
finls001,Finley,Steve,L,L,ARI,OF,Steve Finley,2004,"N,Arizona,Diamondbacks"
fossc001,Fossum,Casey,L,L,ARI,P,Casey Fossum,2004,"N,Arizona,Diamondbacks"
gil-j001,Gil,Jerry,R,R,ARI,SS,Jerry Gil,2004,"N,Arizona,Diamondbacks"
gonze001,Gonzalez,Edgar,R,R,ARI,P,Edgar Gonzalez,2004,"N,Arizona,Diamondbacks"
gonzl001,Gonzalez,Luis,L,R,ARI,OF,Luis Gonzalez,2004,"N,Arizona,Diamondbacks"
gooda001,Good,Andrew,R,R,ARI,P,Andrew Good,2004,"N,Arizona,Diamondbacks"
goslm001,Gosling,Mike,L,L,ARI,P,Mike Gosling,2004,"N,Arizona,Diamondbacks"
greea001,Green,Andy,R,R,ARI,3B,Andy Green,2004,"N,Arizona,Diamondbacks"
hairs001,Hairston,Scott,R,R,ARI,2B,Scott Hairston,2004,"N,Arizona,Diamondbacks"
hammr001,Hammock,Robby,R,R,ARI,C,Robby Hammock,2004,"N,Arizona,Diamondbacks"
hillk002,Hill,Koyie,B,R,ARI,C,Koyie Hill,2004,"N,Arizona,Diamondbacks"
hills002,Hillenbrand,Shea,R,R,ARI,1B,Shea Hillenbrand,2004,"N,Arizona,Diamondbacks"
johnr005,Johnson,Randy,R,L,ARI,P,Randy Johnson,2004,"N,Arizona,Diamondbacks"
katam001,Kata,Matt,B,R,ARI,2B,Matt Kata,2004,"N,Arizona,Diamondbacks"
koplm001,Koplove,Mike,R,R,ARI,P,Mike Koplove,2004,"N,Arizona,Diamondbacks"
kroej001,Kroeger,Josh,L,L,ARI,OF,Josh Kroeger,2004,"N,Arizona,Diamondbacks"
mantm001,Mantei,Matt,R,R,ARI,P,Matt Mantei,2004,"N,Arizona,Diamondbacks"
maynb001,Mayne,Brent,L,R,ARI,C,Brent Mayne,2004,"N,Arizona,Diamondbacks"
mccrq001,McCracken,Quinton,B,R,ARI,OF,Quinton McCracken,2004,"N,Arizona,Diamondbacks"
nancs001,Nance,Shane,L,L,ARI,P,Shane Nance,2004,"N,Arizona,Diamondbacks"
olsot001,Olson,Tim,R,R,ARI,3B,Tim Olson,2004,"N,Arizona,Diamondbacks"
rands001,Randolph,Steve,L,L,ARI,P,Steve Randolph,2004,"N,Arizona,Diamondbacks"
reyns001,Reynolds,Shane,R,R,ARI,P,Shane Reynolds,2004,"N,Arizona,Diamondbacks"
sadld001,Sadler,Donnie,R,R,ARI,OF,Donnie Sadler,2004,"N,Arizona,Diamondbacks"
servs001,Service,Scott,R,R,ARI,P,Scott Service,2004,"N,Arizona,Diamondbacks"
sexsr001,Sexson,Richie,R,R,ARI,1B,Richie Sexson,2004,"N,Arizona,Diamondbacks"
snydc002,Snyder,Chris,R,R,ARI,C,Chris Snyder,2004,"N,Arizona,Diamondbacks"
spars001,Sparks,Steve,R,R,ARI,P,Steve Sparks,2004,"N,Arizona,Diamondbacks"
terrl001,Terrero,Luis,R,R,ARI,OF,Luis Terrero,2004,"N,Arizona,Diamondbacks"
tracc001,Tracy,Chad,L,R,ARI,3B,Chad Tracy,2004,"N,Arizona,Diamondbacks"
valvj001,Valverde,Jose,R,R,ARI,P,Jose Valverde,2004,"N,Arizona,Diamondbacks"
villb001,Villafuerte,Brandon,R,R,ARI,P,Brandon Villafuerte,2004,"N,Arizona,Diamondbacks"
villo001,Villarreal,Oscar,L,R,ARI,P,Oscar Villarreal,2004,"N,Arizona,Diamondbacks"
webbb001,Webb,Brandon,R,R,ARI,P,Brandon Webb,2004,"N,Arizona,Diamondbacks"
zinta001,Zinter,Alan,B,R,ARI,1B,Alan Zinter,2004,"N,Arizona,Diamondbacks"
adamr002,Adams,Russ,L,R,TOR,SS,Russ Adams,2004,"A,Toronto,Blue Jays"
adamt001,Adams,Terry,R,R,TOR,P,Terry Adams,2004,"A,Toronto,Blue Jays"
batim001,Batista,Miguel,R,R,TOR,P,Miguel Batista,2004,"A,Toronto,Blue Jays"
bergd002,Berg,Dave,R,R,TOR,OF,Dave Berg,2004,"A,Toronto,Blue Jays"
bushd001,Bush,David,R,R,TOR,P,David Bush,2004,"A,Toronto,Blue Jays"
cashk001,Cash,Kevin,R,R,TOR,C,Kevin Cash,2004,"A,Toronto,Blue Jays"
cataf001,Catalanotto,Frank,L,R,TOR,OF,Frank Catalanotto,2004,"A,Toronto,Blue Jays"
chacg001,Chacin,Gustavo,L,L,TOR,P,Gustavo Chacin,2004,"A,Toronto,Blue Jays"
chulv001,Chulk,Vinnie,R,R,TOR,P,Vinnie Chulk,2004,"A,Toronto,Blue Jays"
clarh001,Clark,Howie,L,R,TOR,OF,Howie Clark,2004,"A,Toronto,Blue Jays"
croze001,Crozier,Eric,L,L,TOR,DH,Eric Crozier,2004,"A,Toronto,Blue Jays"
delgc001,Delgado,Carlos,L,R,TOR,1B,Carlos Delgado,2004,"A,Toronto,Blue Jays"
delov001,de los Santos,Valerio,L,L,TOR,P,Valerio de los Santos,2004,"A,Toronto,Blue Jays"
dougs001,Douglass,Sean,R,R,TOR,P,Sean Douglass,2004,"A,Toronto,Blue Jays"
estab001,Estalella,Bobby,R,R,TOR,C,Bobby Estalella,2004,"A,Toronto,Blue Jays"
fileb001,File,Bob,R,R,TOR,P,Bob File,2004,"A,Toronto,Blue Jays"
frasj002,Frasor,Jason,R,R,TOR,P,Jason Frasor,2004,"A,Toronto,Blue Jays"
fredk001,Frederick,Kevin,L,R,TOR,P,Kevin Frederick,2004,"A,Toronto,Blue Jays"
glynr001,Glynn,Ryan,R,R,TOR,P,Ryan Glynn,2004,"A,Toronto,Blue Jays"
gomec001,Gomez,Chris,R,R,TOR,SS,Chris Gomez,2004,"A,Toronto,Blue Jays"
grosg002,Gross,Gabe,L,R,TOR,OF,Gabe Gross,2004,"A,Toronto,Blue Jays"
hallr001,Halladay,Roy,R,R,TOR,P,Roy Halladay,2004,"A,Toronto,Blue Jays"
hentp001,Hentgen,Pat,R,R,TOR,P,Pat Hentgen,2004,"A,Toronto,Blue Jays"
hermc001,Hermansen,Chad,R,R,TOR,OF,Chad Hermansen,2004,"A,Toronto,Blue Jays"
hinse001,Hinske,Eric,L,R,TOR,3B,Eric Hinske,2004,"A,Toronto,Blue Jays"
hudso001,Hudson,Orlando,B,R,TOR,2B,Orlando Hudson,2004,"A,Toronto,Blue Jays"
johnr008,Johnson,Reed,R,R,TOR,OF,Reed Johnson,2004,"A,Toronto,Blue Jays"
kersj001,Kershner,Jason,L,L,TOR,P,Jason Kershner,2004,"A,Toronto,Blue Jays"
leagb001,League,Brandon,R,R,TOR,P,Brandon League,2004,"A,Toronto,Blue Jays"
ligtk001,Ligtenberg,Kerry,R,R,TOR,P,Kerry Ligtenberg,2004,"A,Toronto,Blue Jays"
lillt001,Lilly,Ted,L,L,TOR,P,Ted Lilly,2004,"A,Toronto,Blue Jays"
lopea003,Lopez,Aquilino,R,R,TOR,P,Aquilino Lopez,2004,"A,Toronto,Blue Jays"
maurd001,Maurer,Dave,R,L,TOR,P,Dave Maurer,2004,"A,Toronto,Blue Jays"
menef001,Menechino,Frank,R,R,TOR,2B,Frank Menechino,2004,"A,Toronto,Blue Jays"
millj002,Miller,Justin,R,R,TOR,P,Justin Miller,2004,"A,Toronto,Blue Jays"
myerg001,Myers,Greg,L,R,TOR,C,Greg Myers,2004,"A,Toronto,Blue Jays"
nakam001,Nakamura,Micheal,R,R,TOR,P,Micheal Nakamura,2004,"A,Toronto,Blue Jays"
petea002,Peterson,Adam,R,R,TOR,P,Adam Peterson,2004,"A,Toronto,Blue Jays"
phelj001,Phelps,Josh,R,R,TOR,DH,Josh Phelps,2004,"A,Toronto,Blue Jays"
ponds001,Pond,Simon,L,R,TOR,OF,Simon Pond,2004,"A,Toronto,Blue Jays"
quirg001,Quiroz,Guillermo,R,R,TOR,C,Guillermo Quiroz,2004,"A,Toronto,Blue Jays"
riosa002,Rios,Alex,R,R,TOR,OF,Alex Rios,2004,"A,Toronto,Blue Jays"
speij001,Speier,Justin,R,R,TOR,P,Justin Speier,2004,"A,Toronto,Blue Jays"
towej001,Towers,Josh,R,R,TOR,P,Josh Towers,2004,"A,Toronto,Blue Jays"
wellv001,Wells,Vernon,R,R,TOR,OF,Vernon Wells,2004,"A,Toronto,Blue Jays"
woodc001,Woodward,Chris,R,R,TOR,SS,Chris Woodward,2004,"A,Toronto,Blue Jays"
zaung001,Zaun,Gregg,B,R,TOR,C,Gregg Zaun,2004,"A,Toronto,Blue Jays"
