player_id,last,first,bats,throws,team_id,pos,player_name,year,team_name
abada001,Abad,Andy,L,L,CIN,PH,Andy Abad,2006,"N,Cincinnati,Reds"
arrob001,Arroyo,Bronson,R,R,CIN,P,Bronson Arroyo,2006,"N,Cincinnati,Reds"
aurir001,Aurilia,Rich,R,R,CIN,3B,Rich Aurilia,2006,"N,Cincinnati,Reds"
belim001,Belisle,Matt,R,R,CIN,P,Matt Belisle,2006,"N,Cincinnati,Reds"
brayb001,Bray,Bill,L,L,CIN,P,Bill Bray,2006,"N,Cincinnati,Reds"
burnm001,Burns,Mike,R,R,CIN,P,Mike Burns,2006,"N,Cincinnati,Reds"
castj004,Castro,Juan,R,R,CIN,SS,Juan Castro,2006,"N,Cincinnati,Reds"
claub001,Claussen,Brandon,R,L,CIN,P,Brandon Claussen,2006,"N,Cincinnati,Reds"
clayr001,Clayton,Royce,R,R,CIN,SS,Royce Clayton,2006,"N,Cincinnati,Reds"
cofft001,Coffey,Todd,R,R,CIN,P,Todd Coffey,2006,"N,Cincinnati,Reds"
cormr001,Cormier,Rheal,L,L,CIN,P,Rheal Cormier,2006,"N,Cincinnati,Reds"
denoc001,Denorfia,Chris,R,R,CIN,OF,Chris Denorfia,2006,"N,Cincinnati,Reds"
dunna001,Dunn,Adam,L,R,CIN,OF,Adam Dunn,2006,"N,Cincinnati,Reds"
encae001,Encarnacion,Edwin,R,R,CIN,3B,Edwin Encarnacion,2006,"N,Cincinnati,Reds"
franr001,Franklin,Ryan,R,R,CIN,P,Ryan Franklin,2006,"N,Cincinnati,Reds"
freer001,Freel,Ryan,R,R,CIN,OF,Ryan Freel,2006,"N,Cincinnati,Reds"
germj001,Germano,Justin,R,R,CIN,P,Justin Germano,2006,"N,Cincinnati,Reds"
goslm001,Gosling,Mike,L,L,CIN,P,Mike Gosling,2006,"N,Cincinnati,Reds"
grifk002,Griffey,Ken,L,L,CIN,OF,Ken Griffey,2006,"N,Cincinnati,Reds"
guare001,Guardado,Eddie,R,L,CIN,P,Eddie Guardado,2006,"N,Cincinnati,Reds"
hammc001,Hammond,Chris,L,L,CIN,P,Chris Hammond,2006,"N,Cincinnati,Reds"
haraa001,Harang,Aaron,R,R,CIN,P,Aaron Harang,2006,"N,Cincinnati,Reds"
harrb001,Harris,Brendan,R,R,CIN,2B,Brendan Harris,2006,"N,Cincinnati,Reds"
hatts001,Hatteberg,Scott,L,R,CIN,1B,Scott Hatteberg,2006,"N,Cincinnati,Reds"
hollt001,Hollandsworth,Todd,L,L,CIN,OF,Todd Hollandsworth,2006,"N,Cincinnati,Reds"
hoppn001,Hopper,Norris,R,R,CIN,OF,Norris Hopper,2006,"N,Cincinnati,Reds"
johnj007,Johnson,Jason,R,R,CIN,P,Jason Johnson,2006,"N,Cincinnati,Reds"
keara001,Kearns,Austin,R,R,CIN,OF,Austin Kearns,2006,"N,Cincinnati,Reds"
kim-s001,Kim,Sun-Woo,R,R,CIN,P,Sun-Woo Kim,2006,"N,Cincinnati,Reds"
laruj001,LaRue,Jason,R,R,CIN,C,Jason LaRue,2006,"N,Cincinnati,Reds"
lohsk001,Lohse,Kyle,R,R,CIN,P,Kyle Lohse,2006,"N,Cincinnati,Reds"
lopef001,Lopez,Felipe,B,R,CIN,SS,Felipe Lopez,2006,"N,Cincinnati,Reds"
majeg001,Majewski,Gary,R,R,CIN,P,Gary Majewski,2006,"N,Cincinnati,Reds"
maysj001,Mays,Joe,B,R,CIN,P,Joe Mays,2006,"N,Cincinnati,Reds"
mccrq001,McCracken,Quinton,B,R,CIN,OF,Quinton McCracken,2006,"N,Cincinnati,Reds"
merck001,Mercker,Kent,L,L,CIN,P,Kent Mercker,2006,"N,Cincinnati,Reds"
michc001,Michalak,Chris,L,L,CIN,P,Chris Michalak,2006,"N,Cincinnati,Reds"
milte001,Milton,Eric,L,L,CIN,P,Eric Milton,2006,"N,Cincinnati,Reds"
olmer001,Olmedo,Ray,B,R,CIN,2B,Ray Olmedo,2006,"N,Cincinnati,Reds"
philb001,Phillips,Brandon,R,R,CIN,2B,Brandon Phillips,2006,"N,Cincinnati,Reds"
ramie002,Ramirez,Elizardo,B,R,CIN,P,Elizardo Ramirez,2006,"N,Cincinnati,Reds"
rossc001,Ross,Cody,R,L,CIN,OF,Cody Ross,2006,"N,Cincinnati,Reds"
rossd001,Ross,David,R,R,CIN,C,David Ross,2006,"N,Cincinnati,Reds"
schos001,Schoeneweis,Scott,L,L,CIN,P,Scott Schoeneweis,2006,"N,Cincinnati,Reds"
shacb001,Shackelford,Brian,L,L,CIN,P,Brian Shackelford,2006,"N,Cincinnati,Reds"
stanj001,Standridge,Jason,R,R,CIN,P,Jason Standridge,2006,"N,Cincinnati,Reds"
valej004,Valentin,Javier,B,R,CIN,C,Javier Valentin,2006,"N,Cincinnati,Reds"
watsb002,Watson,Brandon,L,R,CIN,PR,Brandon Watson,2006,"N,Cincinnati,Reds"
weatd001,Weathers,David,R,R,CIN,P,David Weathers,2006,"N,Cincinnati,Reds"
whitr002,White,Rick,R,R,CIN,P,Rick White,2006,"N,Cincinnati,Reds"
willd002,Williams,David,L,L,CIN,P,David Williams,2006,"N,Cincinnati,Reds"
wised001,Wise,Dewayne,L,L,CIN,OF,Dewayne Wise,2006,"N,Cincinnati,Reds"
womat001,Womack,Tony,L,R,CIN,2B,Tony Womack,2006,"N,Cincinnati,Reds"
yan-e001,Yan,Esteban,R,R,CIN,P,Esteban Yan,2006,"N,Cincinnati,Reds"
aardd001,Aardsma,David,R,R,CHN,P,David Aardsma,2006,"N,Chicago,Cubs"
barrm003,Barrett,Michael,R,R,CHN,C,Michael Barrett,2006,"N,Chicago,Cubs"
blanh001,Blanco,Henry,R,R,CHN,C,Henry Blanco,2006,"N,Chicago,Cubs"
bynuf001,Bynum,Freddie,L,R,CHN,OF,Freddie Bynum,2006,"N,Chicago,Cubs"
ceder002,Cedeno,Ronny,R,R,CHN,SS,Ronny Cedeno,2006,"N,Chicago,Cubs"
coatb001,Coats,Buck,L,R,CHN,OF,Buck Coats,2006,"N,Chicago,Cubs"
dempr002,Dempster,Ryan,R,R,CHN,P,Ryan Dempster,2006,"N,Chicago,Cubs"
eyres001,Eyre,Scott,L,L,CHN,P,Scott Eyre,2006,"N,Chicago,Cubs"
guzma001,Guzman,Angel,R,R,CHN,P,Angel Guzman,2006,"N,Chicago,Cubs"
hairj002,Hairston,Jerry,R,R,CHN,2B,Jerry Hairston,2006,"N,Chicago,Cubs"
hillr001,Hill,Rich,L,L,CHN,P,Rich Hill,2006,"N,Chicago,Cubs"
howrb001,Howry,Bob,L,R,CHN,P,Bob Howry,2006,"N,Chicago,Cubs"
iztuc001,Izturis,Cesar,B,R,CHN,SS,Cesar Izturis,2006,"N,Chicago,Cubs"
jonej003,Jones,Jacque,L,L,CHN,OF,Jacque Jones,2006,"N,Chicago,Cubs"
lee-d002,Lee,Derrek,R,R,CHN,1B,Derrek Lee,2006,"N,Chicago,Cubs"
mabrj001,Mabry,John,L,R,CHN,1B,John Mabry,2006,"N,Chicago,Cubs"
maddg002,Maddux,Greg,R,R,CHN,P,Greg Maddux,2006,"N,Chicago,Cubs"
marmc001,Marmol,Carlos,R,R,CHN,P,Carlos Marmol,2006,"N,Chicago,Cubs"
marss002,Marshall,Sean,L,L,CHN,P,Sean Marshall,2006,"N,Chicago,Cubs"
matej002,Mateo,Juan,R,R,CHN,P,Juan Mateo,2006,"N,Chicago,Cubs"
millw001,Miller,Wade,R,R,CHN,P,Wade Miller,2006,"N,Chicago,Cubs"
moors001,Moore,Scott,L,R,CHN,1B,Scott Moore,2006,"N,Chicago,Cubs"
murtm001,Murton,Matt,R,R,CHN,OF,Matt Murton,2006,"N,Chicago,Cubs"
nevip001,Nevin,Phil,R,R,CHN,1B,Phil Nevin,2006,"N,Chicago,Cubs"
novor002,Novoa,Roberto,R,R,CHN,P,Roberto Novoa,2006,"N,Chicago,Cubs"
ohmaw001,Ohman,Will,L,L,CHN,P,Will Ohman,2006,"N,Chicago,Cubs"
omalr001,O'Malley,Ryan,R,L,CHN,P,Ryan O'Malley,2006,"N,Chicago,Cubs"
pagaa001,Pagan,Angel,B,R,CHN,OF,Angel Pagan,2006,"N,Chicago,Cubs"
peren001,Perez,Neifi,B,R,CHN,2B,Neifi Perez,2006,"N,Chicago,Cubs"
pierj002,Pierre,Juan,L,L,CHN,OF,Juan Pierre,2006,"N,Chicago,Cubs"
priom001,Prior,Mark,R,R,CHN,P,Mark Prior,2006,"N,Chicago,Cubs"
ramia001,Ramirez,Aramis,R,R,CHN,3B,Aramis Ramirez,2006,"N,Chicago,Cubs"
restm001,Restovich,Michael,R,R,CHN,OF,Michael Restovich,2006,"N,Chicago,Cubs"
reyej002,Reyes,Jose,B,R,CHN,C,Jose Reyes,2006,"N,Chicago,Cubs"
ruscg001,Rusch,Glendon,L,L,CHN,P,Glendon Rusch,2006,"N,Chicago,Cubs"
ryu-j001,Ryu,Jae Kuk,R,R,CHN,P,Jae Kuk Ryu,2006,"N,Chicago,Cubs"
sotog001,Soto,Geovany,R,R,CHN,C,Geovany Soto,2006,"N,Chicago,Cubs"
therr001,Theriot,Ryan,R,R,CHN,2B,Ryan Theriot,2006,"N,Chicago,Cubs"
walkt002,Walker,Todd,L,R,CHN,2B,Todd Walker,2006,"N,Chicago,Cubs"
walrl001,Walrond,Les,L,L,CHN,P,Les Walrond,2006,"N,Chicago,Cubs"
willj003,Williams,Jerome,R,R,CHN,P,Jerome Williams,2006,"N,Chicago,Cubs"
wills002,Williamson,Scott,R,R,CHN,P,Scott Williamson,2006,"N,Chicago,Cubs"
womat001,Womack,Tony,L,R,CHN,2B,Tony Womack,2006,"N,Chicago,Cubs"
woodk002,Wood,Kerry,R,R,CHN,P,Kerry Wood,2006,"N,Chicago,Cubs"
wuerm001,Wuertz,Michael,R,R,CHN,P,Michael Wuertz,2006,"N,Chicago,Cubs"
zambc001,Zambrano,Carlos,B,R,CHN,P,Carlos Zambrano,2006,"N,Chicago,Cubs"
alvaa001,Alvarez,Abe,L,L,BOS,P,Abe Alvarez,2006,"A,Boston,Red Sox"
bardj001,Bard,Josh,B,R,BOS,C,Josh Bard,2006,"A,Boston,Red Sox"
beckj002,Beckett,Josh,R,R,BOS,P,Josh Beckett,2006,"A,Boston,Red Sox"
bresc001,Breslow,Craig,L,L,BOS,P,Craig Breslow,2006,"A,Boston,Red Sox"
burnm001,Burns,Mike,R,R,BOS,P,Mike Burns,2006,"A,Boston,Red Sox"
clemm001,Clement,Matt,R,R,BOS,P,Matt Clement,2006,"A,Boston,Red Sox"
coraa001,Cora,Alex,L,R,BOS,SS,Alex Cora,2006,"A,Boston,Red Sox"
coreb001,Corey,Bryan,R,R,BOS,P,Bryan Corey,2006,"A,Boston,Red Sox"
crisc001,Crisp,Coco,B,R,BOS,OF,Coco Crisp,2006,"A,Boston,Red Sox"
delcm001,Delcarmen,Manny,R,R,BOS,P,Manny Delcarmen,2006,"A,Boston,Red Sox"
dinal001,DiNardo,Lenny,L,L,BOS,P,Lenny DiNardo,2006,"A,Boston,Red Sox"
foulk001,Foulke,Keith,R,R,BOS,P,Keith Foulke,2006,"A,Boston,Red Sox"
gabbk001,Gabbard,Kason,L,L,BOS,P,Kason Gabbard,2006,"A,Boston,Red Sox"
gonza002,Gonzalez,Alex,R,R,BOS,SS,Alex Gonzalez,2006,"A,Boston,Red Sox"
hansc001,Hansen,Craig,R,R,BOS,P,Craig Hansen,2006,"A,Boston,Red Sox"
hansd002,Hansack,Devern,R,R,BOS,P,Devern Hansack,2006,"A,Boston,Red Sox"
harrw001,Harris,Willie,L,R,BOS,OF,Willie Harris,2006,"A,Boston,Red Sox"
hinse001,Hinske,Eric,L,R,BOS,OF,Eric Hinske,2006,"A,Boston,Red Sox"
holtm001,Holtz,Mike,L,L,BOS,P,Mike Holtz,2006,"A,Boston,Red Sox"
huckk001,Huckaby,Ken,R,R,BOS,C,Ken Huckaby,2006,"A,Boston,Red Sox"
jarvk001,Jarvis,Kevin,L,R,BOS,P,Kevin Jarvis,2006,"A,Boston,Red Sox"
johnj007,Johnson,Jason,R,R,BOS,P,Jason Johnson,2006,"A,Boston,Red Sox"
kaplg001,Kapler,Gabe,R,R,BOS,OF,Gabe Kapler,2006,"A,Boston,Red Sox"
lestj001,Lester,Jon,L,L,BOS,P,Jon Lester,2006,"A,Boston,Red Sox"
lopej001,Lopez,Javy,R,R,BOS,C,Javy Lopez,2006,"A,Boston,Red Sox"
lopej002,Lopez,Javier,L,L,BOS,P,Javier Lopez,2006,"A,Boston,Red Sox"
lorem001,Loretta,Mark,R,R,BOS,2B,Mark Loretta,2006,"A,Boston,Red Sox"
lowem001,Lowell,Mike,R,R,BOS,3B,Mike Lowell,2006,"A,Boston,Red Sox"
millc001,Miller,Corky,R,R,BOS,C,Corky Miller,2006,"A,Boston,Red Sox"
mirad001,Mirabelli,Doug,R,R,BOS,C,Doug Mirabelli,2006,"A,Boston,Red Sox"
mohrd001,Mohr,Dustan,R,R,BOS,OF,Dustan Mohr,2006,"A,Boston,Red Sox"
murpd005,Murphy,David,L,L,BOS,OF,David Murphy,2006,"A,Boston,Red Sox"
nixot001,Nixon,Trot,L,L,BOS,OF,Trot Nixon,2006,"A,Boston,Red Sox"
ortid001,Ortiz,David,L,L,BOS,DH,David Ortiz,2006,"A,Boston,Red Sox"
papej001,Papelbon,Jonathan,R,R,BOS,P,Jonathan Papelbon,2006,"A,Boston,Red Sox"
pauld001,Pauley,David,R,R,BOS,P,David Pauley,2006,"A,Boston,Red Sox"
pedrd001,Pedroia,Dustin,R,R,BOS,2B,Dustin Pedroia,2006,"A,Boston,Red Sox"
penac001,Pena,Carlos,L,L,BOS,1B,Carlos Pena,2006,"A,Boston,Red Sox"
penaw001,Pena,Wily Mo,R,R,BOS,OF,Wily Mo Pena,2006,"A,Boston,Red Sox"
ramim002,Ramirez,Manny,R,R,BOS,OF,Manny Ramirez,2006,"A,Boston,Red Sox"
riskd001,Riske,David,R,R,BOS,P,David Riske,2006,"A,Boston,Red Sox"
schic002,Schilling,Curt,R,R,BOS,P,Curt Schilling,2006,"A,Boston,Red Sox"
seanr001,Seanez,Rudy,R,R,BOS,P,Rudy Seanez,2006,"A,Boston,Red Sox"
snowj001,Snow,J.T.,L,L,BOS,1B,J.T. Snow,2006,"A,Boston,Red Sox"
snydk001,Snyder,Kyle,B,R,BOS,P,Kyle Snyder,2006,"A,Boston,Red Sox"
stera001,Stern,Adam,L,R,BOS,OF,Adam Stern,2006,"A,Boston,Red Sox"
tavaj001,Tavarez,Julian,L,R,BOS,P,Julian Tavarez,2006,"A,Boston,Red Sox"
timlm001,Timlin,Mike,R,R,BOS,P,Mike Timlin,2006,"A,Boston,Red Sox"
vanbj002,Van Buren,Jermaine,R,R,BOS,P,Jermaine Van Buren,2006,"A,Boston,Red Sox"
varij001,Varitek,Jason,B,R,BOS,C,Jason Varitek,2006,"A,Boston,Red Sox"
waket001,Wakefield,Tim,R,R,BOS,P,Tim Wakefield,2006,"A,Boston,Red Sox"
welld001,Wells,David,L,L,BOS,P,David Wells,2006,"A,Boston,Red Sox"
youkk001,Youkilis,Kevin,R,R,BOS,1B,Kevin Youkilis,2006,"A,Boston,Red Sox"
affej001,Affeldt,Jeremy,L,L,COL,P,Jeremy Affeldt,2006,"N,Colorado,Rockies"
ardod001,Ardoin,Danny,R,R,COL,C,Danny Ardoin,2006,"N,Colorado,Rockies"
asenm001,Asencio,Miguel,R,R,COL,P,Miguel Asencio,2006,"N,Colorado,Rockies"
atkig001,Atkins,Garrett,R,R,COL,3B,Garrett Atkins,2006,"N,Colorado,Rockies"
bakej001,Baker,Jeff,R,R,COL,OF,Jeff Baker,2006,"N,Colorado,Rockies"
barmc001,Barmes,Clint,R,R,COL,SS,Clint Barmes,2006,"N,Colorado,Rockies"
bautd002,Bautista,Denny,R,R,COL,P,Denny Bautista,2006,"N,Colorado,Rockies"
carrj001,Carroll,Jamey,R,R,COL,2B,Jamey Carroll,2006,"N,Colorado,Rockies"
castv001,Castilla,Vinny,R,R,COL,1B,Vinny Castilla,2006,"N,Colorado,Rockies"
closj001,Closser,JD,B,R,COL,C,JD Closser,2006,"N,Colorado,Rockies"
colia001,Colina,Alvin,R,R,COL,C,Alvin Colina,2006,"N,Colorado,Rockies"
cooka002,Cook,Aaron,R,R,COL,P,Aaron Cook,2006,"N,Colorado,Rockies"
corpm001,Corpas,Manuel,R,R,COL,P,Manuel Corpas,2006,"N,Colorado,Rockies"
cortd001,Cortes,David,R,R,COL,P,David Cortes,2006,"N,Colorado,Rockies"
day-z001,Day,Zach,R,R,COL,P,Zach Day,2006,"N,Colorado,Rockies"
dejem001,DeJean,Mike,R,R,COL,P,Mike DeJean,2006,"N,Colorado,Rockies"
dohms001,Dohmann,Scott,R,R,COL,P,Scott Dohmann,2006,"N,Colorado,Rockies"
fieln001,Field,Nate,R,R,COL,P,Nate Field,2006,"N,Colorado,Rockies"
foggj001,Fogg,Josh,R,R,COL,P,Josh Fogg,2006,"N,Colorado,Rockies"
franj003,Francis,Jeff,L,L,COL,P,Jeff Francis,2006,"N,Colorado,Rockies"
freec001,Freeman,Choo,R,R,COL,OF,Choo Freeman,2006,"N,Colorado,Rockies"
fuenb001,Fuentes,Brian,L,L,COL,P,Brian Fuentes,2006,"N,Colorado,Rockies"
gonzl004,Gonzalez,Luis,R,R,COL,2B,Luis Gonzalez,2006,"N,Colorado,Rockies"
hampj001,Hampson,Justin,L,L,COL,P,Justin Hampson,2006,"N,Colorado,Rockies"
hawpb001,Hawpe,Brad,L,L,COL,OF,Brad Hawpe,2006,"N,Colorado,Rockies"
heltt001,Helton,Todd,L,L,COL,1B,Todd Helton,2006,"N,Colorado,Rockies"
hollm001,Holliday,Matt,R,R,COL,OF,Matt Holliday,2006,"N,Colorado,Rockies"
iannc001,Iannetta,Chris,R,R,COL,C,Chris Iannetta,2006,"N,Colorado,Rockies"
jennj001,Jennings,Jason,L,R,COL,P,Jason Jennings,2006,"N,Colorado,Rockies"
jimeu001,Jimenez,Ubaldo,R,R,COL,P,Ubaldo Jimenez,2006,"N,Colorado,Rockies"
kim-b001,Kim,Byung-Hyun,R,R,COL,P,Byung-Hyun Kim,2006,"N,Colorado,Rockies"
kim-s001,Kim,Sun-Woo,R,R,COL,P,Sun-Woo Kim,2006,"N,Colorado,Rockies"
kingr001,King,Ray,L,L,COL,P,Ray King,2006,"N,Colorado,Rockies"
marre001,Marrero,Eli,R,R,COL,1B,Eli Marrero,2006,"N,Colorado,Rockies"
martt003,Martin,Tom,L,L,COL,P,Tom Martin,2006,"N,Colorado,Rockies"
matsk001,Matsui,Kazuo,B,R,COL,2B,Kazuo Matsui,2006,"N,Colorado,Rockies"
mesaj001,Mesa,Jose,R,R,COL,P,Jose Mesa,2006,"N,Colorado,Rockies"
morij001,Morillo,Juan,R,R,COL,P,Juan Morillo,2006,"N,Colorado,Rockies"
ojedm001,Ojeda,Miguel,R,R,COL,C,Miguel Ojeda,2006,"N,Colorado,Rockies"
piedj001,Piedra,Jorge,L,L,COL,DH,Jorge Piedra,2006,"N,Colorado,Rockies"
quino001,Quintanilla,Omar,L,R,COL,SS,Omar Quintanilla,2006,"N,Colorado,Rockies"
ramir003,Ramirez,Ramon,R,R,COL,P,Ramon Ramirez,2006,"N,Colorado,Rockies"
salaj002,Salazar,Jeff,L,L,COL,OF,Jeff Salazar,2006,"N,Colorado,Rockies"
shear001,Shealy,Ryan,R,R,COL,1B,Ryan Shealy,2006,"N,Colorado,Rockies"
smitj001,Smith,Jason,L,R,COL,2B,Jason Smith,2006,"N,Colorado,Rockies"
spilr001,Spilborghs,Ryan,R,R,COL,OF,Ryan Spilborghs,2006,"N,Colorado,Rockies"
sullc001,Sullivan,Cory,L,L,COL,OF,Cory Sullivan,2006,"N,Colorado,Rockies"
torry001,Torrealba,Yorvit,R,R,COL,C,Yorvit Torrealba,2006,"N,Colorado,Rockies"
tulot001,Tulowitzki,Troy,R,R,COL,SS,Troy Tulowitzki,2006,"N,Colorado,Rockies"
venam002,Venafro,Mike,L,L,COL,P,Mike Venafro,2006,"N,Colorado,Rockies"
aberr001,Abercrombie,Reggie,R,R,FLO,OF,Reggie Abercrombie,2006,"N,Florida,Marlins"
aguic001,Aguila,Chris,R,R,FLO,OF,Chris Aguila,2006,"N,Florida,Marlins"
ameza001,Amezaga,Alfredo,B,R,FLO,OF,Alfredo Amezaga,2006,"N,Florida,Marlins"
andir001,Andino,Robert,R,R,FLO,SS,Robert Andino,2006,"N,Florida,Marlins"
borcj001,Borchard,Joe,B,R,FLO,OF,Joe Borchard,2006,"N,Florida,Marlins"
boroj001,Borowski,Joe,R,R,FLO,P,Joe Borowski,2006,"N,Florida,Marlins"
cabrm001,Cabrera,Miguel,R,R,FLO,3B,Miguel Cabrera,2006,"N,Florida,Marlins"
cepim001,Cepicky,Matthew,L,R,FLO,OF,Matthew Cepicky,2006,"N,Florida,Marlins"
fulcj001,Fulchino,Jeff,R,R,FLO,P,Jeff Fulchino,2006,"N,Florida,Marlins"
garcj003,Garcia,Jose,R,R,FLO,P,Jose Garcia,2006,"N,Florida,Marlins"
germf001,German,Franklyn,R,R,FLO,P,Franklyn German,2006,"N,Florida,Marlins"
helmw001,Helms,Wes,R,R,FLO,1B,Wes Helms,2006,"N,Florida,Marlins"
hergm001,Herges,Matt,L,R,FLO,P,Matt Herges,2006,"N,Florida,Marlins"
hermj001,Hermida,Jeremy,L,R,FLO,OF,Jeremy Hermida,2006,"N,Florida,Marlins"
hoovp001,Hoover,Paul,R,R,FLO,C,Paul Hoover,2006,"N,Florida,Marlins"
jacom001,Jacobs,Mike,L,R,FLO,1B,Mike Jacobs,2006,"N,Florida,Marlins"
johnj009,Johnson,Josh,L,R,FLO,P,Josh Johnson,2006,"N,Florida,Marlins"
kensl001,Kensing,Logan,R,R,FLO,P,Logan Kensing,2006,"N,Florida,Marlins"
martc004,Martinez,Carlos,R,R,FLO,P,Carlos Martinez,2006,"N,Florida,Marlins"
messr001,Messenger,Randy,R,R,FLO,P,Randy Messenger,2006,"N,Florida,Marlins"
mitrs001,Mitre,Sergio,R,R,FLO,P,Sergio Mitre,2006,"N,Florida,Marlins"
moehb001,Moehler,Brian,R,R,FLO,P,Brian Moehler,2006,"N,Florida,Marlins"
nolar001,Nolasco,Ricky,R,R,FLO,P,Ricky Nolasco,2006,"N,Florida,Marlins"
olivm001,Olivo,Miguel,R,R,FLO,C,Miguel Olivo,2006,"N,Florida,Marlins"
olses001,Olsen,Scott,L,L,FLO,P,Scott Olsen,2006,"N,Florida,Marlins"
petiy001,Petit,Yusmeiro,R,R,FLO,P,Yusmeiro Petit,2006,"N,Florida,Marlins"
pintr001,Pinto,Renyel,L,L,FLO,P,Renyel Pinto,2006,"N,Florida,Marlins"
ramih003,Ramirez,Hanley,R,R,FLO,SS,Hanley Ramirez,2006,"N,Florida,Marlins"
reede001,Reed,Eric,L,L,FLO,OF,Eric Reed,2006,"N,Florida,Marlins"
resoc001,Resop,Chris,R,R,FLO,P,Chris Resop,2006,"N,Florida,Marlins"
rossc001,Ross,Cody,R,L,FLO,OF,Cody Ross,2006,"N,Florida,Marlins"
sanca004,Sanchez,Anibal,R,R,FLO,P,Anibal Sanchez,2006,"N,Florida,Marlins"
tankt001,Tankersley,Taylor,L,L,FLO,P,Taylor Tankersley,2006,"N,Florida,Marlins"
tream001,Treanor,Matt,R,R,FLO,C,Matt Treanor,2006,"N,Florida,Marlins"
uggld001,Uggla,Dan,R,R,FLO,2B,Dan Uggla,2006,"N,Florida,Marlins"
vargj001,Vargas,Jason,L,L,FLO,P,Jason Vargas,2006,"N,Florida,Marlins"
wellt002,Wellemeyer,Todd,R,R,FLO,P,Todd Wellemeyer,2006,"N,Florida,Marlins"
willd003,Willis,Dontrelle,L,L,FLO,P,Dontrelle Willis,2006,"N,Florida,Marlins"
willj004,Willingham,Josh,R,R,FLO,OF,Josh Willingham,2006,"N,Florida,Marlins"
woodj001,Wood,Jason,R,R,FLO,1B,Jason Wood,2006,"N,Florida,Marlins"
blanj001,Blanton,Joe,R,R,OAK,P,Joe Blanton,2006,"A,Oakland,Athletics"
bocah001,Bocachica,Hiram,R,R,OAK,OF,Hiram Bocachica,2006,"A,Oakland,Athletics"
bradm001,Bradley,Milton,B,R,OAK,OF,Milton Bradley,2006,"A,Oakland,Athletics"
browj005,Brown,Jeremy,R,R,OAK,DH,Jeremy Brown,2006,"A,Oakland,Athletics"
calek001,Calero,Kiko,R,R,OAK,P,Kiko Calero,2006,"A,Oakland,Athletics"
chave001,Chavez,Eric,L,R,OAK,3B,Eric Chavez,2006,"A,Oakland,Athletics"
clard002,Clark,Doug,L,R,OAK,OF,Doug Clark,2006,"A,Oakland,Athletics"
crosb002,Crosby,Bobby,R,R,OAK,SS,Bobby Crosby,2006,"A,Oakland,Athletics"
duchj001,Duchscherer,Justin,R,R,OAK,P,Justin Duchscherer,2006,"A,Oakland,Athletics"
ellim001,Ellis,Mark,R,R,OAK,2B,Mark Ellis,2006,"A,Oakland,Athletics"
florr002,Flores,Ron,L,L,OAK,P,Ron Flores,2006,"A,Oakland,Athletics"
garcj002,Casilla,Santiago,R,R,OAK,P,Santiago Casilla,2006,"A,Oakland,Athletics"
gaudc001,Gaudin,Chad,R,R,OAK,P,Chad Gaudin,2006,"A,Oakland,Athletics"
halsb001,Halsey,Brad,L,L,OAK,P,Brad Halsey,2006,"A,Oakland,Athletics"
hardr001,Harden,Rich,L,R,OAK,P,Rich Harden,2006,"A,Oakland,Athletics"
hared001,Haren,Dan,R,R,OAK,P,Dan Haren,2006,"A,Oakland,Athletics"
jimed001,Jimenez,D'Angelo,B,R,OAK,3B,D'Angelo Jimenez,2006,"A,Oakland,Athletics"
johnd004,Johnson,Dan,L,R,OAK,1B,Dan Johnson,2006,"A,Oakland,Athletics"
karss001,Karsay,Steve,R,R,OAK,P,Steve Karsay,2006,"A,Oakland,Athletics"
keisr001,Keisler,Randy,L,L,OAK,P,Randy Keisler,2006,"A,Oakland,Athletics"
kendj001,Kendall,Jason,R,R,OAK,C,Jason Kendall,2006,"A,Oakland,Athletics"
kennj001,Kennedy,Joe,R,L,OAK,P,Joe Kennedy,2006,"A,Oakland,Athletics"
kielb001,Kielty,Bobby,B,R,OAK,OF,Bobby Kielty,2006,"A,Oakland,Athletics"
kigem001,Kiger,Mark,R,R,OAK,X,Mark Kiger,2006,"A,Oakland,Athletics"
komis002,Komine,Shane,R,R,OAK,P,Shane Komine,2006,"A,Oakland,Athletics"
kotsm001,Kotsay,Mark,L,L,OAK,OF,Mark Kotsay,2006,"A,Oakland,Athletics"
loaie001,Loaiza,Esteban,R,R,OAK,P,Esteban Loaiza,2006,"A,Oakland,Athletics"
melha001,Melhuse,Adam,B,R,OAK,C,Adam Melhuse,2006,"A,Oakland,Athletics"
paytj001,Payton,Jay,R,R,OAK,OF,Jay Payton,2006,"A,Oakland,Athletics"
perea001,Perez,Antonio,R,R,OAK,3B,Antonio Perez,2006,"A,Oakland,Athletics"
ronem001,Roney,Matt,R,R,OAK,P,Matt Roney,2006,"A,Oakland,Athletics"
rousm001,Rouse,Mike,L,R,OAK,2B,Mike Rouse,2006,"A,Oakland,Athletics"
saark001,Saarloos,Kirk,R,R,OAK,P,Kirk Saarloos,2006,"A,Oakland,Athletics"
saues001,Sauerbeck,Scott,R,L,OAK,P,Scott Sauerbeck,2006,"A,Oakland,Athletics"
scutm001,Scutaro,Marco,R,R,OAK,SS,Marco Scutaro,2006,"A,Oakland,Athletics"
streh001,Street,Huston,R,R,OAK,P,Huston Street,2006,"A,Oakland,Athletics"
swisn001,Swisher,Nick,B,L,OAK,1B,Nick Swisher,2006,"A,Oakland,Athletics"
thomf001,Thomas,Frank,R,R,OAK,DH,Frank Thomas,2006,"A,Oakland,Athletics"
windj001,Windsor,Jason,R,R,OAK,P,Jason Windsor,2006,"A,Oakland,Athletics"
witaj001,Witasick,Jay,R,R,OAK,P,Jay Witasick,2006,"A,Oakland,Athletics"
zitob001,Zito,Barry,L,L,OAK,P,Barry Zito,2006,"A,Oakland,Athletics"
bellr002,Belliard,Ronnie,R,R,SLN,2B,Ronnie Belliard,2006,"N,St. Louis,Cardinals"
benng001,Bennett,Gary,R,R,SLN,C,Gary Bennett,2006,"N,St. Louis,Cardinals"
bigbl001,Bigbie,Larry,L,R,SLN,OF,Larry Bigbie,2006,"N,St. Louis,Cardinals"
carpc002,Carpenter,Chris,R,R,SLN,P,Chris Carpenter,2006,"N,St. Louis,Cardinals"
duncc002,Duncan,Chris,L,R,SLN,OF,Chris Duncan,2006,"N,St. Louis,Cardinals"
ecksd001,Eckstein,David,R,R,SLN,SS,David Eckstein,2006,"N,St. Louis,Cardinals"
edmoj001,Edmonds,Jim,L,L,SLN,OF,Jim Edmonds,2006,"N,St. Louis,Cardinals"
encaj001,Encarnacion,Juan,R,R,SLN,OF,Juan Encarnacion,2006,"N,St. Louis,Cardinals"
falkb001,Falkenborg,Brian,R,R,SLN,P,Brian Falkenborg,2006,"N,St. Louis,Cardinals"
florr001,Flores,Randy,L,L,SLN,P,Randy Flores,2006,"N,St. Louis,Cardinals"
gallj001,Gall,John,R,R,SLN,OF,John Gall,2006,"N,St. Louis,Cardinals"
hancj001,Hancock,Josh,R,R,SLN,P,Josh Hancock,2006,"N,St. Louis,Cardinals"
isrij001,Isringhausen,Jason,R,R,SLN,P,Jason Isringhausen,2006,"N,St. Louis,Cardinals"
johnt002,Johnson,Tyler,B,L,SLN,P,Tyler Johnson,2006,"N,St. Louis,Cardinals"
kinnj001,Kinney,Josh,R,R,SLN,P,Josh Kinney,2006,"N,St. Louis,Cardinals"
loopb001,Looper,Braden,R,R,SLN,P,Braden Looper,2006,"N,St. Louis,Cardinals"
lunah001,Luna,Hector,R,R,SLN,2B,Hector Luna,2006,"N,St. Louis,Cardinals"
marqj001,Marquis,Jason,L,R,SLN,P,Jason Marquis,2006,"N,St. Louis,Cardinals"
milea001,Miles,Aaron,B,R,SLN,2B,Aaron Miles,2006,"N,St. Louis,Cardinals"
moliy001,Molina,Yadier,R,R,SLN,C,Yadier Molina,2006,"N,St. Louis,Cardinals"
muldm001,Mulder,Mark,L,L,SLN,P,Mark Mulder,2006,"N,St. Louis,Cardinals"
narvc001,Narveson,Chris,L,L,SLN,P,Chris Narveson,2006,"N,St. Louis,Cardinals"
nelsj003,Nelson,John,R,R,SLN,1B,John Nelson,2006,"N,St. Louis,Cardinals"
peret004,Perez,Timo,L,L,SLN,OF,Timo Perez,2006,"N,St. Louis,Cardinals"
ponss001,Ponson,Sidney,R,R,SLN,P,Sidney Ponson,2006,"N,St. Louis,Cardinals"
pujoa001,Pujols,Albert,R,R,SLN,1B,Albert Pujols,2006,"N,St. Louis,Cardinals"
reyea002,Reyes,Anthony,R,R,SLN,P,Anthony Reyes,2006,"N,St. Louis,Cardinals"
rincr001,Rincon,Ricardo,L,L,SLN,P,Ricardo Rincon,2006,"N,St. Louis,Cardinals"
rodrj002,Rodriguez,John,L,L,SLN,OF,John Rodriguez,2006,"N,St. Louis,Cardinals"
roles001,Rolen,Scott,R,R,SLN,3B,Scott Rolen,2006,"N,St. Louis,Cardinals"
rosem001,Rose,Mike,B,R,SLN,C,Mike Rose,2006,"N,St. Louis,Cardinals"
schus001,Schumaker,Skip,L,R,SLN,OF,Skip Schumaker,2006,"N,St. Louis,Cardinals"
sosaj002,Sosa,Jorge,R,R,SLN,P,Jorge Sosa,2006,"N,St. Louis,Cardinals"
spies001,Spiezio,Scott,B,R,SLN,3B,Scott Spiezio,2006,"N,St. Louis,Cardinals"
suppj001,Suppan,Jeff,R,R,SLN,P,Jeff Suppan,2006,"N,St. Louis,Cardinals"
tagus001,Taguchi,So,R,R,SLN,OF,So Taguchi,2006,"N,St. Louis,Cardinals"
thomb002,Thompson,Brad,R,R,SLN,P,Brad Thompson,2006,"N,St. Louis,Cardinals"
vizcj001,Vizcaino,Jose,B,R,SLN,SS,Jose Vizcaino,2006,"N,St. Louis,Cardinals"
waina001,Wainwright,Adam,R,R,SLN,P,Adam Wainwright,2006,"N,St. Louis,Cardinals"
weavj002,Weaver,Jeff,R,R,SLN,P,Jeff Weaver,2006,"N,St. Louis,Cardinals"
wilsp002,Wilson,Preston,R,R,SLN,OF,Preston Wilson,2006,"N,St. Louis,Cardinals"
aloms001,Alomar,Sandy,R,R,LAN,C,Sandy Alomar,2006,"N,Los Angeles,Dodgers"
andem003,Anderson,Marlon,L,R,LAN,OF,Marlon Anderson,2006,"N,Los Angeles,Dodgers"
aybaw001,Aybar,Willy,B,R,LAN,3B,Willy Aybar,2006,"N,Los Angeles,Dodgers"
baezd001,Baez,Danys,R,R,LAN,P,Danys Baez,2006,"N,Los Angeles,Dodgers"
beimj001,Beimel,Joe,L,L,LAN,P,Joe Beimel,2006,"N,Los Angeles,Dodgers"
betew001,Betemit,Wilson,B,R,LAN,3B,Wilson Betemit,2006,"N,Los Angeles,Dodgers"
billc001,Billingsley,Chad,R,R,LAN,P,Chad Billingsley,2006,"N,Los Angeles,Dodgers"
brazy001,Brazoban,Yhency,R,R,LAN,P,Yhency Brazoban,2006,"N,Los Angeles,Dodgers"
broxj001,Broxton,Jonathan,R,R,LAN,P,Jonathan Broxton,2006,"N,Los Angeles,Dodgers"
carrg001,Carrara,Giovanni,R,R,LAN,P,Giovanni Carrara,2006,"N,Los Angeles,Dodgers"
cartl002,Carter,Lance,R,R,LAN,P,Lance Carter,2006,"N,Los Angeles,Dodgers"
cruzj004,Cruz,Jose,B,R,LAN,OF,Jose Cruz,2006,"N,Los Angeles,Dodgers"
desse001,Dessens,Elmer,R,R,LAN,P,Elmer Dessens,2006,"N,Los Angeles,Dodgers"
diaze002,Diaz,Einar,R,R,LAN,C,Einar Diaz,2006,"N,Los Angeles,Dodgers"
drewj001,Drew,J.D.,L,R,LAN,OF,J.D. Drew,2006,"N,Los Angeles,Dodgers"
ethia001,Ethier,Andre,L,L,LAN,OF,Andre Ethier,2006,"N,Los Angeles,Dodgers"
furcr001,Furcal,Rafael,B,R,LAN,SS,Rafael Furcal,2006,"N,Los Angeles,Dodgers"
gagne001,Gagne,Eric,R,R,LAN,P,Eric Gagne,2006,"N,Los Angeles,Dodgers"
garcn001,Garciaparra,Nomar,R,R,LAN,1B,Nomar Garciaparra,2006,"N,Los Angeles,Dodgers"
guzmj004,Guzman,Joel,R,R,LAN,3B,Joel Guzman,2006,"N,Los Angeles,Dodgers"
hallt001,Hall,Toby,R,R,LAN,C,Toby Hall,2006,"N,Los Angeles,Dodgers"
hamut001,Hamulack,Tim,R,L,LAN,P,Tim Hamulack,2006,"N,Los Angeles,Dodgers"
hendm001,Hendrickson,Mark,L,L,LAN,P,Mark Hendrickson,2006,"N,Los Angeles,Dodgers"
iztuc001,Izturis,Cesar,B,R,LAN,3B,Cesar Izturis,2006,"N,Los Angeles,Dodgers"
kempm001,Kemp,Matt,R,R,LAN,OF,Matt Kemp,2006,"N,Los Angeles,Dodgers"
kentj001,Kent,Jeff,R,R,LAN,2B,Jeff Kent,2006,"N,Los Angeles,Dodgers"
kuo-h001,Kuo,Hong-Chih,L,L,LAN,P,Hong-Chih Kuo,2006,"N,Los Angeles,Dodgers"
leder001,Ledee,Ricky,L,L,LAN,OF,Ricky Ledee,2006,"N,Los Angeles,Dodgers"
loftk001,Lofton,Kenny,L,L,LAN,OF,Kenny Lofton,2006,"N,Los Angeles,Dodgers"
lonej001,Loney,James,L,L,LAN,1B,James Loney,2006,"N,Los Angeles,Dodgers"
lowed001,Lowe,Derek,R,R,LAN,P,Derek Lowe,2006,"N,Los Angeles,Dodgers"
lugoj001,Lugo,Julio,R,R,LAN,2B,Julio Lugo,2006,"N,Los Angeles,Dodgers"
maddg002,Maddux,Greg,R,R,LAN,P,Greg Maddux,2006,"N,Los Angeles,Dodgers"
martr003,Martinez,Ramon,R,R,LAN,2B,Ramon Martinez,2006,"N,Los Angeles,Dodgers"
martr004,Martin,Russell,R,R,LAN,C,Russell Martin,2006,"N,Los Angeles,Dodgers"
muelb001,Mueller,Bill,B,R,LAN,3B,Bill Mueller,2006,"N,Los Angeles,Dodgers"
navad001,Navarro,Dioner,B,R,LAN,C,Dioner Navarro,2006,"N,Los Angeles,Dodgers"
osorf001,Osoria,Franquelis,R,R,LAN,P,Franquelis Osoria,2006,"N,Los Angeles,Dodgers"
pennb002,Penny,Brad,R,R,LAN,P,Brad Penny,2006,"N,Los Angeles,Dodgers"
pereo001,Perez,Odalis,L,L,LAN,P,Odalis Perez,2006,"N,Los Angeles,Dodgers"
repkj001,Repko,Jason,R,R,LAN,OF,Jason Repko,2006,"N,Los Angeles,Dodgers"
roblo001,Robles,Oscar,L,R,LAN,2B,Oscar Robles,2006,"N,Los Angeles,Dodgers"
rossc001,Ross,Cody,R,L,LAN,OF,Cody Ross,2006,"N,Los Angeles,Dodgers"
saeno001,Saenz,Olmedo,R,R,LAN,1B,Olmedo Saenz,2006,"N,Los Angeles,Dodgers"
saitt001,Saito,Takashi,L,R,LAN,P,Takashi Saito,2006,"N,Los Angeles,Dodgers"
selea001,Sele,Aaron,R,R,LAN,P,Aaron Sele,2006,"N,Los Angeles,Dodgers"
seo-j001,Seo,Jae Weong,R,R,LAN,P,Jae Weong Seo,2006,"N,Los Angeles,Dodgers"
stule002,Stults,Eric,L,L,LAN,P,Eric Stults,2006,"N,Los Angeles,Dodgers"
tomkb001,Tomko,Brett,R,R,LAN,P,Brett Tomko,2006,"N,Los Angeles,Dodgers"
yound004,Young,Delwyn,B,R,LAN,OF,Delwyn Young,2006,"N,Los Angeles,Dodgers"
baekc001,Baek,Cha-Seung,R,R,SEA,P,Cha-Seung Baek,2006,"A,Seattle,Mariners"
belta001,Beltre,Adrian,R,R,SEA,3B,Adrian Beltre,2006,"A,Seattle,Mariners"
betay001,Betancourt,Yuniesky,R,R,SEA,SS,Yuniesky Betancourt,2006,"A,Seattle,Mariners"
bloow001,Bloomquist,Willie,R,R,SEA,OF,Willie Bloomquist,2006,"A,Seattle,Mariners"
bohnt001,Bohn,T.J.,R,R,SEA,OF,T.J. Bohn,2006,"A,Seattle,Mariners"
borcj001,Borchard,Joe,B,R,SEA,OF,Joe Borchard,2006,"A,Seattle,Mariners"
broub001,Broussard,Ben,L,L,SEA,DH,Ben Broussard,2006,"A,Seattle,Mariners"
campj002,Campillo,Jorge,R,R,SEA,P,Jorge Campillo,2006,"A,Seattle,Mariners"
chict001,Chick,Travis,R,R,SEA,P,Travis Chick,2006,"A,Seattle,Mariners"
choos001,Choo,Shin-Soo,L,L,SEA,OF,Shin-Soo Choo,2006,"A,Seattle,Mariners"
crucf001,Cruceta,Francisco,R,R,SEA,P,Francisco Cruceta,2006,"A,Seattle,Mariners"
dobbg001,Dobbs,Greg,L,R,SEA,DH,Greg Dobbs,2006,"A,Seattle,Mariners"
everc001,Everett,Carl,B,R,SEA,DH,Carl Everett,2006,"A,Seattle,Mariners"
feier001,Feierabend,Ryan,L,L,SEA,P,Ryan Feierabend,2006,"A,Seattle,Mariners"
frute001,Fruto,Emiliano,R,R,SEA,P,Emiliano Fruto,2006,"A,Seattle,Mariners"
grees004,Green,Sean,R,R,SEA,P,Sean Green,2006,"A,Seattle,Mariners"
guare001,Guardado,Eddie,R,L,SEA,P,Eddie Guardado,2006,"A,Seattle,Mariners"
harrj001,Harris,Jeff,R,R,SEA,P,Jeff Harris,2006,"A,Seattle,Mariners"
hernf002,Hernandez,Felix,R,R,SEA,P,Felix Hernandez,2006,"A,Seattle,Mariners"
hubej002,Huber,Jon,R,R,SEA,P,Jon Huber,2006,"A,Seattle,Mariners"
ibanr001,Ibanez,Raul,L,R,SEA,OF,Raul Ibanez,2006,"A,Seattle,Mariners"
jimec002,Jimenez,Cesar,L,L,SEA,P,Cesar Jimenez,2006,"A,Seattle,Mariners"
johjk001,Johjima,Kenji,R,R,SEA,C,Kenji Johjima,2006,"A,Seattle,Mariners"
jonea003,Jones,Adam,R,R,SEA,OF,Adam Jones,2006,"A,Seattle,Mariners"
lawtm002,Lawton,Matt,L,R,SEA,OF,Matt Lawton,2006,"A,Seattle,Mariners"
livib001,Livingston,Bobby,L,L,SEA,P,Bobby Livingston,2006,"A,Seattle,Mariners"
lopej003,Lopez,Jose,R,R,SEA,2B,Jose Lopez,2006,"A,Seattle,Mariners"
lowem002,Lowe,Mark,L,R,SEA,P,Mark Lowe,2006,"A,Seattle,Mariners"
matej001,Mateo,Julio,R,R,SEA,P,Julio Mateo,2006,"A,Seattle,Mariners"
mechg001,Meche,Gil,R,R,SEA,P,Gil Meche,2006,"A,Seattle,Mariners"
morsm001,Morse,Michael,R,R,SEA,OF,Michael Morse,2006,"A,Seattle,Mariners"
moyej001,Moyer,Jamie,L,L,SEA,P,Jamie Moyer,2006,"A,Seattle,Mariners"
nagec001,Nageotte,Clint,R,R,SEA,P,Clint Nageotte,2006,"A,Seattle,Mariners"
navao001,Navarro,Oswaldo,R,R,SEA,SS,Oswaldo Navarro,2006,"A,Seattle,Mariners"
oflae001,O'Flaherty,Eric,L,L,SEA,P,Eric O'Flaherty,2006,"A,Seattle,Mariners"
peree001,Perez,Eduardo,R,R,SEA,DH,Eduardo Perez,2006,"A,Seattle,Mariners"
petar001,Petagine,Roberto,L,L,SEA,1B,Roberto Petagine,2006,"A,Seattle,Mariners"
pinej001,Pineiro,Joel,R,R,SEA,P,Joel Pineiro,2006,"A,Seattle,Mariners"
putzj001,Putz,J.J.,R,R,SEA,P,J.J. Putz,2006,"A,Seattle,Mariners"
quirg001,Quiroz,Guillermo,R,R,SEA,C,Guillermo Quiroz,2006,"A,Seattle,Mariners"
reedj004,Reed,Jeremy,L,L,SEA,OF,Jeremy Reed,2006,"A,Seattle,Mariners"
river003,Rivera,Rene,R,R,SEA,C,Rene Rivera,2006,"A,Seattle,Mariners"
sexsr001,Sexson,Richie,R,R,SEA,1B,Richie Sexson,2006,"A,Seattle,Mariners"
sherg001,Sherrill,George,L,L,SEA,P,George Sherrill,2006,"A,Seattle,Mariners"
snelc001,Snelling,Chris,L,L,SEA,OF,Chris Snelling,2006,"A,Seattle,Mariners"
sorir001,Soriano,Rafael,R,R,SEA,P,Rafael Soriano,2006,"A,Seattle,Mariners"
suzui001,Suzuki,Ichiro,L,R,SEA,OF,Ichiro Suzuki,2006,"A,Seattle,Mariners"
washj001,Washburn,Jarrod,L,L,SEA,P,Jarrod Washburn,2006,"A,Seattle,Mariners"
woodj002,Woods,Jake,L,L,SEA,P,Jake Woods,2006,"A,Seattle,Mariners"
accaj001,Accardo,Jeremy,R,R,SFN,P,Jeremy Accardo,2006,"N,San Francisco,Giants"
alfoe002,Alfonzo,Eliezer,R,R,SFN,C,Eliezer Alfonzo,2006,"N,San Francisco,Giants"
aloum001,Alou,Moises,R,R,SFN,OF,Moises Alou,2006,"N,San Francisco,Giants"
benia001,Benitez,Armando,R,R,SFN,P,Armando Benitez,2006,"N,San Francisco,Giants"
bondb001,Bonds,Barry,L,L,SFN,OF,Barry Bonds,2006,"N,San Francisco,Giants"
cainm001,Cain,Matt,R,R,SFN,P,Matt Cain,2006,"N,San Francisco,Giants"
chulv001,Chulk,Vinnie,R,R,SFN,P,Vinnie Chulk,2006,"N,San Francisco,Giants"
corrk001,Correia,Kevin,R,R,SFN,P,Kevin Correia,2006,"N,San Francisco,Giants"
delat001,de la Rosa,Tomas,R,R,SFN,SS,Tomas de la Rosa,2006,"N,San Francisco,Giants"
durhr001,Durham,Ray,B,R,SFN,2B,Ray Durham,2006,"N,San Francisco,Giants"
ellij001,Ellison,Jason,R,R,SFN,OF,Jason Ellison,2006,"N,San Francisco,Giants"
fassj001,Fassero,Jeff,L,L,SFN,P,Jeff Fassero,2006,"N,San Francisco,Giants"
felip001,Feliz,Pedro,R,R,SFN,3B,Pedro Feliz,2006,"N,San Francisco,Giants"
finls001,Finley,Steve,L,L,SFN,OF,Steve Finley,2006,"N,San Francisco,Giants"
frank001,Frandsen,Kevin,R,R,SFN,2B,Kevin Frandsen,2006,"N,San Francisco,Giants"
greet003,Greene,Todd,R,R,SFN,C,Todd Greene,2006,"N,San Francisco,Giants"
hennb001,Hennessey,Brad,R,R,SFN,P,Brad Hennessey,2006,"N,San Francisco,Giants"
hills002,Hillenbrand,Shea,R,R,SFN,1B,Shea Hillenbrand,2006,"N,San Francisco,Giants"
ishit001,Ishikawa,Travis,L,L,SFN,1B,Travis Ishikawa,2006,"N,San Francisco,Giants"
klins002,Kline,Steve,R,L,SFN,P,Steve Kline,2006,"N,San Francisco,Giants"
knoej001,Knoedler,Justin,R,R,SFN,C,Justin Knoedler,2006,"N,San Francisco,Giants"
lewif001,Lewis,Fred,L,R,SFN,OF,Fred Lewis,2006,"N,San Francisco,Giants"
lindt001,Linden,Todd,B,R,SFN,OF,Todd Linden,2006,"N,San Francisco,Giants"
lowrn001,Lowry,Noah,R,L,SFN,P,Noah Lowry,2006,"N,San Francisco,Giants"
mathm001,Matheny,Mike,R,R,SFN,C,Mike Matheny,2006,"N,San Francisco,Giants"
miscp001,Misch,Pat,R,L,SFN,P,Pat Misch,2006,"N,San Francisco,Giants"
morrm001,Morris,Matt,R,R,SFN,P,Matt Morris,2006,"N,San Francisco,Giants"
munts001,Munter,Scott,R,R,SFN,P,Scott Munter,2006,"N,San Francisco,Giants"
niekl001,Niekro,Lance,R,R,SFN,1B,Lance Niekro,2006,"N,San Francisco,Giants"
ortmd001,Ortmeier,Daniel,B,L,SFN,OF,Daniel Ortmeier,2006,"N,San Francisco,Giants"
sadlb001,Sadler,Billy,R,R,SFN,P,Billy Sadler,2006,"N,San Francisco,Giants"
sancj002,Sanchez,Jonathan,L,L,SFN,P,Jonathan Sanchez,2006,"N,San Francisco,Giants"
santc001,Santos,Chad,L,L,SFN,1B,Chad Santos,2006,"N,San Francisco,Giants"
schmj001,Schmidt,Jason,R,R,SFN,P,Jason Schmidt,2006,"N,San Francisco,Giants"
stanm003,Stanton,Mike,L,L,SFN,P,Mike Stanton,2006,"N,San Francisco,Giants"
sweem001,Sweeney,Mark,L,L,SFN,1B,Mark Sweeney,2006,"N,San Francisco,Giants"
tascj001,Taschner,Jack,L,L,SFN,P,Jack Taschner,2006,"N,San Francisco,Giants"
vizcj001,Vizcaino,Jose,B,R,SFN,SS,Jose Vizcaino,2006,"N,San Francisco,Giants"
vizqo001,Vizquel,Omar,B,R,SFN,SS,Omar Vizquel,2006,"N,San Francisco,Giants"
walkt003,Walker,Tyler,R,R,SFN,P,Tyler Walker,2006,"N,San Francisco,Giants"
wilsb001,Wilson,Brian,R,R,SFN,P,Brian Wilson,2006,"N,San Francisco,Giants"
winnr001,Winn,Randy,B,R,SFN,OF,Randy Winn,2006,"N,San Francisco,Giants"
worrt002,Worrell,Tim,R,R,SFN,P,Tim Worrell,2006,"N,San Francisco,Giants"
wrigj001,Wright,Jamey,R,R,SFN,P,Jamey Wright,2006,"N,San Francisco,Giants"
baldr001,Baldelli,Rocco,R,R,TBA,OF,Rocco Baldelli,2006,"A,Tampa Bay,Devil Rays"
branr001,Branyan,Russell,L,R,TBA,OF,Russell Branyan,2006,"A,Tampa Bay,Devil Rays"
burrs001,Burroughs,Sean,L,R,TBA,3B,Sean Burroughs,2006,"A,Tampa Bay,Devil Rays"
camps002,Camp,Shawn,R,R,TBA,P,Shawn Camp,2006,"A,Tampa Bay,Devil Rays"
cantj001,Cantu,Jorge,R,R,TBA,2B,Jorge Cantu,2006,"A,Tampa Bay,Devil Rays"
chilj001,Childers,Jason,R,R,TBA,P,Jason Childers,2006,"A,Tampa Bay,Devil Rays"
coloj001,Colome,Jesus,R,R,TBA,P,Jesus Colome,2006,"A,Tampa Bay,Devil Rays"
corct002,Corcoran,Tim,R,R,TBA,P,Tim Corcoran,2006,"A,Tampa Bay,Devil Rays"
crawc002,Crawford,Carl,L,L,TBA,OF,Carl Crawford,2006,"A,Tampa Bay,Devil Rays"
dunns002,Dunn,Scott,R,R,TBA,P,Scott Dunn,2006,"A,Tampa Bay,Devil Rays"
fossc001,Fossum,Casey,L,L,TBA,P,Casey Fossum,2006,"A,Tampa Bay,Devil Rays"
gathj001,Gathright,Joey,L,R,TBA,OF,Joey Gathright,2006,"A,Tampa Bay,Devil Rays"
gomej001,Gomes,Jonny,R,R,TBA,DH,Jonny Gomes,2006,"A,Tampa Bay,Devil Rays"
green001,Green,Nick,R,R,TBA,SS,Nick Green,2006,"A,Tampa Bay,Devil Rays"
hallt001,Hall,Toby,R,R,TBA,C,Toby Hall,2006,"A,Tampa Bay,Devil Rays"
hammj002,Hammel,Jason,R,R,TBA,P,Jason Hammel,2006,"A,Tampa Bay,Devil Rays"
harpt002,Harper,Travis,L,R,TBA,P,Travis Harper,2006,"A,Tampa Bay,Devil Rays"
harvc001,Harville,Chad,R,R,TBA,P,Chad Harville,2006,"A,Tampa Bay,Devil Rays"
hendm001,Hendrickson,Mark,L,L,TBA,P,Mark Hendrickson,2006,"A,Tampa Bay,Devil Rays"
holld002,Hollins,Damon,R,L,TBA,OF,Damon Hollins,2006,"A,Tampa Bay,Devil Rays"
howej003,Howell,J.P.,L,L,TBA,P,J.P. Howell,2006,"A,Tampa Bay,Devil Rays"
huffa001,Huff,Aubrey,L,R,TBA,3B,Aubrey Huff,2006,"A,Tampa Bay,Devil Rays"
jacke001,Jackson,Edwin,R,R,TBA,P,Edwin Jackson,2006,"A,Tampa Bay,Devil Rays"
kazms001,Kazmir,Scott,L,L,TBA,P,Scott Kazmir,2006,"A,Tampa Bay,Devil Rays"
lee-t002,Lee,Travis,L,L,TBA,1B,Travis Lee,2006,"A,Tampa Bay,Devil Rays"
lugoj001,Lugo,Julio,R,R,TBA,SS,Julio Lugo,2006,"A,Tampa Bay,Devil Rays"
lugor002,Lugo,Ruddy,R,R,TBA,P,Ruddy Lugo,2006,"A,Tampa Bay,Devil Rays"
mccls002,McClung,Seth,L,R,TBA,P,Seth McClung,2006,"A,Tampa Bay,Devil Rays"
meadb001,Meadows,Brian,R,R,TBA,P,Brian Meadows,2006,"A,Tampa Bay,Devil Rays"
miced001,Miceli,Dan,R,R,TBA,P,Dan Miceli,2006,"A,Tampa Bay,Devil Rays"
navad001,Navarro,Dioner,B,R,TBA,C,Dioner Navarro,2006,"A,Tampa Bay,Devil Rays"
nortg001,Norton,Greg,B,R,TBA,DH,Greg Norton,2006,"A,Tampa Bay,Devil Rays"
ordal001,Ordaz,Luis,R,R,TBA,SS,Luis Ordaz,2006,"A,Tampa Bay,Devil Rays"
orvec001,Orvella,Chad,R,R,TBA,P,Chad Orvella,2006,"A,Tampa Bay,Devil Rays"
paulj001,Paul,Josh,R,R,TBA,C,Josh Paul,2006,"A,Tampa Bay,Devil Rays"
peret003,Perez,Tomas,B,R,TBA,3B,Tomas Perez,2006,"A,Tampa Bay,Devil Rays"
riggs001,Riggans,Shawn,R,R,TBA,C,Shawn Riggans,2006,"A,Tampa Bay,Devil Rays"
salaj001,Salas,Juan,R,R,TBA,P,Juan Salas,2006,"A,Tampa Bay,Devil Rays"
seo-j001,Seo,Jae Weong,R,R,TBA,P,Jae Weong Seo,2006,"A,Tampa Bay,Devil Rays"
shiej002,Shields,James,R,R,TBA,P,James Shields,2006,"A,Tampa Bay,Devil Rays"
stokb001,Stokes,Brian,R,R,TBA,P,Brian Stokes,2006,"A,Tampa Bay,Devil Rays"
switj001,Switzer,Jon,L,L,TBA,P,Jon Switzer,2006,"A,Tampa Bay,Devil Rays"
uptob001,Upton,Melvin,R,R,TBA,3B,Melvin Upton,2006,"A,Tampa Bay,Devil Rays"
waecd001,Waechter,Doug,R,R,TBA,P,Doug Waechter,2006,"A,Tampa Bay,Devil Rays"
walkt003,Walker,Tyler,R,R,TBA,P,Tyler Walker,2006,"A,Tampa Bay,Devil Rays"
wiggt001,Wigginton,Ty,R,R,TBA,1B,Ty Wigginton,2006,"A,Tampa Bay,Devil Rays"
wittk001,Witt,Kevin,L,R,TBA,DH,Kevin Witt,2006,"A,Tampa Bay,Devil Rays"
yound003,Young,Delmon,R,R,TBA,OF,Delmon Young,2006,"A,Tampa Bay,Devil Rays"
zobrb001,Zobrist,Ben,B,R,TBA,SS,Ben Zobrist,2006,"A,Tampa Bay,Devil Rays"
alfoe001,Alfonzo,Edgardo,R,R,ANA,3B,Edgardo Alfonzo,2006,"A,Anaheim,Angels"
andeg001,Anderson,Garret,L,L,ANA,OF,Garret Anderson,2006,"A,Anaheim,Angels"
aybae001,Aybar,Erick,B,R,ANA,SS,Erick Aybar,2006,"A,Anaheim,Angels"
bootc001,Bootcheck,Chris,R,R,ANA,P,Chris Bootcheck,2006,"A,Anaheim,Angels"
bulgj001,Bulger,Jason,R,R,ANA,P,Jason Bulger,2006,"A,Anaheim,Angels"
cabro001,Cabrera,Orlando,R,R,ANA,SS,Orlando Cabrera,2006,"A,Anaheim,Angels"
carrh001,Carrasco,Hector,R,R,ANA,P,Hector Carrasco,2006,"A,Anaheim,Angels"
colob001,Colon,Bartolo,R,R,ANA,P,Bartolo Colon,2006,"A,Anaheim,Angels"
donnb001,Donnelly,Brendan,R,R,ANA,P,Brendan Donnelly,2006,"A,Anaheim,Angels"
erstd001,Erstad,Darin,L,L,ANA,OF,Darin Erstad,2006,"A,Anaheim,Angels"
escok001,Escobar,Kelvim,R,R,ANA,P,Kelvim Escobar,2006,"A,Anaheim,Angels"
figgc001,Figgins,Chone,B,R,ANA,OF,Chone Figgins,2006,"A,Anaheim,Angels"
gregk001,Gregg,Kevin,R,R,ANA,P,Kevin Gregg,2006,"A,Anaheim,Angels"
guerv001,Guerrero,Vladimir,R,R,ANA,OF,Vladimir Guerrero,2006,"A,Anaheim,Angels"
iztum001,Izturis,Maicer,B,R,ANA,3B,Maicer Izturis,2006,"A,Anaheim,Angels"
joneg001,Jones,Greg,R,R,ANA,P,Greg Jones,2006,"A,Anaheim,Angels"
kendh001,Kendrick,Howie,R,R,ANA,1B,Howie Kendrick,2006,"A,Anaheim,Angels"
kenna001,Kennedy,Adam,L,R,ANA,2B,Adam Kennedy,2006,"A,Anaheim,Angels"
kotcc001,Kotchman,Casey,L,L,ANA,1B,Casey Kotchman,2006,"A,Anaheim,Angels"
lackj001,Lackey,John,R,R,ANA,P,John Lackey,2006,"A,Anaheim,Angels"
mathj001,Mathis,Jeff,R,R,ANA,C,Jeff Mathis,2006,"A,Anaheim,Angels"
mcphd001,McPherson,Dallas,L,R,ANA,3B,Dallas McPherson,2006,"A,Anaheim,Angels"
molij001,Molina,Jose,R,R,ANA,C,Jose Molina,2006,"A,Anaheim,Angels"
morak001,Morales,Kendrys,B,R,ANA,1B,Kendrys Morales,2006,"A,Anaheim,Angels"
mosed001,Moseley,Dustin,R,R,ANA,P,Dustin Moseley,2006,"A,Anaheim,Angels"
murpt001,Murphy,Tommy,B,R,ANA,OF,Tommy Murphy,2006,"A,Anaheim,Angels"
napom001,Napoli,Mike,R,R,ANA,C,Mike Napoli,2006,"A,Anaheim,Angels"
pridc001,Pride,Curtis,L,R,ANA,OF,Curtis Pride,2006,"A,Anaheim,Angels"
quinr002,Quinlan,Robb,R,R,ANA,1B,Robb Quinlan,2006,"A,Anaheim,Angels"
rivej001,Rivera,Juan,R,R,ANA,OF,Juan Rivera,2006,"A,Anaheim,Angels"
rodrf003,Rodriguez,Francisco,R,R,ANA,P,Francisco Rodriguez,2006,"A,Anaheim,Angels"
romej001,Romero,J.C.,B,L,ANA,P,J.C. Romero,2006,"A,Anaheim,Angels"
salmt001,Salmon,Tim,R,R,ANA,DH,Tim Salmon,2006,"A,Anaheim,Angels"
sante001,Santana,Ervin,R,R,ANA,P,Ervin Santana,2006,"A,Anaheim,Angels"
saunj001,Saunders,Joe,L,L,ANA,P,Joe Saunders,2006,"A,Anaheim,Angels"
shies002,Shields,Scot,R,R,ANA,P,Scot Shields,2006,"A,Anaheim,Angels"
weavj002,Weaver,Jeff,R,R,ANA,P,Jeff Weaver,2006,"A,Anaheim,Angels"
weavj003,Weaver,Jered,R,R,ANA,P,Jered Weaver,2006,"A,Anaheim,Angels"
willr004,Willits,Reggie,B,R,ANA,OF,Reggie Willits,2006,"A,Anaheim,Angels"
yan-e001,Yan,Esteban,R,R,ANA,P,Esteban Yan,2006,"A,Anaheim,Angels"
abreb001,Abreu,Bobby,L,R,NYA,OF,Bobby Abreu,2006,"A,New York,Yankees"
beamt002,Beam,T.J.,R,R,NYA,P,T.J. Beam,2006,"A,New York,Yankees"
beanc001,Bean,Colter,R,R,NYA,P,Colter Bean,2006,"A,New York,Yankees"
brunb001,Bruney,Brian,R,R,NYA,P,Brian Bruney,2006,"A,New York,Yankees"
cabrm002,Cabrera,Melky,B,L,NYA,OF,Melky Cabrera,2006,"A,New York,Yankees"
cairm001,Cairo,Miguel,R,R,NYA,2B,Miguel Cairo,2006,"A,New York,Yankees"
canna001,Cannizaro,Andy,R,R,NYA,SS,Andy Cannizaro,2006,"A,New York,Yankees"
canor001,Cano,Robinson,L,R,NYA,2B,Robinson Cano,2006,"A,New York,Yankees"
chacs001,Chacon,Shawn,R,R,NYA,P,Shawn Chacon,2006,"A,New York,Yankees"
crosb001,Crosby,Bubba,L,L,NYA,OF,Bubba Crosby,2006,"A,New York,Yankees"
damoj001,Damon,Johnny,L,L,NYA,OF,Johnny Damon,2006,"A,New York,Yankees"
doteo001,Dotel,Octavio,R,R,NYA,P,Octavio Dotel,2006,"A,New York,Yankees"
erics001,Erickson,Scott,R,R,NYA,P,Scott Erickson,2006,"A,New York,Yankees"
farnk001,Farnsworth,Kyle,R,R,NYA,P,Kyle Farnsworth,2006,"A,New York,Yankees"
fasas001,Fasano,Sal,R,R,NYA,C,Sal Fasano,2006,"A,New York,Yankees"
giamj001,Giambi,Jason,L,R,NYA,DH,Jason Giambi,2006,"A,New York,Yankees"
green001,Green,Nick,R,R,NYA,2B,Nick Green,2006,"A,New York,Yankees"
guiea001,Guiel,Aaron,L,R,NYA,OF,Aaron Guiel,2006,"A,New York,Yankees"
henns001,Henn,Sean,R,L,NYA,P,Sean Henn,2006,"A,New York,Yankees"
jeted001,Jeter,Derek,R,R,NYA,SS,Derek Jeter,2006,"A,New York,Yankees"
johnr005,Johnson,Randy,R,L,NYA,P,Randy Johnson,2006,"A,New York,Yankees"
karsj001,Karstens,Jeff,R,R,NYA,P,Jeff Karstens,2006,"A,New York,Yankees"
lidlc001,Lidle,Cory,R,R,NYA,P,Cory Lidle,2006,"A,New York,Yankees"
longt002,Long,Terrence,L,L,NYA,OF,Terrence Long,2006,"A,New York,Yankees"
matsh001,Matsui,Hideki,L,R,NYA,OF,Hideki Matsui,2006,"A,New York,Yankees"
mussm001,Mussina,Mike,L,R,NYA,P,Mike Mussina,2006,"A,New York,Yankees"
myerm001,Myers,Mike,L,L,NYA,P,Mike Myers,2006,"A,New York,Yankees"
nievw001,Nieves,Wil,R,R,NYA,C,Wil Nieves,2006,"A,New York,Yankees"
phila001,Phillips,Andy,R,R,NYA,1B,Andy Phillips,2006,"A,New York,Yankees"
ponss001,Ponson,Sidney,R,R,NYA,P,Sidney Ponson,2006,"A,New York,Yankees"
posaj001,Posada,Jorge,B,R,NYA,C,Jorge Posada,2006,"A,New York,Yankees"
procs001,Proctor,Scott,R,R,NYA,P,Scott Proctor,2006,"A,New York,Yankees"
rasnd001,Rasner,Darrell,R,R,NYA,P,Darrell Rasner,2006,"A,New York,Yankees"
reesk001,Reese,Kevin,L,L,NYA,OF,Kevin Reese,2006,"A,New York,Yankees"
rivem002,Rivera,Mariano,R,R,NYA,P,Mariano Rivera,2006,"A,New York,Yankees"
rodra001,Rodriguez,Alex,R,R,NYA,3B,Alex Rodriguez,2006,"A,New York,Yankees"
shefg001,Sheffield,Gary,R,R,NYA,OF,Gary Sheffield,2006,"A,New York,Yankees"
smala001,Small,Aaron,R,R,NYA,P,Aaron Small,2006,"A,New York,Yankees"
smitm006,Smith,Matt,L,L,NYA,P,Matt Smith,2006,"A,New York,Yankees"
stink001,Stinnett,Kelly,R,R,NYA,C,Kelly Stinnett,2006,"A,New York,Yankees"
sturt001,Sturtze,Tanyon,R,R,NYA,P,Tanyon Sturtze,2006,"A,New York,Yankees"
thomk001,Thompson,Kevin,R,R,NYA,OF,Kevin Thompson,2006,"A,New York,Yankees"
veraj001,Veras,Jose,R,R,NYA,P,Jose Veras,2006,"A,New York,Yankees"
villr001,Villone,Ron,L,L,NYA,P,Ron Villone,2006,"A,New York,Yankees"
wangc001,Wang,Chien-Ming,R,R,NYA,P,Chien-Ming Wang,2006,"A,New York,Yankees"
willb002,Williams,Bernie,B,R,NYA,OF,Bernie Williams,2006,"A,New York,Yankees"
wilsc003,Wilson,Craig,R,R,NYA,1B,Craig Wilson,2006,"A,New York,Yankees"
wilsk001,Wilson,Kris,R,R,NYA,P,Kris Wilson,2006,"A,New York,Yankees"
wrigj002,Wright,Jaret,R,R,NYA,P,Jaret Wright,2006,"A,New York,Yankees"
affej001,Affeldt,Jeremy,L,L,KCA,P,Jeremy Affeldt,2006,"A,Kansas City,Royals"
andrs002,Andrade,Steve,R,R,KCA,P,Steve Andrade,2006,"A,Kansas City,Royals"
bakop001,Bako,Paul,L,R,KCA,C,Paul Bako,2006,"A,Kansas City,Royals"
bautd002,Bautista,Denny,R,R,KCA,P,Denny Bautista,2006,"A,Kansas City,Royals"
berna001,Bernero,Adam,R,R,KCA,P,Adam Bernero,2006,"A,Kansas City,Royals"
berra001,Berroa,Angel,R,R,KCA,SS,Angel Berroa,2006,"A,Kansas City,Royals"
blana001,Blanco,Andres,B,R,KCA,SS,Andres Blanco,2006,"A,Kansas City,Royals"
bookc001,Booker,Chris,R,R,KCA,P,Chris Booker,2006,"A,Kansas City,Royals"
braur001,Braun,Ryan,R,R,KCA,P,Ryan Braun,2006,"A,Kansas City,Royals"
browe001,Brown,Emil,R,R,KCA,OF,Emil Brown,2006,"A,Kansas City,Royals"
buckj001,Buck,John,R,R,KCA,C,John Buck,2006,"A,Kansas City,Royals"
burga001,Burgos,Ambiorix,R,R,KCA,P,Ambiorix Burgos,2006,"A,Kansas City,Royals"
costs001,Costa,Shane,L,R,KCA,OF,Shane Costa,2006,"A,Kansas City,Royals"
dejed001,DeJesus,David,L,L,KCA,OF,David DeJesus,2006,"A,Kansas City,Royals"
delaj001,de la Rosa,Jorge,L,L,KCA,P,Jorge de la Rosa,2006,"A,Kansas City,Royals"
desse001,Dessens,Elmer,R,R,KCA,P,Elmer Dessens,2006,"A,Kansas City,Royals"
diazj002,Diaz,Jose,R,R,KCA,P,Jose Diaz,2006,"A,Kansas City,Royals"
dohms001,Dohmann,Scott,R,R,KCA,P,Scott Dohmann,2006,"A,Kansas City,Royals"
duckb001,Duckworth,Brandon,R,R,KCA,P,Brandon Duckworth,2006,"A,Kansas City,Royals"
elars001,Elarton,Scott,R,R,KCA,P,Scott Elarton,2006,"A,Kansas City,Royals"
ethes001,Etherton,Seth,R,R,KCA,P,Seth Etherton,2006,"A,Kansas City,Royals"
gathj001,Gathright,Joey,L,R,KCA,OF,Joey Gathright,2006,"A,Kansas City,Royals"
germe001,German,Esteban,R,R,KCA,2B,Esteban German,2006,"A,Kansas City,Royals"
gobbj001,Gobble,Jimmy,L,L,KCA,P,Jimmy Gobble,2006,"A,Kansas City,Royals"
graft001,Graffanino,Tony,R,R,KCA,3B,Tony Graffanino,2006,"A,Kansas City,Royals"
greiz001,Greinke,Zack,R,R,KCA,P,Zack Greinke,2006,"A,Kansas City,Royals"
grudm001,Grudzielanek,Mark,R,R,KCA,2B,Mark Grudzielanek,2006,"A,Kansas City,Royals"
guiea001,Guiel,Aaron,L,R,KCA,OF,Aaron Guiel,2006,"A,Kansas City,Royals"
hernr003,Hernandez,Runelvys,R,R,KCA,P,Runelvys Hernandez,2006,"A,Kansas City,Royals"
hubej001,Huber,Justin,R,R,KCA,DH,Justin Huber,2006,"A,Kansas City,Royals"
hudsl001,Hudson,Luke,R,R,KCA,P,Luke Hudson,2006,"A,Kansas City,Royals"
keppb001,Keppel,Bobby,R,R,KCA,P,Bobby Keppel,2006,"A,Kansas City,Royals"
keppj001,Keppinger,Jeff,R,R,KCA,3B,Jeff Keppinger,2006,"A,Kansas City,Royals"
macdm001,MacDougal,Mike,B,R,KCA,P,Mike MacDougal,2006,"A,Kansas City,Royals"
maiem001,Maier,Mitch,L,R,KCA,OF,Mitch Maier,2006,"A,Kansas City,Royals"
maysj001,Mays,Joe,B,R,KCA,P,Joe Mays,2006,"A,Kansas City,Royals"
miend001,Mientkiewicz,Doug,L,R,KCA,1B,Doug Mientkiewicz,2006,"A,Kansas City,Royals"
nelsj002,Nelson,Joe,R,R,KCA,P,Joe Nelson,2006,"A,Kansas City,Royals"
nunel001,Nunez,Leo,R,R,KCA,P,Leo Nunez,2006,"A,Kansas City,Royals"
peraj002,Peralta,Joel,R,R,KCA,P,Joel Peralta,2006,"A,Kansas City,Royals"
pereo001,Perez,Odalis,L,L,KCA,P,Odalis Perez,2006,"A,Kansas City,Royals"
philp001,Phillips,Paul,R,R,KCA,C,Paul Phillips,2006,"A,Kansas City,Royals"
redmm002,Redman,Mark,L,L,KCA,P,Mark Redman,2006,"A,Kansas City,Royals"
robik002,Robinson,Kerry,L,L,KCA,OF,Kerry Robinson,2006,"A,Kansas City,Royals"
sanca005,Sanchez,Angel,R,R,KCA,2B,Angel Sanchez,2006,"A,Kansas City,Royals"
sandr002,Sanders,Reggie,R,R,KCA,OF,Reggie Sanders,2006,"A,Kansas City,Royals"
shear001,Shealy,Ryan,R,R,KCA,1B,Ryan Shealy,2006,"A,Kansas City,Royals"
sisca001,Sisco,Andy,L,L,KCA,P,Andy Sisco,2006,"A,Kansas City,Royals"
snydk001,Snyder,Kyle,B,R,KCA,P,Kyle Snyder,2006,"A,Kansas City,Royals"
staim001,Stairs,Matt,L,R,KCA,DH,Matt Stairs,2006,"A,Kansas City,Royals"
stems001,Stemle,Steve,R,R,KCA,P,Steve Stemle,2006,"A,Kansas City,Royals"
sweem002,Sweeney,Mike,R,R,KCA,DH,Mike Sweeney,2006,"A,Kansas City,Royals"
teahm001,Teahen,Mark,L,R,KCA,3B,Mark Teahen,2006,"A,Kansas City,Royals"
wellt002,Wellemeyer,Todd,R,R,KCA,P,Todd Wellemeyer,2006,"A,Kansas City,Royals"
woodm002,Wood,Mike,R,R,KCA,P,Mike Wood,2006,"A,Kansas City,Royals"
aybaw001,Aybar,Willy,B,R,ATL,3B,Willy Aybar,2006,"N,Atlanta,Braves"
baezd001,Baez,Danys,R,R,ATL,P,Danys Baez,2006,"N,Atlanta,Braves"
barrk001,Barry,Kevin,R,R,ATL,P,Kevin Barry,2006,"N,Atlanta,Braves"
betew001,Betemit,Wilson,B,R,ATL,3B,Wilson Betemit,2006,"N,Atlanta,Braves"
boyeb001,Boyer,Blaine,R,R,ATL,P,Blaine Boyer,2006,"N,Atlanta,Braves"
corml001,Cormier,Lance,R,R,ATL,P,Lance Cormier,2006,"N,Atlanta,Braves"
davik002,Davies,Kyle,R,R,ATL,P,Kyle Davies,2006,"N,Atlanta,Braves"
devij001,Devine,Joey,R,R,ATL,P,Joey Devine,2006,"N,Atlanta,Braves"
diazm003,Diaz,Matt,R,R,ATL,OF,Matt Diaz,2006,"N,Atlanta,Braves"
franj004,Francoeur,Jeff,R,R,ATL,OF,Jeff Francoeur,2006,"N,Atlanta,Braves"
franw001,Franklin,Wayne,L,L,ATL,P,Wayne Franklin,2006,"N,Atlanta,Braves"
gilem001,Giles,Marcus,R,R,ATL,2B,Marcus Giles,2006,"N,Atlanta,Braves"
hudst001,Hudson,Tim,R,R,ATL,P,Tim Hudson,2006,"N,Atlanta,Braves"
jamec002,James,Chuck,L,L,ATL,P,Chuck James,2006,"N,Atlanta,Braves"
jonea002,Jones,Andruw,R,R,ATL,OF,Andruw Jones,2006,"N,Atlanta,Braves"
jonec004,Jones,Chipper,B,R,ATL,3B,Chipper Jones,2006,"N,Atlanta,Braves"
jordb001,Jordan,Brian,R,R,ATL,1B,Brian Jordan,2006,"N,Atlanta,Braves"
langr002,Langerhans,Ryan,L,L,ATL,OF,Ryan Langerhans,2006,"N,Atlanta,Braves"
laroa001,LaRoche,Adam,L,L,ATL,1B,Adam LaRoche,2006,"N,Atlanta,Braves"
lerea001,Lerew,Anthony,L,R,ATL,P,Anthony Lerew,2006,"N,Atlanta,Braves"
mcbrm001,McBride,Macay,L,L,ATL,P,Macay McBride,2006,"N,Atlanta,Braves"
mccab002,McCann,Brian,L,R,ATL,C,Brian McCann,2006,"N,Atlanta,Braves"
moylp001,Moylan,Peter,R,R,ATL,P,Peter Moylan,2006,"N,Atlanta,Braves"
orr-p001,Orr,Pete,L,R,ATL,2B,Pete Orr,2006,"N,Atlanta,Braves"
paroc001,Paronto,Chad,R,R,ATL,P,Chad Paronto,2006,"N,Atlanta,Braves"
penab002,Pena,Brayan,B,R,ATL,C,Brayan Pena,2006,"N,Atlanta,Braves"
penat002,Pena,Tony,R,R,ATL,SS,Tony Pena,2006,"N,Atlanta,Braves"
pradm001,Prado,Martin,R,R,ATL,2B,Martin Prado,2006,"N,Atlanta,Braves"
pratt001,Pratt,Todd,R,R,ATL,C,Todd Pratt,2006,"N,Atlanta,Braves"
ramih002,Ramirez,Horacio,L,L,ATL,P,Horacio Ramirez,2006,"N,Atlanta,Braves"
ray-k001,Ray,Ken,R,R,ATL,P,Ken Ray,2006,"N,Atlanta,Braves"
reitc001,Reitsma,Chris,R,R,ATL,P,Chris Reitsma,2006,"N,Atlanta,Braves"
remlm001,Remlinger,Mike,L,L,ATL,P,Mike Remlinger,2006,"N,Atlanta,Braves"
rente001,Renteria,Edgar,R,R,ATL,SS,Edgar Renteria,2006,"N,Atlanta,Braves"
shiej001,Shiell,Jason,R,R,ATL,P,Jason Shiell,2006,"N,Atlanta,Braves"
smitt001,Smith,Travis,R,R,ATL,P,Travis Smith,2006,"N,Atlanta,Braves"
smolj001,Smoltz,John,R,R,ATL,P,John Smoltz,2006,"N,Atlanta,Braves"
sosaj002,Sosa,Jorge,R,R,ATL,P,Jorge Sosa,2006,"N,Atlanta,Braves"
stocp001,Stockman,Phil,R,R,ATL,P,Phil Stockman,2006,"N,Atlanta,Braves"
thomj005,Thomson,John,R,R,ATL,P,John Thomson,2006,"N,Atlanta,Braves"
thors001,Thorman,Scott,L,R,ATL,OF,Scott Thorman,2006,"N,Atlanta,Braves"
villo001,Villarreal,Oscar,L,R,ATL,P,Oscar Villarreal,2006,"N,Atlanta,Braves"
wardd002,Ward,Daryle,L,L,ATL,1B,Daryle Ward,2006,"N,Atlanta,Braves"
wickb001,Wickman,Bob,R,R,ATL,P,Bob Wickman,2006,"N,Atlanta,Braves"
yatet001,Yates,Tyler,R,R,ATL,P,Tyler Yates,2006,"N,Atlanta,Braves"
adkij001,Adkins,Jon,L,R,SDN,P,Jon Adkins,2006,"N,San Diego,Padres"
alexm001,Alexander,Manny,R,R,SDN,3B,Manny Alexander,2006,"N,San Diego,Padres"
bardj001,Bard,Josh,B,R,SDN,C,Josh Bard,2006,"N,San Diego,Padres"
barfj003,Barfield,Josh,R,R,SDN,2B,Josh Barfield,2006,"N,San Diego,Padres"
bellm002,Bellhorn,Mark,B,R,SDN,3B,Mark Bellhorn,2006,"N,San Diego,Padres"
blumg001,Blum,Geoff,B,R,SDN,SS,Geoff Blum,2006,"N,San Diego,Padres"
bower002,Bowen,Rob,B,R,SDN,C,Rob Bowen,2006,"N,San Diego,Padres"
branr001,Branyan,Russell,L,R,SDN,3B,Russell Branyan,2006,"N,San Diego,Padres"
brazd001,Brazelton,Dewon,R,R,SDN,P,Dewon Brazelton,2006,"N,San Diego,Padres"
brocd001,Brocail,Doug,L,R,SDN,P,Doug Brocail,2006,"N,San Diego,Padres"
browj003,Brower,Jim,R,R,SDN,P,Jim Brower,2006,"N,San Diego,Padres"
camem001,Cameron,Mike,R,R,SDN,OF,Mike Cameron,2006,"N,San Diego,Padres"
casss001,Cassidy,Scott,R,R,SDN,P,Scott Cassidy,2006,"N,San Diego,Padres"
castv001,Castilla,Vinny,R,R,SDN,3B,Vinny Castilla,2006,"N,San Diego,Padres"
custj001,Cust,Jack,L,R,SDN,OF,Jack Cust,2006,"N,San Diego,Padres"
embra001,Embree,Alan,L,L,SDN,P,Alan Embree,2006,"N,San Diego,Padres"
estes001,Estes,Shawn,R,L,SDN,P,Shawn Estes,2006,"N,San Diego,Padres"
gileb002,Giles,Brian,L,L,SDN,OF,Brian Giles,2006,"N,San Diego,Padres"
gonza003,Gonzalez,Adrian,L,L,SDN,1B,Adrian Gonzalez,2006,"N,San Diego,Padres"
greek002,Greene,Khalil,R,R,SDN,SS,Khalil Greene,2006,"N,San Diego,Padres"
hensc002,Hensley,Clay,R,R,SDN,P,Clay Hensley,2006,"N,San Diego,Padres"
hofft001,Hoffman,Trevor,R,R,SDN,P,Trevor Hoffman,2006,"N,San Diego,Padres"
johnb003,Johnson,Ben,R,R,SDN,OF,Ben Johnson,2006,"N,San Diego,Padres"
klesr001,Klesko,Ryan,L,L,SDN,PH,Ryan Klesko,2006,"N,San Diego,Padres"
knotj001,Knott,Jon,R,R,SDN,PH,Jon Knott,2006,"N,San Diego,Padres"
leonj003,Leone,Justin,R,R,SDN,PH,Justin Leone,2006,"N,San Diego,Padres"
lines001,Linebrink,Scott,R,R,SDN,P,Scott Linebrink,2006,"N,San Diego,Padres"
mcanp001,McAnulty,Paul,L,R,SDN,OF,Paul McAnulty,2006,"N,San Diego,Padres"
merec001,Meredith,Cla,R,R,SDN,P,Cla Meredith,2006,"N,San Diego,Padres"
mirad001,Mirabelli,Doug,R,R,SDN,C,Doug Mirabelli,2006,"N,San Diego,Padres"
parkc002,Park,Chan Ho,R,R,SDN,P,Chan Ho Park,2006,"N,San Diego,Padres"
peavj001,Peavy,Jake,R,R,SDN,P,Jake Peavy,2006,"N,San Diego,Padres"
piazm001,Piazza,Mike,R,R,SDN,C,Mike Piazza,2006,"N,San Diego,Padres"
robed001,Roberts,Dave,L,L,SDN,OF,Dave Roberts,2006,"N,San Diego,Padres"
seanr001,Seanez,Rudy,R,R,SDN,P,Rudy Seanez,2006,"N,San Diego,Padres"
sikob001,Sikorski,Brian,R,R,SDN,P,Brian Sikorski,2006,"N,San Diego,Padres"
sledt001,Sledge,Terrmel,L,L,SDN,OF,Terrmel Sledge,2006,"N,San Diego,Padres"
staut001,Stauffer,Tim,R,R,SDN,P,Tim Stauffer,2006,"N,San Diego,Padres"
sweeb001,Sweeney,Brian,R,R,SDN,P,Brian Sweeney,2006,"N,San Diego,Padres"
thomm004,Thompson,Mike,R,R,SDN,P,Mike Thompson,2006,"N,San Diego,Padres"
walkt002,Walker,Todd,L,R,SDN,3B,Todd Walker,2006,"N,San Diego,Padres"
welld001,Wells,David,L,L,SDN,P,David Wells,2006,"N,San Diego,Padres"
wills002,Williamson,Scott,R,R,SDN,P,Scott Williamson,2006,"N,San Diego,Padres"
willw001,Williams,Woody,R,R,SDN,P,Woody Williams,2006,"N,San Diego,Padres"
younc003,Young,Chris,R,R,SDN,P,Chris Young,2006,"N,San Diego,Padres"
youne001,Young,Eric,R,R,SDN,OF,Eric Young,2006,"N,San Diego,Padres"
bautj002,Bautista,Jose,R,R,PIT,OF,Jose Bautista,2006,"N,Pittsburgh,Pirates"
bay-j001,Bay,Jason,R,R,PIT,OF,Jason Bay,2006,"N,Pittsburgh,Pirates"
baylj001,Bayliss,Jonah,R,R,PIT,P,Jonah Bayliss,2006,"N,Pittsburgh,Pirates"
burnj001,Burnitz,Jeromy,L,R,PIT,OF,Jeromy Burnitz,2006,"N,Pittsburgh,Pirates"
cappm001,Capps,Matt,R,R,PIT,P,Matt Capps,2006,"N,Pittsburgh,Pirates"
cases001,Casey,Sean,L,R,PIT,1B,Sean Casey,2006,"N,Pittsburgh,Pirates"
castj005,Castillo,Jose,R,R,PIT,2B,Jose Castillo,2006,"N,Pittsburgh,Pirates"
chacs001,Chacon,Shawn,R,R,PIT,P,Shawn Chacon,2006,"N,Pittsburgh,Pirates"
cotah001,Cota,Humberto,R,R,PIT,C,Humberto Cota,2006,"N,Pittsburgh,Pirates"
davir003,Davis,Rajai,R,R,PIT,OF,Rajai Davis,2006,"N,Pittsburgh,Pirates"
decay001,de Caster,Yurendell,R,R,PIT,X,Yurendell de Caster,2006,"N,Pittsburgh,Pirates"
doumr001,Doumit,Ryan,B,R,PIT,1B,Ryan Doumit,2006,"N,Pittsburgh,Pirates"
duffc001,Duffy,Chris,L,L,PIT,OF,Chris Duffy,2006,"N,Pittsburgh,Pirates"
dukez001,Duke,Zach,L,L,PIT,P,Zach Duke,2006,"N,Pittsburgh,Pirates"
edwam001,Edwards,Mike,R,R,PIT,3B,Mike Edwards,2006,"N,Pittsburgh,Pirates"
gonzm001,Gonzalez,Mike,R,L,PIT,P,Mike Gonzalez,2006,"N,Pittsburgh,Pirates"
gorzt001,Gorzelanny,Tom,L,L,PIT,P,Tom Gorzelanny,2006,"N,Pittsburgh,Pirates"
grabj002,Grabow,John,L,L,PIT,P,John Grabow,2006,"N,Pittsburgh,Pirates"
hernj001,Hernandez,Jose,R,R,PIT,1B,Jose Hernandez,2006,"N,Pittsburgh,Pirates"
hernr001,Hernandez,Roberto,R,R,PIT,P,Roberto Hernandez,2006,"N,Pittsburgh,Pirates"
mahop002,Maholm,Paul,L,L,PIT,P,Paul Maholm,2006,"N,Pittsburgh,Pirates"
maldc003,Maldonado,Carlos,R,R,PIT,C,Carlos Maldonado,2006,"N,Pittsburgh,Pirates"
martd004,Marte,Damaso,L,L,PIT,P,Damaso Marte,2006,"N,Pittsburgh,Pirates"
mclem002,McLeary,Marty,R,R,PIT,P,Marty McLeary,2006,"N,Pittsburgh,Pirates"
mclon001,McLouth,Nate,L,R,PIT,OF,Nate McLouth,2006,"N,Pittsburgh,Pirates"
nadyx001,Nady,Xavier,R,R,PIT,1B,Xavier Nady,2006,"N,Pittsburgh,Pirates"
paulr001,Paulino,Ronny,R,R,PIT,C,Ronny Paulino,2006,"N,Pittsburgh,Pirates"
perej001,Perez,Juan,R,L,PIT,P,Juan Perez,2006,"N,Pittsburgh,Pirates"
pereo002,Perez,Oliver,L,L,PIT,P,Oliver Perez,2006,"N,Pittsburgh,Pirates"
randj002,Randa,Joe,R,R,PIT,3B,Joe Randa,2006,"N,Pittsburgh,Pirates"
reamb001,Reames,Britt,R,R,PIT,P,Britt Reames,2006,"N,Pittsburgh,Pirates"
rogeb001,Rogers,Brian,R,R,PIT,P,Brian Rogers,2006,"N,Pittsburgh,Pirates"
sancf001,Sanchez,Freddy,R,R,PIT,3B,Freddy Sanchez,2006,"N,Pittsburgh,Pirates"
santv001,Santos,Victor,R,R,PIT,P,Victor Santos,2006,"N,Pittsburgh,Pirates"
sharj001,Sharpless,Josh,R,R,PIT,P,Josh Sharpless,2006,"N,Pittsburgh,Pirates"
sneli001,Snell,Ian,R,R,PIT,P,Ian Snell,2006,"N,Pittsburgh,Pirates"
torrs001,Torres,Salomon,R,R,PIT,P,Salomon Torres,2006,"N,Pittsburgh,Pirates"
voger001,Vogelsong,Ryan,R,R,PIT,P,Ryan Vogelsong,2006,"N,Pittsburgh,Pirates"
wellk001,Wells,Kip,R,R,PIT,P,Kip Wells,2006,"N,Pittsburgh,Pirates"
wilsc003,Wilson,Craig,R,R,PIT,1B,Craig Wilson,2006,"N,Pittsburgh,Pirates"
wilsj002,Wilson,Jack,R,R,PIT,SS,Jack Wilson,2006,"N,Pittsburgh,Pirates"
youms001,Youman,Shane,L,L,PIT,P,Shane Youman,2006,"N,Pittsburgh,Pirates"
abrew001,Abreu,Winston,R,R,BAL,P,Winston Abreu,2006,"A,Baltimore,Orioles"
ardod001,Ardoin,Danny,R,R,BAL,C,Danny Ardoin,2006,"A,Baltimore,Orioles"
bedae001,Bedard,Erik,L,L,BAL,P,Erik Bedard,2006,"A,Baltimore,Orioles"
bensk001,Benson,Kris,R,R,BAL,P,Kris Benson,2006,"A,Baltimore,Orioles"
birkk001,Birkins,Kurt,L,L,BAL,P,Kurt Birkins,2006,"A,Baltimore,Orioles"
britc001,Britton,Chris,R,R,BAL,P,Chris Britton,2006,"A,Baltimore,Orioles"
browj003,Brower,Jim,R,R,BAL,P,Jim Brower,2006,"A,Baltimore,Orioles"
burrb001,Burres,Brian,L,L,BAL,P,Brian Burres,2006,"A,Baltimore,Orioles"
byrdt001,Byrdak,Tim,L,L,BAL,P,Tim Byrdak,2006,"A,Baltimore,Orioles"
cabrd001,Cabrera,Daniel,R,R,BAL,P,Daniel Cabrera,2006,"A,Baltimore,Orioles"
chavr001,Chavez,Raul,R,R,BAL,C,Raul Chavez,2006,"A,Baltimore,Orioles"
chenb001,Chen,Bruce,L,L,BAL,P,Bruce Chen,2006,"A,Baltimore,Orioles"
clarh001,Clark,Howie,L,R,BAL,3B,Howie Clark,2006,"A,Baltimore,Orioles"
conij001,Conine,Jeff,R,R,BAL,1B,Jeff Conine,2006,"A,Baltimore,Orioles"
duboe001,DuBose,Eric,L,L,BAL,P,Eric DuBose,2006,"A,Baltimore,Orioles"
faheb001,Fahey,Brandon,L,R,BAL,OF,Brandon Fahey,2006,"A,Baltimore,Orioles"
fiorj001,Fiorentino,Jeffrey,L,R,BAL,OF,Jeffrey Fiorentino,2006,"A,Baltimore,Orioles"
gibbj002,Gibbons,Jay,L,L,BAL,DH,Jay Gibbons,2006,"A,Baltimore,Orioles"
gomec001,Gomez,Chris,R,R,BAL,1B,Chris Gomez,2006,"A,Baltimore,Orioles"
halaj001,Halama,John,L,L,BAL,P,John Halama,2006,"A,Baltimore,Orioles"
hawkl001,Hawkins,LaTroy,R,R,BAL,P,LaTroy Hawkins,2006,"A,Baltimore,Orioles"
hernr002,Hernandez,Ramon,R,R,BAL,C,Ramon Hernandez,2006,"A,Baltimore,Orioles"
hoeyj001,Hoey,Jim,R,R,BAL,P,Jim Hoey,2006,"A,Baltimore,Orioles"
johnj010,Johnson,Jim,R,R,BAL,P,Jim Johnson,2006,"A,Baltimore,Orioles"
loewa001,Loewen,Adam,L,L,BAL,P,Adam Loewen,2006,"A,Baltimore,Orioles"
lopej001,Lopez,Javy,R,R,BAL,DH,Javy Lopez,2006,"A,Baltimore,Orioles"
loper001,Lopez,Rodrigo,R,R,BAL,P,Rodrigo Lopez,2006,"A,Baltimore,Orioles"
manoj001,Manon,Julio,L,R,BAL,P,Julio Manon,2006,"A,Baltimore,Orioles"
markn001,Markakis,Nick,L,L,BAL,OF,Nick Markakis,2006,"A,Baltimore,Orioles"
matol001,Matos,Luis,R,R,BAL,OF,Luis Matos,2006,"A,Baltimore,Orioles"
millk005,Millar,Kevin,R,R,BAL,1B,Kevin Millar,2006,"A,Baltimore,Orioles"
moram002,Mora,Melvin,R,R,BAL,3B,Melvin Mora,2006,"A,Baltimore,Orioles"
newhd001,Newhan,David,L,R,BAL,OF,David Newhan,2006,"A,Baltimore,Orioles"
ortir001,Ortiz,Russ,R,R,BAL,P,Russ Ortiz,2006,"A,Baltimore,Orioles"
pattc001,Patterson,Corey,L,R,BAL,OF,Corey Patterson,2006,"A,Baltimore,Orioles"
pennh001,Penn,Hayden,R,R,BAL,P,Hayden Penn,2006,"A,Baltimore,Orioles"
ray-c001,Ray,Chris,R,R,BAL,P,Chris Ray,2006,"A,Baltimore,Orioles"
rleas001,Rleal,Sendy,R,R,BAL,P,Sendy Rleal,2006,"A,Baltimore,Orioles"
robeb003,Roberts,Brian,B,R,BAL,2B,Brian Roberts,2006,"A,Baltimore,Orioles"
rodre002,Rodriguez,Eddy,R,R,BAL,P,Eddy Rodriguez,2006,"A,Baltimore,Orioles"
rogee001,Rogers,Eddie,R,R,BAL,2B,Eddie Rogers,2006,"A,Baltimore,Orioles"
tatif001,Tatis,Fernando,R,R,BAL,DH,Fernando Tatis,2006,"A,Baltimore,Orioles"
tejam001,Tejada,Miguel,R,R,BAL,SS,Miguel Tejada,2006,"A,Baltimore,Orioles"
terrl001,Terrero,Luis,R,R,BAL,OF,Luis Terrero,2006,"A,Baltimore,Orioles"
widgc001,Widger,Chris,R,R,BAL,C,Chris Widger,2006,"A,Baltimore,Orioles"
willt001,Williams,Todd,R,R,BAL,P,Todd Williams,2006,"A,Baltimore,Orioles"
adamm001,Adams,Mike,R,R,MIL,P,Mike Adams,2006,"N,Milwaukee,Brewers"
anded002,Anderson,Drew,L,R,MIL,OF,Drew Anderson,2006,"N,Milwaukee,Brewers"
barnc001,Barnwell,Chris,R,R,MIL,SS,Chris Barnwell,2006,"N,Milwaukee,Brewers"
belld002,Bell,David,R,R,MIL,3B,David Bell,2006,"N,Milwaukee,Brewers"
bushd001,Bush,David,R,R,MIL,P,David Bush,2006,"N,Milwaukee,Brewers"
capej001,Capellan,Jose,R,R,MIL,P,Jose Capellan,2006,"N,Milwaukee,Brewers"
capuc001,Capuano,Chris,L,L,MIL,P,Chris Capuano,2006,"N,Milwaukee,Brewers"
cirij001,Cirillo,Jeff,R,R,MIL,3B,Jeff Cirillo,2006,"N,Milwaukee,Brewers"
clarb003,Clark,Brady,R,R,MIL,OF,Brady Clark,2006,"N,Milwaukee,Brewers"
cordf002,Cordero,Francisco,R,R,MIL,P,Francisco Cordero,2006,"N,Milwaukee,Brewers"
david002,Davis,Doug,R,L,MIL,P,Doug Davis,2006,"N,Milwaukee,Brewers"
delaj001,de la Rosa,Jorge,L,L,MIL,P,Jorge de la Rosa,2006,"N,Milwaukee,Brewers"
demac001,Demaria,Chris,B,R,MIL,P,Chris Demaria,2006,"N,Milwaukee,Brewers"
eveld001,Eveland,Dana,L,L,MIL,P,Dana Eveland,2006,"N,Milwaukee,Brewers"
fernj002,Fernandez,Jared,R,R,MIL,P,Jared Fernandez,2006,"N,Milwaukee,Brewers"
fielp001,Fielder,Prince,L,R,MIL,1B,Prince Fielder,2006,"N,Milwaukee,Brewers"
gonzj003,Gonzalez,Geremi,R,R,MIL,P,Geremi Gonzalez,2006,"N,Milwaukee,Brewers"
graft001,Graffanino,Tony,R,R,MIL,2B,Tony Graffanino,2006,"N,Milwaukee,Brewers"
grosg002,Gross,Gabe,L,R,MIL,OF,Gabe Gross,2006,"N,Milwaukee,Brewers"
gwynt002,Gwynn,Tony,L,R,MIL,OF,Tony Gwynn,2006,"N,Milwaukee,Brewers"
hallb001,Hall,Bill,R,R,MIL,SS,Bill Hall,2006,"N,Milwaukee,Brewers"
hardj003,Hardy,J.J.,R,R,MIL,SS,J.J. Hardy,2006,"N,Milwaukee,Brewers"
hartc001,Hart,Corey,R,R,MIL,OF,Corey Hart,2006,"N,Milwaukee,Brewers"
hellr001,Helling,Rick,R,R,MIL,P,Rick Helling,2006,"N,Milwaukee,Brewers"
hendb001,Hendrickson,Ben,R,R,MIL,P,Ben Hendrickson,2006,"N,Milwaukee,Brewers"
jackz001,Jackson,Zach,L,L,MIL,P,Zach Jackson,2006,"N,Milwaukee,Brewers"
jenkg001,Jenkins,Geoff,L,R,MIL,OF,Geoff Jenkins,2006,"N,Milwaukee,Brewers"
kolbd001,Kolb,Danny,R,R,MIL,P,Danny Kolb,2006,"N,Milwaukee,Brewers"
koskc001,Koskie,Corey,L,R,MIL,3B,Corey Koskie,2006,"N,Milwaukee,Brewers"
lee-c001,Lee,Carlos,R,R,MIL,OF,Carlos Lee,2006,"N,Milwaukee,Brewers"
lehrj001,Lehr,Justin,R,R,MIL,P,Justin Lehr,2006,"N,Milwaukee,Brewers"
mabec001,Mabeus,Chris,R,R,MIL,P,Chris Mabeus,2006,"N,Milwaukee,Brewers"
menck001,Mench,Kevin,R,R,MIL,OF,Kevin Mench,2006,"N,Milwaukee,Brewers"
milld002,Miller,Damian,R,R,MIL,C,Damian Miller,2006,"N,Milwaukee,Brewers"
moelc001,Moeller,Chad,R,R,MIL,C,Chad Moeller,2006,"N,Milwaukee,Brewers"
nix-l001,Nix,Laynce,L,L,MIL,OF,Laynce Nix,2006,"N,Milwaukee,Brewers"
ohkat001,Ohka,Tomo,B,R,MIL,P,Tomo Ohka,2006,"N,Milwaukee,Brewers"
rivem003,Rivera,Mike,R,R,MIL,C,Mike Rivera,2006,"N,Milwaukee,Brewers"
rottv001,Rottino,Vinny,R,R,MIL,3B,Vinny Rottino,2006,"N,Milwaukee,Brewers"
sarfd001,Sarfate,Dennis,R,R,MIL,P,Dennis Sarfate,2006,"N,Milwaukee,Brewers"
sheeb001,Sheets,Ben,R,R,MIL,P,Ben Sheets,2006,"N,Milwaukee,Brewers"
shoub001,Shouse,Brian,L,L,MIL,P,Brian Shouse,2006,"N,Milwaukee,Brewers"
simpa001,Simpson,Allan,R,R,MIL,P,Allan Simpson,2006,"N,Milwaukee,Brewers"
spurc001,Spurling,Chris,R,R,MIL,P,Chris Spurling,2006,"N,Milwaukee,Brewers"
turnd001,Turnbow,Derrick,R,R,MIL,P,Derrick Turnbow,2006,"N,Milwaukee,Brewers"
villc001,Villanueva,Carlos,R,R,MIL,P,Carlos Villanueva,2006,"N,Milwaukee,Brewers"
weekr001,Weeks,Rickie,R,R,MIL,2B,Rickie Weeks,2006,"N,Milwaukee,Brewers"
winkj001,Winkelsas,Joe,R,R,MIL,P,Joe Winkelsas,2006,"N,Milwaukee,Brewers"
wisem001,Wise,Matt,R,R,MIL,P,Matt Wise,2006,"N,Milwaukee,Brewers"
aloms001,Alomar,Sandy,R,R,CHA,C,Sandy Alomar,2006,"A,Chicago,White Sox"
andeb003,Anderson,Brian,R,R,CHA,OF,Brian Anderson,2006,"A,Chicago,White Sox"
buehm001,Buehrle,Mark,L,L,CHA,P,Mark Buehrle,2006,"A,Chicago,White Sox"
cinta001,Cintron,Alex,B,R,CHA,SS,Alex Cintron,2006,"A,Chicago,White Sox"
contj002,Contreras,Jose,R,R,CHA,P,Jose Contreras,2006,"A,Chicago,White Sox"
cottn001,Cotts,Neal,L,L,CHA,P,Neal Cotts,2006,"A,Chicago,White Sox"
credj001,Crede,Joe,R,R,CHA,3B,Joe Crede,2006,"A,Chicago,White Sox"
dye-j001,Dye,Jermaine,R,R,CHA,OF,Jermaine Dye,2006,"A,Chicago,White Sox"
fielj001,Fields,Josh,R,R,CHA,3B,Josh Fields,2006,"A,Chicago,White Sox"
garcf002,Garcia,Freddy,R,R,CHA,P,Freddy Garcia,2006,"A,Chicago,White Sox"
garlj001,Garland,Jon,R,R,CHA,P,Jon Garland,2006,"A,Chicago,White Sox"
gloar001,Gload,Ross,L,L,CHA,1B,Ross Gload,2006,"A,Chicago,White Sox"
haegc001,Haeger,Charlie,R,R,CHA,P,Charlie Haeger,2006,"A,Chicago,White Sox"
hermd001,Hermanson,Dustin,R,R,CHA,P,Dustin Hermanson,2006,"A,Chicago,White Sox"
iguct001,Iguchi,Tadahito,R,R,CHA,2B,Tadahito Iguchi,2006,"A,Chicago,White Sox"
jenkb001,Jenks,Bobby,R,R,CHA,P,Bobby Jenks,2006,"A,Chicago,White Sox"
konep001,Konerko,Paul,R,R,CHA,1B,Paul Konerko,2006,"A,Chicago,White Sox"
logab001,Logan,Boone,R,L,CHA,P,Boone Logan,2006,"A,Chicago,White Sox"
macdm001,MacDougal,Mike,B,R,CHA,P,Mike MacDougal,2006,"A,Chicago,White Sox"
mackr001,Mackowiak,Rob,L,R,CHA,OF,Rob Mackowiak,2006,"A,Chicago,White Sox"
mccab001,McCarthy,Brandon,R,R,CHA,P,Brandon McCarthy,2006,"A,Chicago,White Sox"
monta001,Montero,Agustin,R,R,CHA,P,Agustin Montero,2006,"A,Chicago,White Sox"
nelsj001,Nelson,Jeff,R,R,CHA,P,Jeff Nelson,2006,"A,Chicago,White Sox"
owenj002,Owens,Jerry,L,L,CHA,DH,Jerry Owens,2006,"A,Chicago,White Sox"
ozunp001,Ozuna,Pablo,R,R,CHA,OF,Pablo Ozuna,2006,"A,Chicago,White Sox"
piera001,Pierzynski,A.J.,L,R,CHA,C,A.J. Pierzynski,2006,"A,Chicago,White Sox"
podss001,Podsednik,Scott,L,L,CHA,OF,Scott Podsednik,2006,"A,Chicago,White Sox"
polic001,Politte,Cliff,R,R,CHA,P,Cliff Politte,2006,"A,Chicago,White Sox"
riskd001,Riske,David,R,R,CHA,P,David Riske,2006,"A,Chicago,White Sox"
stewc001,Stewart,Chris,R,R,CHA,C,Chris Stewart,2006,"A,Chicago,White Sox"
sweer001,Sweeney,Ryan,L,L,CHA,OF,Ryan Sweeney,2006,"A,Chicago,White Sox"
thomj002,Thome,Jim,L,R,CHA,DH,Jim Thome,2006,"A,Chicago,White Sox"
thorm001,Thornton,Matt,L,L,CHA,P,Matt Thornton,2006,"A,Chicago,White Sox"
tracs002,Tracey,Sean,L,R,CHA,P,Sean Tracey,2006,"A,Chicago,White Sox"
uribj002,Uribe,Juan,R,R,CHA,SS,Juan Uribe,2006,"A,Chicago,White Sox"
vazqj001,Vazquez,Javier,R,R,CHA,P,Javier Vazquez,2006,"A,Chicago,White Sox"
widgc001,Widger,Chris,R,R,CHA,C,Chris Widger,2006,"A,Chicago,White Sox"
abreb001,Abreu,Bobby,L,R,PHI,OF,Bobby Abreu,2006,"N,Philadelphia,Phillies"
belld002,Bell,David,R,R,PHI,3B,David Bell,2006,"N,Philadelphia,Phillies"
berna001,Bernero,Adam,R,R,PHI,P,Adam Bernero,2006,"N,Philadelphia,Phillies"
bourm001,Bourn,Michael,L,R,PHI,OF,Michael Bourn,2006,"N,Philadelphia,Phillies"
brite001,Brito,Eude,L,L,PHI,P,Eude Brito,2006,"N,Philadelphia,Phillies"
burrp001,Burrell,Pat,R,R,PHI,OF,Pat Burrell,2006,"N,Philadelphia,Phillies"
castf002,Castro,Fabio,L,L,PHI,P,Fabio Castro,2006,"N,Philadelphia,Phillies"
condc001,Condrey,Clay,R,R,PHI,P,Clay Condrey,2006,"N,Philadelphia,Phillies"
conij001,Conine,Jeff,R,R,PHI,OF,Jeff Conine,2006,"N,Philadelphia,Phillies"
cormr001,Cormier,Rheal,L,L,PHI,P,Rheal Cormier,2006,"N,Philadelphia,Phillies"
costc001,Coste,Chris,R,R,PHI,C,Chris Coste,2006,"N,Philadelphia,Phillies"
delld001,Dellucci,David,L,L,PHI,OF,David Dellucci,2006,"N,Philadelphia,Phillies"
fasas001,Fasano,Sal,R,R,PHI,C,Sal Fasano,2006,"N,Philadelphia,Phillies"
floyg001,Floyd,Gavin,R,R,PHI,P,Gavin Floyd,2006,"N,Philadelphia,Phillies"
franr001,Franklin,Ryan,R,R,PHI,P,Ryan Franklin,2006,"N,Philadelphia,Phillies"
fulta001,Fultz,Aaron,L,L,PHI,P,Aaron Fultz,2006,"N,Philadelphia,Phillies"
gearg001,Geary,Geoff,R,R,PHI,P,Geoff Geary,2006,"N,Philadelphia,Phillies"
gonza001,Gonzalez,Alex,R,R,PHI,1B,Alex Gonzalez,2006,"N,Philadelphia,Phillies"
gordt001,Gordon,Tom,R,R,PHI,P,Tom Gordon,2006,"N,Philadelphia,Phillies"
hamec001,Hamels,Cole,L,L,PHI,P,Cole Hamels,2006,"N,Philadelphia,Phillies"
hernj001,Hernandez,Jose,R,R,PHI,3B,Jose Hernandez,2006,"N,Philadelphia,Phillies"
howar001,Howard,Ryan,L,L,PHI,1B,Ryan Howard,2006,"N,Philadelphia,Phillies"
lidlc001,Lidle,Cory,R,R,PHI,P,Cory Lidle,2006,"N,Philadelphia,Phillies"
liebj001,Lieber,Jon,L,R,PHI,P,Jon Lieber,2006,"N,Philadelphia,Phillies"
liebm001,Lieberthal,Mike,R,R,PHI,C,Mike Lieberthal,2006,"N,Philadelphia,Phillies"
madsr001,Madson,Ryan,L,R,PHI,P,Ryan Madson,2006,"N,Philadelphia,Phillies"
maths001,Mathieson,Scott,R,R,PHI,P,Scott Mathieson,2006,"N,Philadelphia,Phillies"
moyej001,Moyer,Jamie,L,L,PHI,P,Jamie Moyer,2006,"N,Philadelphia,Phillies"
myerb001,Myers,Brett,R,R,PHI,P,Brett Myers,2006,"N,Philadelphia,Phillies"
nunea001,Nunez,Abraham,B,R,PHI,3B,Abraham Nunez,2006,"N,Philadelphia,Phillies"
rhoda001,Rhodes,Arthur,L,L,PHI,P,Arthur Rhodes,2006,"N,Philadelphia,Phillies"
robec001,Roberson,Chris,B,R,PHI,OF,Chris Roberson,2006,"N,Philadelphia,Phillies"
rollj001,Rollins,Jimmy,B,R,PHI,SS,Jimmy Rollins,2006,"N,Philadelphia,Phillies"
rowaa001,Rowand,Aaron,R,R,PHI,OF,Aaron Rowand,2006,"N,Philadelphia,Phillies"
ruizc001,Ruiz,Carlos,R,R,PHI,C,Carlos Ruiz,2006,"N,Philadelphia,Phillies"
sancb001,Sanches,Brian,R,R,PHI,P,Brian Sanches,2006,"N,Philadelphia,Phillies"
sandd003,Sandoval,Danny,B,R,PHI,2B,Danny Sandoval,2006,"N,Philadelphia,Phillies"
santj001,Santana,Julio,R,R,PHI,P,Julio Santana,2006,"N,Philadelphia,Phillies"
simor001,Simon,Randall,L,L,PHI,PH,Randall Simon,2006,"N,Philadelphia,Phillies"
smitm006,Smith,Matt,L,L,PHI,P,Matt Smith,2006,"N,Philadelphia,Phillies"
thurj001,Thurston,Joseph,L,R,PHI,2B,Joseph Thurston,2006,"N,Philadelphia,Phillies"
utlec001,Utley,Chase,L,R,PHI,2B,Chase Utley,2006,"N,Philadelphia,Phillies"
victs001,Victorino,Shane,B,R,PHI,OF,Shane Victorino,2006,"N,Philadelphia,Phillies"
whitr002,White,Rick,R,R,PHI,P,Rick White,2006,"N,Philadelphia,Phillies"
wolfr001,Wolf,Randy,L,L,PHI,P,Randy Wolf,2006,"N,Philadelphia,Phillies"
bellr002,Belliard,Ronnie,R,R,CLE,2B,Ronnie Belliard,2006,"A,Cleveland,Indians"
betar001,Betancourt,Rafael,R,R,CLE,P,Rafael Betancourt,2006,"A,Cleveland,Indians"
blakc001,Blake,Casey,R,R,CLE,OF,Casey Blake,2006,"A,Cleveland,Indians"
boona001,Boone,Aaron,R,R,CLE,3B,Aaron Boone,2006,"A,Cleveland,Indians"
broub001,Broussard,Ben,L,L,CLE,1B,Ben Broussard,2006,"A,Cleveland,Indians"
browa002,Brown,Andrew,R,R,CLE,P,Andrew Brown,2006,"A,Cleveland,Indians"
byrdp001,Byrd,Paul,R,R,CLE,P,Paul Byrd,2006,"A,Cleveland,Indians"
cabrf002,Cabrera,Fernando,R,R,CLE,P,Fernando Cabrera,2006,"A,Cleveland,Indians"
carmf001,Carmona,Fausto,R,R,CLE,P,Fausto Carmona,2006,"A,Cleveland,Indians"
choos001,Choo,Shin-Soo,L,L,CLE,OF,Shin-Soo Choo,2006,"A,Cleveland,Indians"
davij005,Davis,Jason,R,R,CLE,P,Jason Davis,2006,"A,Cleveland,Indians"
garkr001,Garko,Ryan,R,R,CLE,1B,Ryan Garko,2006,"A,Cleveland,Indians"
gravd001,Graves,Danny,R,R,CLE,P,Danny Graves,2006,"A,Cleveland,Indians"
guthj001,Guthrie,Jeremy,R,R,CLE,P,Jeremy Guthrie,2006,"A,Cleveland,Indians"
gutif001,Gutierrez,Franklin,R,R,CLE,OF,Franklin Gutierrez,2006,"A,Cleveland,Indians"
hafnt001,Hafner,Travis,L,R,CLE,DH,Travis Hafner,2006,"A,Cleveland,Indians"
hollt001,Hollandsworth,Todd,L,L,CLE,OF,Todd Hollandsworth,2006,"A,Cleveland,Indians"
inglj001,Inglett,Joe,L,R,CLE,2B,Joe Inglett,2006,"A,Cleveland,Indians"
johnj007,Johnson,Jason,R,R,CLE,P,Jason Johnson,2006,"A,Cleveland,Indians"
kouzk001,Kouzmanoff,Kevin,R,R,CLE,DH,Kevin Kouzmanoff,2006,"A,Cleveland,Indians"
laket001,Laker,Tim,R,R,CLE,C,Tim Laker,2006,"A,Cleveland,Indians"
laraj001,Lara,Juan,R,L,CLE,P,Juan Lara,2006,"A,Cleveland,Indians"
lee-c003,Lee,Cliff,L,L,CLE,P,Cliff Lee,2006,"A,Cleveland,Indians"
lunah001,Luna,Hector,R,R,CLE,2B,Hector Luna,2006,"A,Cleveland,Indians"
marta004,Marte,Andy,R,R,CLE,3B,Andy Marte,2006,"A,Cleveland,Indians"
martv001,Martinez,Victor,B,R,CLE,C,Victor Martinez,2006,"A,Cleveland,Indians"
mastt001,Mastny,Tom,R,R,CLE,P,Tom Mastny,2006,"A,Cleveland,Indians"
merll001,Merloni,Lou,R,R,CLE,2B,Lou Merloni,2006,"A,Cleveland,Indians"
michj001,Michaels,Jason,R,R,CLE,OF,Jason Michaels,2006,"A,Cleveland,Indians"
millm002,Miller,Matt,R,R,CLE,P,Matt Miller,2006,"A,Cleveland,Indians"
motag001,Mota,Guillermo,R,R,CLE,P,Guillermo Mota,2006,"A,Cleveland,Indians"
mujie001,Mujica,Edward,R,R,CLE,P,Edward Mujica,2006,"A,Cleveland,Indians"
peraj001,Peralta,Jhonny,R,R,CLE,SS,Jhonny Peralta,2006,"A,Cleveland,Indians"
peree001,Perez,Eduardo,R,R,CLE,1B,Eduardo Perez,2006,"A,Cleveland,Indians"
perer002,Perez,Rafael,L,L,CLE,P,Rafael Perez,2006,"A,Cleveland,Indians"
sabac001,Sabathia,CC,L,L,CLE,P,CC Sabathia,2006,"A,Cleveland,Indians"
saues001,Sauerbeck,Scott,R,L,CLE,P,Scott Sauerbeck,2006,"A,Cleveland,Indians"
shopk001,Shoppach,Kelly,R,R,CLE,C,Kelly Shoppach,2006,"A,Cleveland,Indians"
sikob001,Sikorski,Brian,R,R,CLE,P,Brian Sikorski,2006,"A,Cleveland,Indians"
sizeg001,Sizemore,Grady,L,L,CLE,OF,Grady Sizemore,2006,"A,Cleveland,Indians"
slocb001,Slocum,Brian,R,R,CLE,P,Brian Slocum,2006,"A,Cleveland,Indians"
sowej001,Sowers,Jeremy,L,L,CLE,P,Jeremy Sowers,2006,"A,Cleveland,Indians"
vazqr001,Vazquez,Ramon,L,R,CLE,3B,Ramon Vazquez,2006,"A,Cleveland,Indians"
westj001,Westbrook,Jake,R,R,CLE,P,Jake Westbrook,2006,"A,Cleveland,Indians"
wickb001,Wickman,Bob,R,R,CLE,P,Bob Wickman,2006,"A,Cleveland,Indians"
alfoa001,Alfonseca,Antonio,R,R,TEX,P,Antonio Alfonseca,2006,"A,Texas,Rangers"
ariaj001,Arias,Joaquin,R,R,TEX,SS,Joaquin Arias,2006,"A,Texas,Rangers"
barar001,Barajas,Rod,R,R,TEX,C,Rod Barajas,2006,"A,Texas,Rangers"
bauer001,Bauer,Rick,R,R,TEX,P,Rick Bauer,2006,"A,Texas,Rangers"
benoj001,Benoit,Joaquin,R,R,TEX,P,Joaquin Benoit,2006,"A,Texas,Rangers"
blalh001,Blalock,Hank,L,R,TEX,3B,Hank Blalock,2006,"A,Texas,Rangers"
bottj001,Botts,Jason,B,R,TEX,DH,Jason Botts,2006,"A,Texas,Rangers"
browa001,Brown,Adrian,B,R,TEX,OF,Adrian Brown,2006,"A,Texas,Rangers"
castf002,Castro,Fabio,L,L,TEX,P,Fabio Castro,2006,"A,Texas,Rangers"
cordf002,Cordero,Francisco,R,R,TEX,P,Francisco Cordero,2006,"A,Texas,Rangers"
coreb001,Corey,Bryan,R,R,TEX,P,Bryan Corey,2006,"A,Texas,Rangers"
cruzn002,Cruz,Nelson,R,R,TEX,OF,Nelson Cruz,2006,"A,Texas,Rangers"
derom001,DeRosa,Mark,R,R,TEX,OF,Mark DeRosa,2006,"A,Texas,Rangers"
dickr001,Dickey,R.A.,R,R,TEX,P,R.A. Dickey,2006,"A,Texas,Rangers"
eatoa001,Eaton,Adam,R,R,TEX,P,Adam Eaton,2006,"A,Texas,Rangers"
felds001,Feldman,Scott,L,R,TEX,P,Scott Feldman,2006,"A,Texas,Rangers"
franf001,Francisco,Frank,R,R,TEX,P,Frank Francisco,2006,"A,Texas,Rangers"
guzmf001,Guzman,Freddy,B,R,TEX,OF,Freddy Guzman,2006,"A,Texas,Rangers"
hairj002,Hairston,Jerry,R,R,TEX,OF,Jerry Hairston,2006,"A,Texas,Rangers"
hyzda001,Hyzdu,Adam,R,R,TEX,OF,Adam Hyzdu,2006,"A,Texas,Rangers"
jimed001,Jimenez,D'Angelo,B,R,TEX,2B,D'Angelo Jimenez,2006,"A,Texas,Rangers"
kinsi001,Kinsler,Ian,R,R,TEX,2B,Ian Kinsler,2006,"A,Texas,Rangers"
koroj001,Koronka,John,L,L,TEX,P,John Koronka,2006,"A,Texas,Rangers"
lairg001,Laird,Gerald,R,R,TEX,C,Gerald Laird,2006,"A,Texas,Rangers"
lee-c001,Lee,Carlos,R,R,TEX,OF,Carlos Lee,2006,"A,Texas,Rangers"
littw001,Littleton,Wes,R,R,TEX,P,Wes Littleton,2006,"A,Texas,Rangers"
loe-k001,Loe,Kameron,R,R,TEX,P,Kameron Loe,2006,"A,Texas,Rangers"
mahar001,Mahay,Ron,L,L,TEX,P,Ron Mahay,2006,"A,Texas,Rangers"
massn001,Masset,Nick,R,R,TEX,P,Nick Masset,2006,"A,Texas,Rangers"
mattg002,Matthews,Gary,B,R,TEX,OF,Gary Matthews,2006,"A,Texas,Rangers"
menck001,Mench,Kevin,R,R,TEX,OF,Kevin Mench,2006,"A,Texas,Rangers"
meyed003,Meyer,Drew,L,R,TEX,2B,Drew Meyer,2006,"A,Texas,Rangers"
millk004,Millwood,Kevin,R,R,TEX,P,Kevin Millwood,2006,"A,Texas,Rangers"
nevip001,Nevin,Phil,R,R,TEX,DH,Phil Nevin,2006,"A,Texas,Rangers"
nix-l001,Nix,Laynce,L,L,TEX,OF,Laynce Nix,2006,"A,Texas,Rangers"
ojedm001,Ojeda,Miguel,R,R,TEX,C,Miguel Ojeda,2006,"A,Texas,Rangers"
otsua001,Otsuka,Akinori,R,R,TEX,P,Akinori Otsuka,2006,"A,Texas,Rangers"
padiv001,Padilla,Vicente,R,R,TEX,P,Vicente Padilla,2006,"A,Texas,Rangers"
rheij001,Rheinecker,John,L,L,TEX,P,John Rheinecker,2006,"A,Texas,Rangers"
rupej001,Rupe,Josh,R,R,TEX,P,Josh Rupe,2006,"A,Texas,Rangers"
shoub001,Shouse,Brian,L,L,TEX,P,Brian Shouse,2006,"A,Texas,Rangers"
staim001,Stairs,Matt,L,R,TEX,DH,Matt Stairs,2006,"A,Texas,Rangers"
teixm001,Teixeira,Mark,B,R,TEX,1B,Mark Teixeira,2006,"A,Texas,Rangers"
tejer001,Tejeda,Rob,R,R,TEX,P,Rob Tejeda,2006,"A,Texas,Rangers"
volqe001,Volquez,Edinson,R,R,TEX,P,Edinson Volquez,2006,"A,Texas,Rangers"
wasdj001,Wasdin,John,R,R,TEX,P,John Wasdin,2006,"A,Texas,Rangers"
wellk001,Wells,Kip,R,R,TEX,P,Kip Wells,2006,"A,Texas,Rangers"
wilkb002,Wilkerson,Brad,L,L,TEX,OF,Brad Wilkerson,2006,"A,Texas,Rangers"
wilsc004,Wilson,C.J.,L,L,TEX,P,C.J. Wilson,2006,"A,Texas,Rangers"
youne001,Young,Eric,R,R,TEX,2B,Eric Young,2006,"A,Texas,Rangers"
younm003,Young,Michael,R,R,TEX,SS,Michael Young,2006,"A,Texas,Rangers"
bondj001,Bonderman,Jeremy,R,R,DET,P,Jeremy Bonderman,2006,"A,Detroit,Tigers"
cases001,Casey,Sean,L,R,DET,1B,Sean Casey,2006,"A,Detroit,Tigers"
clevb001,Clevlen,Brent,R,R,DET,OF,Brent Clevlen,2006,"A,Detroit,Tigers"
color001,Colon,Roman,R,R,DET,P,Roman Colon,2006,"A,Detroit,Tigers"
durbc001,Durbin,Chad,R,R,DET,P,Chad Durbin,2006,"A,Detroit,Tigers"
gomea001,Gomez,Alexis,L,L,DET,OF,Alexis Gomez,2006,"A,Detroit,Tigers"
granc001,Granderson,Curtis,L,R,DET,OF,Curtis Granderson,2006,"A,Detroit,Tigers"
grilj001,Grilli,Jason,R,R,DET,P,Jason Grilli,2006,"A,Detroit,Tigers"
guilc001,Guillen,Carlos,B,R,DET,SS,Carlos Guillen,2006,"A,Detroit,Tigers"
hannj001,Hannahan,Jack,L,R,DET,1B,Jack Hannahan,2006,"A,Detroit,Tigers"
hoopk001,Hooper,Kevin,R,R,DET,2B,Kevin Hooper,2006,"A,Detroit,Tigers"
infao001,Infante,Omar,R,R,DET,2B,Omar Infante,2006,"A,Detroit,Tigers"
ingeb001,Inge,Brandon,R,R,DET,3B,Brandon Inge,2006,"A,Detroit,Tigers"
jonet003,Jones,Todd,L,R,DET,P,Todd Jones,2006,"A,Detroit,Tigers"
ledew001,Ledezma,Wil,L,L,DET,P,Wil Ledezma,2006,"A,Detroit,Tigers"
lewic001,Lewis,Colby,R,R,DET,P,Colby Lewis,2006,"A,Detroit,Tigers"
marom001,Maroth,Mike,L,L,DET,P,Mike Maroth,2006,"A,Detroit,Tigers"
milla002,Miller,Andrew,L,L,DET,P,Andrew Miller,2006,"A,Detroit,Tigers"
minez001,Miner,Zach,R,R,DET,P,Zach Miner,2006,"A,Detroit,Tigers"
monrc001,Monroe,Craig,R,R,DET,OF,Craig Monroe,2006,"A,Detroit,Tigers"
ordom001,Ordonez,Magglio,R,R,DET,OF,Magglio Ordonez,2006,"A,Detroit,Tigers"
peren001,Perez,Neifi,B,R,DET,2B,Neifi Perez,2006,"A,Detroit,Tigers"
polap001,Polanco,Placido,R,R,DET,2B,Placido Polanco,2006,"A,Detroit,Tigers"
rabem001,Rabelo,Mike,B,R,DET,DH,Mike Rabelo,2006,"A,Detroit,Tigers"
roben001,Robertson,Nate,R,L,DET,P,Nate Robertson,2006,"A,Detroit,Tigers"
rodnf001,Rodney,Fernando,R,R,DET,P,Fernando Rodney,2006,"A,Detroit,Tigers"
rodri001,Rodriguez,Ivan,R,R,DET,C,Ivan Rodriguez,2006,"A,Detroit,Tigers"
rogek001,Rogers,Kenny,L,L,DET,P,Kenny Rogers,2006,"A,Detroit,Tigers"
santr002,Santiago,Ramon,B,R,DET,SS,Ramon Santiago,2006,"A,Detroit,Tigers"
seayb001,Seay,Bobby,L,L,DET,P,Bobby Seay,2006,"A,Detroit,Tigers"
shelc001,Shelton,Chris,R,R,DET,1B,Chris Shelton,2006,"A,Detroit,Tigers"
spurc001,Spurling,Chris,R,R,DET,P,Chris Spurling,2006,"A,Detroit,Tigers"
staim001,Stairs,Matt,L,R,DET,DH,Matt Stairs,2006,"A,Detroit,Tigers"
tataj001,Tata,Jordan,R,R,DET,P,Jordan Tata,2006,"A,Detroit,Tigers"
thamm001,Thames,Marcus,R,R,DET,OF,Marcus Thames,2006,"A,Detroit,Tigers"
verlj001,Verlander,Justin,R,R,DET,P,Justin Verlander,2006,"A,Detroit,Tigers"
walkj001,Walker,Jamie,L,L,DET,P,Jamie Walker,2006,"A,Detroit,Tigers"
wilsv001,Wilson,Vance,R,R,DET,C,Vance Wilson,2006,"A,Detroit,Tigers"
yound001,Young,Dmitri,B,R,DET,DH,Dmitri Young,2006,"A,Detroit,Tigers"
zumaj001,Zumaya,Joel,R,R,DET,P,Joel Zumaya,2006,"A,Detroit,Tigers"
albem001,Albers,Matt,L,R,HOU,P,Matt Albers,2006,"N,Houston,Astros"
astae001,Astacio,Ezequiel,R,R,HOU,P,Ezequiel Astacio,2006,"N,Houston,Astros"
ausmb001,Ausmus,Brad,R,R,HOU,C,Brad Ausmus,2006,"N,Houston,Astros"
backb001,Backe,Brandon,R,R,HOU,P,Brandon Backe,2006,"N,Houston,Astros"
barzp001,Barzilla,Philip,L,L,HOU,P,Philip Barzilla,2006,"N,Houston,Astros"
berkl001,Berkman,Lance,B,L,HOU,1B,Lance Berkman,2006,"N,Houston,Astros"
biggc001,Biggio,Craig,R,R,HOU,2B,Craig Biggio,2006,"N,Houston,Astros"
borkd001,Borkowski,Dave,R,R,HOU,P,Dave Borkowski,2006,"N,Houston,Astros"
brune001,Bruntlett,Eric,R,R,HOU,2B,Eric Bruntlett,2006,"N,Houston,Astros"
bucht001,Buchholz,Taylor,R,R,HOU,P,Taylor Buchholz,2006,"N,Houston,Astros"
burkc001,Burke,Chris,R,R,HOU,2B,Chris Burke,2006,"N,Houston,Astros"
clemr001,Clemens,Roger,R,R,HOU,P,Roger Clemens,2006,"N,Houston,Astros"
ensbm001,Ensberg,Morgan,R,R,HOU,3B,Morgan Ensberg,2006,"N,Houston,Astros"
evera001,Everett,Adam,R,R,HOU,SS,Adam Everett,2006,"N,Houston,Astros"
gallm002,Gallo,Mike,L,L,HOU,P,Mike Gallo,2006,"N,Houston,Astros"
gimeh001,Gimenez,Hector,B,R,HOU,PH,Hector Gimenez,2006,"N,Houston,Astros"
hirsj001,Hirsh,Jason,R,R,HOU,P,Jason Hirsh,2006,"N,Houston,Astros"
housj001,House,J.R.,R,R,HOU,C,J.R. House,2006,"N,Houston,Astros"
huffa001,Huff,Aubrey,L,R,HOU,OF,Aubrey Huff,2006,"N,Houston,Astros"
jimec001,Jimerson,Charlton,R,R,HOU,OF,Charlton Jimerson,2006,"N,Houston,Astros"
lambm001,Lamb,Mike,L,R,HOU,1B,Mike Lamb,2006,"N,Houston,Astros"
lanej001,Lane,Jason,R,L,HOU,OF,Jason Lane,2006,"N,Houston,Astros"
lidgb001,Lidge,Brad,R,R,HOU,P,Brad Lidge,2006,"N,Houston,Astros"
mcewj001,McEwing,Joe,R,R,HOU,2B,Joe McEwing,2006,"N,Houston,Astros"
millt002,Miller,Trever,R,L,HOU,P,Trever Miller,2006,"N,Houston,Astros"
munse001,Munson,Eric,L,R,HOU,C,Eric Munson,2006,"N,Houston,Astros"
nievf001,Nieve,Fernando,R,R,HOU,P,Fernando Nieve,2006,"N,Houston,Astros"
oswar001,Oswalt,Roy,R,R,HOU,P,Roy Oswalt,2006,"N,Houston,Astros"
palmo001,Palmeiro,Orlando,L,L,HOU,OF,Orlando Palmeiro,2006,"N,Houston,Astros"
petta001,Pettitte,Andy,L,L,HOU,P,Andy Pettitte,2006,"N,Houston,Astros"
qualc001,Qualls,Chad,R,R,HOU,P,Chad Qualls,2006,"N,Houston,Astros"
quinh001,Quintero,Humberto,R,R,HOU,C,Humberto Quintero,2006,"N,Houston,Astros"
rodrw002,Rodriguez,Wandy,B,L,HOU,P,Wandy Rodriguez,2006,"N,Houston,Astros"
sampc001,Sampson,Chris,R,R,HOU,P,Chris Sampson,2006,"N,Houston,Astros"
scotl001,Scott,Luke,L,R,HOU,OF,Luke Scott,2006,"N,Houston,Astros"
sprir001,Springer,Russ,R,R,HOU,P,Russ Springer,2006,"N,Houston,Astros"
tavew001,Taveras,Willy,R,R,HOU,OF,Willy Taveras,2006,"N,Houston,Astros"
wheed001,Wheeler,Dan,R,R,HOU,P,Dan Wheeler,2006,"N,Houston,Astros"
wilsp002,Wilson,Preston,R,R,HOU,OF,Preston Wilson,2006,"N,Houston,Astros"
bakes002,Baker,Scott,R,R,MIN,P,Scott Baker,2006,"A,Minnesota,Twins"
bartj001,Bartlett,Jason,R,R,MIN,SS,Jason Bartlett,2006,"A,Minnesota,Twins"
batit001,Batista,Tony,R,R,MIN,3B,Tony Batista,2006,"A,Minnesota,Twins"
bonsb001,Bonser,Boof,R,R,MIN,P,Boof Bonser,2006,"A,Minnesota,Twins"
casia001,Casilla,Alexi,B,R,MIN,2B,Alexi Casilla,2006,"A,Minnesota,Twins"
castj004,Castro,Juan,R,R,MIN,SS,Juan Castro,2006,"A,Minnesota,Twins"
castl001,Castillo,Luis,B,R,MIN,2B,Luis Castillo,2006,"A,Minnesota,Twins"
craij001,Crain,Jesse,R,R,MIN,P,Jesse Crain,2006,"A,Minnesota,Twins"
cuddm001,Cuddyer,Michael,R,R,MIN,OF,Michael Cuddyer,2006,"A,Minnesota,Twins"
eyrew001,Eyre,Willie,R,R,MIN,P,Willie Eyre,2006,"A,Minnesota,Twins"
fordl001,Ford,Lew,R,R,MIN,OF,Lew Ford,2006,"A,Minnesota,Twins"
garzm001,Garza,Matt,R,R,MIN,P,Matt Garza,2006,"A,Minnesota,Twins"
guerm001,Guerrier,Matt,R,R,MIN,P,Matt Guerrier,2006,"A,Minnesota,Twins"
heinc001,Heintz,Chris,R,R,MIN,C,Chris Heintz,2006,"A,Minnesota,Twins"
huntt001,Hunter,Torii,R,R,MIN,OF,Torii Hunter,2006,"A,Minnesota,Twins"
kubej002,Kubel,Jason,L,R,MIN,OF,Jason Kubel,2006,"A,Minnesota,Twins"
lirif001,Liriano,Francisco,L,L,MIN,P,Francisco Liriano,2006,"A,Minnesota,Twins"
lohsk001,Lohse,Kyle,R,R,MIN,P,Kyle Lohse,2006,"A,Minnesota,Twins"
mauej001,Mauer,Joe,L,R,MIN,C,Joe Mauer,2006,"A,Minnesota,Twins"
mornj001,Morneau,Justin,L,R,MIN,1B,Justin Morneau,2006,"A,Minnesota,Twins"
nathj001,Nathan,Joe,R,R,MIN,P,Joe Nathan,2006,"A,Minnesota,Twins"
neshp001,Neshek,Pat,B,R,MIN,P,Pat Neshek,2006,"A,Minnesota,Twins"
nevip001,Nevin,Phil,R,R,MIN,DH,Phil Nevin,2006,"A,Minnesota,Twins"
perkg001,Perkins,Glen,L,L,MIN,P,Glen Perkins,2006,"A,Minnesota,Twins"
puntn001,Punto,Nick,B,R,MIN,3B,Nick Punto,2006,"A,Minnesota,Twins"
rabej001,Rabe,Josh,R,R,MIN,DH,Josh Rabe,2006,"A,Minnesota,Twins"
radkb001,Radke,Brad,R,R,MIN,P,Brad Radke,2006,"A,Minnesota,Twins"
redmm001,Redmond,Mike,R,R,MIN,C,Mike Redmond,2006,"A,Minnesota,Twins"
reyed001,Reyes,Dennys,R,L,MIN,P,Dennys Reyes,2006,"A,Minnesota,Twins"
rincj001,Rincon,Juan,R,R,MIN,P,Juan Rincon,2006,"A,Minnesota,Twins"
rodrl002,Rodriguez,Luis,B,R,MIN,3B,Luis Rodriguez,2006,"A,Minnesota,Twins"
santj003,Santana,Johan,L,L,MIN,P,Johan Santana,2006,"A,Minnesota,Twins"
sierr001,Sierra,Ruben,B,R,MIN,DH,Ruben Sierra,2006,"A,Minnesota,Twins"
silvc001,Silva,Carlos,R,R,MIN,P,Carlos Silva,2006,"A,Minnesota,Twins"
smitm005,Smith,Michael,R,R,MIN,P,Michael Smith,2006,"A,Minnesota,Twins"
stews002,Stewart,Shannon,R,R,MIN,OF,Shannon Stewart,2006,"A,Minnesota,Twins"
tifft001,Tiffee,Terry,B,R,MIN,3B,Terry Tiffee,2006,"A,Minnesota,Twins"
tynej001,Tyner,Jason,L,L,MIN,OF,Jason Tyner,2006,"A,Minnesota,Twins"
whitr001,White,Rondell,R,R,MIN,DH,Rondell White,2006,"A,Minnesota,Twins"
andem003,Anderson,Marlon,L,R,WAS,2B,Marlon Anderson,2006,"N,Washington,Nationals"
armat002,Armas,Tony,R,R,WAS,P,Tony Armas,2006,"N,Washington,Nationals"
astap001,Astacio,Pedro,R,R,WAS,P,Pedro Astacio,2006,"N,Washington,Nationals"
bergj001,Bergmann,Jason,R,R,WAS,P,Jason Bergmann,2006,"N,Washington,Nationals"
bookc001,Booker,Chris,R,R,WAS,P,Chris Booker,2006,"N,Washington,Nationals"
bowim001,Bowie,Micah,L,L,WAS,P,Micah Bowie,2006,"N,Washington,Nationals"
brayb001,Bray,Bill,L,L,WAS,P,Bill Bray,2006,"N,Washington,Nationals"
byrdm001,Byrd,Marlon,R,R,WAS,OF,Marlon Byrd,2006,"N,Washington,Nationals"
campb002,Campbell,Brett,R,R,WAS,P,Brett Campbell,2006,"N,Washington,Nationals"
castb002,Castro,Bernie,B,R,WAS,2B,Bernie Castro,2006,"N,Washington,Nationals"
churr001,Church,Ryan,L,L,WAS,OF,Ryan Church,2006,"N,Washington,Nationals"
clayr001,Clayton,Royce,R,R,WAS,SS,Royce Clayton,2006,"N,Washington,Nationals"
corcr001,Corcoran,Roy,R,R,WAS,P,Roy Corcoran,2006,"N,Washington,Nationals"
cordc001,Cordero,Chad,R,R,WAS,P,Chad Cordero,2006,"N,Washington,Nationals"
day-z001,Day,Zach,R,R,WAS,P,Zach Day,2006,"N,Washington,Nationals"
dortm001,Dorta,Melvin,R,R,WAS,3B,Melvin Dorta,2006,"N,Washington,Nationals"
dresr001,Drese,Ryan,R,R,WAS,P,Ryan Drese,2006,"N,Washington,Nationals"
eiscj001,Eischen,Joey,L,L,WAS,P,Joey Eischen,2006,"N,Washington,Nationals"
escoa002,Escobar,Alex,R,R,WAS,OF,Alex Escobar,2006,"N,Washington,Nationals"
fickr001,Fick,Robert,L,R,WAS,C,Robert Fick,2006,"N,Washington,Nationals"
gonzw001,Gonzalez,Wiki,R,R,WAS,C,Wiki Gonzalez,2006,"N,Washington,Nationals"
grybk001,Gryboski,Kevin,R,R,WAS,P,Kevin Gryboski,2006,"N,Washington,Nationals"
guilj001,Guillen,Jose,R,R,WAS,OF,Jose Guillen,2006,"N,Washington,Nationals"
harpb002,Harper,Brandon,R,R,WAS,C,Brandon Harper,2006,"N,Washington,Nationals"
harrb001,Harris,Brendan,R,R,WAS,SS,Brendan Harris,2006,"N,Washington,Nationals"
hernl003,Hernandez,Livan,R,R,WAS,P,Livan Hernandez,2006,"N,Washington,Nationals"
hills003,Hill,Shawn,R,R,WAS,P,Shawn Hill,2006,"N,Washington,Nationals"
hught001,Hughes,Travis,R,R,WAS,P,Travis Hughes,2006,"N,Washington,Nationals"
jackd003,Jackson,Damian,R,R,WAS,OF,Damian Jackson,2006,"N,Washington,Nationals"
johnn001,Johnson,Nick,L,L,WAS,1B,Nick Johnson,2006,"N,Washington,Nationals"
keara001,Kearns,Austin,R,R,WAS,OF,Austin Kearns,2006,"N,Washington,Nationals"
lecrm001,LeCroy,Matt,R,R,WAS,C,Matt LeCroy,2006,"N,Washington,Nationals"
logan001,Logan,Nook,B,R,WAS,OF,Nook Logan,2006,"N,Washington,Nationals"
lombg001,Lombard,George,L,R,WAS,OF,George Lombard,2006,"N,Washington,Nationals"
lopef001,Lopez,Felipe,B,R,WAS,SS,Felipe Lopez,2006,"N,Washington,Nationals"
majeg001,Majewski,Gary,R,R,WAS,P,Gary Majewski,2006,"N,Washington,Nationals"
mateh001,Mateo,Henry,B,R,WAS,SS,Henry Mateo,2006,"N,Washington,Nationals"
matol001,Matos,Luis,R,R,WAS,OF,Luis Matos,2006,"N,Washington,Nationals"
oconm001,O'Connor,Mike,L,L,WAS,P,Mike O'Connor,2006,"N,Washington,Nationals"
ortir002,Ortiz,Ramon,R,R,WAS,P,Ramon Ortiz,2006,"N,Washington,Nationals"
pattj004,Patterson,John,R,R,WAS,P,John Patterson,2006,"N,Washington,Nationals"
pereb001,Perez,Beltran,R,R,WAS,P,Beltran Perez,2006,"N,Washington,Nationals"
ramis001,Ramirez,Santiago,R,R,WAS,P,Santiago Ramirez,2006,"N,Washington,Nationals"
raucj001,Rauch,Jon,R,R,WAS,P,Jon Rauch,2006,"N,Washington,Nationals"
rives001,Rivera,Saul,B,R,WAS,P,Saul Rivera,2006,"N,Washington,Nationals"
rodrf002,Rodriguez,Felix,R,R,WAS,P,Felix Rodriguez,2006,"N,Washington,Nationals"
schnb001,Schneider,Brian,L,R,WAS,C,Brian Schneider,2006,"N,Washington,Nationals"
schrc001,Schroder,Chris,R,R,WAS,P,Chris Schroder,2006,"N,Washington,Nationals"
soria001,Soriano,Alfonso,R,R,WAS,OF,Alfonso Soriano,2006,"N,Washington,Nationals"
stanm003,Stanton,Mike,L,L,WAS,P,Mike Stanton,2006,"N,Washington,Nationals"
trabb001,Traber,Billy,L,L,WAS,P,Billy Traber,2006,"N,Washington,Nationals"
ventm001,Vento,Mike,R,R,WAS,OF,Mike Vento,2006,"N,Washington,Nationals"
vidrj001,Vidro,Jose,B,R,WAS,2B,Jose Vidro,2006,"N,Washington,Nationals"
wagnr001,Wagner,Ryan,R,R,WAS,P,Ryan Wagner,2006,"N,Washington,Nationals"
wardd002,Ward,Daryle,L,L,WAS,OF,Daryle Ward,2006,"N,Washington,Nationals"
watsb002,Watson,Brandon,L,R,WAS,OF,Brandon Watson,2006,"N,Washington,Nationals"
zimmr001,Zimmerman,Ryan,R,R,WAS,3B,Ryan Zimmerman,2006,"N,Washington,Nationals"
accaj001,Accardo,Jeremy,R,R,TOR,P,Jeremy Accardo,2006,"A,Toronto,Blue Jays"
adamr002,Adams,Russ,L,R,TOR,2B,Russ Adams,2006,"A,Toronto,Blue Jays"
alfoe001,Alfonzo,Edgardo,R,R,TOR,2B,Edgardo Alfonzo,2006,"A,Toronto,Blue Jays"
barkk001,Barker,Kevin,L,L,TOR,DH,Kevin Barker,2006,"A,Toronto,Blue Jays"
burna001,Burnett,A.J.,R,R,TOR,P,A.J. Burnett,2006,"A,Toronto,Blue Jays"
cataf001,Catalanotto,Frank,L,R,TOR,OF,Frank Catalanotto,2006,"A,Toronto,Blue Jays"
chacg001,Chacin,Gustavo,L,L,TOR,P,Gustavo Chacin,2006,"A,Toronto,Blue Jays"
chulv001,Chulk,Vinnie,R,R,TOR,P,Vinnie Chulk,2006,"A,Toronto,Blue Jays"
downs001,Downs,Scott,L,L,TOR,P,Scott Downs,2006,"A,Toronto,Blue Jays"
figul001,Figueroa,Luis,B,R,TOR,2B,Luis Figueroa,2006,"A,Toronto,Blue Jays"
frasj002,Frasor,Jason,R,R,TOR,P,Jason Frasor,2006,"A,Toronto,Blue Jays"
glaut001,Glaus,Troy,R,R,TOR,3B,Troy Glaus,2006,"A,Toronto,Blue Jays"
hallr001,Halladay,Roy,R,R,TOR,P,Roy Halladay,2006,"A,Toronto,Blue Jays"
hattj001,Hattig,John,B,R,TOR,3B,John Hattig,2006,"A,Toronto,Blue Jays"
hilla001,Hill,Aaron,R,R,TOR,2B,Aaron Hill,2006,"A,Toronto,Blue Jays"
hills002,Hillenbrand,Shea,R,R,TOR,DH,Shea Hillenbrand,2006,"A,Toronto,Blue Jays"
hinse001,Hinske,Eric,L,R,TOR,OF,Eric Hinske,2006,"A,Toronto,Blue Jays"
jansc001,Janssen,Casey,R,R,TOR,P,Casey Janssen,2006,"A,Toronto,Blue Jays"
johnr008,Johnson,Reed,R,R,TOR,OF,Reed Johnson,2006,"A,Toronto,Blue Jays"
leagb001,League,Brandon,R,R,TOR,P,Brandon League,2006,"A,Toronto,Blue Jays"
lillt001,Lilly,Ted,L,L,TOR,P,Ted Lilly,2006,"A,Toronto,Blue Jays"
linda001,Lind,Adam,L,L,TOR,DH,Adam Lind,2006,"A,Toronto,Blue Jays"
marcs001,Marcum,Shaun,R,R,TOR,P,Shaun Marcum,2006,"A,Toronto,Blue Jays"
mcdoj003,McDonald,John,R,R,TOR,SS,John McDonald,2006,"A,Toronto,Blue Jays"
mcgod001,McGowan,Dustin,R,R,TOR,P,Dustin McGowan,2006,"A,Toronto,Blue Jays"
molib001,Molina,Bengie,R,R,TOR,C,Bengie Molina,2006,"A,Toronto,Blue Jays"
mottc001,Mottola,Chad,R,R,TOR,OF,Chad Mottola,2006,"A,Toronto,Blue Jays"
overl001,Overbay,Lyle,L,L,TOR,1B,Lyle Overbay,2006,"A,Toronto,Blue Jays"
philj003,Phillips,Jason,R,R,TOR,C,Jason Phillips,2006,"A,Toronto,Blue Jays"
riosa002,Rios,Alex,R,R,TOR,OF,Alex Rios,2006,"A,Toronto,Blue Jays"
rober002,Roberts,Ryan,R,R,TOR,2B,Ryan Roberts,2006,"A,Toronto,Blue Jays"
romed001,Romero,Davis,L,L,TOR,P,Davis Romero,2006,"A,Toronto,Blue Jays"
rosaf001,Rosario,Francisco,R,R,TOR,P,Francisco Rosario,2006,"A,Toronto,Blue Jays"
ryanb001,Ryan,B.J.,L,L,TOR,P,B.J. Ryan,2006,"A,Toronto,Blue Jays"
schos001,Schoeneweis,Scott,L,L,TOR,P,Scott Schoeneweis,2006,"A,Toronto,Blue Jays"
speij001,Speier,Justin,R,R,TOR,P,Justin Speier,2006,"A,Toronto,Blue Jays"
tallb001,Tallet,Brian,L,L,TOR,P,Brian Tallet,2006,"A,Toronto,Blue Jays"
taubt001,Taubenheim,Ty,R,R,TOR,P,Ty Taubenheim,2006,"A,Toronto,Blue Jays"
towej001,Towers,Josh,R,R,TOR,P,Josh Towers,2006,"A,Toronto,Blue Jays"
walkp001,Walker,Pete,R,R,TOR,P,Pete Walker,2006,"A,Toronto,Blue Jays"
wellv001,Wells,Vernon,R,R,TOR,OF,Vernon Wells,2006,"A,Toronto,Blue Jays"
zaung001,Zaun,Gregg,B,R,TOR,C,Gregg Zaun,2006,"A,Toronto,Blue Jays"
aquig001,Aquino,Greg,R,R,ARI,P,Greg Aquino,2006,"N,Arizona,Diamondbacks"
bajej001,Bajenaru,Jeff,R,R,ARI,P,Jeff Bajenaru,2006,"N,Arizona,Diamondbacks"
batim001,Batista,Miguel,R,R,ARI,P,Miguel Batista,2006,"N,Arizona,Diamondbacks"
byrne001,Byrnes,Eric,R,R,ARI,OF,Eric Byrnes,2006,"N,Arizona,Diamondbacks"
calla001,Callaspo,Alberto,B,R,ARI,SS,Alberto Callaspo,2006,"N,Arizona,Diamondbacks"
choar001,Choate,Randy,L,L,ARI,P,Randy Choate,2006,"N,Arizona,Diamondbacks"
clart002,Clark,Tony,B,R,ARI,1B,Tony Clark,2006,"N,Arizona,Diamondbacks"
counc001,Counsell,Craig,L,R,ARI,SS,Craig Counsell,2006,"N,Arizona,Diamondbacks"
cruzj005,Cruz,Juan,R,R,ARI,P,Juan Cruz,2006,"N,Arizona,Diamondbacks"
daigc001,Daigle,Casey,R,R,ARI,P,Casey Daigle,2006,"N,Arizona,Diamondbacks"
davaj001,DaVanon,Jeff,B,R,ARI,OF,Jeff DaVanon,2006,"N,Arizona,Diamondbacks"
drews001,Drew,Stephen,L,R,ARI,SS,Stephen Drew,2006,"N,Arizona,Diamondbacks"
easld001,Easley,Damion,R,R,ARI,SS,Damion Easley,2006,"N,Arizona,Diamondbacks"
estrj001,Estrada,Johnny,B,R,ARI,C,Johnny Estrada,2006,"N,Arizona,Diamondbacks"
gonze001,Gonzalez,Edgar,R,R,ARI,P,Edgar Gonzalez,2006,"N,Arizona,Diamondbacks"
gonze002,Gonzalez,Enrique,R,R,ARI,P,Enrique Gonzalez,2006,"N,Arizona,Diamondbacks"
gonzl001,Gonzalez,Luis,L,R,ARI,OF,Luis Gonzalez,2006,"N,Arizona,Diamondbacks"
greea001,Green,Andy,R,R,ARI,3B,Andy Green,2006,"N,Arizona,Diamondbacks"
grees001,Green,Shawn,L,L,ARI,OF,Shawn Green,2006,"N,Arizona,Diamondbacks"
grimj001,Grimsley,Jason,R,R,ARI,P,Jason Grimsley,2006,"N,Arizona,Diamondbacks"
hairs001,Hairston,Scott,R,R,ARI,OF,Scott Hairston,2006,"N,Arizona,Diamondbacks"
hammr001,Hammock,Robby,R,R,ARI,1B,Robby Hammock,2006,"N,Arizona,Diamondbacks"
hernl003,Hernandez,Livan,R,R,ARI,P,Livan Hernandez,2006,"N,Arizona,Diamondbacks"
herno001,Hernandez,Orlando,R,R,ARI,P,Orlando Hernandez,2006,"N,Arizona,Diamondbacks"
hudso001,Hudson,Orlando,B,R,ARI,2B,Orlando Hudson,2006,"N,Arizona,Diamondbacks"
jackc002,Jackson,Conor,R,R,ARI,1B,Conor Jackson,2006,"N,Arizona,Diamondbacks"
jarvk001,Jarvis,Kevin,L,R,ARI,P,Kevin Jarvis,2006,"N,Arizona,Diamondbacks"
julij001,Julio,Jorge,R,R,ARI,P,Jorge Julio,2006,"N,Arizona,Diamondbacks"
koplm001,Koplove,Mike,R,R,ARI,P,Mike Koplove,2006,"N,Arizona,Diamondbacks"
lyonb003,Lyon,Brandon,R,R,ARI,P,Brandon Lyon,2006,"N,Arizona,Diamondbacks"
meddb001,Medders,Brandon,R,R,ARI,P,Brandon Medders,2006,"N,Arizona,Diamondbacks"
montm001,Montero,Miguel,L,R,ARI,C,Miguel Montero,2006,"N,Arizona,Diamondbacks"
mulht001,Mulholland,Terry,R,L,ARI,P,Terry Mulholland,2006,"N,Arizona,Diamondbacks"
nippd001,Nippert,Dustin,R,R,ARI,P,Dustin Nippert,2006,"N,Arizona,Diamondbacks"
ortir001,Ortiz,Russ,R,R,ARI,P,Russ Ortiz,2006,"N,Arizona,Diamondbacks"
penat003,Pena,Tony,R,R,ARI,P,Tony Pena,2006,"N,Arizona,Diamondbacks"
quenc001,Quentin,Carlos,R,R,ARI,OF,Carlos Quentin,2006,"N,Arizona,Diamondbacks"
slatd001,Slaten,Doug,L,L,ARI,P,Doug Slaten,2006,"N,Arizona,Diamondbacks"
snydc002,Snyder,Chris,R,R,ARI,C,Chris Snyder,2006,"N,Arizona,Diamondbacks"
tracc001,Tracy,Chad,L,R,ARI,3B,Chad Tracy,2006,"N,Arizona,Diamondbacks"
valvj001,Valverde,Jose,R,R,ARI,P,Jose Valverde,2006,"N,Arizona,Diamondbacks"
vargc001,Vargas,Claudio,R,R,ARI,P,Claudio Vargas,2006,"N,Arizona,Diamondbacks"
vizcl001,Vizcaino,Luis,R,R,ARI,P,Luis Vizcaino,2006,"N,Arizona,Diamondbacks"
webbb001,Webb,Brandon,R,R,ARI,P,Brandon Webb,2006,"N,Arizona,Diamondbacks"
younc004,Young,Chris,R,R,ARI,OF,Chris Young,2006,"N,Arizona,Diamondbacks"
bannb001,Bannister,Brian,R,R,NYN,P,Brian Bannister,2006,"N,New York,Mets"
bellh001,Bell,Heath,R,R,NYN,P,Heath Bell,2006,"N,New York,Mets"
beltc001,Beltran,Carlos,B,R,NYN,OF,Carlos Beltran,2006,"N,New York,Mets"
bradc001,Bradford,Chad,R,R,NYN,P,Chad Bradford,2006,"N,New York,Mets"
castr002,Castro,Ramon,R,R,NYN,C,Ramon Castro,2006,"N,New York,Mets"
chave002,Chavez,Endy,L,L,NYN,OF,Endy Chavez,2006,"N,New York,Mets"
delgc001,Delgado,Carlos,L,R,NYN,1B,Carlos Delgado,2006,"N,New York,Mets"
diazv001,Diaz,Victor,R,R,NYN,OF,Victor Diaz,2006,"N,New York,Mets"
difem001,Difelice,Mike,R,R,NYN,C,Mike Difelice,2006,"N,New York,Mets"
felip002,Feliciano,Pedro,L,L,NYN,P,Pedro Feliciano,2006,"N,New York,Mets"
floyc001,Floyd,Cliff,L,R,NYN,OF,Cliff Floyd,2006,"N,New York,Mets"
fortb001,Fortunato,Bartolome,R,R,NYN,P,Bartolome Fortunato,2006,"N,New York,Mets"
franj002,Franco,Julio,R,R,NYN,1B,Julio Franco,2006,"N,New York,Mets"
glavt001,Glavine,Tom,L,L,NYN,P,Tom Glavine,2006,"N,New York,Mets"
gonzj003,Gonzalez,Geremi,R,R,NYN,P,Geremi Gonzalez,2006,"N,New York,Mets"
grees001,Green,Shawn,L,L,NYN,OF,Shawn Green,2006,"N,New York,Mets"
heila001,Heilman,Aaron,R,R,NYN,P,Aaron Heilman,2006,"N,New York,Mets"
herna003,Hernandez,Anderson,B,R,NYN,2B,Anderson Hernandez,2006,"N,New York,Mets"
herno001,Hernandez,Orlando,R,R,NYN,P,Orlando Hernandez,2006,"N,New York,Mets"
hernr001,Hernandez,Roberto,R,R,NYN,P,Roberto Hernandez,2006,"N,New York,Mets"
humbp001,Humber,Philip,R,R,NYN,P,Philip Humber,2006,"N,New York,Mets"
julij001,Julio,Jorge,R,R,NYN,P,Jorge Julio,2006,"N,New York,Mets"
leder001,Ledee,Ricky,L,L,NYN,OF,Ricky Ledee,2006,"N,New York,Mets"
limaj001,Lima,Jose,R,R,NYN,P,Jose Lima,2006,"N,New York,Mets"
lodup001,Lo Duca,Paul,R,R,NYN,C,Paul Lo Duca,2006,"N,New York,Mets"
mainj001,Maine,John,R,R,NYN,P,John Maine,2006,"N,New York,Mets"
marre001,Marrero,Eli,R,R,NYN,OF,Eli Marrero,2006,"N,New York,Mets"
martp001,Martinez,Pedro,R,R,NYN,P,Pedro Martinez,2006,"N,New York,Mets"
matsk001,Matsui,Kazuo,B,R,NYN,2B,Kazuo Matsui,2006,"N,New York,Mets"
milll002,Milledge,Lastings,R,R,NYN,OF,Lastings Milledge,2006,"N,New York,Mets"
motag001,Mota,Guillermo,R,R,NYN,P,Guillermo Mota,2006,"N,New York,Mets"
nadyx001,Nady,Xavier,R,R,NYN,OF,Xavier Nady,2006,"N,New York,Mets"
olivd001,Oliver,Darren,R,L,NYN,P,Darren Oliver,2006,"N,New York,Mets"
owenh001,Owens,Henry,R,R,NYN,P,Henry Owens,2006,"N,New York,Mets"
pelfm001,Pelfrey,Mike,R,R,NYN,P,Mike Pelfrey,2006,"N,New York,Mets"
pereo002,Perez,Oliver,L,L,NYN,P,Oliver Perez,2006,"N,New York,Mets"
reyej001,Reyes,Jose,B,R,NYN,SS,Jose Reyes,2006,"N,New York,Mets"
ringr001,Ring,Royce,L,L,NYN,P,Royce Ring,2006,"N,New York,Mets"
sancd001,Sanchez,Duaner,R,R,NYN,P,Duaner Sanchez,2006,"N,New York,Mets"
solea001,Soler,Alay,R,R,NYN,P,Alay Soler,2006,"N,New York,Mets"
stink001,Stinnett,Kelly,R,R,NYN,C,Kelly Stinnett,2006,"N,New York,Mets"
tracs001,Trachsel,Steve,R,R,NYN,P,Steve Trachsel,2006,"N,New York,Mets"
tuckm001,Tucker,Michael,L,R,NYN,OF,Michael Tucker,2006,"N,New York,Mets"
valej003,Valentin,Jose,B,R,NYN,2B,Jose Valentin,2006,"N,New York,Mets"
wagnb001,Wagner,Billy,L,L,NYN,P,Billy Wagner,2006,"N,New York,Mets"
willd002,Williams,David,L,L,NYN,P,David Williams,2006,"N,New York,Mets"
woodc001,Woodward,Chris,R,R,NYN,2B,Chris Woodward,2006,"N,New York,Mets"
wrigd002,Wright,David,R,R,NYN,3B,David Wright,2006,"N,New York,Mets"
zambv001,Zambrano,Victor,B,R,NYN,P,Victor Zambrano,2006,"N,New York,Mets"
