player_id,last,first,bats,throws,team_id,pos,player_name,year,team_name
alleb105,Allen,Bernie,L,R,WS2,2B,Bernie Allen,1970,"A,Washington,Senators"
alleh104,Allen,Hank,R,R,WS2,OF,Hank Allen,1970,"A,Washington,Senators"
biitl101,Biittner,Larry,L,L,WS2,PH,Larry Biittner,1970,"A,Washington,Senators"
billd101,Billings,Dick,R,R,WS2,C,Dick Billings,1970,"A,Washington,Senators"
bosmd101,Bosman,Dick,R,R,WS2,P,Dick Bosman,1970,"A,Washington,Senators"
brine101,Brinkman,Ed,R,R,WS2,SS,Ed Brinkman,1970,"A,Washington,Senators"
browj109,Brown,Jackie,R,R,WS2,P,Jackie Brown,1970,"A,Washington,Senators"
brung101,Brunet,George,R,L,WS2,P,George Brunet,1970,"A,Washington,Senators"
burrj001,Burroughs,Jeff,R,R,WS2,OF,Jeff Burroughs,1970,"A,Washington,Senators"
carlc102,Carlos,Cisco,R,R,WS2,P,Cisco Carlos,1970,"A,Washington,Senators"
casap101,Casanova,Paul,R,R,WS2,C,Paul Casanova,1970,"A,Washington,Senators"
colej102,Coleman,Joe,R,R,WS2,P,Joe Coleman,1970,"A,Washington,Senators"
comew101,Comer,Wayne,R,R,WS2,OF,Wayne Comer,1970,"A,Washington,Senators"
cox-c101,Cox,Casey,R,R,WS2,P,Casey Cox,1970,"A,Washington,Senators"
cullt101,Cullen,Tim,R,R,WS2,2B,Tim Cullen,1970,"A,Washington,Senators"
dukej101,Dukes,Jan,L,L,WS2,P,Jan Dukes,1970,"A,Washington,Senators"
epstm101,Epstein,Mike,L,L,WS2,1B,Mike Epstein,1970,"A,Washington,Senators"
frenj101,French,Jim,L,R,WS2,C,Jim French,1970,"A,Washington,Senators"
gogob101,Gogolewski,Bill,L,R,WS2,P,Bill Gogolewski,1970,"A,Washington,Senators"
goosg101,Goossen,Greg,R,R,WS2,OF,Greg Goossen,1970,"A,Washington,Senators"
griet101,Grieve,Tom,R,R,WS2,OF,Tom Grieve,1970,"A,Washington,Senators"
grzej101,Grzenda,Joe,R,L,WS2,P,Joe Grzenda,1970,"A,Washington,Senators"
hannj102,Hannan,Jim,R,R,WS2,P,Jim Hannan,1970,"A,Washington,Senators"
howaf102,Howard,Frank,R,R,WS2,OF,Frank Howard,1970,"A,Washington,Senators"
humpb102,Humphreys,Bob,R,R,WS2,P,Bob Humphreys,1970,"A,Washington,Senators"
knowd101,Knowles,Darold,L,L,WS2,P,Darold Knowles,1970,"A,Washington,Senators"
mayel101,Maye,Lee,L,R,WS2,OF,Lee Maye,1970,"A,Washington,Senators"
mcmuk101,McMullen,Ken,R,R,WS2,3B,Ken McMullen,1970,"A,Washington,Senators"
nelsd101,Nelson,Dave,R,R,WS2,2B,Dave Nelson,1970,"A,Washington,Senators"
nen-d101,Nen,Dick,L,L,WS2,1B,Dick Nen,1970,"A,Washington,Senators"
pinah101,Pina,Horacio,R,R,WS2,P,Horacio Pina,1970,"A,Washington,Senators"
ramop101,Ramos,Pedro,B,R,WS2,P,Pedro Ramos,1970,"A,Washington,Senators"
reicr101,Reichardt,Rick,R,R,WS2,OF,Rick Reichardt,1970,"A,Washington,Senators"
riddd102,Riddleberger,Denny,R,L,WS2,P,Denny Riddleberger,1970,"A,Washington,Senators"
rodra101,Rodriguez,Aurelio,R,R,WS2,3B,Aurelio Rodriguez,1970,"A,Washington,Senators"
rosej101,Roseboro,John,L,R,WS2,C,John Roseboro,1970,"A,Washington,Senators"
shelj101,Shellenback,Jim,L,L,WS2,P,Jim Shellenback,1970,"A,Washington,Senators"
stroe101,Stroud,Ed,L,R,WS2,OF,Ed Stroud,1970,"A,Washington,Senators"
suchd101,Such,Dick,L,R,WS2,P,Dick Such,1970,"A,Washington,Senators"
unsed101,Unser,Del,L,L,WS2,OF,Del Unser,1970,"A,Washington,Senators"
aaroh101,Aaron,Hank,R,R,ATL,OF,Hank Aaron,1970,"N,Atlanta,Braves"
aarot101,Aaron,Tommie,R,R,ATL,1B,Tommie Aaron,1970,"N,Atlanta,Braves"
asprb101,Aspromonte,Bob,R,R,ATL,3B,Bob Aspromonte,1970,"N,Atlanta,Braves"
baked002,Baker,Dusty,R,R,ATL,OF,Dusty Baker,1970,"N,Atlanta,Braves"
barbs102,Barber,Steve,L,L,ATL,P,Steve Barber,1970,"N,Atlanta,Braves"
boyec102,Boyer,Clete,R,R,ATL,3B,Clete Boyer,1970,"N,Atlanta,Braves"
browo101,Brown,Oscar,R,R,ATL,OF,Oscar Brown,1970,"N,Atlanta,Braves"
cardd101,Cardwell,Don,R,R,ATL,P,Don Cardwell,1970,"N,Atlanta,Braves"
cartr101,Carty,Rico,R,R,ATL,OF,Rico Carty,1970,"N,Atlanta,Braves"
cepeo101,Cepeda,Orlando,R,R,ATL,1B,Orlando Cepeda,1970,"N,Atlanta,Braves"
didib101,Didier,Bob,B,R,ATL,C,Bob Didier,1970,"N,Atlanta,Braves"
evand001,Evans,Darrell,L,R,ATL,3B,Darrell Evans,1970,"N,Atlanta,Braves"
garrg101,Garrido,Gil,R,R,ATL,SS,Gil Garrido,1970,"N,Atlanta,Braves"
garrr101,Garr,Ralph,L,R,ATL,OF,Ralph Garr,1970,"N,Atlanta,Braves"
gatea101,Gatewood,Aubrey,R,R,ATL,P,Aubrey Gatewood,1970,"N,Atlanta,Braves"
gonzt101,Gonzalez,Tony,L,R,ATL,OF,Tony Gonzalez,1970,"N,Atlanta,Braves"
hallj107,Hall,Jimmie,L,R,ATL,OF,Jimmie Hall,1970,"N,Atlanta,Braves"
jacks102,Jackson,Sonny,L,R,ATL,SS,Sonny Jackson,1970,"N,Atlanta,Braves"
jarvp101,Jarvis,Pat,R,R,ATL,P,Pat Jarvis,1970,"N,Atlanta,Braves"
jastl101,Jaster,Larry,L,L,ATL,P,Larry Jaster,1970,"N,Atlanta,Braves"
kestr101,Kester,Rick,R,R,ATL,P,Rick Kester,1970,"N,Atlanta,Braves"
kingh102,King,Hal,L,R,ATL,C,Hal King,1970,"N,Atlanta,Braves"
klinr102,Kline,Ron,R,R,ATL,P,Ron Kline,1970,"N,Atlanta,Braves"
lum-m101,Lum,Mike,L,L,ATL,OF,Mike Lum,1970,"N,Atlanta,Braves"
mcqum103,McQueen,Mike,L,L,ATL,P,Mike McQueen,1970,"N,Atlanta,Braves"
millf105,Millan,Felix,R,R,ATL,2B,Felix Millan,1970,"N,Atlanta,Braves"
nashj101,Nash,Jim,R,R,ATL,P,Jim Nash,1970,"N,Atlanta,Braves"
navaj101,Navarro,Julio,R,R,ATL,P,Julio Navarro,1970,"N,Atlanta,Braves"
neibg101,Neibauer,Gary,R,R,ATL,P,Gary Neibauer,1970,"N,Atlanta,Braves"
niekp001,Niekro,Phil,R,R,ATL,P,Phil Niekro,1970,"N,Atlanta,Braves"
pappm101,Pappas,Milt,R,R,ATL,P,Milt Pappas,1970,"N,Atlanta,Braves"
pridb101,Priddy,Bob,R,R,ATL,P,Bob Priddy,1970,"N,Atlanta,Braves"
reedr001,Reed,Ron,R,R,ATL,P,Ron Reed,1970,"N,Atlanta,Braves"
stong102,Stone,George,L,L,ATL,P,George Stone,1970,"N,Atlanta,Braves"
tillb101,Tillman,Bob,R,R,ATL,C,Bob Tillman,1970,"N,Atlanta,Braves"
wilhh101,Wilhelm,Hoyt,R,R,ATL,P,Hoyt Wilhelm,1970,"N,Atlanta,Braves"
wille101,Williams,Earl,R,R,ATL,1B,Earl Williams,1970,"N,Atlanta,Braves"
akerj102,Aker,Jack,R,R,NYA,P,Jack Aker,1970,"A,New York,Yankees"
bahns101,Bahnsen,Stan,R,R,NYA,P,Stan Bahnsen,1970,"A,New York,Yankees"
bakef101,Baker,Frank,L,R,NYA,SS,Frank Baker,1970,"A,New York,Yankees"
blefc101,Blefary,Curt,L,R,NYA,OF,Curt Blefary,1970,"A,New York,Yankees"
burbb101,Burbach,Bill,R,R,NYA,P,Bill Burbach,1970,"A,New York,Yankees"
cated101,Cater,Danny,R,R,NYA,1B,Danny Cater,1970,"A,New York,Yankees"
clarh101,Clarke,Horace,B,R,NYA,2B,Horace Clarke,1970,"A,New York,Yankees"
colsl101,Colson,Loyd,R,R,NYA,P,Loyd Colson,1970,"A,New York,Yankees"
cumbj101,Cumberland,John,R,L,NYA,P,John Cumberland,1970,"A,New York,Yankees"
ellij101,Ellis,John,R,R,NYA,1B,John Ellis,1970,"A,New York,Yankees"
gardr101,Gardner,Rob,R,L,NYA,P,Rob Gardner,1970,"A,New York,Yankees"
gibbj101,Gibbs,Jake,L,R,NYA,C,Jake Gibbs,1970,"A,New York,Yankees"
hamis101,Hamilton,Steve,L,L,NYA,P,Steve Hamilton,1970,"A,New York,Yankees"
hansr102,Hansen,Ron,R,R,NYA,SS,Ron Hansen,1970,"A,New York,Yankees"
joneg102,Jones,Gary,L,L,NYA,P,Gary Jones,1970,"A,New York,Yankees"
kekim101,Kekich,Mike,R,L,NYA,P,Mike Kekich,1970,"A,New York,Yankees"
kennj103,Kenney,Jerry,L,R,NYA,3B,Jerry Kenney,1970,"A,New York,Yankees"
klimr101,Klimkowski,Ron,R,R,NYA,P,Ron Klimkowski,1970,"A,New York,Yankees"
klins101,Kline,Steve,R,R,NYA,P,Steve Kline,1970,"A,New York,Yankees"
lyttj101,Lyttle,Jim,L,R,NYA,OF,Jim Lyttle,1970,"A,New York,Yankees"
mccom103,McCormick,Mike,L,L,NYA,P,Mike McCormick,1970,"A,New York,Yankees"
mcdal101,McDaniel,Lindy,R,R,NYA,P,Lindy McDaniel,1970,"A,New York,Yankees"
michg101,Michael,Gene,B,R,NYA,SS,Gene Michael,1970,"A,New York,Yankees"
mitcb102,Mitchell,Bobby,R,R,NYA,OF,Bobby Mitchell,1970,"A,New York,Yankees"
munst101,Munson,Thurman,R,R,NYA,C,Thurman Munson,1970,"A,New York,Yankees"
murcb101,Murcer,Bobby,L,R,NYA,OF,Bobby Murcer,1970,"A,New York,Yankees"
petef101,Peterson,Fritz,B,L,NYA,P,Fritz Peterson,1970,"A,New York,Yankees"
stotm101,Stottlemyre,Mel,R,R,NYA,P,Mel Stottlemyre,1970,"A,New York,Yankees"
tepef101,Tepedino,Frank,L,L,NYA,1B,Frank Tepedino,1970,"A,New York,Yankees"
verbj101,Verbanic,Joe,R,R,NYA,P,Joe Verbanic,1970,"A,New York,Yankees"
wardp102,Ward,Pete,L,R,NYA,1B,Pete Ward,1970,"A,New York,Yankees"
waslg101,Waslewski,Gary,R,R,NYA,P,Gary Waslewski,1970,"A,New York,Yankees"
whitr101,White,Roy,B,R,NYA,OF,Roy White,1970,"A,New York,Yankees"
woodr102,Woods,Ron,R,R,NYA,OF,Ron Woods,1970,"A,New York,Yankees"
abert101,Abernathy,Ted,R,R,KCA,P,Ted Abernathy,1970,"A,Kansas City,Royals"
adaij101,Adair,Jerry,R,R,KCA,2B,Jerry Adair,1970,"A,Kansas City,Royals"
alcal101,Alcaraz,Luis,R,R,KCA,2B,Luis Alcaraz,1970,"A,Kansas City,Royals"
bunkw101,Bunker,Wally,R,R,KCA,P,Wally Bunker,1970,"A,Kansas City,Royals"
burgt001,Burgmeier,Tom,L,L,KCA,P,Tom Burgmeier,1970,"A,Kansas City,Royals"
butlb101,Butler,Bill,L,L,KCA,P,Bill Butler,1970,"A,Kansas City,Royals"
campj105,Campanis,Jim,R,R,KCA,C,Jim Campanis,1970,"A,Kansas City,Royals"
drabm101,Drabowsky,Moe,R,R,KCA,P,Moe Drabowsky,1970,"A,Kansas City,Royals"
dragd101,Drago,Dick,R,R,KCA,P,Dick Drago,1970,"A,Kansas City,Royals"
fiorm101,Fiore,Mike,L,L,KCA,1B,Mike Fiore,1970,"A,Kansas City,Royals"
fitza101,Fitzmorris,Al,B,R,KCA,P,Al Fitzmorris,1970,"A,Kansas City,Royals"
floyb101,Floyd,Bobby,R,R,KCA,SS,Bobby Floyd,1970,"A,Kansas City,Royals"
hedlm101,Hedlund,Mike,R,R,KCA,P,Mike Hedlund,1970,"A,Kansas City,Royals"
hernj102,Hernandez,Jackie,R,R,KCA,SS,Jackie Hernandez,1970,"A,Kansas City,Royals"
johnb103,Johnson,Bob,L,R,KCA,P,Bob Johnson,1970,"A,Kansas City,Royals"
kellp101,Kelly,Pat,L,L,KCA,OF,Pat Kelly,1970,"A,Kansas City,Royals"
keouj101,Keough,Joe,L,L,KCA,OF,Joe Keough,1970,"A,Kansas City,Royals"
kirke102,Kirkpatrick,Ed,L,R,KCA,C,Ed Kirkpatrick,1970,"A,Kansas City,Royals"
martb001,Martinez,Buck,R,R,KCA,C,Buck Martinez,1970,"A,Kansas City,Royals"
matct101,Matchick,Tommy,L,R,KCA,SS,Tommy Matchick,1970,"A,Kansas City,Royals"
monta103,Monteagudo,Aurelio,R,R,KCA,P,Aurelio Monteagudo,1970,"A,Kansas City,Royals"
mored103,Morehead,Dave,R,R,KCA,P,Dave Morehead,1970,"A,Kansas City,Royals"
nelsr101,Nelson,Roger,R,R,KCA,P,Roger Nelson,1970,"A,Kansas City,Royals"
olivb101,Oliver,Bob,R,R,KCA,1B,Bob Oliver,1970,"A,Kansas City,Royals"
orild101,O'Riley,Don,R,R,KCA,P,Don O'Riley,1970,"A,Kansas City,Royals"
otisa001,Otis,Amos,R,R,KCA,OF,Amos Otis,1970,"A,Kansas City,Royals"
pinil001,Piniella,Lou,R,R,KCA,OF,Lou Piniella,1970,"A,Kansas City,Royals"
rodre101,Rodriguez,Ellie,R,R,KCA,C,Ellie Rodriguez,1970,"A,Kansas City,Royals"
rojac101,Rojas,Cookie,R,R,KCA,2B,Cookie Rojas,1970,"A,Kansas City,Royals"
rookj101,Rooker,Jim,R,L,KCA,P,Jim Rooker,1970,"A,Kansas City,Royals"
schap101,Schaal,Paul,R,R,KCA,3B,Paul Schaal,1970,"A,Kansas City,Royals"
sever101,Severson,Rich,R,R,KCA,SS,Rich Severson,1970,"A,Kansas City,Royals"
sorrb101,Sorrell,Billy,L,R,KCA,3B,Billy Sorrell,1970,"A,Kansas City,Royals"
splip001,Splittorff,Paul,L,L,KCA,P,Paul Splittorff,1970,"A,Kansas City,Royals"
sprig101,Spriggs,George,L,R,KCA,OF,George Spriggs,1970,"A,Kansas City,Royals"
taylh102,Taylor,Hawk,R,R,KCA,C,Hawk Taylor,1970,"A,Kansas City,Royals"
wrigk101,Wright,Ken,R,R,KCA,P,Ken Wright,1970,"A,Kansas City,Royals"
yorkj101,York,Jim,R,R,KCA,P,Jim York,1970,"A,Kansas City,Royals"
bondb101,Bonds,Bobby,R,R,SFN,OF,Bobby Bonds,1970,"N,San Francisco,Giants"
bryar101,Bryant,Ron,B,L,SFN,P,Ron Bryant,1970,"N,San Francisco,Giants"
burdb102,Burda,Bob,L,L,SFN,1B,Bob Burda,1970,"N,San Francisco,Giants"
carrd104,Carrithers,Don,R,R,SFN,P,Don Carrithers,1970,"N,San Francisco,Giants"
cumbj101,Cumberland,John,R,L,SFN,P,John Cumberland,1970,"N,San Francisco,Giants"
davej101,Davenport,Jim,R,R,SFN,3B,Jim Davenport,1970,"N,San Francisco,Giants"
davim101,Davison,Mike,L,L,SFN,P,Mike Davison,1970,"N,San Francisco,Giants"
dietd101,Dietz,Dick,R,R,SFN,C,Dick Dietz,1970,"N,San Francisco,Giants"
faulb101,Faul,Bill,R,R,SFN,P,Bill Faul,1970,"N,San Francisco,Giants"
fostg001,Foster,George,R,R,SFN,OF,George Foster,1970,"N,San Francisco,Giants"
fuent101,Fuentes,Tito,B,R,SFN,2B,Tito Fuentes,1970,"N,San Francisco,Giants"
galla101,Gallagher,Al,R,R,SFN,3B,Al Gallagher,1970,"N,San Francisco,Giants"
gibsr102,Gibson,Russ,R,R,SFN,C,Russ Gibson,1970,"N,San Francisco,Giants"
goode101,Goodson,Ed,L,R,SFN,1B,Ed Goodson,1970,"N,San Francisco,Giants"
hartj102,Hart,Jim Ray,R,R,SFN,3B,Jim Ray Hart,1970,"N,San Francisco,Giants"
heisb101,Heise,Bob,R,R,SFN,SS,Bob Heise,1970,"N,San Francisco,Giants"
hendk101,Henderson,Ken,B,R,SFN,OF,Ken Henderson,1970,"N,San Francisco,Giants"
huntr101,Hunt,Ron,R,R,SFN,2B,Ron Hunt,1970,"N,San Francisco,Giants"
johnf103,Johnson,Frank,R,R,SFN,OF,Frank Johnson,1970,"N,San Francisco,Giants"
johnj104,Johnson,Jerry,R,R,SFN,P,Jerry Johnson,1970,"N,San Francisco,Giants"
johnj105,Johnson,Jim,L,L,SFN,P,Jim Johnson,1970,"N,San Francisco,Giants"
lanih101,Lanier,Hal,R,R,SFN,SS,Hal Lanier,1970,"N,San Francisco,Giants"
linzf101,Linzy,Frank,R,R,SFN,P,Frank Linzy,1970,"N,San Francisco,Giants"
marij101,Marichal,Juan,R,R,SFN,P,Juan Marichal,1970,"N,San Francisco,Giants"
masod101,Mason,Don,L,R,SFN,2B,Don Mason,1970,"N,San Francisco,Giants"
maysw101,Mays,Willie,R,R,SFN,OF,Willie Mays,1970,"N,San Francisco,Giants"
mccom103,McCormick,Mike,L,L,SFN,P,Mike McCormick,1970,"N,San Francisco,Giants"
mccow101,McCovey,Willie,L,L,SFN,1B,Willie McCovey,1970,"N,San Francisco,Giants"
mcmad102,McMahon,Don,R,R,SFN,P,Don McMahon,1970,"N,San Francisco,Giants"
perrg101,Perry,Gaylord,R,R,SFN,P,Gaylord Perry,1970,"N,San Francisco,Giants"
pitls101,Pitlock,Skip,L,L,SFN,P,Skip Pitlock,1970,"N,San Francisco,Giants"
puenm101,Puente,Migel,R,R,SFN,P,Migel Puente,1970,"N,San Francisco,Giants"
rebef101,Reberger,Frank,L,R,SFN,P,Frank Reberger,1970,"N,San Francisco,Giants"
rober101,Robertson,Rich,R,R,SFN,P,Rich Robertson,1970,"N,San Francisco,Giants"
stepj102,Stephenson,John,L,R,SFN,C,John Stephenson,1970,"N,San Francisco,Giants"
taylb105,Taylor,Bob,L,R,SFN,OF,Bob Taylor,1970,"N,San Francisco,Giants"
whits101,Whitaker,Steve,L,R,SFN,OF,Steve Whitaker,1970,"N,San Francisco,Giants"
willb105,Williams,Bernie,R,R,SFN,OF,Bernie Williams,1970,"N,San Francisco,Giants"
brewj102,Brewer,Jim,L,L,LAN,P,Jim Brewer,1970,"N,Los Angeles,Dodgers"
buckb001,Buckner,Bill,L,L,LAN,OF,Bill Buckner,1970,"N,Los Angeles,Dodgers"
craww101,Crawford,Willie,L,L,LAN,OF,Willie Crawford,1970,"N,Los Angeles,Dodgers"
daviw102,Davis,Willie,L,L,LAN,OF,Willie Davis,1970,"N,Los Angeles,Dodgers"
fergj101,Ferguson,Joe,R,R,LAN,C,Joe Ferguson,1970,"N,Los Angeles,Dodgers"
fosta101,Foster,Alan,R,R,LAN,P,Alan Foster,1970,"N,Los Angeles,Dodgers"
gabrl102,Gabrielson,Len,L,R,LAN,OF,Len Gabrielson,1970,"N,Los Angeles,Dodgers"
garvs001,Garvey,Steve,R,R,LAN,3B,Steve Garvey,1970,"N,Los Angeles,Dodgers"
grabb101,Grabarkewitz,Billy,R,R,LAN,3B,Billy Grabarkewitz,1970,"N,Los Angeles,Dodgers"
hallt102,Haller,Tom,L,R,LAN,C,Tom Haller,1970,"N,Los Angeles,Dodgers"
hougc001,Hough,Charlie,R,R,LAN,P,Charlie Hough,1970,"N,Los Angeles,Dodgers"
joshv101,Joshua,Von,L,L,LAN,OF,Von Joshua,1970,"N,Los Angeles,Dodgers"
kosca101,Kosco,Andy,R,R,LAN,OF,Andy Kosco,1970,"N,Los Angeles,Dodgers"
lambr101,Lamb,Ray,R,R,LAN,P,Ray Lamb,1970,"N,Los Angeles,Dodgers"
lefej101,Lefebvre,Jim,B,R,LAN,2B,Jim Lefebvre,1970,"N,Los Angeles,Dodgers"
mcbea101,McBean,Al,R,R,LAN,P,Al McBean,1970,"N,Los Angeles,Dodgers"
mikkp101,Mikkelsen,Pete,R,R,LAN,P,Pete Mikkelsen,1970,"N,Los Angeles,Dodgers"
moelj101,Moeller,Joe,R,R,LAN,P,Joe Moeller,1970,"N,Los Angeles,Dodgers"
moorg102,Moore,Gary,R,L,LAN,OF,Gary Moore,1970,"N,Los Angeles,Dodgers"
motam101,Mota,Manny,R,R,LAN,OF,Manny Mota,1970,"N,Los Angeles,Dodgers"
normf101,Norman,Fred,B,L,LAN,P,Fred Norman,1970,"N,Los Angeles,Dodgers"
ostec103,Osteen,Claude,L,L,LAN,P,Claude Osteen,1970,"N,Los Angeles,Dodgers"
pacit001,Paciorek,Tom,R,R,LAN,OF,Tom Paciorek,1970,"N,Los Angeles,Dodgers"
parkw101,Parker,Wes,B,L,LAN,1B,Wes Parker,1970,"N,Los Angeles,Dodgers"
pascc102,Pascual,Camilo,R,R,LAN,P,Camilo Pascual,1970,"N,Los Angeles,Dodgers"
penaj101,Pena,Jose,R,R,LAN,P,Jose Pena,1970,"N,Los Angeles,Dodgers"
russb001,Russell,Bill,R,R,LAN,OF,Bill Russell,1970,"N,Los Angeles,Dodgers"
singb101,Singer,Bill,R,R,LAN,P,Bill Singer,1970,"N,Los Angeles,Dodgers"
sizet101,Sizemore,Ted,R,R,LAN,2B,Ted Sizemore,1970,"N,Los Angeles,Dodgers"
stepj103,Stephenson,Jerry,L,R,LAN,P,Jerry Stephenson,1970,"N,Los Angeles,Dodgers"
stinb101,Stinson,Bob,B,R,LAN,C,Bob Stinson,1970,"N,Los Angeles,Dodgers"
stram101,Strahler,Mike,R,R,LAN,P,Mike Strahler,1970,"N,Los Angeles,Dodgers"
sudab101,Sudakis,Bill,B,R,LAN,C,Bill Sudakis,1970,"N,Los Angeles,Dodgers"
suttd001,Sutton,Don,R,R,LAN,P,Don Sutton,1970,"N,Los Angeles,Dodgers"
torbj101,Torborg,Jeff,R,R,LAN,C,Jeff Torborg,1970,"N,Los Angeles,Dodgers"
vancs101,Vance,Sandy,R,R,LAN,P,Sandy Vance,1970,"N,Los Angeles,Dodgers"
willm102,Wills,Maury,B,R,LAN,SS,Maury Wills,1970,"N,Los Angeles,Dodgers"
abert101,Abernathy,Ted,R,R,SLN,P,Ted Abernathy,1970,"N,St.Louis,Cardinals"
alled101,Allen,Dick,R,R,SLN,1B,Dick Allen,1970,"N,St.Louis,Cardinals"
beauj101,Beauchamp,Jim,R,R,SLN,OF,Jim Beauchamp,1970,"N,St.Louis,Cardinals"
bertf101,Bertaina,Frank,L,L,SLN,P,Frank Bertaina,1970,"N,St.Louis,Cardinals"
briln101,Briles,Nelson,R,R,SLN,P,Nelson Briles,1970,"N,St.Louis,Cardinals"
brocl102,Brock,Lou,L,L,SLN,OF,Lou Brock,1970,"N,St.Louis,Cardinals"
campj103,Campbell,Jim,L,R,SLN,PH,Jim Campbell,1970,"N,St.Louis,Cardinals"
camps102,Campisi,Sal,R,R,SLN,P,Sal Campisi,1970,"N,St.Louis,Cardinals"
cardj101,Cardenal,Jose,R,R,SLN,OF,Jose Cardenal,1970,"N,St.Louis,Cardinals"
carls001,Carlton,Steve,L,L,SLN,P,Steve Carlton,1970,"N,St.Louis,Cardinals"
chlub101,Chlupsa,Bob,R,R,SLN,P,Bob Chlupsa,1970,"N,St.Louis,Cardinals"
clevr101,Cleveland,Reggie,R,R,SLN,P,Reggie Cleveland,1970,"N,St.Louis,Cardinals"
crose101,Crosby,Ed,L,R,SLN,SS,Ed Crosby,1970,"N,St.Louis,Cardinals"
cruzj001,Cruz,Jose,L,L,SLN,OF,Jose Cruz,1970,"N,St.Louis,Cardinals"
culvg101,Culver,George,R,R,SLN,P,George Culver,1970,"N,St.Louis,Cardinals"
davaj101,DaVanon,Jerry,R,R,SLN,3B,Jerry DaVanon,1970,"N,St.Louis,Cardinals"
davav101,Davalillo,Vic,L,L,SLN,OF,Vic Davalillo,1970,"N,St.Louis,Cardinals"
gaglp101,Gagliano,Phil,R,R,SLN,3B,Phil Gagliano,1970,"N,St.Louis,Cardinals"
gibsb101,Gibson,Bob,R,R,SLN,P,Bob Gibson,1970,"N,St.Louis,Cardinals"
guzms101,Guzman,Santiago,R,R,SLN,P,Santiago Guzman,1970,"N,St.Louis,Cardinals"
haguj101,Hague,Joe,L,L,SLN,1B,Joe Hague,1970,"N,St.Louis,Cardinals"
hartc105,Hartenstein,Chuck,R,R,SLN,P,Chuck Hartenstein,1970,"N,St.Louis,Cardinals"
hilgt101,Hilgendorf,Tom,B,L,SLN,P,Tom Hilgendorf,1970,"N,St.Louis,Cardinals"
hraba101,Hrabosky,Al,R,L,SLN,P,Al Hrabosky,1970,"N,St.Louis,Cardinals"
javij101,Javier,Julian,R,R,SLN,2B,Julian Javier,1970,"N,St.Louis,Cardinals"
johnj104,Johnson,Jerry,R,R,SLN,P,Jerry Johnson,1970,"N,St.Louis,Cardinals"
kennj106,Kennedy,Jim,L,R,SLN,SS,Jim Kennedy,1970,"N,St.Louis,Cardinals"
lee-l101,Lee,Leron,L,R,SLN,OF,Leron Lee,1970,"N,St.Louis,Cardinals"
linzf101,Linzy,Frank,R,R,SLN,P,Frank Linzy,1970,"N,St.Louis,Cardinals"
maxvd101,Maxvill,Dal,R,R,SLN,SS,Dal Maxvill,1970,"N,St.Louis,Cardinals"
mccob105,McCool,Billy,R,L,SLN,P,Billy McCool,1970,"N,St.Louis,Cardinals"
melel101,Melendez,Luis,R,R,SLN,OF,Luis Melendez,1970,"N,St.Louis,Cardinals"
normf101,Norman,Fred,B,L,SLN,P,Fred Norman,1970,"N,St.Louis,Cardinals"
nossj101,Nossek,Joe,R,R,SLN,PH,Joe Nossek,1970,"N,St.Louis,Cardinals"
nye-r101,Nye,Rich,L,L,SLN,P,Rich Nye,1970,"N,St.Louis,Cardinals"
parkh101,Parker,Harry,R,R,SLN,P,Harry Parker,1970,"N,St.Louis,Cardinals"
ramim101,Ramirez,Milt,R,R,SLN,SS,Milt Ramirez,1970,"N,St.Louis,Cardinals"
reusj001,Reuss,Jerry,L,L,SLN,P,Jerry Reuss,1970,"N,St.Louis,Cardinals"
rojac101,Rojas,Cookie,R,R,SLN,2B,Cookie Rojas,1970,"N,St.Louis,Cardinals"
roquj101,Roque,Jorge,R,R,SLN,OF,Jorge Roque,1970,"N,St.Louis,Cardinals"
shanm101,Shannon,Mike,R,R,SLN,3B,Mike Shannon,1970,"N,St.Louis,Cardinals"
simmt001,Simmons,Ted,B,R,SLN,C,Ted Simmons,1970,"N,St.Louis,Cardinals"
taylc101,Taylor,Chuck,R,R,SLN,P,Chuck Taylor,1970,"N,St.Louis,Cardinals"
taylc102,Taylor,Carl,R,R,SLN,OF,Carl Taylor,1970,"N,St.Louis,Cardinals"
torrj101,Torre,Joe,R,R,SLN,C,Joe Torre,1970,"N,St.Louis,Cardinals"
torrm001,Torrez,Mike,R,R,SLN,P,Mike Torrez,1970,"N,St.Louis,Cardinals"
zellb101,Zeller,Bart,R,R,SLN,C,Bart Zeller,1970,"N,St.Louis,Cardinals"
behnm101,Behney,Mel,L,L,CIN,P,Mel Behney,1970,"N,Cincinnati,Reds"
belib101,Belinsky,Bo,L,L,CIN,P,Bo Belinsky,1970,"N,Cincinnati,Reds"
bencj101,Bench,Johnny,R,R,CIN,C,Johnny Bench,1970,"N,Cincinnati,Reds"
borbp101,Borbon,Pedro,R,R,CIN,P,Pedro Borbon,1970,"N,Cincinnati,Reds"
brava101,Bravo,Angel,L,L,CIN,OF,Angel Bravo,1970,"N,Cincinnati,Reds"
carbb101,Carbo,Bernie,L,R,CIN,OF,Bernie Carbo,1970,"N,Cincinnati,Reds"
carrc103,Carroll,Clay,R,R,CIN,P,Clay Carroll,1970,"N,Cincinnati,Reds"
chand101,Chaney,Darrel,B,R,CIN,SS,Darrel Chaney,1970,"N,Cincinnati,Reds"
clint101,Cline,Ty,L,L,CIN,OF,Ty Cline,1970,"N,Cincinnati,Reds"
clont101,Cloninger,Tony,R,R,CIN,P,Tony Cloninger,1970,"N,Cincinnati,Reds"
concd001,Concepcion,Dave,R,R,CIN,SS,Dave Concepcion,1970,"N,Cincinnati,Reds"
corrp102,Corrales,Pat,R,R,CIN,C,Pat Corrales,1970,"N,Cincinnati,Reds"
dufff101,Duffy,Frank,R,R,CIN,SS,Frank Duffy,1970,"N,Cincinnati,Reds"
granw101,Granger,Wayne,R,R,CIN,P,Wayne Granger,1970,"N,Cincinnati,Reds"
gulld101,Gullett,Don,R,L,CIN,P,Don Gullett,1970,"N,Cincinnati,Reds"
helmt101,Helms,Tommy,R,R,CIN,2B,Tommy Helms,1970,"N,Cincinnati,Reds"
maloj102,Maloney,Jim,L,R,CIN,P,Jim Maloney,1970,"N,Cincinnati,Reds"
may-l101,May,Lee,R,R,CIN,1B,Lee May,1970,"N,Cincinnati,Reds"
mcglj101,McGlothlin,Jim,R,R,CIN,P,Jim McGlothlin,1970,"N,Cincinnati,Reds"
mcrah001,McRae,Hal,R,R,CIN,OF,Hal McRae,1970,"N,Cincinnati,Reds"
merrj102,Merritt,Jim,L,L,CIN,P,Jim Merritt,1970,"N,Cincinnati,Reds"
nolag101,Nolan,Gary,R,R,CIN,P,Gary Nolan,1970,"N,Cincinnati,Reds"
norij101,Noriega,John,R,R,CIN,P,John Noriega,1970,"N,Cincinnati,Reds"
peret001,Perez,Tony,R,R,CIN,3B,Tony Perez,1970,"N,Cincinnati,Reds"
plumb101,Plummer,Bill,R,R,CIN,C,Bill Plummer,1970,"N,Cincinnati,Reds"
rosep001,Rose,Pete,B,R,CIN,OF,Pete Rose,1970,"N,Cincinnati,Reds"
simpw101,Simpson,Wayne,R,R,CIN,P,Wayne Simpson,1970,"N,Cincinnati,Reds"
stewj102,Stewart,Jimmy,B,R,CIN,OF,Jimmy Stewart,1970,"N,Cincinnati,Reds"
tolab101,Tolan,Bobby,L,L,CIN,OF,Bobby Tolan,1970,"N,Cincinnati,Reds"
wardj103,Ward,Jay,R,R,CIN,3B,Jay Ward,1970,"N,Cincinnati,Reds"
washr101,Washburn,Ray,R,R,CIN,P,Ray Washburn,1970,"N,Cincinnati,Reds"
wilcm001,Wilcox,Milt,R,R,CIN,P,Milt Wilcox,1970,"N,Cincinnati,Reds"
woodw101,Woodward,Woody,R,R,CIN,SS,Woody Woodward,1970,"N,Cincinnati,Reds"
abert101,Abernathy,Ted,R,R,CHN,P,Ted Abernathy,1970,"N,Chicago,Cubs"
aguih101,Aguirre,Hank,R,L,CHN,P,Hank Aguirre,1970,"N,Chicago,Cubs"
banke101,Banks,Ernie,R,R,CHN,1B,Ernie Banks,1970,"N,Chicago,Cubs"
barbs102,Barber,Steve,L,L,CHN,P,Steve Barber,1970,"N,Chicago,Cubs"
beckg101,Beckert,Glenn,R,R,CHN,2B,Glenn Beckert,1970,"N,Chicago,Cubs"
callj101,Callison,Johnny,L,R,CHN,OF,Johnny Callison,1970,"N,Chicago,Cubs"
colbj101,Colborn,Jim,R,R,CHN,P,Jim Colborn,1970,"N,Chicago,Cubs"
cosmj101,Cosman,Jim,R,R,CHN,P,Jim Cosman,1970,"N,Chicago,Cubs"
davib105,Davis,Brock,L,L,CHN,OF,Brock Davis,1970,"N,Chicago,Cubs"
davit103,Davis,Tommy,R,R,CHN,OF,Tommy Davis,1970,"N,Chicago,Cubs"
day-b102,Day,Boots,L,L,CHN,OF,Boots Day,1970,"N,Chicago,Cubs"
deckj101,Decker,Joe,R,R,CHN,P,Joe Decker,1970,"N,Chicago,Cubs"
dunej101,Dunegan,Jim,R,R,CHN,P,Jim Dunegan,1970,"N,Chicago,Cubs"
gaglp101,Gagliano,Phil,R,R,CHN,2B,Phil Gagliano,1970,"N,Chicago,Cubs"
garra101,Garrett,Adrian,L,R,CHN,PH,Adrian Garrett,1970,"N,Chicago,Cubs"
gural001,Gura,Larry,B,L,CHN,P,Larry Gura,1970,"N,Chicago,Cubs"
hallj107,Hall,Jimmie,L,R,CHN,OF,Jimmie Hall,1970,"N,Chicago,Cubs"
handb101,Hands,Bill,R,R,CHN,P,Bill Hands,1970,"N,Chicago,Cubs"
hiatj101,Hiatt,Jack,R,R,CHN,C,Jack Hiatt,1970,"N,Chicago,Cubs"
hickj103,Hickman,Jim,R,R,CHN,OF,Jim Hickman,1970,"N,Chicago,Cubs"
holtk101,Holtzman,Ken,R,L,CHN,P,Ken Holtzman,1970,"N,Chicago,Cubs"
hught106,Hughes,Terry,R,R,CHN,3B,Terry Hughes,1970,"N,Chicago,Cubs"
hundr101,Hundley,Randy,R,R,CHN,C,Randy Hundley,1970,"N,Chicago,Cubs"
jamec101,James,Cleo,R,R,CHN,OF,Cleo James,1970,"N,Chicago,Cubs"
jenkf101,Jenkins,Fergie,R,R,CHN,P,Fergie Jenkins,1970,"N,Chicago,Cubs"
kessd101,Kessinger,Don,B,R,CHN,SS,Don Kessinger,1970,"N,Chicago,Cubs"
martj107,Martin,J.C.,L,R,CHN,C,J.C. Martin,1970,"N,Chicago,Cubs"
metzr101,Metzger,Roger,B,R,CHN,SS,Roger Metzger,1970,"N,Chicago,Cubs"
millb106,Miller,Bob,R,R,CHN,P,Bob Miller,1970,"N,Chicago,Cubs"
pappm101,Pappas,Milt,R,R,CHN,P,Milt Pappas,1970,"N,Chicago,Cubs"
pepij101,Pepitone,Joe,L,L,CHN,OF,Joe Pepitone,1970,"N,Chicago,Cubs"
pizaj101,Pizarro,Juan,L,L,CHN,P,Juan Pizarro,1970,"N,Chicago,Cubs"
popop101,Popovich,Paul,B,R,CHN,2B,Paul Popovich,1970,"N,Chicago,Cubs"
regap101,Regan,Phil,R,R,CHN,P,Phil Regan,1970,"N,Chicago,Cubs"
reyna101,Reynolds,Archie,R,R,CHN,P,Archie Reynolds,1970,"N,Chicago,Cubs"
rodrr101,Rodriguez,Roberto,R,R,CHN,P,Roberto Rodriguez,1970,"N,Chicago,Cubs"
rudok101,Rudolph,Ken,R,R,CHN,C,Ken Rudolph,1970,"N,Chicago,Cubs"
santr102,Santo,Ron,R,R,CHN,3B,Ron Santo,1970,"N,Chicago,Cubs"
skidr101,Skidmore,Roe,R,R,CHN,PH,Roe Skidmore,1970,"N,Chicago,Cubs"
smitw102,Smith,Willie,L,L,CHN,1B,Willie Smith,1970,"N,Chicago,Cubs"
spana101,Spangler,Al,L,L,CHN,OF,Al Spangler,1970,"N,Chicago,Cubs"
wilhh101,Wilhelm,Hoyt,R,R,CHN,P,Hoyt Wilhelm,1970,"N,Chicago,Cubs"
willb104,Williams,Billy,L,R,CHN,OF,Billy Williams,1970,"N,Chicago,Cubs"
alval101,Alvarado,Luis,R,R,BOS,3B,Luis Alvarado,1970,"A,Boston,Red Sox"
andrm101,Andrews,Mike,R,R,BOS,2B,Mike Andrews,1970,"A,Boston,Red Sox"
bolib101,Bolin,Bobby,R,R,BOS,P,Bobby Bolin,1970,"A,Boston,Red Sox"
bretk101,Brett,Ken,L,L,BOS,P,Ken Brett,1970,"A,Boston,Red Sox"
conib101,Conigliaro,Billy,R,R,BOS,OF,Billy Conigliaro,1970,"A,Boston,Red Sox"
conit101,Conigliaro,Tony,R,R,BOS,OF,Tony Conigliaro,1970,"A,Boston,Red Sox"
culpr101,Culp,Ray,R,R,BOS,P,Ray Culp,1970,"A,Boston,Red Sox"
curtj001,Curtis,John,L,L,BOS,P,John Curtis,1970,"A,Boston,Red Sox"
derrm101,Derrick,Mike,L,R,BOS,OF,Mike Derrick,1970,"A,Boston,Red Sox"
fanzc101,Fanzone,Carmen,R,R,BOS,3B,Carmen Fanzone,1970,"A,Boston,Red Sox"
fiorm101,Fiore,Mike,L,L,BOS,1B,Mike Fiore,1970,"A,Boston,Red Sox"
hartc105,Hartenstein,Chuck,R,R,BOS,P,Chuck Hartenstein,1970,"A,Boston,Red Sox"
jarvr101,Jarvis,Ray,R,R,BOS,P,Ray Jarvis,1970,"A,Boston,Red Sox"
kennj105,Kennedy,John,R,R,BOS,3B,John Kennedy,1970,"A,Boston,Red Sox"
koonc101,Koonce,Cal,R,R,BOS,P,Cal Koonce,1970,"A,Boston,Red Sox"
lahoj101,Lahoud,Joe,L,L,BOS,OF,Joe Lahoud,1970,"A,Boston,Red Sox"
lee-b101,Lee,Bill,L,L,BOS,P,Bill Lee,1970,"A,Boston,Red Sox"
lonbj101,Lonborg,Jim,R,R,BOS,P,Jim Lonborg,1970,"A,Boston,Red Sox"
lyles101,Lyle,Sparky,L,L,BOS,P,Sparky Lyle,1970,"A,Boston,Red Sox"
matct101,Matchick,Tommy,L,R,BOS,3B,Tommy Matchick,1970,"A,Boston,Red Sox"
milld107,Mills,Dick,R,R,BOS,P,Dick Mills,1970,"A,Boston,Red Sox"
montb101,Montgomery,Bob,R,R,BOS,C,Bob Montgomery,1970,"A,Boston,Red Sox"
morer101,Moret,Roger,B,L,BOS,P,Roger Moret,1970,"A,Boston,Red Sox"
mosej101,Moses,Jerry,R,R,BOS,C,Jerry Moses,1970,"A,Boston,Red Sox"
nagym101,Nagy,Mike,R,R,BOS,P,Mike Nagy,1970,"A,Boston,Red Sox"
pavld101,Pavletich,Don,R,R,BOS,1B,Don Pavletich,1970,"A,Boston,Red Sox"
peteg101,Peters,Gary,L,L,BOS,P,Gary Peters,1970,"A,Boston,Red Sox"
petrr101,Petrocelli,Rico,R,R,BOS,SS,Rico Petrocelli,1970,"A,Boston,Red Sox"
phile103,Phillips,Ed,R,R,BOS,P,Ed Phillips,1970,"A,Boston,Red Sox"
romov101,Romo,Vicente,R,R,BOS,P,Vicente Romo,1970,"A,Boston,Red Sox"
santj101,Santiago,Jose,R,R,BOS,P,Jose Santiago,1970,"A,Boston,Red Sox"
satrt101,Satriano,Tom,L,R,BOS,C,Tom Satriano,1970,"A,Boston,Red Sox"
schod101,Schofield,Dick,B,R,BOS,2B,Dick Schofield,1970,"A,Boston,Red Sox"
scotg102,Scott,George,R,R,BOS,3B,George Scott,1970,"A,Boston,Red Sox"
siebs101,Siebert,Sonny,R,R,BOS,P,Sonny Siebert,1970,"A,Boston,Red Sox"
smitr101,Smith,Reggie,B,R,BOS,OF,Reggie Smith,1970,"A,Boston,Red Sox"
stanl101,Stange,Lee,R,R,BOS,P,Lee Stange,1970,"A,Boston,Red Sox"
thomg102,Thomas,George,R,R,BOS,OF,George Thomas,1970,"A,Boston,Red Sox"
wagng101,Wagner,Gary,R,R,BOS,P,Gary Wagner,1970,"A,Boston,Red Sox"
yastc101,Yastrzemski,Carl,L,R,BOS,1B,Carl Yastrzemski,1970,"A,Boston,Red Sox"
alouf101,Alou,Felipe,R,R,OAK,OF,Felipe Alou,1970,"A,Oakland,Athletics"
bands101,Bando,Sal,R,R,OAK,3B,Sal Bando,1970,"A,Oakland,Athletics"
bluev001,Blue,Vida,B,L,OAK,P,Vida Blue,1970,"A,Oakland,Athletics"
broob101,Brooks,Bobby,R,R,OAK,OF,Bobby Brooks,1970,"A,Oakland,Athletics"
campb101,Campaneris,Bert,R,R,OAK,SS,Bert Campaneris,1970,"A,Oakland,Athletics"
davit103,Davis,Tommy,R,R,OAK,OF,Tommy Davis,1970,"A,Oakland,Athletics"
dobsc101,Dobson,Chuck,R,R,OAK,P,Chuck Dobson,1970,"A,Oakland,Athletics"
donaj101,Donaldson,John,L,R,OAK,2B,John Donaldson,1970,"A,Oakland,Athletics"
downa101,Downing,Al,R,L,OAK,P,Al Downing,1970,"A,Oakland,Athletics"
drisj101,Driscoll,Jim,L,R,OAK,2B,Jim Driscoll,1970,"A,Oakland,Athletics"
duncd101,Duncan,Dave,R,R,OAK,C,Dave Duncan,1970,"A,Oakland,Athletics"
fernf101,Fernandez,Frank,R,R,OAK,C,Frank Fernandez,1970,"A,Oakland,Athletics"
fingr001,Fingers,Rollie,R,R,OAK,P,Rollie Fingers,1970,"A,Oakland,Athletics"
frant101,Francona,Tito,L,L,OAK,1B,Tito Francona,1970,"A,Oakland,Athletics"
granj101,Grant,Mudcat,R,R,OAK,P,Mudcat Grant,1970,"A,Oakland,Athletics"
greed102,Green,Dick,R,R,OAK,2B,Dick Green,1970,"A,Oakland,Athletics"
hanel101,Haney,Larry,R,R,OAK,C,Larry Haney,1970,"A,Oakland,Athletics"
hovls101,Hovley,Steve,L,L,OAK,OF,Steve Hovley,1970,"A,Oakland,Athletics"
huntj101,Hunter,Catfish,R,R,OAK,P,Catfish Hunter,1970,"A,Oakland,Athletics"
jackr001,Jackson,Reggie,L,L,OAK,OF,Reggie Jackson,1970,"A,Oakland,Athletics"
johnb104,Johnson,Bob,R,R,OAK,3B,Bob Johnson,1970,"A,Oakland,Athletics"
lachm101,Lachemann,Marcel,R,R,OAK,P,Marcel Lachemann,1970,"A,Oakland,Athletics"
larut101,LaRussa,Tony,R,R,OAK,2B,Tony LaRussa,1970,"A,Oakland,Athletics"
lewia101,Lewis,Allan,B,R,OAK,OF,Allan Lewis,1970,"A,Oakland,Athletics"
lindp101,Lindblad,Paul,L,L,OAK,P,Paul Lindblad,1970,"A,Oakland,Athletics"
lockb102,Locker,Bob,B,R,OAK,P,Bob Locker,1970,"A,Oakland,Athletics"
mincd101,Mincher,Don,L,R,OAK,1B,Don Mincher,1970,"A,Oakland,Athletics"
mondr001,Monday,Rick,L,L,OAK,OF,Rick Monday,1970,"A,Oakland,Athletics"
odomj101,Odom,Blue Moon,R,R,OAK,P,Blue Moon Odom,1970,"A,Oakland,Athletics"
osted101,Osteen,Darrell,R,R,OAK,P,Darrell Osteen,1970,"A,Oakland,Athletics"
penar101,Pena,Roberto,R,R,OAK,SS,Roberto Pena,1970,"A,Oakland,Athletics"
rodrr101,Rodriguez,Roberto,R,R,OAK,P,Roberto Rodriguez,1970,"A,Oakland,Athletics"
rolaj101,Roland,Jim,R,L,OAK,P,Jim Roland,1970,"A,Oakland,Athletics"
rudij101,Rudi,Joe,R,R,OAK,OF,Joe Rudi,1970,"A,Oakland,Athletics"
segud101,Segui,Diego,R,R,OAK,P,Diego Segui,1970,"A,Oakland,Athletics"
talbf101,Talbot,Fred,R,R,OAK,P,Fred Talbot,1970,"A,Oakland,Athletics"
tartj101,Tartabull,Jose,L,L,OAK,OF,Jose Tartabull,1970,"A,Oakland,Athletics"
tenag101,Tenace,Gene,R,R,OAK,C,Gene Tenace,1970,"A,Oakland,Athletics"
womad101,Womack,Dooley,L,R,OAK,P,Dooley Womack,1970,"A,Oakland,Athletics"
ageet101,Agee,Tommie,R,R,NYN,OF,Tommie Agee,1970,"N,New York,Mets"
boswk101,Boswell,Ken,L,R,NYN,2B,Ken Boswell,1970,"N,New York,Mets"
cardd101,Cardwell,Don,R,R,NYN,P,Don Cardwell,1970,"N,New York,Mets"
chand102,Chance,Dean,R,R,NYN,P,Dean Chance,1970,"N,New York,Mets"
clend101,Clendenon,Donn,R,R,NYN,1B,Donn Clendenon,1970,"N,New York,Mets"
dyerd101,Dyer,Duffy,R,R,NYN,C,Duffy Dyer,1970,"N,New York,Mets"
folit001,Foli,Tim,R,R,NYN,3B,Tim Foli,1970,"N,New York,Mets"
folkr101,Folkers,Rich,L,L,NYN,P,Rich Folkers,1970,"N,New York,Mets"
foy-j101,Foy,Joe,R,R,NYN,3B,Joe Foy,1970,"N,New York,Mets"
frisd101,Frisella,Danny,L,R,NYN,P,Danny Frisella,1970,"N,New York,Mets"
garrw101,Garrett,Wayne,L,R,NYN,3B,Wayne Garrett,1970,"N,New York,Mets"
gaspr101,Gaspar,Rod,B,L,NYN,OF,Rod Gaspar,1970,"N,New York,Mets"
gentg101,Gentry,Gary,R,R,NYN,P,Gary Gentry,1970,"N,New York,Mets"
grotj101,Grote,Jerry,R,R,NYN,C,Jerry Grote,1970,"N,New York,Mets"
harrb101,Harrelson,Bud,B,R,NYN,SS,Bud Harrelson,1970,"N,New York,Mets"
herbr102,Herbel,Ron,R,R,NYN,P,Ron Herbel,1970,"N,New York,Mets"
jonec102,Jones,Cleon,R,L,NYN,OF,Cleon Jones,1970,"N,New York,Mets"
jorgm001,Jorgensen,Mike,L,L,NYN,1B,Mike Jorgensen,1970,"N,New York,Mets"
koonc101,Koonce,Cal,R,R,NYN,P,Cal Koonce,1970,"N,New York,Mets"
koosj001,Koosman,Jerry,R,L,NYN,P,Jerry Koosman,1970,"N,New York,Mets"
krane101,Kranepool,Ed,L,L,NYN,1B,Ed Kranepool,1970,"N,New York,Mets"
marsd101,Marshall,Dave,L,R,NYN,OF,Dave Marshall,1970,"N,New York,Mets"
martt102,Martinez,Ted,R,R,NYN,2B,Ted Martinez,1970,"N,New York,Mets"
mcanj101,McAndrew,Jim,R,R,NYN,P,Jim McAndrew,1970,"N,New York,Mets"
mcgrt001,McGraw,Tug,R,L,NYN,P,Tug McGraw,1970,"N,New York,Mets"
ryann001,Ryan,Nolan,R,R,NYN,P,Nolan Ryan,1970,"N,New York,Mets"
sader101,Sadecki,Ray,L,L,NYN,P,Ray Sadecki,1970,"N,New York,Mets"
seavt001,Seaver,Tom,R,R,NYN,P,Tom Seaver,1970,"N,New York,Mets"
shama101,Shamsky,Art,L,L,NYN,OF,Art Shamsky,1970,"N,New York,Mets"
singk001,Singleton,Ken,B,R,NYN,OF,Ken Singleton,1970,"N,New York,Mets"
stanl102,Stanton,Leroy,R,R,NYN,OF,Leroy Stanton,1970,"N,New York,Mets"
swobr101,Swoboda,Ron,R,R,NYN,OF,Ron Swoboda,1970,"N,New York,Mets"
taylr101,Taylor,Ron,R,R,NYN,P,Ron Taylor,1970,"N,New York,Mets"
weisa101,Weis,Al,B,R,NYN,2B,Al Weis,1970,"N,New York,Mets"
allel101,Allen,Lloyd,R,R,CAL,P,Lloyd Allen,1970,"A,California,Angels"
aloms101,Alomar,Sandy,B,R,CAL,2B,Sandy Alomar,1970,"A,California,Angels"
azcuj101,Azcue,Joe,R,R,CAL,C,Joe Azcue,1970,"A,California,Angels"
bradt102,Bradley,Tom,R,R,CAL,P,Tom Bradley,1970,"A,California,Angels"
browr102,Brown,Randy,L,R,CAL,C,Randy Brown,1970,"A,California,Angels"
cowab101,Cowan,Billy,R,R,CAL,OF,Billy Cowan,1970,"A,California,Angels"
cox-t102,Cox,Terry,R,R,CAL,P,Terry Cox,1970,"A,California,Angels"
doylp101,Doyle,Paul,L,L,CAL,P,Paul Doyle,1970,"A,California,Angels"
egant101,Egan,Tom,R,R,CAL,C,Tom Egan,1970,"A,California,Angels"
fishe102,Fisher,Eddie,R,R,CAL,P,Eddie Fisher,1970,"A,California,Angels"
fregj101,Fregosi,Jim,R,R,CAL,SS,Jim Fregosi,1970,"A,California,Angels"
garrg102,Garrett,Greg,B,L,CAL,P,Greg Garrett,1970,"A,California,Angels"
gonzt101,Gonzalez,Tony,L,R,CAL,OF,Tony Gonzalez,1970,"A,California,Angels"
grifd101,Griffin,Doug,R,R,CAL,2B,Doug Griffin,1970,"A,California,Angels"
hickj105,Hicks,Jim,R,R,CAL,PH,Jim Hicks,1970,"A,California,Angels"
johna104,Johnson,Alex,R,R,CAL,OF,Alex Johnson,1970,"A,California,Angels"
johnj002,Johnstone,Jay,L,R,CAL,OF,Jay Johnstone,1970,"A,California,Angels"
keals101,Kealey,Steve,R,R,CAL,P,Steve Kealey,1970,"A,California,Angels"
larod101,LaRoche,Dave,L,L,CAL,P,Dave LaRoche,1970,"A,California,Angels"
may-r101,May,Rudy,L,L,CAL,P,Rudy May,1970,"A,California,Angels"
mcmuk101,McMullen,Ken,R,R,CAL,3B,Ken McMullen,1970,"A,California,Angels"
messa101,Messersmith,Andy,R,R,CAL,P,Andy Messersmith,1970,"A,California,Angels"
murpt101,Murphy,Tom,R,R,CAL,P,Tom Murphy,1970,"A,California,Angels"
oyler101,Oyler,Ray,R,R,CAL,SS,Ray Oyler,1970,"A,California,Angels"
perem101,Perez,Marty,R,R,CAL,SS,Marty Perez,1970,"A,California,Angels"
queem102,Queen,Mel,L,R,CAL,P,Mel Queen,1970,"A,California,Angels"
reicr101,Reichardt,Rick,R,R,CAL,OF,Rick Reichardt,1970,"A,California,Angels"
repor101,Repoz,Roger,L,L,CAL,OF,Roger Repoz,1970,"A,California,Angels"
reynt101,Reynolds,Tommie,R,R,CAL,OF,Tommie Reynolds,1970,"A,California,Angels"
rivem001,Rivers,Mickey,L,L,CAL,OF,Mickey Rivers,1970,"A,California,Angels"
rodra101,Rodriguez,Aurelio,R,R,CAL,3B,Aurelio Rodriguez,1970,"A,California,Angels"
ruizc102,Ruiz,Chico,B,R,CAL,3B,Chico Ruiz,1970,"A,California,Angels"
shanh102,Shank,Harvey,R,R,CAL,P,Harvey Shank,1970,"A,California,Angels"
silvt101,Silverio,Tom,L,L,CAL,OF,Tom Silverio,1970,"A,California,Angels"
spenj101,Spencer,Jim,L,L,CAL,1B,Jim Spencer,1970,"A,California,Angels"
tatuj101,Tatum,Jarvis,R,R,CAL,OF,Jarvis Tatum,1970,"A,California,Angels"
tatuk101,Tatum,Ken,R,R,CAL,P,Ken Tatum,1970,"A,California,Angels"
vossb101,Voss,Bill,L,L,CAL,OF,Bill Voss,1970,"A,California,Angels"
wolfw101,Wolf,Wally,R,R,CAL,P,Wally Wolf,1970,"A,California,Angels"
wrigc102,Wright,Clyde,R,L,CAL,P,Clyde Wright,1970,"A,California,Angels"
alouj101,Alou,Jesus,R,R,HOU,OF,Jesus Alou,1970,"N,Houston,Astros"
beauj101,Beauchamp,Jim,R,R,HOU,OF,Jim Beauchamp,1970,"N,Houston,Astros"
billj101,Billingham,Jack,R,R,HOU,P,Jack Billingham,1970,"N,Houston,Astros"
blasw101,Blasingame,Wade,L,L,HOU,P,Wade Blasingame,1970,"N,Houston,Astros"
boutj101,Bouton,Jim,R,R,HOU,P,Jim Bouton,1970,"N,Houston,Astros"
bryad101,Bryant,Don,R,R,HOU,C,Don Bryant,1970,"N,Houston,Astros"
cedec001,Cedeno,Cesar,R,R,HOU,OF,Cesar Cedeno,1970,"N,Houston,Astros"
cookr101,Cook,Ron,L,L,HOU,P,Ron Cook,1970,"N,Houston,Astros"
culvg101,Culver,George,R,R,HOU,P,George Culver,1970,"N,Houston,Astros"
davit103,Davis,Tommy,R,R,HOU,OF,Tommy Davis,1970,"N,Houston,Astros"
dierl101,Dierker,Larry,R,R,HOU,P,Larry Dierker,1970,"N,Houston,Astros"
dilaj101,DiLauro,Jack,B,L,HOU,P,Jack DiLauro,1970,"N,Houston,Astros"
edwaj101,Edwards,Johnny,L,R,HOU,C,Johnny Edwards,1970,"N,Houston,Astros"
forsk001,Forsch,Ken,R,R,HOU,P,Ken Forsch,1970,"N,Houston,Astros"
geigg101,Geiger,Gary,L,R,HOU,OF,Gary Geiger,1970,"N,Houston,Astros"
geroc101,Geronimo,Cesar,L,L,HOU,OF,Cesar Geronimo,1970,"N,Houston,Astros"
gladf102,Gladding,Fred,L,R,HOU,P,Fred Gladding,1970,"N,Houston,Astros"
grift101,Griffin,Tom,R,R,HOU,P,Tom Griffin,1970,"N,Houston,Astros"
harrb107,Harris,Buddy,R,R,HOU,P,Buddy Harris,1970,"N,Houston,Astros"
howal102,Howard,Larry,R,R,HOU,C,Larry Howard,1970,"N,Houston,Astros"
lampk101,Lampard,Keith,L,R,HOU,OF,Keith Lampard,1970,"N,Houston,Astros"
lemad102,Lemaster,Denny,R,L,HOU,P,Denny Lemaster,1970,"N,Houston,Astros"
marsm101,Marshall,Mike,R,R,HOU,P,Mike Marshall,1970,"N,Houston,Astros"
martm102,Martinez,Marty,B,R,HOU,SS,Marty Martinez,1970,"N,Houston,Astros"
maybj101,Mayberry,John,L,L,HOU,1B,John Mayberry,1970,"N,Houston,Astros"
mcfal101,McFadden,Leon,R,R,HOU,PR,Leon McFadden,1970,"N,Houston,Astros"
menkd101,Menke,Denis,R,R,HOU,SS,Denis Menke,1970,"N,Houston,Astros"
milln101,Miller,Norm,L,R,HOU,OF,Norm Miller,1970,"N,Houston,Astros"
morgj001,Morgan,Joe,L,R,HOU,2B,Joe Morgan,1970,"N,Houston,Astros"
osind101,Osinski,Dan,R,R,HOU,P,Dan Osinski,1970,"N,Houston,Astros"
pepij101,Pepitone,Joe,L,L,HOU,1B,Joe Pepitone,1970,"N,Houston,Astros"
raded103,Rader,Doug,R,R,HOU,3B,Doug Rader,1970,"N,Houston,Astros"
ray-j101,Ray,Jim,R,R,HOU,P,Jim Ray,1970,"N,Houston,Astros"
spins101,Spinks,Scipio,R,R,HOU,P,Scipio Spinks,1970,"N,Houston,Astros"
torrh101,Torres,Hector,R,R,HOU,SS,Hector Torres,1970,"N,Houston,Astros"
watsb001,Watson,Bob,R,R,HOU,1B,Bob Watson,1970,"N,Houston,Astros"
wilsd102,Wilson,Don,R,R,HOU,P,Don Wilson,1970,"N,Houston,Astros"
wynnj101,Wynn,Jim,R,R,HOU,OF,Jim Wynn,1970,"N,Houston,Astros"
allib103,Allison,Bob,R,R,MIN,OF,Bob Allison,1970,"A,Minnesota,Twins"
alyeb101,Alyea,Brant,R,R,MIN,OF,Brant Alyea,1970,"A,Minnesota,Twins"
barbs101,Barber,Steve,R,R,MIN,P,Steve Barber,1970,"A,Minnesota,Twins"
blylb001,Blyleven,Bert,R,R,MIN,P,Bert Blyleven,1970,"A,Minnesota,Twins"
boswd101,Boswell,Dave,R,R,MIN,P,Dave Boswell,1970,"A,Minnesota,Twins"
bryes101,Brye,Steve,R,R,MIN,OF,Steve Brye,1970,"A,Minnesota,Twins"
cardl101,Cardenas,Leo,R,R,MIN,SS,Leo Cardenas,1970,"A,Minnesota,Twins"
carer001,Carew,Rod,L,R,MIN,2B,Rod Carew,1970,"A,Minnesota,Twins"
dempr001,Dempsey,Rick,R,R,MIN,C,Rick Dempsey,1970,"A,Minnesota,Twins"
hallt101,Hall,Tom,L,L,MIN,P,Tom Hall,1970,"A,Minnesota,Twins"
hammp101,Hamm,Pete,R,R,MIN,P,Pete Hamm,1970,"A,Minnesota,Twins"
haydh101,Haydel,Hal,R,R,MIN,P,Hal Haydel,1970,"A,Minnesota,Twins"
hillh102,Hill,Herman,L,R,MIN,OF,Herman Hill,1970,"A,Minnesota,Twins"
holtj101,Holt,Jim,L,R,MIN,OF,Jim Holt,1970,"A,Minnesota,Twins"
kaatj101,Kaat,Jim,L,L,MIN,P,Jim Kaat,1970,"A,Minnesota,Twins"
killh102,Killebrew,Harmon,R,R,MIN,3B,Harmon Killebrew,1970,"A,Minnesota,Twins"
manuc101,Manuel,Charlie,L,R,MIN,OF,Charlie Manuel,1970,"A,Minnesota,Twins"
mendm103,Mendoza,Minnie,R,R,MIN,3B,Minnie Mendoza,1970,"A,Minnesota,Twins"
mittg101,Mitterwald,George,R,R,MIN,C,George Mitterwald,1970,"A,Minnesota,Twins"
nashc101,Nash,Cotton,R,R,MIN,1B,Cotton Nash,1970,"A,Minnesota,Twins"
nettj101,Nettles,Jim,L,L,MIN,OF,Jim Nettles,1970,"A,Minnesota,Twins"
olivt102,Oliva,Tony,L,R,MIN,OF,Tony Oliva,1970,"A,Minnesota,Twins"
perrj102,Perry,Jim,B,R,MIN,P,Jim Perry,1970,"A,Minnesota,Twins"
perrr101,Perranoski,Ron,L,L,MIN,P,Ron Perranoski,1970,"A,Minnesota,Twins"
quilf101,Quilici,Frank,R,R,MIN,2B,Frank Quilici,1970,"A,Minnesota,Twins"
ratlp101,Ratliff,Paul,L,R,MIN,C,Paul Ratliff,1970,"A,Minnesota,Twins"
reesr101,Reese,Rich,L,L,MIN,1B,Rich Reese,1970,"A,Minnesota,Twins"
renir101,Renick,Rick,R,R,MIN,3B,Rick Renick,1970,"A,Minnesota,Twins"
thomd103,Thompson,Danny,R,R,MIN,2B,Danny Thompson,1970,"A,Minnesota,Twins"
tianl101,Tiant,Luis,R,R,MIN,P,Luis Tiant,1970,"A,Minnesota,Twins"
tisct101,Tischinski,Tom,R,R,MIN,C,Tom Tischinski,1970,"A,Minnesota,Twins"
tovac101,Tovar,Cesar,R,R,MIN,OF,Cesar Tovar,1970,"A,Minnesota,Twins"
wills102,Williams,Stan,R,R,MIN,P,Stan Williams,1970,"A,Minnesota,Twins"
woodd102,Woodson,Dick,R,R,MIN,P,Dick Woodson,1970,"A,Minnesota,Twins"
zeppb101,Zepp,Bill,R,R,MIN,P,Bill Zepp,1970,"A,Minnesota,Twins"
austr101,Austin,Rick,R,L,CLE,P,Rick Austin,1970,"A,Cleveland,Indians"
bradb105,Bradford,Buddy,R,R,CLE,OF,Buddy Bradford,1970,"A,Cleveland,Indians"
browl104,Brown,Larry,R,R,CLE,SS,Larry Brown,1970,"A,Cleveland,Indians"
camil101,Camilli,Lou,B,R,CLE,SS,Lou Camilli,1970,"A,Cleveland,Indians"
chand102,Chance,Dean,R,R,CLE,P,Dean Chance,1970,"A,Cleveland,Indians"
colbv101,Colbert,Vince,R,R,CLE,P,Vince Colbert,1970,"A,Cleveland,Indians"
dunns101,Dunning,Steve,R,R,CLE,P,Steve Dunning,1970,"A,Cleveland,Indians"
ellsd101,Ellsworth,Dick,L,L,CLE,P,Dick Ellsworth,1970,"A,Cleveland,Indians"
fordt102,Ford,Ted,R,R,CLE,OF,Ted Ford,1970,"A,Cleveland,Indians"
fossr101,Fosse,Ray,R,R,CLE,C,Ray Fosse,1970,"A,Cleveland,Indians"
fostr101,Foster,Roy,R,R,CLE,OF,Roy Foster,1970,"A,Cleveland,Indians"
fullv101,Fuller,Vern,R,R,CLE,2B,Vern Fuller,1970,"A,Cleveland,Indians"
handr101,Hand,Rich,R,R,CLE,P,Rich Hand,1970,"A,Cleveland,Indians"
hargs101,Hargan,Steve,R,R,CLE,P,Steve Hargan,1970,"A,Cleveland,Indians"
harrk101,Harrelson,Ken,R,R,CLE,1B,Ken Harrelson,1970,"A,Cleveland,Indians"
heidj101,Heidemann,Jack,R,R,CLE,SS,Jack Heidemann,1970,"A,Cleveland,Indians"
hennp102,Hennigan,Phil,R,R,CLE,P,Phil Hennigan,1970,"A,Cleveland,Indians"
higgd101,Higgins,Dennis,R,R,CLE,P,Dennis Higgins,1970,"A,Cleveland,Indians"
hintc101,Hinton,Chuck,R,R,CLE,1B,Chuck Hinton,1970,"A,Cleveland,Indians"
hortt101,Horton,Tony,R,R,CLE,1B,Tony Horton,1970,"A,Cleveland,Indians"
kliml101,Klimchock,Lou,L,R,CLE,1B,Lou Klimchock,1970,"A,Cleveland,Indians"
lashf101,Lasher,Fred,R,R,CLE,P,Fred Lasher,1970,"A,Cleveland,Indians"
leone102,Leon,Eddie,R,R,CLE,2B,Eddie Leon,1970,"A,Cleveland,Indians"
lowej001,Lowenstein,John,L,R,CLE,2B,John Lowenstein,1970,"A,Cleveland,Indians"
mcdos101,McDowell,Sam,L,L,CLE,P,Sam McDowell,1970,"A,Cleveland,Indians"
millb106,Miller,Bob,R,R,CLE,P,Bob Miller,1970,"A,Cleveland,Indians"
mings101,Mingori,Steve,L,L,CLE,P,Steve Mingori,1970,"A,Cleveland,Indians"
moorb105,Moore,Barry,L,L,CLE,P,Barry Moore,1970,"A,Cleveland,Indians"
nager101,Nagelson,Russ,L,R,CLE,OF,Russ Nagelson,1970,"A,Cleveland,Indians"
nettg001,Nettles,Graig,L,R,CLE,3B,Graig Nettles,1970,"A,Cleveland,Indians"
paulm101,Paul,Mike,L,L,CLE,P,Mike Paul,1970,"A,Cleveland,Indians"
pinsv101,Pinson,Vada,L,L,CLE,OF,Vada Pinson,1970,"A,Cleveland,Indians"
rittj101,Rittwage,Jim,R,R,CLE,P,Jim Rittwage,1970,"A,Cleveland,Indians"
rollr101,Rollins,Rich,R,R,CLE,3B,Rich Rollins,1970,"A,Cleveland,Indians"
simsd101,Sims,Duke,L,R,CLE,C,Duke Sims,1970,"A,Cleveland,Indians"
uhlat101,Uhlaender,Ted,L,R,CLE,OF,Ted Uhlaender,1970,"A,Cleveland,Indians"
browg101,Brown,Gates,L,R,DET,OF,Gates Brown,1970,"A,Detroit,Tigers"
browi101,Brown,Ike,R,R,DET,2B,Ike Brown,1970,"A,Detroit,Tigers"
cainl101,Cain,Les,L,L,DET,P,Les Cain,1970,"A,Detroit,Tigers"
cashn101,Cash,Norm,L,L,DET,1B,Norm Cash,1970,"A,Detroit,Tigers"
collk101,Collins,Kevin,L,R,DET,1B,Kevin Collins,1970,"A,Detroit,Tigers"
freeb103,Freehan,Bill,R,R,DET,C,Bill Freehan,1970,"A,Detroit,Tigers"
gutic101,Gutierrez,Cesar,R,R,DET,SS,Cesar Gutierrez,1970,"A,Detroit,Tigers"
hillj101,Hiller,John,R,L,DET,P,John Hiller,1970,"A,Detroit,Tigers"
hortw101,Horton,Willie,R,R,DET,OF,Willie Horton,1970,"A,Detroit,Tigers"
hoslt101,Hosley,Tim,R,R,DET,C,Tim Hosley,1970,"A,Detroit,Tigers"
joned102,Jones,Dalton,L,R,DET,2B,Dalton Jones,1970,"A,Detroit,Tigers"
kalia101,Kaline,Al,R,R,DET,OF,Al Kaline,1970,"A,Detroit,Tigers"
kilkm101,Kilkenny,Mike,R,L,DET,P,Mike Kilkenny,1970,"A,Detroit,Tigers"
lagrl101,LaGrow,Lerrin,R,R,DET,P,Lerrin LaGrow,1970,"A,Detroit,Tigers"
lamog101,Lamont,Gene,L,R,DET,C,Gene Lamont,1970,"A,Detroit,Tigers"
lashf101,Lasher,Fred,R,R,DET,P,Fred Lasher,1970,"A,Detroit,Tigers"
lolim101,Lolich,Mickey,B,L,DET,P,Mickey Lolich,1970,"A,Detroit,Tigers"
madde101,Maddox,Elliott,R,R,DET,3B,Elliott Maddox,1970,"A,Detroit,Tigers"
mcaud101,McAuliffe,Dick,L,R,DET,2B,Dick McAuliffe,1970,"A,Detroit,Tigers"
mclad101,McLain,Denny,R,R,DET,P,Denny McLain,1970,"A,Detroit,Tigers"
mcran101,McRae,Norm,R,R,DET,P,Norm McRae,1970,"A,Detroit,Tigers"
nager101,Nagelson,Russ,L,R,DET,OF,Russ Nagelson,1970,"A,Detroit,Tigers"
niekj001,Niekro,Joe,R,R,DET,P,Joe Niekro,1970,"A,Detroit,Tigers"
nortj101,Northrup,Jim,L,R,DET,OF,Jim Northrup,1970,"A,Detroit,Tigers"
pattd102,Patterson,Daryl,L,R,DET,P,Daryl Patterson,1970,"A,Detroit,Tigers"
pricj102,Price,Jim,R,R,DET,C,Jim Price,1970,"A,Detroit,Tigers"
reedb102,Reed,Bob,R,R,DET,P,Bob Reed,1970,"A,Detroit,Tigers"
robej102,Robertson,Jerry,B,R,DET,P,Jerry Robertson,1970,"A,Detroit,Tigers"
saund101,Saunders,Dennis,B,R,DET,P,Dennis Saunders,1970,"A,Detroit,Tigers"
schef102,Scherman,Fred,L,L,DET,P,Fred Scherman,1970,"A,Detroit,Tigers"
stanm101,Stanley,Mickey,R,R,DET,OF,Mickey Stanley,1970,"A,Detroit,Tigers"
szotk101,Szotkiewicz,Ken,L,R,DET,SS,Ken Szotkiewicz,1970,"A,Detroit,Tigers"
timmt101,Timmermann,Tom,R,R,DET,P,Tom Timmermann,1970,"A,Detroit,Tigers"
wertd103,Wert,Don,R,R,DET,3B,Don Wert,1970,"A,Detroit,Tigers"
wilse102,Wilson,Earl,R,R,DET,P,Earl Wilson,1970,"A,Detroit,Tigers"
aparl101,Aparicio,Luis,R,R,CHA,SS,Luis Aparicio,1970,"A,Chicago,White Sox"
arrig101,Arrigo,Gerry,L,L,CHA,P,Gerry Arrigo,1970,"A,Chicago,White Sox"
berrk101,Berry,Ken,R,R,CHA,OF,Ken Berry,1970,"A,Chicago,White Sox"
blano101,Blanco,Ossie,R,R,CHA,1B,Ossie Blanco,1970,"A,Chicago,White Sox"
bradb105,Bradford,Buddy,R,R,CHA,OF,Buddy Bradford,1970,"A,Chicago,White Sox"
brinc101,Brinkman,Chuck,R,R,CHA,C,Chuck Brinkman,1970,"A,Chicago,White Sox"
chrib101,Christian,Bob,R,R,CHA,OF,Bob Christian,1970,"A,Chicago,White Sox"
cridj101,Crider,Jerry,R,R,CHA,P,Jerry Crider,1970,"A,Chicago,White Sox"
eddyd101,Eddy,Don,R,L,CHA,P,Don Eddy,1970,"A,Chicago,White Sox"
hamis101,Hamilton,Steve,L,L,CHA,P,Steve Hamilton,1970,"A,Chicago,White Sox"
herre102,Herrmann,Ed,L,R,CHA,C,Ed Herrmann,1970,"A,Chicago,White Sox"
hopkg101,Hopkins,Gail,L,R,CHA,1B,Gail Hopkins,1970,"A,Chicago,White Sox"
horlj101,Horlen,Joe,R,R,CHA,P,Joe Horlen,1970,"A,Chicago,White Sox"
janej101,Janeski,Gerry,R,R,CHA,P,Gerry Janeski,1970,"A,Chicago,White Sox"
johnb105,Johnson,Bart,R,R,CHA,P,Bart Johnson,1970,"A,Chicago,White Sox"
johnt001,John,Tommy,R,L,CHA,P,Tommy John,1970,"A,Chicago,White Sox"
josed101,Josephson,Duane,R,R,CHA,C,Duane Josephson,1970,"A,Chicago,White Sox"
knoob101,Knoop,Bobby,R,R,CHA,2B,Bobby Knoop,1970,"A,Chicago,White Sox"
kusna101,Kusnyer,Art,R,R,CHA,C,Art Kusnyer,1970,"A,Chicago,White Sox"
magnj101,Magnuson,Jim,R,L,CHA,P,Jim Magnuson,1970,"A,Chicago,White Sox"
matij101,Matias,John,L,L,CHA,OF,John Matias,1970,"A,Chicago,White Sox"
may-c101,May,Carlos,L,R,CHA,OF,Carlos May,1970,"A,Chicago,White Sox"
mayel101,Maye,Lee,L,R,CHA,PH,Lee Maye,1970,"A,Chicago,White Sox"
mccrt102,McCraw,Tommy,L,L,CHA,1B,Tommy McCraw,1970,"A,Chicago,White Sox"
mckir101,McKinney,Rich,R,R,CHA,3B,Rich McKinney,1970,"A,Chicago,White Sox"
meltb101,Melton,Bill,R,R,CHA,OF,Bill Melton,1970,"A,Chicago,White Sox"
millb106,Miller,Bob,R,R,CHA,P,Bob Miller,1970,"A,Chicago,White Sox"
molor101,Moloney,Richie,R,R,CHA,P,Richie Moloney,1970,"A,Chicago,White Sox"
moorb105,Moore,Barry,L,L,CHA,P,Barry Moore,1970,"A,Chicago,White Sox"
morar102,Morales,Rich,R,R,CHA,SS,Rich Morales,1970,"A,Chicago,White Sox"
murpd105,Murphy,Danny,L,R,CHA,P,Danny Murphy,1970,"A,Chicago,White Sox"
obris101,O'Brien,Syd,R,R,CHA,3B,Syd O'Brien,1970,"A,Chicago,White Sox"
ortij101,Ortiz,Jose,R,R,CHA,OF,Jose Ortiz,1970,"A,Chicago,White Sox"
otood101,O'Toole,Denny,R,R,CHA,P,Denny O'Toole,1970,"A,Chicago,White Sox"
roung101,Rounsaville,Gene,R,R,CHA,P,Gene Rounsaville,1970,"A,Chicago,White Sox"
secrd101,Secrist,Don,L,L,CHA,P,Don Secrist,1970,"A,Chicago,White Sox"
siskt101,Sisk,Tommie,R,R,CHA,P,Tommie Sisk,1970,"A,Chicago,White Sox"
spenb102,Spence,Bob,L,R,CHA,1B,Bob Spence,1970,"A,Chicago,White Sox"
stanl101,Stange,Lee,R,R,CHA,P,Lee Stange,1970,"A,Chicago,White Sox"
weavf101,Weaver,Floyd,R,R,CHA,P,Floyd Weaver,1970,"A,Chicago,White Sox"
willw103,Williams,Walt,R,R,CHA,OF,Walt Williams,1970,"A,Chicago,White Sox"
woodw103,Wood,Wilbur,R,L,CHA,P,Wilbur Wood,1970,"A,Chicago,White Sox"
wynnb102,Wynne,Billy,L,R,CHA,P,Billy Wynne,1970,"A,Chicago,White Sox"
alleh104,Allen,Hank,R,R,MIL,OF,Hank Allen,1970,"A,Milwaukee,Brewers"
alvim101,Alvis,Max,R,R,MIL,3B,Max Alvis,1970,"A,Milwaukee,Brewers"
baldd101,Baldwin,Dave,R,R,MIL,P,Dave Baldwin,1970,"A,Milwaukee,Brewers"
bolib101,Bolin,Bobby,R,R,MIL,P,Bobby Bolin,1970,"A,Milwaukee,Brewers"
brabg101,Brabender,Gene,R,R,MIL,P,Gene Brabender,1970,"A,Milwaukee,Brewers"
brubb102,Brubaker,Bruce,R,R,MIL,P,Bruce Brubaker,1970,"A,Milwaukee,Brewers"
burdb102,Burda,Bob,L,L,MIL,OF,Bob Burda,1970,"A,Milwaukee,Brewers"
comew101,Comer,Wayne,R,R,MIL,OF,Wayne Comer,1970,"A,Milwaukee,Brewers"
downa101,Downing,Al,R,L,MIL,P,Al Downing,1970,"A,Milwaukee,Brewers"
ellsd101,Ellsworth,Dick,L,L,MIL,P,Dick Ellsworth,1970,"A,Milwaukee,Brewers"
frant101,Francona,Tito,L,L,MIL,1B,Tito Francona,1970,"A,Milwaukee,Brewers"
gelnj101,Gelnar,John,R,R,MIL,P,John Gelnar,1970,"A,Milwaukee,Brewers"
gil-g101,Gil,Gus,R,R,MIL,2B,Gus Gil,1970,"A,Milwaukee,Brewers"
goosg101,Goossen,Greg,R,R,MIL,1B,Greg Goossen,1970,"A,Milwaukee,Brewers"
harpt101,Harper,Tommy,R,R,MIL,3B,Tommy Harper,1970,"A,Milwaukee,Brewers"
hegam101,Hegan,Mike,L,L,MIL,1B,Mike Hegan,1970,"A,Milwaukee,Brewers"
hersm101,Hershberger,Mike,R,R,MIL,OF,Mike Hershberger,1970,"A,Milwaukee,Brewers"
hovls101,Hovley,Steve,L,L,MIL,OF,Steve Hovley,1970,"A,Milwaukee,Brewers"
humpb102,Humphreys,Bob,R,R,MIL,P,Bob Humphreys,1970,"A,Milwaukee,Brewers"
kennj105,Kennedy,John,R,R,MIL,2B,John Kennedy,1970,"A,Milwaukee,Brewers"
koegp101,Koegel,Pete,R,R,MIL,OF,Pete Koegel,1970,"A,Milwaukee,Brewers"
kraul102,Krausse,Lew,R,R,MIL,P,Lew Krausse,1970,"A,Milwaukee,Brewers"
kubit101,Kubiak,Ted,B,R,MIL,2B,Ted Kubiak,1970,"A,Milwaukee,Brewers"
lauzg101,Lauzerique,George,R,R,MIL,P,George Lauzerique,1970,"A,Milwaukee,Brewers"
lockb102,Locker,Bob,B,R,MIL,P,Bob Locker,1970,"A,Milwaukee,Brewers"
locks101,Lockwood,Skip,R,R,MIL,P,Skip Lockwood,1970,"A,Milwaukee,Brewers"
may-d101,May,Dave,L,R,MIL,OF,Dave May,1970,"A,Milwaukee,Brewers"
mcnej101,McNertney,Jerry,R,R,MIL,C,Jerry McNertney,1970,"A,Milwaukee,Brewers"
meyeb102,Meyer,Bob,R,L,MIL,P,Bob Meyer,1970,"A,Milwaukee,Brewers"
morrj106,Morris,John,R,L,MIL,P,John Morris,1970,"A,Milwaukee,Brewers"
odonj101,O'Donoghue,John,R,L,MIL,P,John O'Donoghue,1970,"A,Milwaukee,Brewers"
pattm101,Pattin,Marty,R,R,MIL,P,Marty Pattin,1970,"A,Milwaukee,Brewers"
penar101,Pena,Roberto,R,R,MIL,SS,Roberto Pena,1970,"A,Milwaukee,Brewers"
peter103,Peters,Ray,R,R,MIL,P,Ray Peters,1970,"A,Milwaukee,Brewers"
rollr101,Rollins,Rich,R,R,MIL,3B,Rich Rollins,1970,"A,Milwaukee,Brewers"
roofp101,Roof,Phil,R,R,MIL,C,Phil Roof,1970,"A,Milwaukee,Brewers"
sandk101,Sanders,Ken,R,R,MIL,P,Ken Sanders,1970,"A,Milwaukee,Brewers"
savat101,Savage,Ted,R,R,MIL,OF,Ted Savage,1970,"A,Milwaukee,Brewers"
smitb105,Smith,Bernie,R,R,MIL,OF,Bernie Smith,1970,"A,Milwaukee,Brewers"
snydr102,Snyder,Russ,L,R,MIL,OF,Russ Snyder,1970,"A,Milwaukee,Brewers"
stanf101,Stanley,Fred,R,R,MIL,2B,Fred Stanley,1970,"A,Milwaukee,Brewers"
twitw101,Twitchell,Wayne,R,R,MIL,P,Wayne Twitchell,1970,"A,Milwaukee,Brewers"
valds101,Valdespino,Sandy,L,L,MIL,OF,Sandy Valdespino,1970,"A,Milwaukee,Brewers"
waltd101,Walton,Danny,R,R,MIL,OF,Danny Walton,1970,"A,Milwaukee,Brewers"
wickf101,Wicker,Floyd,L,R,MIL,OF,Floyd Wicker,1970,"A,Milwaukee,Brewers"
bailb103,Bailey,Bob,R,R,MON,3B,Bob Bailey,1970,"N,Montreal,Expos"
batej102,Bateman,John,R,R,MON,C,John Bateman,1970,"N,Montreal,Expos"
boccj101,Boccabella,John,R,R,MON,1B,John Boccabella,1970,"N,Montreal,Expos"
branr101,Brand,Ron,R,R,MON,SS,Ron Brand,1970,"N,Montreal,Expos"
clint101,Cline,Ty,L,L,MON,PH,Ty Cline,1970,"N,Montreal,Expos"
day-b102,Day,Boots,L,L,MON,OF,Boots Day,1970,"N,Montreal,Expos"
dillb101,Dillman,Bill,R,R,MON,P,Bill Dillman,1970,"N,Montreal,Expos"
fairj102,Fairey,Jim,L,L,MON,OF,Jim Fairey,1970,"N,Montreal,Expos"
fairr101,Fairly,Ron,L,L,MON,1B,Ron Fairly,1970,"N,Montreal,Expos"
gosgj101,Gosger,Jim,L,L,MON,OF,Jim Gosger,1970,"N,Montreal,Expos"
hahnd102,Hahn,Don,R,R,MON,OF,Don Hahn,1970,"N,Montreal,Expos"
hermr101,Hermoso,Remy,R,R,MON,2B,Remy Hermoso,1970,"N,Montreal,Expos"
herrj102,Herrera,Jose,R,R,MON,PH,Jose Herrera,1970,"N,Montreal,Expos"
hiatj101,Hiatt,Jack,R,R,MON,C,Jack Hiatt,1970,"N,Montreal,Expos"
johnk102,Johnson,Ken,R,R,MON,P,Ken Johnson,1970,"N,Montreal,Expos"
jonem102,Jones,Mack,L,R,MON,OF,Mack Jones,1970,"N,Montreal,Expos"
laboc101,Laboy,Coco,R,R,MON,3B,Coco Laboy,1970,"N,Montreal,Expos"
marsm101,Marshall,Mike,R,R,MON,P,Mike Marshall,1970,"N,Montreal,Expos"
mashc101,Mashore,Clyde,R,R,MON,OF,Clyde Mashore,1970,"N,Montreal,Expos"
mcgid101,McGinn,Dan,L,L,MON,P,Dan McGinn,1970,"N,Montreal,Expos"
moorb101,Moore,Balor,L,L,MON,P,Balor Moore,1970,"N,Montreal,Expos"
mortc102,Morton,Carl,R,R,MON,P,Carl Morton,1970,"N,Montreal,Expos"
nye-r101,Nye,Rich,L,L,MON,P,Rich Nye,1970,"N,Montreal,Expos"
odonj101,O'Donoghue,John,R,L,MON,P,John O'Donoghue,1970,"N,Montreal,Expos"
phila101,Phillips,Adolfo,R,R,MON,OF,Adolfo Phillips,1970,"N,Montreal,Expos"
qualj101,Qualls,Jim,B,R,MON,2B,Jim Qualls,1970,"N,Montreal,Expos"
raymc101,Raymond,Claude,R,R,MON,P,Claude Raymond,1970,"N,Montreal,Expos"
reedh102,Reed,Howie,R,R,MON,P,Howie Reed,1970,"N,Montreal,Expos"
renks101,Renko,Steve,R,R,MON,P,Steve Renko,1970,"N,Montreal,Expos"
sembc101,Sembera,Carroll,R,R,MON,P,Carroll Sembera,1970,"N,Montreal,Expos"
sparj101,Sparma,Joe,R,R,MON,P,Joe Sparma,1970,"N,Montreal,Expos"
staem101,Staehle,Marv,L,R,MON,2B,Marv Staehle,1970,"N,Montreal,Expos"
staur001,Staub,Rusty,L,R,MON,OF,Rusty Staub,1970,"N,Montreal,Expos"
stonb101,Stoneman,Bill,R,R,MON,P,Bill Stoneman,1970,"N,Montreal,Expos"
stroj102,Strohmayer,John,R,R,MON,P,John Strohmayer,1970,"N,Montreal,Expos"
suthg101,Sutherland,Gary,R,R,MON,2B,Gary Sutherland,1970,"N,Montreal,Expos"
waslg101,Waslewski,Gary,R,R,MON,P,Gary Waslewski,1970,"N,Montreal,Expos"
wegem101,Wegener,Mike,R,R,MON,P,Mike Wegener,1970,"N,Montreal,Expos"
whitf103,Whitfield,Fred,L,L,MON,1B,Fred Whitfield,1970,"N,Montreal,Expos"
wineb101,Wine,Bobby,R,R,MON,SS,Bobby Wine,1970,"N,Montreal,Expos"
bated101,Bates,Del,L,R,PHI,C,Del Bates,1970,"N,Philadelphia,Phillies"
bowal001,Bowa,Larry,B,R,PHI,SS,Larry Bowa,1970,"N,Philadelphia,Phillies"
brigj102,Briggs,John,L,L,PHI,OF,John Briggs,1970,"N,Philadelphia,Phillies"
browb101,Browne,Byron,R,R,PHI,OF,Byron Browne,1970,"N,Philadelphia,Phillies"
bunnj101,Bunning,Jim,R,R,PHI,P,Jim Bunning,1970,"N,Philadelphia,Phillies"
chamb101,Champion,Bill,R,R,PHI,P,Bill Champion,1970,"N,Philadelphia,Phillies"
compm101,Compton,Mike,R,R,PHI,C,Mike Compton,1970,"N,Philadelphia,Phillies"
doyld102,Doyle,Denny,L,R,PHI,2B,Denny Doyle,1970,"N,Philadelphia,Phillies"
edwad102,Edwards,Doc,R,R,PHI,C,Doc Edwards,1970,"N,Philadelphia,Phillies"
frymw101,Fryman,Woodie,R,L,PHI,P,Woodie Fryman,1970,"N,Philadelphia,Phillies"
gambo001,Gamble,Oscar,L,R,PHI,OF,Oscar Gamble,1970,"N,Philadelphia,Phillies"
harmt101,Harmon,Terry,R,R,PHI,SS,Terry Harmon,1970,"N,Philadelphia,Phillies"
hisll101,Hisle,Larry,R,R,PHI,OF,Larry Hisle,1970,"N,Philadelphia,Phillies"
hoerj101,Hoerner,Joe,R,L,PHI,P,Joe Hoerner,1970,"N,Philadelphia,Phillies"
huttj101,Hutto,Jim,R,R,PHI,OF,Jim Hutto,1970,"N,Philadelphia,Phillies"
jackg101,Jackson,Grant,B,L,PHI,P,Grant Jackson,1970,"N,Philadelphia,Phillies"
jackm101,Jackson,Mike,L,L,PHI,P,Mike Jackson,1970,"N,Philadelphia,Phillies"
johnd103,Johnson,Deron,R,R,PHI,1B,Deron Johnson,1970,"N,Philadelphia,Phillies"
joser101,Joseph,Rick,R,R,PHI,OF,Rick Joseph,1970,"N,Philadelphia,Phillies"
laxtb101,Laxton,Bill,L,L,PHI,P,Bill Laxton,1970,"N,Philadelphia,Phillies"
lersb101,Lersch,Barry,B,R,PHI,P,Barry Lersch,1970,"N,Philadelphia,Phillies"
lis-j101,Lis,Joe,R,R,PHI,OF,Joe Lis,1970,"N,Philadelphia,Phillies"
luzig001,Luzinski,Greg,R,R,PHI,1B,Greg Luzinski,1970,"N,Philadelphia,Phillies"
mccat101,McCarver,Tim,L,R,PHI,C,Tim McCarver,1970,"N,Philadelphia,Phillies"
moned101,Money,Don,R,R,PHI,3B,Don Money,1970,"N,Philadelphia,Phillies"
montw101,Montanez,Willie,L,L,PHI,OF,Willie Montanez,1970,"N,Philadelphia,Phillies"
palml101,Palmer,Lowell,R,R,PHI,P,Lowell Palmer,1970,"N,Philadelphia,Phillies"
parrs101,Parrilla,Sam,R,R,PHI,OF,Sam Parrilla,1970,"N,Philadelphia,Phillies"
reids101,Reid,Scott,L,R,PHI,OF,Scott Reid,1970,"N,Philadelphia,Phillies"
reynk101,Reynolds,Ken,L,L,PHI,P,Ken Reynolds,1970,"N,Philadelphia,Phillies"
ryanm101,Ryan,Mike,R,R,PHI,C,Mike Ryan,1970,"N,Philadelphia,Phillies"
selmd101,Selma,Dick,R,R,PHI,P,Dick Selma,1970,"N,Philadelphia,Phillies"
shorc102,Short,Chris,R,L,PHI,P,Chris Short,1970,"N,Philadelphia,Phillies"
stonr102,Stone,Ron,L,L,PHI,OF,Ron Stone,1970,"N,Philadelphia,Phillies"
taylt101,Taylor,Tony,R,R,PHI,2B,Tony Taylor,1970,"N,Philadelphia,Phillies"
vukoj101,Vukovich,John,R,R,PHI,SS,John Vukovich,1970,"N,Philadelphia,Phillies"
wenzf101,Wenz,Fred,R,R,PHI,P,Fred Wenz,1970,"N,Philadelphia,Phillies"
wilsb101,Wilson,Bill,R,R,PHI,P,Bill Wilson,1970,"N,Philadelphia,Phillies"
wiser101,Wise,Rick,R,R,PHI,P,Rick Wise,1970,"N,Philadelphia,Phillies"
bayld001,Baylor,Don,R,R,BAL,OF,Don Baylor,1970,"A,Baltimore,Orioles"
beenf101,Beene,Fred,B,R,BAL,P,Fred Beene,1970,"A,Baltimore,Orioles"
belam101,Belanger,Mark,R,R,BAL,SS,Mark Belanger,1970,"A,Baltimore,Orioles"
blaip101,Blair,Paul,R,R,BAL,OF,Paul Blair,1970,"A,Baltimore,Orioles"
bufod101,Buford,Don,B,R,BAL,OF,Don Buford,1970,"A,Baltimore,Orioles"
crowt101,Crowley,Terry,L,L,BAL,OF,Terry Crowley,1970,"A,Baltimore,Orioles"
cuelm101,Cuellar,Mike,L,L,BAL,P,Mike Cuellar,1970,"A,Baltimore,Orioles"
dalrc101,Dalrymple,Clay,L,R,BAL,C,Clay Dalrymple,1970,"A,Baltimore,Orioles"
drabm101,Drabowsky,Moe,R,R,BAL,P,Moe Drabowsky,1970,"A,Baltimore,Orioles"
etcha101,Etchebarren,Andy,R,R,BAL,C,Andy Etchebarren,1970,"A,Baltimore,Orioles"
floyb101,Floyd,Bobby,R,R,BAL,SS,Bobby Floyd,1970,"A,Baltimore,Orioles"
freer101,Freed,Roger,R,R,BAL,1B,Roger Freed,1970,"A,Baltimore,Orioles"
gricb001,Grich,Bobby,R,R,BAL,SS,Bobby Grich,1970,"A,Baltimore,Orioles"
halld101,Hall,Dick,R,R,BAL,P,Dick Hall,1970,"A,Baltimore,Orioles"
hardj101,Hardin,Jim,R,R,BAL,P,Jim Hardin,1970,"A,Baltimore,Orioles"
hende103,Hendricks,Elrod,L,R,BAL,C,Elrod Hendricks,1970,"A,Baltimore,Orioles"
johnd105,Johnson,Davey,R,R,BAL,2B,Davey Johnson,1970,"A,Baltimore,Orioles"
leond101,Leonhard,Dave,R,R,BAL,P,Dave Leonhard,1970,"A,Baltimore,Orioles"
lopem101,Lopez,Marcelino,R,L,BAL,P,Marcelino Lopez,1970,"A,Baltimore,Orioles"
may-d101,May,Dave,L,R,BAL,OF,Dave May,1970,"A,Baltimore,Orioles"
mcnad102,McNally,Dave,R,L,BAL,P,Dave McNally,1970,"A,Baltimore,Orioles"
mottc101,Motton,Curt,R,R,BAL,OF,Curt Motton,1970,"A,Baltimore,Orioles"
oatej101,Oates,Johnny,L,R,BAL,C,Johnny Oates,1970,"A,Baltimore,Orioles"
palmj001,Palmer,Jim,R,R,BAL,P,Jim Palmer,1970,"A,Baltimore,Orioles"
phoet101,Phoebus,Tom,R,R,BAL,P,Tom Phoebus,1970,"A,Baltimore,Orioles"
poweb101,Powell,Boog,L,R,BAL,1B,Boog Powell,1970,"A,Baltimore,Orioles"
rettm101,Rettenmund,Merv,R,R,BAL,OF,Merv Rettenmund,1970,"A,Baltimore,Orioles"
richp102,Richert,Pete,L,L,BAL,P,Pete Richert,1970,"A,Baltimore,Orioles"
robib104,Robinson,Brooks,R,R,BAL,3B,Brooks Robinson,1970,"A,Baltimore,Orioles"
robif103,Robinson,Frank,R,R,BAL,OF,Frank Robinson,1970,"A,Baltimore,Orioles"
salmc101,Salmon,Chico,R,R,BAL,SS,Chico Salmon,1970,"A,Baltimore,Orioles"
watte101,Watt,Eddie,R,R,BAL,P,Eddie Watt,1970,"A,Baltimore,Orioles"
arcij101,Arcia,Jose,R,R,SDN,SS,Jose Arcia,1970,"N,San Diego,Padres"
arlis101,Arlin,Steve,R,R,SDN,P,Steve Arlin,1970,"N,San Diego,Padres"
baldj101,Baldschun,Jack,R,R,SDN,P,Jack Baldschun,1970,"N,San Diego,Padres"
bartb101,Barton,Bob,R,R,SDN,C,Bob Barton,1970,"N,San Diego,Padres"
browo102,Brown,Ollie,R,R,SDN,OF,Ollie Brown,1970,"N,San Diego,Padres"
campd101,Campbell,Dave,R,R,SDN,2B,Dave Campbell,1970,"N,San Diego,Padres"
cannc101,Cannizzaro,Chris,R,R,SDN,C,Chris Cannizzaro,1970,"N,San Diego,Padres"
colbn101,Colbert,Nate,R,R,SDN,1B,Nate Colbert,1970,"N,San Diego,Padres"
coomd101,Coombs,Danny,R,L,SDN,P,Danny Coombs,1970,"N,San Diego,Padres"
corkm101,Corkins,Mike,R,R,SDN,P,Mike Corkins,1970,"N,San Diego,Padres"
deant101,Dean,Tommy,R,R,SDN,SS,Tommy Dean,1970,"N,San Diego,Padres"
dobsp101,Dobson,Pat,R,R,SDN,P,Pat Dobson,1970,"N,San Diego,Padres"
doylp101,Doyle,Paul,L,L,SDN,P,Paul Doyle,1970,"N,San Diego,Padres"
duket101,Dukes,Tom,R,R,SDN,P,Tom Dukes,1970,"N,San Diego,Padres"
ferra101,Ferrara,Al,R,R,SDN,OF,Al Ferrara,1970,"N,San Diego,Padres"
gastc101,Gaston,Cito,R,R,SDN,OF,Cito Gaston,1970,"N,San Diego,Padres"
herbr102,Herbel,Ron,R,R,SDN,P,Ron Herbel,1970,"N,San Diego,Padres"
hunts101,Huntz,Steve,B,R,SDN,SS,Steve Huntz,1970,"N,San Diego,Padres"
kellv101,Kelly,Van,L,R,SDN,3B,Van Kelly,1970,"N,San Diego,Padres"
kendf101,Kendall,Fred,R,R,SDN,C,Fred Kendall,1970,"N,San Diego,Padres"
kirbc101,Kirby,Clay,R,R,SDN,P,Clay Kirby,1970,"N,San Diego,Padres"
moraj101,Morales,Jerry,R,R,SDN,OF,Jerry Morales,1970,"N,San Diego,Padres"
murri101,Murrell,Ivan,R,R,SDN,OF,Ivan Murrell,1970,"N,San Diego,Padres"
nymaj101,Nyman,Jerry,L,L,SDN,P,Jerry Nyman,1970,"N,San Diego,Padres"
robed101,Roberts,Dave,L,L,SDN,P,Dave Roberts,1970,"N,San Diego,Padres"
robid102,Robinson,Dave,B,L,SDN,OF,Dave Robinson,1970,"N,San Diego,Padres"
roblr101,Robles,Rafael,R,R,SDN,SS,Rafael Robles,1970,"N,San Diego,Padres"
rodrr101,Rodriguez,Roberto,R,R,SDN,P,Roberto Rodriguez,1970,"N,San Diego,Padres"
rossg102,Ross,Gary,R,R,SDN,P,Gary Ross,1970,"N,San Diego,Padres"
santa101,Santorini,Al,R,R,SDN,P,Al Santorini,1970,"N,San Diego,Padres"
slocr101,Slocum,Ron,R,R,SDN,C,Ron Slocum,1970,"N,San Diego,Padres"
spiee101,Spiezio,Ed,R,R,SDN,3B,Ed Spiezio,1970,"N,San Diego,Padres"
stahl101,Stahl,Larry,L,L,SDN,OF,Larry Stahl,1970,"N,San Diego,Padres"
websr102,Webster,Ramon,L,L,SDN,1B,Ramon Webster,1970,"N,San Diego,Padres"
willj108,Williams,Jim,R,R,SDN,OF,Jim Williams,1970,"N,San Diego,Padres"
willr102,Willis,Ron,R,R,SDN,P,Ron Willis,1970,"N,San Diego,Padres"
wilse102,Wilson,Earl,R,R,SDN,P,Earl Wilson,1970,"N,San Diego,Padres"
acose101,Acosta,Ed,B,R,PIT,P,Ed Acosta,1970,"N,Pittsburgh,Pirates"
alleg101,Alley,Gene,R,R,PIT,SS,Gene Alley,1970,"N,Pittsburgh,Pirates"
aloum101,Alou,Matty,L,L,PIT,OF,Matty Alou,1970,"N,Pittsburgh,Pirates"
blass101,Blass,Steve,R,R,PIT,P,Steve Blass,1970,"N,Pittsburgh,Pirates"
brung101,Brunet,George,R,L,PIT,P,George Brunet,1970,"N,Pittsburgh,Pirates"
cambf101,Cambria,Fred,R,R,PIT,P,Fred Cambria,1970,"N,Pittsburgh,Pirates"
cashd101,Cash,Dave,R,R,PIT,2B,Dave Cash,1970,"N,Pittsburgh,Pirates"
clemr101,Clemente,Roberto,R,R,PIT,OF,Roberto Clemente,1970,"N,Pittsburgh,Pirates"
cling101,Clines,Gene,R,R,PIT,OF,Gene Clines,1970,"N,Pittsburgh,Pirates"
colpd101,Colpaert,Dick,R,R,PIT,P,Dick Colpaert,1970,"N,Pittsburgh,Pirates"
dalcb101,Dal Canton,Bruce,R,R,PIT,P,Bruce Dal Canton,1970,"N,Pittsburgh,Pirates"
ellid101,Ellis,Dock,B,R,PIT,P,Dock Ellis,1970,"N,Pittsburgh,Pirates"
garbg001,Garber,Gene,R,R,PIT,P,Gene Garber,1970,"N,Pittsburgh,Pirates"
gibbj102,Gibbon,Joe,R,L,PIT,P,Joe Gibbon,1970,"N,Pittsburgh,Pirates"
giusd101,Giusti,Dave,R,R,PIT,P,Dave Giusti,1970,"N,Pittsburgh,Pirates"
granj101,Grant,Mudcat,R,R,PIT,P,Mudcat Grant,1970,"N,Pittsburgh,Pirates"
hartc105,Hartenstein,Chuck,R,R,PIT,P,Chuck Hartenstein,1970,"N,Pittsburgh,Pirates"
hebnr001,Hebner,Richie,L,R,PIT,3B,Richie Hebner,1970,"N,Pittsburgh,Pirates"
jetej101,Jeter,Johnny,R,R,PIT,OF,Johnny Jeter,1970,"N,Pittsburgh,Pirates"
kopag101,Kopacz,George,L,L,PIT,1B,George Kopacz,1970,"N,Pittsburgh,Pirates"
lambj101,Lamb,John,R,R,PIT,P,John Lamb,1970,"N,Pittsburgh,Pirates"
marol101,Marone,Lou,R,L,PIT,P,Lou Marone,1970,"N,Pittsburgh,Pirates"
martj103,Martinez,Jose,R,R,PIT,3B,Jose Martinez,1970,"N,Pittsburgh,Pirates"
may-j101,May,Jerry,R,R,PIT,C,Jerry May,1970,"N,Pittsburgh,Pirates"
may-m001,May,Milt,L,R,PIT,PH,Milt May,1970,"N,Pittsburgh,Pirates"
mazeb101,Mazeroski,Bill,R,R,PIT,2B,Bill Mazeroski,1970,"N,Pittsburgh,Pirates"
mcbea101,McBean,Al,R,R,PIT,P,Al McBean,1970,"N,Pittsburgh,Pirates"
moosb101,Moose,Bob,R,R,PIT,P,Bob Moose,1970,"N,Pittsburgh,Pirates"
nelsj102,Nelson,Jim,R,R,PIT,P,Jim Nelson,1970,"N,Pittsburgh,Pirates"
oliva001,Oliver,Al,L,L,PIT,OF,Al Oliver,1970,"N,Pittsburgh,Pirates"
pagaj101,Pagan,Jose,R,R,PIT,3B,Jose Pagan,1970,"N,Pittsburgh,Pirates"
patef101,Patek,Freddie,R,R,PIT,SS,Freddie Patek,1970,"N,Pittsburgh,Pirates"
penao101,Pena,Orlando,R,R,PIT,P,Orlando Pena,1970,"N,Pittsburgh,Pirates"
rickd102,Ricketts,Dave,B,R,PIT,C,Dave Ricketts,1970,"N,Pittsburgh,Pirates"
robeb101,Robertson,Bob,R,R,PIT,1B,Bob Robertson,1970,"N,Pittsburgh,Pirates"
sangm101,Sanguillen,Manny,R,R,PIT,C,Manny Sanguillen,1970,"N,Pittsburgh,Pirates"
starw101,Stargell,Willie,L,L,PIT,OF,Willie Stargell,1970,"N,Pittsburgh,Pirates"
vealb101,Veale,Bob,B,L,PIT,P,Bob Veale,1970,"N,Pittsburgh,Pirates"
walkl101,Walker,Luke,L,L,PIT,P,Luke Walker,1970,"N,Pittsburgh,Pirates"
