player_id,last,first,bats,throws,team_id,pos,player_name,year,team_name
ahmen001,Ahmed,Nick,R,R,ARI,SS,Nick Ahmed,2020,"N,Arizona,Diamondbacks"
beasj001,Beasley,Jeremy,R,R,ARI,P,Jeremy Beasley,2020,"N,Arizona,Diamondbacks"
bergt001,Bergen,Travis,L,L,ARI,P,Travis Bergen,2020,"N,Arizona,Diamondbacks"
bracs001,Bracho,Silvino,R,R,ARI,P,Silvino Bracho,2020,"N,Arizona,Diamondbacks"
brada001,Bradley,Archie,R,R,ARI,P,Archie Bradley,2020,"N,Arizona,Diamondbacks"
bumgm001,Bumgarner,Madison,R,L,ARI,P,Madison Bumgarner,2020,"N,Arizona,Diamondbacks"
calhk001,Calhoun,Kole,L,L,ARI,OF,Kole Calhoun,2020,"N,Arizona,Diamondbacks"
chafa001,Chafin,Andrew,R,L,ARI,P,Andrew Chafin,2020,"N,Arizona,Diamondbacks"
clart003,Clarke,Taylor,R,R,ARI,P,Taylor Clarke,2020,"N,Arizona,Diamondbacks"
crics001,Crichton,Stefan,R,R,ARI,P,Stefan Crichton,2020,"N,Arizona,Diamondbacks"
cronk001,Cron,Kevin,R,R,ARI,1B,Kevin Cron,2020,"N,Arizona,Diamondbacks"
varsd001,Varsho,Daulton,L,R,ARI,C,Daulton Varsho,2020,"N,Arizona,Diamondbacks"
escoe001,Escobar,Eduardo,B,R,ARI,SS,Eduardo Escobar,2020,"N,Arizona,Diamondbacks"
gallz001,Gallen,Zac,R,R,ARI,P,Zac Gallen,2020,"N,Arizona,Diamondbacks"
ginkk001,Ginkel,Kevin,L,R,ARI,P,Kevin Ginkel,2020,"N,Arizona,Diamondbacks"
gracm003,Grace,Matt,L,L,ARI,P,Matt Grace,2020,"N,Arizona,Diamondbacks"
guerj003,Guerra,Junior,R,R,ARI,P,Junior Guerra,2020,"N,Arizona,Diamondbacks"
jay-j001,Jay,Jon,L,L,ARI,OF,Jon Jay,2020,"N,Arizona,Diamondbacks"
kellc002,Kelly,Carson,R,R,ARI,C,Carson Kelly,2020,"N,Arizona,Diamondbacks"
kellm002,Kelly,Merrill,R,R,ARI,P,Merrill Kelly,2020,"N,Arizona,Diamondbacks"
lambj001,Lamb,Jake,L,R,ARI,3B,Jake Lamb,2020,"N,Arizona,Diamondbacks"
lewia001,Lewicki,Artie,R,R,ARI,P,Artie Lewicki,2020,"N,Arizona,Diamondbacks"
locat001,Locastro,Tim,R,R,ARI,2B,Tim Locastro,2020,"N,Arizona,Diamondbacks"
lopey001,Lopez,Yoan,R,R,ARI,P,Yoan Lopez,2020,"N,Arizona,Diamondbacks"
mantj002,Mantiply,Joe,R,L,ARI,P,Joe Mantiply,2020,"N,Arizona,Diamondbacks"
martk001,Marte,Ketel,B,R,ARI,SS,Ketel Marte,2020,"N,Arizona,Diamondbacks"
marts002,Marte,Starling,R,R,ARI,OF,Starling Marte,2020,"N,Arizona,Diamondbacks"
mathw001,Mathisen,Wyatt,R,R,ARI,3B,Wyatt Mathisen,2020,"N,Arizona,Diamondbacks"
mellk001,Mella,Keury,R,R,ARI,P,Keury Mella,2020,"N,Arizona,Diamondbacks"
perad001,Peralta,David,L,L,ARI,OF,David Peralta,2020,"N,Arizona,Diamondbacks"
payaj001,Payamps,Joel,R,R,ARI,P,Joel Payamps,2020,"N,Arizona,Diamondbacks"
ray-r002,Ray,Robbie,L,L,ARI,P,Robbie Ray,2020,"N,Arizona,Diamondbacks"
rojaj001,Rojas,Josh,L,R,ARI,3B,Josh Rojas,2020,"N,Arizona,Diamondbacks"
rondh001,Rondon,Hector,R,R,ARI,P,Hector Rondon,2020,"N,Arizona,Diamondbacks"
smitc006,Smith,Caleb,R,L,ARI,P,Caleb Smith,2020,"N,Arizona,Diamondbacks"
smitp002,Smith,Pavin,L,L,ARI,OF,Pavin Smith,2020,"N,Arizona,Diamondbacks"
smitr005,Smith,Riley,R,R,ARI,P,Riley Smith,2020,"N,Arizona,Diamondbacks"
vanmj001,VanMeter,Josh,L,R,ARI,2B,Josh VanMeter,2020,"N,Arizona,Diamondbacks"
vargi001,Vargas,Ildemaro,B,R,ARI,2B,Ildemaro Vargas,2020,"N,Arizona,Diamondbacks"
vogts001,Vogt,Stephen,L,R,ARI,C,Stephen Vogt,2020,"N,Arizona,Diamondbacks"
walkc002,Walker,Christian,R,R,ARI,1B,Christian Walker,2020,"N,Arizona,Diamondbacks"
weavl001,Weaver,Luke,R,R,ARI,P,Luke Weaver,2020,"N,Arizona,Diamondbacks"
widet001,Widener,Taylor,L,R,ARI,P,Taylor Widener,2020,"N,Arizona,Diamondbacks"
youna002,Young,Alex,L,L,ARI,P,Alex Young,2020,"N,Arizona,Diamondbacks"
youna003,Young,Andy,R,R,ARI,2B,Andy Young,2020,"N,Arizona,Diamondbacks"
alfoa002,Alford,Anthony,R,R,TOR,OF,Anthony Alford,2020,"A,Toronto,Blue Jays"
andec001,Anderson,Chase,R,R,TOR,P,Chase Anderson,2020,"A,Toronto,Blue Jays"
bassa001,Bass,Anthony,R,R,TOR,P,Anthony Bass,2020,"A,Toronto,Blue Jays"
bergt001,Bergen,Travis,L,L,TOR,P,Travis Bergen,2020,"A,Toronto,Blue Jays"
bichb001,Bichette,Bo,R,R,TOR,SS,Bo Bichette,2020,"A,Toronto,Blue Jays"
biggc002,Biggio,Cavan,L,R,TOR,2B,Cavan Biggio,2020,"A,Toronto,Blue Jays"
borur001,Borucki,Ryan,L,L,TOR,P,Ryan Borucki,2020,"A,Toronto,Blue Jays"
colea002,Cole,A.J.,R,R,TOR,P,A.J. Cole,2020,"A,Toronto,Blue Jays"
davij007,Davis,Jonathan,R,R,TOR,OF,Jonathan Davis,2020,"A,Toronto,Blue Jays"
dolir001,Dolis,Rafael,R,R,TOR,P,Rafael Dolis,2020,"A,Toronto,Blue Jays"
drurb001,Drury,Brandon,R,R,TOR,3B,Brandon Drury,2020,"A,Toronto,Blue Jays"
espis001,Espinal,Santiago,R,R,TOR,2B,Santiago Espinal,2020,"A,Toronto,Blue Jays"
fishd001,Fisher,Derek,L,R,TOR,OF,Derek Fisher,2020,"A,Toronto,Blue Jays"
fontw001,Font,Wilmer,R,R,TOR,P,Wilmer Font,2020,"A,Toronto,Blue Jays"
gavis001,Gaviglio,Sam,R,R,TOR,P,Sam Gaviglio,2020,"A,Toronto,Blue Jays"
gilek001,Giles,Ken,R,R,TOR,P,Ken Giles,2020,"A,Toronto,Blue Jays"
gricr001,Grichuk,Randal,R,R,TOR,OF,Randal Grichuk,2020,"A,Toronto,Blue Jays"
guerv002,Guerrero,Vladimir,R,R,TOR,3B,Vladimir Guerrero,2020,"A,Toronto,Blue Jays"
gurrl001,Gurriel,Lourdes,R,R,TOR,2B,Lourdes Gurriel,2020,"A,Toronto,Blue Jays"
hatct001,Hatch,Thomas,R,R,TOR,P,Thomas Hatch,2020,"A,Toronto,Blue Jays"
hernt002,Hernandez,Teoscar,R,R,TOR,OF,Teoscar Hernandez,2020,"A,Toronto,Blue Jays"
jansd001,Jansen,Danny,R,R,TOR,C,Danny Jansen,2020,"A,Toronto,Blue Jays"
josec002,Joseph,Caleb,R,R,TOR,C,Caleb Joseph,2020,"A,Toronto,Blue Jays"
kay-a001,Kay,Anthony,L,L,TOR,P,Anthony Kay,2020,"A,Toronto,Blue Jays"
kirka001,Kirk,Alejandro,R,R,TOR,C,Alejandro Kirk,2020,"A,Toronto,Blue Jays"
mcgur002,McGuire,Reese,L,R,TOR,C,Reese McGuire,2020,"A,Toronto,Blue Jays"
mckib001,McKinney,Billy,L,L,TOR,OF,Billy McKinney,2020,"A,Toronto,Blue Jays"
merrj001,Merryweather,Julian,R,R,TOR,P,Julian Merryweather,2020,"A,Toronto,Blue Jays"
morab001,Moran,Brian,L,L,TOR,P,Brian Moran,2020,"A,Toronto,Blue Jays"
murpp001,Murphy,Patrick,R,R,TOR,P,Patrick Murphy,2020,"A,Toronto,Blue Jays"
panij002,Panik,Joe,L,R,TOR,2B,Joe Panik,2020,"A,Toronto,Blue Jays"
pearn001,Pearson,Nate,R,R,TOR,P,Nate Pearson,2020,"A,Toronto,Blue Jays"
pereh002,Perez,Hector,R,R,TOR,P,Hector Perez,2020,"A,Toronto,Blue Jays"
ray-r002,Ray,Robbie,L,L,TOR,P,Robbie Ray,2020,"A,Toronto,Blue Jays"
reids001,Reid-Foley,Sean,R,R,TOR,P,Sean Reid-Foley,2020,"A,Toronto,Blue Jays"
roart001,Roark,Tanner,R,R,TOR,P,Tanner Roark,2020,"A,Toronto,Blue Jays"
romaj004,Romano,Jordan,R,R,TOR,P,Jordan Romano,2020,"A,Toronto,Blue Jays"
ryu-h001,Ryu,Hyun Jin,R,L,TOR,P,Hyun Jin Ryu,2020,"A,Toronto,Blue Jays"
shawt001,Shaw,Travis,L,R,TOR,1B,Travis Shaw,2020,"A,Toronto,Blue Jays"
shoem001,Shoemaker,Matt,R,R,TOR,P,Matt Shoemaker,2020,"A,Toronto,Blue Jays"
strir001,Stripling,Ross,R,R,TOR,P,Ross Stripling,2020,"A,Toronto,Blue Jays"
tellr001,Tellez,Rowdy,L,L,TOR,1B,Rowdy Tellez,2020,"A,Toronto,Blue Jays"
thort002,Thornton,Trent,R,R,TOR,P,Trent Thornton,2020,"A,Toronto,Blue Jays"
villj001,Villar,Jonathan,B,R,TOR,SS,Jonathan Villar,2020,"A,Toronto,Blue Jays"
voged001,Vogelbach,Daniel,L,R,TOR,1B,Daniel Vogelbach,2020,"A,Toronto,Blue Jays"
waguj001,Waguespack,Jacob,R,R,TOR,P,Jacob Waguespack,2020,"A,Toronto,Blue Jays"
walkt004,Walker,Taijuan,R,R,TOR,P,Taijuan Walker,2020,"A,Toronto,Blue Jays"
yamas001,Yamaguchi,Shun,R,R,TOR,P,Shun Yamaguchi,2020,"A,Toronto,Blue Jays"
zeuct001,Zeuch,T.J.,R,R,TOR,P,T.J. Zeuch,2020,"A,Toronto,Blue Jays"
alonp001,Alonso,Pete,R,R,NYN,1B,Pete Alonso,2020,"N,New York,Mets"
betad001,Betances,Dellin,R,R,NYN,P,Dellin Betances,2020,"N,New York,Mets"
bracb001,Brach,Brad,R,R,NYN,P,Brad Brach,2020,"N,New York,Mets"
canor001,Cano,Robinson,L,R,NYN,2B,Robinson Cano,2020,"N,New York,Mets"
castm002,Castro,Miguel,R,R,NYN,P,Miguel Castro,2020,"N,New York,Mets"
chirr001,Chirinos,Robinson,R,R,NYN,C,Robinson Chirinos,2020,"N,New York,Mets"
confm001,Conforto,Michael,L,R,NYN,OF,Michael Conforto,2020,"N,New York,Mets"
cordr001,Cordell,Ryan,R,R,NYN,OF,Ryan Cordell,2020,"N,New York,Mets"
cespy001,Cespedes,Yoenis,R,R,NYN,OF,Yoenis Cespedes,2020,"N,New York,Mets"
davij006,Davis,J.D.,R,R,NYN,3B,J.D. Davis,2020,"N,New York,Mets"
degrj001,deGrom,Jacob,L,R,NYN,P,Jacob deGrom,2020,"N,New York,Mets"
diaze006,Diaz,Edwin,R,R,NYN,P,Edwin Diaz,2020,"N,New York,Mets"
dozib001,Dozier,Brian,R,R,NYN,2B,Brian Dozier,2020,"N,New York,Mets"
famij001,Familia,Jeurys,R,R,NYN,P,Jeurys Familia,2020,"N,New York,Mets"
frazt001,Frazier,Todd,R,R,NYN,3B,Todd Frazier,2020,"N,New York,Mets"
gimea001,Gimenez,Andres,L,R,NYN,SS,Andres Gimenez,2020,"N,New York,Mets"
gselr001,Gsellman,Robert,R,R,NYN,P,Robert Gsellman,2020,"N,New York,Mets"
guill001,Guillorme,Luis,L,R,NYN,SS,Luis Guillorme,2020,"N,New York,Mets"
hamib001,Hamilton,Billy,B,R,NYN,OF,Billy Hamilton,2020,"N,New York,Mets"
hereg002,Heredia,Guillermo,R,L,NYN,OF,Guillermo Heredia,2020,"N,New York,Mets"
hughj001,Hughes,Jared,R,R,NYN,P,Jared Hughes,2020,"N,New York,Mets"
juraa001,Jurado,Ariel,R,R,NYN,P,Ariel Jurado,2020,"N,New York,Mets"
kilof001,Kilome,Franklyn,R,R,NYN,P,Franklyn Kilome,2020,"N,New York,Mets"
lagaj001,Lagares,Juan,R,R,NYN,OF,Juan Lagares,2020,"N,New York,Mets"
lockw001,Lockett,Walker,R,R,NYN,P,Walker Lockett,2020,"N,New York,Mets"
lugos001,Lugo,Seth,R,R,NYN,P,Seth Lugo,2020,"N,New York,Mets"
marij002,Marisnick,Jake,R,R,NYN,OF,Jake Marisnick,2020,"N,New York,Mets"
matzs001,Matz,Steven,R,L,NYN,P,Steven Matz,2020,"N,New York,Mets"
mcnej002,McNeil,Jeff,L,R,NYN,2B,Jeff McNeil,2020,"N,New York,Mets"
nidot001,Nido,Tomas,R,R,NYN,C,Tomas Nido,2020,"N,New York,Mets"
nimmb001,Nimmo,Brandon,L,R,NYN,OF,Brandon Nimmo,2020,"N,New York,Mets"
nunee002,Nunez,Eduardo,R,R,NYN,SS,Eduardo Nunez,2020,"N,New York,Mets"
oswac001,Oswalt,Corey,R,R,NYN,P,Corey Oswalt,2020,"N,New York,Mets"
peted003,Peterson,David,L,L,NYN,P,David Peterson,2020,"N,New York,Mets"
porcr001,Porcello,Rick,R,R,NYN,P,Rick Porcello,2020,"N,New York,Mets"
ramie004,Ramirez,Erasmo,R,R,NYN,P,Erasmo Ramirez,2020,"N,New York,Mets"
ramow001,Ramos,Wilson,R,R,NYN,C,Wilson Ramos,2020,"N,New York,Mets"
river003,Rivera,Rene,R,R,NYN,C,Rene Rivera,2020,"N,New York,Mets"
rosaa003,Rosario,Amed,R,R,NYN,SS,Amed Rosario,2020,"N,New York,Mets"
sanca009,Sanchez,Ali,R,R,NYN,C,Ali Sanchez,2020,"N,New York,Mets"
sewap001,Sewald,Paul,R,R,NYN,P,Paul Sewald,2020,"N,New York,Mets"
shrec001,Shreve,Chasen,L,L,NYN,P,Chasen Shreve,2020,"N,New York,Mets"
smitd008,Smith,Dominic,L,L,NYN,1B,Dominic Smith,2020,"N,New York,Mets"
smitd009,Smith,Drew,R,R,NYN,P,Drew Smith,2020,"N,New York,Mets"
strih001,Strickland,Hunter,R,R,NYN,P,Hunter Strickland,2020,"N,New York,Mets"
wachm001,Wacha,Michael,R,R,NYN,P,Michael Wacha,2020,"N,New York,Mets"
wilsj004,Wilson,Justin,L,L,NYN,P,Justin Wilson,2020,"N,New York,Mets"
adrie001,Adrianza,Ehire,B,R,MIN,2B,Ehire Adrianza,2020,"A,Minnesota,Twins"
alcaj001,Alcala,Jorge,R,R,MIN,P,Jorge Alcala,2020,"A,Minnesota,Twins"
arral001,Arraez,Luis,L,R,MIN,2B,Luis Arraez,2020,"A,Minnesota,Twins"
astuw001,Astudillo,Willians,R,R,MIN,C,Willians Astudillo,2020,"A,Minnesota,Twins"
avila001,Avila,Alex,L,R,MIN,C,Alex Avila,2020,"A,Minnesota,Twins"
bailh001,Bailey,Homer,R,R,MIN,P,Homer Bailey,2020,"A,Minnesota,Twins"
berrj001,Berrios,Jose,R,R,MIN,P,Jose Berrios,2020,"A,Minnesota,Twins"
blant002,Blankenhorn,Travis,L,R,MIN,2B,Travis Blankenhorn,2020,"A,Minnesota,Twins"
buxtb001,Buxton,Byron,R,R,MIN,OF,Byron Buxton,2020,"A,Minnesota,Twins"
cavej001,Cave,Jake,L,L,MIN,OF,Jake Cave,2020,"A,Minnesota,Twins"
clipt001,Clippard,Tyler,R,R,MIN,P,Tyler Clippard,2020,"A,Minnesota,Twins"
colie001,Colina,Edwar,R,R,MIN,P,Edwar Colina,2020,"A,Minnesota,Twins"
could001,Coulombe,Danny,L,L,MIN,P,Danny Coulombe,2020,"A,Minnesota,Twins"
cruzn002,Cruz,Nelson,R,R,MIN,OF,Nelson Cruz,2020,"A,Minnesota,Twins"
dobnr001,Dobnak,Randy,R,R,MIN,P,Randy Dobnak,2020,"A,Minnesota,Twins"
donaj001,Donaldson,Josh,R,R,MIN,3B,Josh Donaldson,2020,"A,Minnesota,Twins"
dufft001,Duffey,Tyler,R,R,MIN,P,Tyler Duffey,2020,"A,Minnesota,Twins"
garvm001,Garver,Mitch,R,R,MIN,C,Mitch Garver,2020,"A,Minnesota,Twins"
gearc001,Gearrin,Cory,R,R,MIN,P,Cory Gearrin,2020,"A,Minnesota,Twins"
gonzm002,Gonzalez,Marwin,B,R,MIN,1B,Marwin Gonzalez,2020,"A,Minnesota,Twins"
hillr001,Hill,Rich,L,L,MIN,P,Rich Hill,2020,"A,Minnesota,Twins"
jeffr002,Jeffers,Ryan,R,R,MIN,C,Ryan Jeffers,2020,"A,Minnesota,Twins"
keplm001,Kepler,Max,L,L,MIN,OF,Max Kepler,2020,"A,Minnesota,Twins"
kiria001,Kirilloff,Alex,L,L,MIN,OF,Alex Kirilloff,2020,"A,Minnesota,Twins"
littz001,Littell,Zack,R,R,MIN,P,Zack Littell,2020,"A,Minnesota,Twins"
maedk001,Maeda,Kenta,R,R,MIN,P,Kenta Maeda,2020,"A,Minnesota,Twins"
may-t001,May,Trevor,R,R,MIN,P,Trevor May,2020,"A,Minnesota,Twins"
odorj001,Odorizzi,Jake,R,R,MIN,P,Jake Odorizzi,2020,"A,Minnesota,Twins"
pinem001,Pineda,Michael,R,R,MIN,P,Michael Pineda,2020,"A,Minnesota,Twins"
polaj001,Polanco,Jorge,B,R,MIN,SS,Jorge Polanco,2020,"A,Minnesota,Twins"
popps001,Poppen,Sean,R,R,MIN,P,Sean Poppen,2020,"A,Minnesota,Twins"
roget001,Rogers,Taylor,L,L,MIN,P,Taylor Rogers,2020,"A,Minnesota,Twins"
romos001,Romo,Sergio,R,R,MIN,P,Sergio Romo,2020,"A,Minnesota,Twins"
rookb001,Rooker,Brent,R,R,MIN,OF,Brent Rooker,2020,"A,Minnesota,Twins"
rosae001,Rosario,Eddie,L,R,MIN,OF,Eddie Rosario,2020,"A,Minnesota,Twins"
sanom001,Sano,Miguel,R,R,MIN,DH,Miguel Sano,2020,"A,Minnesota,Twins"
smeld001,Smeltzer,Devin,R,L,MIN,P,Devin Smeltzer,2020,"A,Minnesota,Twins"
stasc001,Stashak,Cody,R,R,MIN,P,Cody Stashak,2020,"A,Minnesota,Twins"
thiec001,Thielbar,Caleb,R,L,MIN,P,Caleb Thielbar,2020,"A,Minnesota,Twins"
thorl002,Thorpe,Lewis,R,L,MIN,P,Lewis Thorpe,2020,"A,Minnesota,Twins"
vargi001,Vargas,Ildemaro,B,R,MIN,2B,Ildemaro Vargas,2020,"A,Minnesota,Twins"
wadel001,Wade,LaMonte,L,L,MIN,OF,LaMonte Wade,2020,"A,Minnesota,Twins"
whita002,Whitefield,Aaron,R,R,MIN,OF,Aaron Whitefield,2020,"A,Minnesota,Twins"
wislm001,Wisler,Matt,R,R,MIN,P,Matt Wisler,2020,"A,Minnesota,Twins"
abreb002,Abreu,Bryan,R,R,HOU,P,Bryan Abreu,2020,"A,Houston,Astros"
altuj001,Altuve,Jose,R,R,HOU,2B,Jose Altuve,2020,"A,Houston,Astros"
alvay001,Alvarez,Yordan,L,R,HOU,1B,Yordan Alvarez,2020,"A,Houston,Astros"
bailb002,Bailey,Brandon,R,R,HOU,P,Brandon Bailey,2020,"A,Houston,Astros"
biagj001,Biagini,Joe,R,R,HOU,P,Joe Biagini,2020,"A,Houston,Astros"
bielb001,Bielak,Brandon,L,R,HOU,P,Brandon Bielak,2020,"A,Houston,Astros"
branm003,Brantley,Michael,L,L,HOU,OF,Michael Brantley,2020,"A,Houston,Astros"
brega001,Bregman,Alex,R,R,HOU,SS,Alex Bregman,2020,"A,Houston,Astros"
casth002,Castellanos,Humberto,R,R,HOU,P,Humberto Castellanos,2020,"A,Houston,Astros"
corrc001,Correa,Carlos,R,R,HOU,SS,Carlos Correa,2020,"A,Houston,Astros"
dejoc001,De Jong,Chase,L,R,HOU,P,Chase De Jong,2020,"A,Houston,Astros"
devec001,Devenski,Chris,R,R,HOU,P,Chris Devenski,2020,"A,Houston,Astros"
diaza003,Diaz,Aledmys,R,R,HOU,SS,Aledmys Diaz,2020,"A,Houston,Astros"
garcl007,Garcia,Luis,R,R,HOU,P,Luis Garcia,2020,"A,Houston,Astros"
garnd001,Garneau,Dustin,R,R,HOU,C,Dustin Garneau,2020,"A,Houston,Astros"
greiz001,Greinke,Zack,R,R,HOU,P,Zack Greinke,2020,"A,Houston,Astros"
gurry001,Gurriel,Yuli,R,R,HOU,3B,Yuli Gurriel,2020,"A,Houston,Astros"
jamej002,James,Josh,R,R,HOU,P,Josh James,2020,"A,Houston,Astros"
javic001,Javier,Cristian,R,R,HOU,P,Cristian Javier,2020,"A,Houston,Astros"
jonet005,Jones,Taylor,R,R,HOU,1B,Taylor Jones,2020,"A,Houston,Astros"
maldm001,Maldonado,Martin,R,R,HOU,C,Martin Maldonado,2020,"A,Houston,Astros"
mayfj001,Mayfield,Jack,R,R,HOU,2B,Jack Mayfield,2020,"A,Houston,Astros"
mccul002,McCullers,Lance,L,R,HOU,P,Lance McCullers,2020,"A,Houston,Astros"
osunr001,Osuna,Roberto,R,R,HOU,P,Roberto Osuna,2020,"A,Houston,Astros"
paree003,Paredes,Enoli,R,R,HOU,P,Enoli Paredes,2020,"A,Houston,Astros"
peacb001,Peacock,Brad,R,R,HOU,P,Brad Peacock,2020,"A,Houston,Astros"
presr001,Pressly,Ryan,R,R,HOU,P,Ryan Pressly,2020,"A,Houston,Astros"
perec004,Perez,Cionel,L,L,HOU,P,Cionel Perez,2020,"A,Houston,Astros"
raleb001,Raley,Brooks,L,L,HOU,P,Brooks Raley,2020,"A,Houston,Astros"
reddj001,Reddick,Josh,L,R,HOU,OF,Josh Reddick,2020,"A,Houston,Astros"
rodrn002,Rodriguez,Nivaldo,R,R,HOU,P,Nivaldo Rodriguez,2020,"A,Houston,Astros"
sanac001,Sanabria,Carlos,R,R,HOU,P,Carlos Sanabria,2020,"A,Houston,Astros"
scrua001,Scrubb,Andre,R,R,HOU,P,Andre Scrubb,2020,"A,Houston,Astros"
sneec001,Sneed,Cy,R,R,HOU,P,Cy Sneed,2020,"A,Houston,Astros"
sprig001,Springer,George,R,R,HOU,OF,George Springer,2020,"A,Houston,Astros"
stram002,Straw,Myles,R,R,HOU,OF,Myles Straw,2020,"A,Houston,Astros"
stubg001,Stubbs,Garrett,L,R,HOU,C,Garrett Stubbs,2020,"A,Houston,Astros"
taylb004,Taylor,Blake,L,L,HOU,P,Blake Taylor,2020,"A,Houston,Astros"
toroa001,Toro,Abraham,B,R,HOU,3B,Abraham Toro,2020,"A,Houston,Astros"
tuckk001,Tucker,Kyle,L,R,HOU,OF,Kyle Tucker,2020,"A,Houston,Astros"
urquj001,Urquidy,Jose,R,R,HOU,P,Jose Urquidy,2020,"A,Houston,Astros"
valdf001,Valdez,Framber,L,L,HOU,P,Framber Valdez,2020,"A,Houston,Astros"
verlj001,Verlander,Justin,R,R,HOU,P,Justin Verlander,2020,"A,Houston,Astros"
bacud001,Bacus,Dakota,R,R,WAS,P,Dakota Bacus,2020,"N,Washington,Nationals"
barra001,Barrett,Aaron,R,R,WAS,P,Aaron Barrett,2020,"N,Washington,Nationals"
bonie001,Bonifacio,Emilio,B,R,WAS,2B,Emilio Bonifacio,2020,"N,Washington,Nationals"
bourj003,Bourque,James,R,R,WAS,P,James Bourque,2020,"N,Washington,Nationals"
brayb002,Braymer,Ben,L,L,WAS,P,Ben Braymer,2020,"N,Washington,Nationals"
cabra002,Cabrera,Asdrubal,B,R,WAS,SS,Asdrubal Cabrera,2020,"N,Washington,Nationals"
casts001,Castro,Starlin,R,R,WAS,SS,Starlin Castro,2020,"N,Washington,Nationals"
corbp001,Corbin,Patrick,L,L,WAS,P,Patrick Corbin,2020,"N,Washington,Nationals"
croww001,Crowe,Wil,R,R,WAS,P,Wil Crowe,2020,"N,Washington,Nationals"
difow001,Difo,Wilmer,B,R,WAS,2B,Wilmer Difo,2020,"N,Washington,Nationals"
dools001,Doolittle,Sean,L,L,WAS,P,Sean Doolittle,2020,"N,Washington,Nationals"
eatoa002,Eaton,Adam,L,L,WAS,OF,Adam Eaton,2020,"N,Washington,Nationals"
espip001,Espino,Paolo,R,R,WAS,P,Paolo Espino,2020,"N,Washington,Nationals"
fedde001,Fedde,Erick,R,R,WAS,P,Erick Fedde,2020,"N,Washington,Nationals"
finnk001,Finnegan,Kyle,R,R,WAS,P,Kyle Finnegan,2020,"N,Washington,Nationals"
frees001,Freeman,Sam,R,L,WAS,P,Sam Freeman,2020,"N,Washington,Nationals"
garcl006,Garcia,Luis,L,R,WAS,SS,Luis Garcia,2020,"N,Washington,Nationals"
gomey001,Gomes,Yan,R,R,WAS,C,Yan Gomes,2020,"N,Washington,Nationals"
guerj002,Guerra,Javy,R,R,WAS,P,Javy Guerra,2020,"N,Washington,Nationals"
harpr001,Harper,Ryne,R,R,WAS,P,Ryne Harper,2020,"N,Washington,Nationals"
harrw002,Harris,Will,R,R,WAS,P,Will Harris,2020,"N,Washington,Nationals"
harrj002,Harrison,Josh,R,R,WAS,3B,Josh Harrison,2020,"N,Washington,Nationals"
herny002,Hernandez,Yadiel,L,R,WAS,OF,Yadiel Hernandez,2020,"N,Washington,Nationals"
holtb002,Holt,Brock,L,R,WAS,OF,Brock Holt,2020,"N,Washington,Nationals"
hudsd001,Hudson,Daniel,R,R,WAS,P,Daniel Hudson,2020,"N,Washington,Nationals"
kendh001,Kendrick,Howie,R,R,WAS,2B,Howie Kendrick,2020,"N,Washington,Nationals"
kiebc001,Kieboom,Carter,R,R,WAS,SS,Carter Kieboom,2020,"N,Washington,Nationals"
mcgok002,McGowin,Kyle,R,R,WAS,P,Kyle McGowin,2020,"N,Washington,Nationals"
nollj001,Noll,Jake,R,R,WAS,3B,Jake Noll,2020,"N,Washington,Nationals"
raint003,Rainey,Tanner,R,R,WAS,P,Tanner Rainey,2020,"N,Washington,Nationals"
roblv001,Robles,Victor,R,R,WAS,OF,Victor Robles,2020,"N,Washington,Nationals"
romes002,Romero,Seth,L,L,WAS,P,Seth Romero,2020,"N,Washington,Nationals"
sanca004,Sanchez,Anibal,R,R,WAS,P,Anibal Sanchez,2020,"N,Washington,Nationals"
schem001,Scherzer,Max,R,R,WAS,P,Max Scherzer,2020,"N,Washington,Nationals"
sotoj001,Soto,Juan,L,L,WAS,OF,Juan Soto,2020,"N,Washington,Nationals"
steva001,Stevenson,Andrew,L,L,WAS,OF,Andrew Stevenson,2020,"N,Washington,Nationals"
stras001,Strasburg,Stephen,R,R,WAS,P,Stephen Strasburg,2020,"N,Washington,Nationals"
suerw002,Suero,Wander,R,R,WAS,P,Wander Suero,2020,"N,Washington,Nationals"
suzuk001,Suzuki,Kurt,R,R,WAS,C,Kurt Suzuki,2020,"N,Washington,Nationals"
taylm002,Taylor,Michael A.,R,R,WAS,OF,Michael A. Taylor,2020,"N,Washington,Nationals"
thame001,Thames,Eric,L,R,WAS,OF,Eric Thames,2020,"N,Washington,Nationals"
turnt001,Turner,Trea,R,R,WAS,SS,Trea Turner,2020,"N,Washington,Nationals"
votha001,Voth,Austin,R,R,WAS,P,Austin Voth,2020,"N,Washington,Nationals"
alvaj003,Alvarez,Jose,L,L,PHI,P,Jose Alvarez,2020,"N,Philadelphia,Phillies"
arrij001,Arrieta,Jake,R,R,PHI,P,Jake Arrieta,2020,"N,Philadelphia,Phillies"
bohma001,Bohm,Alec,R,R,PHI,3B,Alec Bohm,2020,"N,Philadelphia,Phillies"
brogc001,Brogdon,Connor,R,R,PHI,P,Connor Brogdon,2020,"N,Philadelphia,Phillies"
brucj001,Bruce,Jay,L,L,PHI,OF,Jay Bruce,2020,"N,Philadelphia,Phillies"
cleag001,Cleavinger,Garrett,R,L,PHI,P,Garrett Cleavinger,2020,"N,Philadelphia,Phillies"
davia003,Davis,Austin,L,L,PHI,P,Austin Davis,2020,"N,Philadelphia,Phillies"
efliz001,Eflin,Zach,R,R,PHI,P,Zach Eflin,2020,"N,Philadelphia,Phillies"
garlk001,Garlick,Kyle,R,R,PHI,OF,Kyle Garlick,2020,"N,Philadelphia,Phillies"
gossp001,Gosselin,Phil,R,R,PHI,2B,Phil Gosselin,2020,"N,Philadelphia,Phillies"
gregd001,Gregorius,Didi,L,R,PHI,SS,Didi Gregorius,2020,"N,Philadelphia,Phillies"
guerd001,Guerra,Deolis,R,R,PHI,P,Deolis Guerra,2020,"N,Philadelphia,Phillies"
haled001,Hale,David,R,R,PHI,P,David Hale,2020,"N,Philadelphia,Phillies"
harpb003,Harper,Bryce,L,R,PHI,OF,Bryce Harper,2020,"N,Philadelphia,Phillies"
hasea001,Haseley,Adam,L,L,PHI,OF,Adam Haseley,2020,"N,Philadelphia,Phillies"
hembh001,Hembree,Heath,R,R,PHI,P,Heath Hembree,2020,"N,Philadelphia,Phillies"
hoskr001,Hoskins,Rhys,R,R,PHI,1B,Rhys Hoskins,2020,"N,Philadelphia,Phillies"
howas003,Howard,Spencer,R,R,PHI,P,Spencer Howard,2020,"N,Philadelphia,Phillies"
huntt002,Hunter,Tommy,R,R,PHI,P,Tommy Hunter,2020,"N,Philadelphia,Phillies"
irvic001,Irvin,Cole,L,L,PHI,P,Cole Irvin,2020,"N,Philadelphia,Phillies"
kellt002,Kelley,Trevor,R,R,PHI,P,Trevor Kelley,2020,"N,Philadelphia,Phillies"
kings001,Kingery,Scott,R,R,PHI,2B,Scott Kingery,2020,"N,Philadelphia,Phillies"
knapa001,Knapp,Andrew,B,R,PHI,C,Andrew Knapp,2020,"N,Philadelphia,Phillies"
llovm001,Llovera,Mauricio,R,R,PHI,P,Mauricio Llovera,2020,"N,Philadelphia,Phillies"
marcr001,Marchan,Rafael,B,R,PHI,C,Rafael Marchan,2020,"N,Philadelphia,Phillies"
mcclr001,McClain,Reggie,R,R,PHI,P,Reggie McClain,2020,"N,Philadelphia,Phillies"
mccua001,McCutchen,Andrew,R,R,PHI,OF,Andrew McCutchen,2020,"N,Philadelphia,Phillies"
media001,Medina,Adonis,R,R,PHI,P,Adonis Medina,2020,"N,Philadelphia,Phillies"
monim001,Moniak,Mickey,L,R,PHI,OF,Mickey Moniak,2020,"N,Philadelphia,Phillies"
morga001,Morgan,Adam,L,L,PHI,P,Adam Morgan,2020,"N,Philadelphia,Phillies"
nerih001,Neris,Hector,R,R,PHI,P,Hector Neris,2020,"N,Philadelphia,Phillies"
nolaa001,Nola,Aaron,R,R,PHI,P,Aaron Nola,2020,"N,Philadelphia,Phillies"
parkb001,Parker,Blake,R,R,PHI,P,Blake Parker,2020,"N,Philadelphia,Phillies"
pheld001,Phelps,David,R,R,PHI,P,David Phelps,2020,"N,Philadelphia,Phillies"
piven001,Pivetta,Nick,R,R,PHI,P,Nick Pivetta,2020,"N,Philadelphia,Phillies"
quinr003,Quinn,Roman,B,R,PHI,OF,Roman Quinn,2020,"N,Philadelphia,Phillies"
realj001,Realmuto,J.T.,R,R,PHI,C,J.T. Realmuto,2020,"N,Philadelphia,Phillies"
romej002,Romero,JoJo,L,L,PHI,P,JoJo Romero,2020,"N,Philadelphia,Phillies"
rossr003,Rosso,Ramon,R,R,PHI,P,Ramon Rosso,2020,"N,Philadelphia,Phillies"
seguj002,Segura,Jean,R,R,PHI,SS,Jean Segura,2020,"N,Philadelphia,Phillies"
suarr001,Suarez,Ranger,L,L,PHI,P,Ranger Suarez,2020,"N,Philadelphia,Phillies"
torrr001,Torreyes,Ronald,R,R,PHI,2B,Ronald Torreyes,2020,"N,Philadelphia,Phillies"
velav001,Velasquez,Vince,R,R,PHI,P,Vince Velasquez,2020,"N,Philadelphia,Phillies"
walkn001,Walker,Neil,B,R,PHI,2B,Neil Walker,2020,"N,Philadelphia,Phillies"
wheez001,Wheeler,Zack,L,R,PHI,P,Zack Wheeler,2020,"N,Philadelphia,Phillies"
workb001,Workman,Brandon,R,R,PHI,P,Brandon Workman,2020,"N,Philadelphia,Phillies"
abrej003,Abreu,Jose,R,R,CHA,1B,Jose Abreu,2020,"A,Chicago,White Sox"
anded003,Anderson,Drew,R,R,CHA,P,Drew Anderson,2020,"A,Chicago,White Sox"
andet001,Anderson,Tim,R,R,CHA,SS,Tim Anderson,2020,"A,Chicago,White Sox"
bumma001,Bummer,Aaron,L,L,CHA,P,Aaron Bummer,2020,"A,Chicago,White Sox"
burdz001,Burdi,Zack,R,R,CHA,P,Zack Burdi,2020,"A,Chicago,White Sox"
ceasd001,Cease,Dylan,R,R,CHA,P,Dylan Cease,2020,"A,Chicago,White Sox"
cishs001,Cishek,Steve,R,R,CHA,P,Steve Cishek,2020,"A,Chicago,White Sox"
collz001,Collins,Zack,L,R,CHA,C,Zack Collins,2020,"A,Chicago,White Sox"
coloa001,Colome,Alex,R,R,CHA,P,Alex Colome,2020,"A,Chicago,White Sox"
cordj001,Cordero,Jimmy,R,R,CHA,P,Jimmy Cordero,2020,"A,Chicago,White Sox"
crocg001,Crochet,Garrett,L,L,CHA,P,Garrett Crochet,2020,"A,Chicago,White Sox"
cuthc001,Cuthbert,Cheslor,R,R,CHA,3B,Cheslor Cuthbert,2020,"A,Chicago,White Sox"
delmn001,Delmonico,Nicky,L,R,CHA,3B,Nicky Delmonico,2020,"A,Chicago,White Sox"
detwr001,Detwiler,Ross,R,L,CHA,P,Ross Detwiler,2020,"A,Chicago,White Sox"
dunnd001,Dunning,Dane,R,R,CHA,P,Dane Dunning,2020,"A,Chicago,White Sox"
dysoj001,Dyson,Jarrod,L,R,CHA,OF,Jarrod Dyson,2020,"A,Chicago,White Sox"
encae001,Encarnacion,Edwin,R,R,CHA,DH,Edwin Encarnacion,2020,"A,Chicago,White Sox"
engea001,Engel,Adam,R,R,CHA,OF,Adam Engel,2020,"A,Chicago,White Sox"
florb002,Flores,Bernardo,L,L,CHA,P,Bernardo Flores,2020,"A,Chicago,White Sox"
fostm001,Foster,Matt,R,R,CHA,P,Matt Foster,2020,"A,Chicago,White Sox"
fry-j001,Fry,Jace,L,L,CHA,P,Jace Fry,2020,"A,Chicago,White Sox"
garcl004,Garcia,Leury,B,R,CHA,OF,Leury Garcia,2020,"A,Chicago,White Sox"
gioll001,Giolito,Lucas,R,R,CHA,P,Lucas Giolito,2020,"A,Chicago,White Sox"
goinr001,Goins,Ryan,L,R,CHA,2B,Ryan Goins,2020,"A,Chicago,White Sox"
gonzg003,Gonzalez,Gio,R,L,CHA,P,Gio Gonzalez,2020,"A,Chicago,White Sox"
gonzl005,Gonzalez,Luis,L,L,CHA,OF,Luis Gonzalez,2020,"A,Chicago,White Sox"
grany001,Grandal,Yasmani,B,R,CHA,C,Yasmani Grandal,2020,"A,Chicago,White Sox"
hamii001,Hamilton,Ian,R,R,CHA,P,Ian Hamilton,2020,"A,Chicago,White Sox"
herrk001,Herrera,Kelvin,R,R,CHA,P,Kelvin Herrera,2020,"A,Chicago,White Sox"
heuec001,Heuer,Codi,R,R,CHA,P,Codi Heuer,2020,"A,Chicago,White Sox"
jimee001,Jimenez,Eloy,R,R,CHA,OF,Eloy Jimenez,2020,"A,Chicago,White Sox"
keucd001,Keuchel,Dallas,L,L,CHA,P,Dallas Keuchel,2020,"A,Chicago,White Sox"
lailb001,Lail,Brady,R,R,CHA,P,Brady Lail,2020,"A,Chicago,White Sox"
lambj003,Lambert,Jimmy,R,R,CHA,P,Jimmy Lambert,2020,"A,Chicago,White Sox"
loper003,Lopez,Reynaldo,R,R,CHA,P,Reynaldo Lopez,2020,"A,Chicago,White Sox"
madrn001,Madrigal,Nick,R,R,CHA,2B,Nick Madrigal,2020,"A,Chicago,White Sox"
marse001,Marshall,Evan,R,R,CHA,P,Evan Marshall,2020,"A,Chicago,White Sox"
mazan001,Mazara,Nomar,L,L,CHA,OF,Nomar Mazara,2020,"A,Chicago,White Sox"
mccaj001,McCann,James,R,R,CHA,C,James McCann,2020,"A,Chicago,White Sox"
mcraa001,McRae,Alex,R,R,CHA,P,Alex McRae,2020,"A,Chicago,White Sox"
mendd002,Mendick,Danny,R,R,CHA,SS,Danny Mendick,2020,"A,Chicago,White Sox"
mercy001,Mercedes,Yermin,R,R,CHA,C,Yermin Mercedes,2020,"A,Chicago,White Sox"
moncy001,Moncada,Yoan,B,R,CHA,3B,Yoan Moncada,2020,"A,Chicago,White Sox"
robel002,Robert,Luis,R,R,CHA,OF,Luis Robert,2020,"A,Chicago,White Sox"
rodoc001,Rodon,Carlos,L,L,CHA,P,Carlos Rodon,2020,"A,Chicago,White Sox"
ruizj001,Ruiz,Jose,R,R,CHA,P,Jose Ruiz,2020,"A,Chicago,White Sox"
sancc001,Sanchez,Yolmer,B,R,CHA,2B,Yolmer Sanchez,2020,"A,Chicago,White Sox"
stiej001,Stiever,Jonathan,R,R,CHA,P,Jonathan Stiever,2020,"A,Chicago,White Sox"
andeb004,Anderson,Brett,L,L,MIL,P,Brett Anderson,2020,"N,Milwaukee,Brewers"
arcio002,Arcia,Orlando,R,R,MIL,SS,Orlando Arcia,2020,"N,Milwaukee,Brewers"
bickp001,Bickford,Phil,R,R,MIL,P,Phil Bickford,2020,"N,Milwaukee,Brewers"
blacr001,Black,Ray,R,R,MIL,P,Ray Black,2020,"N,Milwaukee,Brewers"
braur002,Braun,Ryan,R,R,MIL,OF,Ryan Braun,2020,"N,Milwaukee,Brewers"
burnc002,Burnes,Corbin,R,R,MIL,P,Corbin Burnes,2020,"N,Milwaukee,Brewers"
cainl001,Cain,Lorenzo,R,R,MIL,OF,Lorenzo Cain,2020,"N,Milwaukee,Brewers"
claua001,Claudio,Alex,L,L,MIL,P,Alex Claudio,2020,"N,Milwaukee,Brewers"
feyej001,Feyereisen,J.P.,R,R,MIL,P,J.P. Feyereisen,2020,"N,Milwaukee,Brewers"
freid001,Freitas,David,R,R,MIL,C,David Freitas,2020,"N,Milwaukee,Brewers"
gameb001,Gamel,Ben,L,L,MIL,OF,Ben Gamel,2020,"N,Milwaukee,Brewers"
garca003,Garcia,Avisail,R,R,MIL,OF,Avisail Garcia,2020,"N,Milwaukee,Brewers"
grimj002,Grimm,Justin,R,R,MIL,P,Justin Grimm,2020,"N,Milwaukee,Brewers"
gyorj001,Gyorko,Jedd,R,R,MIL,2B,Jedd Gyorko,2020,"N,Milwaukee,Brewers"
hadej001,Hader,Josh,L,L,MIL,P,Josh Hader,2020,"N,Milwaukee,Brewers"
healr001,Healy,Ryon,R,R,MIL,3B,Ryon Healy,2020,"N,Milwaukee,Brewers"
hiurk001,Hiura,Keston,R,R,MIL,2B,Keston Hiura,2020,"N,Milwaukee,Brewers"
holtb002,Holt,Brock,L,R,MIL,OF,Brock Holt,2020,"N,Milwaukee,Brewers"
housa001,Houser,Adrian,R,R,MIL,P,Adrian Houser,2020,"N,Milwaukee,Brewers"
knebc001,Knebel,Corey,R,R,MIL,P,Corey Knebel,2020,"N,Milwaukee,Brewers"
lauee001,Lauer,Eric,R,L,MIL,P,Eric Lauer,2020,"N,Milwaukee,Brewers"
lindj004,Lindblom,Josh,R,R,MIL,P,Josh Lindblom,2020,"N,Milwaukee,Brewers"
mathm002,Mathias,Mark,R,R,MIL,2B,Mark Mathias,2020,"N,Milwaukee,Brewers"
morrl001,Morrison,Logan,L,L,MIL,1B,Logan Morrison,2020,"N,Milwaukee,Brewers"
narvo001,Narvaez,Omar,L,R,MIL,C,Omar Narvaez,2020,"N,Milwaukee,Brewers"
nottj001,Nottingham,Jacob,R,R,MIL,C,Jacob Nottingham,2020,"N,Milwaukee,Brewers"
peraf001,Peralta,Freddy,R,R,MIL,P,Freddy Peralta,2020,"N,Milwaukee,Brewers"
perda001,Perdomo,Angel,L,L,MIL,P,Angel Perdomo,2020,"N,Milwaukee,Brewers"
petej002,Peterson,Jace,L,R,MIL,2B,Jace Peterson,2020,"N,Milwaukee,Brewers"
pheld001,Phelps,David,R,R,MIL,P,David Phelps,2020,"N,Milwaukee,Brewers"
pinam001,Pina,Manny,R,R,MIL,C,Manny Pina,2020,"N,Milwaukee,Brewers"
rasmd002,Rasmussen,Drew,R,R,MIL,P,Drew Rasmussen,2020,"N,Milwaukee,Brewers"
smoaj001,Smoak,Justin,B,L,MIL,1B,Justin Smoak,2020,"N,Milwaukee,Brewers"
sogae001,Sogard,Eric,L,R,MIL,2B,Eric Sogard,2020,"N,Milwaukee,Brewers"
suteb001,Suter,Brent,L,L,MIL,P,Brent Suter,2020,"N,Milwaukee,Brewers"
taylt002,Taylor,Tyrone,R,R,MIL,OF,Tyrone Taylor,2020,"N,Milwaukee,Brewers"
topaj001,Topa,Justin,R,R,MIL,P,Justin Topa,2020,"N,Milwaukee,Brewers"
urial001,Urias,Luis,R,R,MIL,2B,Luis Urias,2020,"N,Milwaukee,Brewers"
voged001,Vogelbach,Daniel,L,R,MIL,1B,Daniel Vogelbach,2020,"N,Milwaukee,Brewers"
wahlb001,Wahl,Bobby,R,R,MIL,P,Bobby Wahl,2020,"N,Milwaukee,Brewers"
willd004,Williams,Devin,R,R,MIL,P,Devin Williams,2020,"N,Milwaukee,Brewers"
woodb005,Woodruff,Brandon,L,R,MIL,P,Brandon Woodruff,2020,"N,Milwaukee,Brewers"
yarde001,Yardley,Eric,R,R,MIL,P,Eric Yardley,2020,"N,Milwaukee,Brewers"
yelic001,Yelich,Christian,L,R,MIL,OF,Christian Yelich,2020,"N,Milwaukee,Brewers"
allak001,Allard,Kolby,L,L,TEX,P,Kolby Allard,2020,"A,Texas,Rangers"
andre001,Andrus,Elvis,R,R,TEX,SS,Elvis Andrus,2020,"A,Texas,Rangers"
aposs001,Apostel,Sherten,R,R,TEX,3B,Sherten Apostel,2020,"A,Texas,Rangers"
benjw001,Benjamin,Wes,R,L,TEX,P,Wes Benjamin,2020,"A,Texas,Rangers"
calhw001,Calhoun,Willie,L,R,TEX,OF,Willie Calhoun,2020,"A,Texas,Rangers"
chavj001,Chavez,Jesse,R,R,TEX,P,Jesse Chavez,2020,"A,Texas,Rangers"
chirr001,Chirinos,Robinson,R,R,TEX,C,Robinson Chirinos,2020,"A,Texas,Rangers"
choos001,Choo,Shin-Soo,L,L,TEX,OF,Shin-Soo Choo,2020,"A,Texas,Rangers"
codyk001,Cody,Kyle,R,R,TEX,P,Kyle Cody,2020,"A,Texas,Rangers"
dietd001,Dietrich,Derek,L,R,TEX,OF,Derek Dietrich,2020,"A,Texas,Rangers"
evand003,Evans,Demarcus,R,R,TEX,P,Demarcus Evans,2020,"A,Texas,Rangers"
farrl001,Farrell,Luke,L,R,TEX,P,Luke Farrell,2020,"A,Texas,Rangers"
frazt001,Frazier,Todd,R,R,TEX,3B,Todd Frazier,2020,"A,Texas,Rangers"
gallj002,Gallo,Joey,L,R,TEX,OF,Joey Gallo,2020,"A,Texas,Rangers"
garca005,Garcia,Adolis,R,R,TEX,OF,Adolis Garcia,2020,"A,Texas,Rangers"
garcl005,Garcia,Luis,R,R,TEX,P,Luis Garcia,2020,"A,Texas,Rangers"
gibai001,Gibaut,Ian,R,R,TEX,P,Ian Gibaut,2020,"A,Texas,Rangers"
gibsk002,Gibson,Kyle,R,R,TEX,P,Kyle Gibson,2020,"A,Texas,Rangers"
goodn001,Goody,Nick,R,R,TEX,P,Nick Goody,2020,"A,Texas,Rangers"
guzmr001,Guzman,Ronald,L,L,TEX,1B,Ronald Guzman,2020,"A,Texas,Rangers"
heart001,Hearn,Taylor,L,L,TEX,P,Taylor Hearn,2020,"A,Texas,Rangers"
heins001,Heineman,Scott,R,R,TEX,OF,Scott Heineman,2020,"A,Texas,Rangers"
hergj001,Herget,Jimmy,R,R,TEX,P,Jimmy Herget,2020,"A,Texas,Rangers"
hernj004,Hernandez,Jonathan,R,R,TEX,P,Jonathan Hernandez,2020,"A,Texas,Rangers"
huffs001,Huff,Sam,R,R,TEX,C,Sam Huff,2020,"A,Texas,Rangers"
kinei001,Kiner-Falefa,Isiah,R,R,TEX,3B,Isiah Kiner-Falefa,2020,"A,Texas,Rangers"
kingj002,King,John,L,L,TEX,P,John King,2020,"A,Texas,Rangers"
klubc001,Kluber,Corey,R,R,TEX,P,Corey Kluber,2020,"A,Texas,Rangers"
leclj001,Leclerc,Jose,R,R,TEX,P,Jose Leclerc,2020,"A,Texas,Rangers"
lylej001,Lyles,Jordan,R,R,TEX,P,Jordan Lyles,2020,"A,Texas,Rangers"
lynnl001,Lynn,Lance,B,R,TEX,P,Lance Lynn,2020,"A,Texas,Rangers"
martb002,Martin,Brett,L,L,TEX,P,Brett Martin,2020,"A,Texas,Rangers"
mathj001,Mathis,Jeff,R,R,TEX,C,Jeff Mathis,2020,"A,Texas,Rangers"
minom001,Minor,Mike,R,L,TEX,P,Mike Minor,2020,"A,Texas,Rangers"
montr004,Montero,Rafael,R,R,TEX,P,Rafael Montero,2020,"A,Texas,Rangers"
nicaj001,Nicasio,Juan,R,R,TEX,P,Juan Nicasio,2020,"A,Texas,Rangers"
odorr001,Odor,Rougned,L,R,TEX,2B,Rougned Odor,2020,"A,Texas,Rangers"
paluj001,Palumbo,Joe,L,L,TEX,P,Joe Palumbo,2020,"A,Texas,Rangers"
refsr001,Refsnyder,Rob,R,R,TEX,2B,Rob Refsnyder,2020,"A,Texas,Rangers"
rivey001,Rivera,Yadiel,R,R,TEX,2B,Yadiel Rivera,2020,"A,Texas,Rangers"
rodrj004,Rodriguez,Joely,L,L,TEX,P,Joely Rodriguez,2020,"A,Texas,Rangers"
romia001,Romine,Andrew,B,R,TEX,3B,Andrew Romine,2020,"A,Texas,Rangers"
santd001,Santana,Danny,B,R,TEX,OF,Danny Santana,2020,"A,Texas,Rangers"
solan001,Solak,Nick,R,R,TEX,2B,Nick Solak,2020,"A,Texas,Rangers"
tavel001,Taveras,Leody,B,R,TEX,OF,Leody Taveras,2020,"A,Texas,Rangers"
tejea001,Tejeda,Anderson,B,R,TEX,SS,Anderson Tejeda,2020,"A,Texas,Rangers"
trevj001,Trevino,Jose,R,R,TEX,C,Jose Trevino,2020,"A,Texas,Rangers"
volqe001,Volquez,Edinson,R,R,TEX,P,Edinson Volquez,2020,"A,Texas,Rangers"
white006,White,Eli,R,R,TEX,2B,Eli White,2020,"A,Texas,Rangers"
alcas002,Alcantara,Sergio,B,R,DET,SS,Sergio Alcantara,2020,"A,Detroit,Tigers"
alext001,Alexander,Tyler,R,L,DET,P,Tyler Alexander,2020,"A,Detroit,Tigers"
bonij002,Bonifacio,Jorge,R,R,DET,OF,Jorge Bonifacio,2020,"A,Detroit,Tigers"
boydm001,Boyd,Matthew,L,L,DET,P,Matthew Boyd,2020,"A,Detroit,Tigers"
burrb002,Burrows,Beau,R,R,DET,P,Beau Burrows,2020,"A,Detroit,Tigers"
cabrm001,Cabrera,Miguel,R,R,DET,1B,Miguel Cabrera,2020,"A,Detroit,Tigers"
camed001,Cameron,Daz,R,R,DET,OF,Daz Cameron,2020,"A,Detroit,Tigers"
candj002,Candelario,Jeimer,B,R,DET,3B,Jeimer Candelario,2020,"A,Detroit,Tigers"
casth001,Castro,Harold,L,R,DET,3B,Harold Castro,2020,"A,Detroit,Tigers"
casta005,Castro,Anthony,R,R,DET,P,Anthony Castro,2020,"A,Detroit,Tigers"
castw003,Castro,Willi,B,R,DET,SS,Willi Castro,2020,"A,Detroit,Tigers"
cisnj001,Cisnero,Jose,R,R,DET,P,Jose Cisnero,2020,"A,Detroit,Tigers"
cronc002,Cron,C.J.,R,R,DET,1B,C.J. Cron,2020,"A,Detroit,Tigers"
demet001,Demeritte,Travis,R,R,DET,OF,Travis Demeritte,2020,"A,Detroit,Tigers"
dixob001,Dixon,Brandon,R,R,DET,OF,Brandon Dixon,2020,"A,Detroit,Tigers"
farmb001,Farmer,Buck,L,R,DET,P,Buck Farmer,2020,"A,Detroit,Tigers"
fulmm001,Fulmer,Michael,R,R,DET,P,Michael Fulmer,2020,"A,Detroit,Tigers"
fulmc001,Fulmer,Carson,R,R,DET,P,Carson Fulmer,2020,"A,Detroit,Tigers"
funkk001,Funkhouser,Kyle,R,R,DET,P,Kyle Funkhouser,2020,"A,Detroit,Tigers"
garcb001,Garcia,Bryan,R,R,DET,P,Bryan Garcia,2020,"A,Detroit,Tigers"
garcr007,Garcia,Rony,R,R,DET,P,Rony Garcia,2020,"A,Detroit,Tigers"
goodn002,Goodrum,Niko,B,R,DET,OF,Niko Goodrum,2020,"A,Detroit,Tigers"
greig001,Greiner,Grayson,R,R,DET,C,Grayson Greiner,2020,"A,Detroit,Tigers"
haase001,Haase,Eric,R,R,DET,C,Eric Haase,2020,"A,Detroit,Tigers"
hilld002,Hill,Derek,R,R,DET,OF,Derek Hill,2020,"A,Detroit,Tigers"
jimej003,Jimenez,Joe,R,R,DET,P,Joe Jimenez,2020,"A,Detroit,Tigers"
jonej006,Jones,JaCoby,R,R,DET,3B,JaCoby Jones,2020,"A,Detroit,Tigers"
lugod001,Lugo,Dawel,R,R,DET,2B,Dawel Lugo,2020,"A,Detroit,Tigers"
maybc001,Maybin,Cameron,R,R,DET,OF,Cameron Maybin,2020,"A,Detroit,Tigers"
mckad001,McKay,David,R,R,DET,P,David McKay,2020,"A,Detroit,Tigers"
mercj002,Mercer,Jordy,R,R,DET,SS,Jordy Mercer,2020,"A,Detroit,Tigers"
mizec001,Mize,Casey,R,R,DET,P,Casey Mize,2020,"A,Detroit,Tigers"
norrd002,Norris,Daniel,L,L,DET,P,Daniel Norris,2020,"A,Detroit,Tigers"
novai001,Nova,Ivan,R,R,DET,P,Ivan Nova,2020,"A,Detroit,Tigers"
parei001,Paredes,Isaac,R,R,DET,3B,Isaac Paredes,2020,"A,Detroit,Tigers"
ramin003,Ramirez,Nick,L,L,DET,P,Nick Ramirez,2020,"A,Detroit,Tigers"
reyev001,Reyes,Victor,B,R,DET,OF,Victor Reyes,2020,"A,Detroit,Tigers"
romia002,Romine,Austin,R,R,DET,C,Austin Romine,2020,"A,Detroit,Tigers"
schoj001,Schoop,Jonathan,R,R,DET,2B,Jonathan Schoop,2020,"A,Detroit,Tigers"
schrj001,Schreiber,John,R,R,DET,P,John Schreiber,2020,"A,Detroit,Tigers"
sotog003,Soto,Gregory,L,L,DET,P,Gregory Soto,2020,"A,Detroit,Tigers"
skubt001,Skubal,Tarik,L,L,DET,P,Tarik Skubal,2020,"A,Detroit,Tigers"
stewc002,Stewart,Christin,L,R,DET,OF,Christin Stewart,2020,"A,Detroit,Tigers"
turns003,Turnbull,Spencer,R,R,DET,P,Spencer Turnbull,2020,"A,Detroit,Tigers"
zimmj003,Zimmermann,Jordan,R,R,DET,P,Jordan Zimmermann,2020,"A,Detroit,Tigers"
alleg002,Allen,Greg,B,R,CLE,OF,Greg Allen,2020,"A,Cleveland,Indians"
allel002,Allen,Logan,R,L,CLE,P,Logan Allen,2020,"A,Cleveland,Indians"
arroc001,Arroyo,Christian,R,R,CLE,3B,Christian Arroyo,2020,"A,Cleveland,Indians"
biebs001,Bieber,Shane,R,R,CLE,P,Shane Bieber,2020,"A,Cleveland,Indians"
carrc003,Carrasco,Carlos,R,R,CLE,P,Carlos Carrasco,2020,"A,Cleveland,Indians"
chany001,Chang,Yu,R,R,CLE,SS,Yu Chang,2020,"A,Cleveland,Indians"
cimba001,Cimber,Adam,R,R,CLE,P,Adam Cimber,2020,"A,Cleveland,Indians"
civaa001,Civale,Aaron,R,R,CLE,P,Aaron Civale,2020,"A,Cleveland,Indians"
clevm001,Clevinger,Mike,R,R,CLE,P,Mike Clevinger,2020,"A,Cleveland,Indians"
deshd002,DeShields,Delino,R,R,CLE,OF,Delino DeShields,2020,"A,Cleveland,Indians"
freem002,Freeman,Mike,L,R,CLE,1B,Mike Freeman,2020,"A,Cleveland,Indians"
handb001,Hand,Brad,L,L,CLE,P,Brad Hand,2020,"A,Cleveland,Indians"
hedga001,Hedges,Austin,R,R,CLE,C,Austin Hedges,2020,"A,Cleveland,Indians"
hernc005,Hernandez,Cesar,B,R,CLE,2B,Cesar Hernandez,2020,"A,Cleveland,Indians"
hillc001,Hill,Cam,R,R,CLE,P,Cam Hill,2020,"A,Cleveland,Indians"
johnd006,Johnson,Daniel,L,L,CLE,OF,Daniel Johnson,2020,"A,Cleveland,Indians"
karij001,Karinchak,James,R,R,CLE,P,James Karinchak,2020,"A,Cleveland,Indians"
leons001,Leon,Sandy,B,R,CLE,C,Sandy Leon,2020,"A,Cleveland,Indians"
leond003,Leone,Dominic,R,R,CLE,P,Dominic Leone,2020,"A,Cleveland,Indians"
lindf001,Lindor,Francisco,B,R,CLE,SS,Francisco Lindor,2020,"A,Cleveland,Indians"
luplj001,Luplow,Jordan,R,R,CLE,OF,Jordan Luplow,2020,"A,Cleveland,Indians"
matop002,Maton,Phil,R,R,CLE,P,Phil Maton,2020,"A,Cleveland,Indians"
mcket001,McKenzie,Triston,R,R,CLE,P,Triston McKenzie,2020,"A,Cleveland,Indians"
merco003,Mercado,Oscar,R,R,CLE,OF,Oscar Mercado,2020,"A,Cleveland,Indians"
naqut001,Naquin,Tyler,L,R,CLE,OF,Tyler Naquin,2020,"A,Cleveland,Indians"
naylj001,Naylor,Josh,L,L,CLE,OF,Josh Naylor,2020,"A,Cleveland,Indians"
nelsk001,Nelson,Kyle,L,L,CLE,P,Kyle Nelson,2020,"A,Cleveland,Indians"
pereo002,Perez,Oliver,L,L,CLE,P,Oliver Perez,2020,"A,Cleveland,Indians"
perer003,Perez,Roberto,R,R,CLE,C,Roberto Perez,2020,"A,Cleveland,Indians"
plesz001,Plesac,Zach,R,R,CLE,P,Zach Plesac,2020,"A,Cleveland,Indians"
pluta001,Plutko,Adam,R,R,CLE,P,Adam Plutko,2020,"A,Cleveland,Indians"
quanc001,Quantrill,Cal,L,R,CLE,P,Cal Quantrill,2020,"A,Cleveland,Indians"
ramij003,Ramirez,Jose,B,R,CLE,P,Jose Ramirez,2020,"A,Cleveland,Indians"
reyef001,Reyes,Franmil,R,R,CLE,OF,Franmil Reyes,2020,"A,Cleveland,Indians"
santc002,Santana,Carlos,B,R,CLE,1B,Carlos Santana,2020,"A,Cleveland,Indians"
santd002,Santana,Domingo,R,R,CLE,OF,Domingo Santana,2020,"A,Cleveland,Indians"
taylb003,Taylor,Beau,L,R,CLE,C,Beau Taylor,2020,"A,Cleveland,Indians"
wittn001,Wittgren,Nick,R,R,CLE,P,Nick Wittgren,2020,"A,Cleveland,Indians"
zimmb001,Zimmer,Bradley,L,R,CLE,OF,Bradley Zimmer,2020,"A,Cleveland,Indians"
alfoa002,Alford,Anthony,R,R,PIT,OF,Anthony Alford,2020,"N,Pittsburgh,Pirates"
basht001,Bashlor,Tyler,R,R,PIT,P,Tyler Bashlor,2020,"N,Pittsburgh,Pirates"
bellj005,Bell,Josh,B,R,PIT,1B,Josh Bell,2020,"N,Pittsburgh,Pirates"
braus002,Brault,Steven,L,L,PIT,P,Steven Brault,2020,"N,Pittsburgh,Pirates"
brubj001,Brubaker,JT,R,R,PIT,P,JT Brubaker,2020,"N,Pittsburgh,Pirates"
burdn001,Burdi,Nick,R,R,PIT,P,Nick Burdi,2020,"N,Pittsburgh,Pirates"
cedeb001,Cederlind,Blake,R,R,PIT,P,Blake Cederlind,2020,"N,Pittsburgh,Pirates"
craiw001,Craig,Will,R,R,PIT,1B,Will Craig,2020,"N,Pittsburgh,Pirates"
crick001,Crick,Kyle,L,R,PIT,P,Kyle Crick,2020,"N,Pittsburgh,Pirates"
davia003,Davis,Austin,L,L,PIT,P,Austin Davis,2020,"N,Pittsburgh,Pirates"
delpm001,Del Pozo,Miguel,L,L,PIT,P,Miguel Del Pozo,2020,"N,Pittsburgh,Pirates"
dysoj001,Dyson,Jarrod,L,R,PIT,OF,Jarrod Dyson,2020,"N,Pittsburgh,Pirates"
erlir001,Erlin,Robbie,R,L,PIT,P,Robbie Erlin,2020,"N,Pittsburgh,Pirates"
evanp001,Evans,Phillip,R,R,PIT,3B,Phillip Evans,2020,"N,Pittsburgh,Pirates"
felim001,Feliz,Michael,R,R,PIT,P,Michael Feliz,2020,"N,Pittsburgh,Pirates"
fraza001,Frazier,Adam,L,R,PIT,OF,Adam Frazier,2020,"N,Pittsburgh,Pirates"
gonze004,Gonzalez,Erik,R,R,PIT,SS,Erik Gonzalez,2020,"N,Pittsburgh,Pirates"
hartg001,Hartlieb,Geoff,R,R,PIT,P,Geoff Hartlieb,2020,"N,Pittsburgh,Pirates"
hayek001,Hayes,Ke'Bryan,R,R,PIT,3B,Ke'Bryan Hayes,2020,"N,Pittsburgh,Pirates"
hereg002,Heredia,Guillermo,R,L,PIT,OF,Guillermo Heredia,2020,"N,Pittsburgh,Pirates"
holld003,Holland,Derek,B,L,PIT,P,Derek Holland,2020,"N,Pittsburgh,Pirates"
holmc001,Holmes,Clay,R,R,PIT,P,Clay Holmes,2020,"N,Pittsburgh,Pirates"
howas002,Howard,Sam,R,L,PIT,P,Sam Howard,2020,"N,Pittsburgh,Pirates"
kelak001,Kela,Keone,R,R,PIT,P,Keone Kela,2020,"N,Pittsburgh,Pirates"
kellm003,Keller,Mitch,R,R,PIT,P,Mitch Keller,2020,"N,Pittsburgh,Pirates"
kuhlc001,Kuhl,Chad,R,R,PIT,P,Chad Kuhl,2020,"N,Pittsburgh,Pirates"
martj009,Martin,Jason,L,R,PIT,OF,Jason Martin,2020,"N,Pittsburgh,Pirates"
mearn001,Mears,Nick,R,R,PIT,P,Nick Mears,2020,"N,Pittsburgh,Pirates"
morac001,Moran,Colin,L,R,PIT,3B,Colin Moran,2020,"N,Pittsburgh,Pirates"
murpj001,Murphy,John Ryan,R,R,PIT,C,John Ryan Murphy,2020,"N,Pittsburgh,Pirates"
musgj001,Musgrove,Joe,R,R,PIT,P,Joe Musgrove,2020,"N,Pittsburgh,Pirates"
neved001,Neverauskas,Dovydas,R,R,PIT,P,Dovydas Neverauskas,2020,"N,Pittsburgh,Pirates"
newmk001,Newman,Kevin,R,R,PIT,2B,Kevin Newman,2020,"N,Pittsburgh,Pirates"
olivj003,Oliva,Jared,R,R,PIT,OF,Jared Oliva,2020,"N,Pittsburgh,Pirates"
osunj001,Osuna,Jose,R,R,PIT,OF,Jose Osuna,2020,"N,Pittsburgh,Pirates"
polag001,Polanco,Gregory,L,L,PIT,OF,Gregory Polanco,2020,"N,Pittsburgh,Pirates"
poncc002,Ponce,Cody,R,R,PIT,P,Cody Ponce,2020,"N,Pittsburgh,Pirates"
reynb001,Reynolds,Bryan,B,R,PIT,OF,Bryan Reynolds,2020,"N,Pittsburgh,Pirates"
riddj001,Riddle,JT,L,R,PIT,SS,JT Riddle,2020,"N,Pittsburgh,Pirates"
riosy001,Rios,Yacksel,R,R,PIT,P,Yacksel Rios,2020,"N,Pittsburgh,Pirates"
rodrr008,Rodriguez,Richard,R,R,PIT,P,Richard Rodriguez,2020,"N,Pittsburgh,Pirates"
stalj001,Stallings,Jacob,R,R,PIT,C,Jacob Stallings,2020,"N,Pittsburgh,Pirates"
strac001,Stratton,Chris,R,R,PIT,P,Chris Stratton,2020,"N,Pittsburgh,Pirates"
susaa001,Susac,Andrew,R,R,PIT,C,Andrew Susac,2020,"N,Pittsburgh,Pirates"
tropn001,Tropeano,Nick,R,R,PIT,P,Nick Tropeano,2020,"N,Pittsburgh,Pirates"
tuckc001,Tucker,Cole,B,R,PIT,SS,Cole Tucker,2020,"N,Pittsburgh,Pirates"
turln001,Turley,Nik,L,L,PIT,P,Nik Turley,2020,"N,Pittsburgh,Pirates"
waddb001,Waddell,Brandon,L,L,PIT,P,Brandon Waddell,2020,"N,Pittsburgh,Pirates"
willt002,Williams,Trevor,R,R,PIT,P,Trevor Williams,2020,"N,Pittsburgh,Pirates"
adama002,Adams,Austin,R,R,SDN,P,Austin Adams,2020,"N,San Diego,Padres"
alleg002,Allen,Greg,B,R,SDN,OF,Greg Allen,2020,"N,San Diego,Padres"
almoa001,Almonte,Abraham,B,R,SDN,OF,Abraham Almonte,2020,"N,San Diego,Padres"
altad001,Altavilla,Dan,R,R,SDN,P,Dan Altavilla,2020,"N,San Diego,Padres"
bednd001,Bednar,David,L,R,SDN,P,David Bednar,2020,"N,San Diego,Padres"
baezm001,Baez,Michel,R,R,SDN,P,Michel Baez,2020,"N,San Diego,Padres"
campl002,Campusano,Luis,R,R,SDN,C,Luis Campusano,2020,"N,San Diego,Padres"
castj006,Castro,Jason,L,R,SDN,C,Jason Castro,2020,"N,San Diego,Padres"
clevm001,Clevinger,Mike,R,R,SDN,P,Mike Clevinger,2020,"N,San Diego,Padres"
cronj001,Cronenworth,Jake,L,R,SDN,SS,Jake Cronenworth,2020,"N,San Diego,Padres"
daviz001,Davies,Zach,R,R,SDN,P,Zach Davies,2020,"N,San Diego,Padres"
frant002,France,Ty,R,R,SDN,3B,Ty France,2020,"N,San Diego,Padres"
garcg002,Garcia,Greg,L,R,SDN,SS,Greg Garcia,2020,"N,San Diego,Padres"
grist001,Grisham,Trent,L,L,SDN,OF,Trent Grisham,2020,"N,San Diego,Padres"
guerj004,Guerra,Javy,L,R,SDN,P,Javy Guerra,2020,"N,San Diego,Padres"
hedga001,Hedges,Austin,R,R,SDN,C,Austin Hedges,2020,"N,San Diego,Padres"
hillt002,Hill,Tim,R,L,SDN,P,Tim Hill,2020,"N,San Diego,Padres"
hosme001,Hosmer,Eric,L,L,SDN,1B,Eric Hosmer,2020,"N,San Diego,Padres"
johnp001,Johnson,Pierce,R,R,SDN,P,Pierce Johnson,2020,"N,San Diego,Padres"
lamed001,Lamet,Dinelson,R,R,SDN,P,Dinelson Lamet,2020,"N,San Diego,Padres"
luccj001,Lucchesi,Joey,L,L,SDN,P,Joey Lucchesi,2020,"N,San Diego,Padres"
machm001,Machado,Manny,R,R,SDN,3B,Manny Machado,2020,"N,San Diego,Padres"
matej003,Mateo,Jorge,R,R,SDN,SS,Jorge Mateo,2020,"N,San Diego,Padres"
mejif001,Mejia,Francisco,B,R,SDN,C,Francisco Mejia,2020,"N,San Diego,Padres"
morea001,Morejon,Adrian,L,L,SDN,P,Adrian Morejon,2020,"N,San Diego,Padres"
morem001,Moreland,Mitch,L,L,SDN,1B,Mitch Moreland,2020,"N,San Diego,Padres"
myerw001,Myers,Wil,R,R,SDN,OF,Wil Myers,2020,"N,San Diego,Padres"
naylj001,Naylor,Josh,L,L,SDN,OF,Josh Naylor,2020,"N,San Diego,Padres"
nolaa002,Nola,Austin,R,R,SDN,1B,Austin Nola,2020,"N,San Diego,Padres"
olive001,Olivares,Edward,R,R,SDN,OF,Edward Olivares,2020,"N,San Diego,Padres"
ona-j001,Ona,Jorge,R,R,SDN,OF,Jorge Ona,2020,"N,San Diego,Padres"
paddc001,Paddack,Chris,R,R,SDN,P,Chris Paddack,2020,"N,San Diego,Padres"
pagae001,Pagan,Emilio,L,R,SDN,P,Emilio Pagan,2020,"N,San Diego,Padres"
patil001,Patino,Luis,R,R,SDN,P,Luis Patino,2020,"N,San Diego,Padres"
perdl002,Perdomo,Luis,R,R,SDN,P,Luis Perdomo,2020,"N,San Diego,Padres"
phamt001,Pham,Tommy,R,R,SDN,OF,Tommy Pham,2020,"N,San Diego,Padres"
pomed001,Pomeranz,Drew,R,L,SDN,P,Drew Pomeranz,2020,"N,San Diego,Padres"
profj001,Profar,Jurickson,B,R,SDN,2B,Jurickson Profar,2020,"N,San Diego,Padres"
quanc001,Quantrill,Cal,L,R,SDN,P,Cal Quantrill,2020,"N,San Diego,Padres"
richg002,Richards,Garrett,R,R,SDN,P,Garrett Richards,2020,"N,San Diego,Padres"
roset001,Rosenthal,Trevor,R,R,SDN,P,Trevor Rosenthal,2020,"N,San Diego,Padres"
stamc001,Stammen,Craig,R,R,SDN,P,Craig Stammen,2020,"N,San Diego,Padres"
stram001,Strahm,Matt,R,L,SDN,P,Matt Strahm,2020,"N,San Diego,Padres"
tatif002,Tatis,Fernando,R,R,SDN,SS,Fernando Tatis,2020,"N,San Diego,Padres"
torrl001,Torrens,Luis,R,R,SDN,C,Luis Torrens,2020,"N,San Diego,Padres"
weatr001,Weathers,Ryan,R,L,SDN,P,Ryan Weathers,2020,"N,San Diego,Padres"
willt003,Williams,Taylor,B,R,SDN,P,Taylor Williams,2020,"N,San Diego,Padres"
yatek001,Yates,Kirby,L,R,SDN,P,Kirby Yates,2020,"N,San Diego,Padres"
akink001,Akin,Keegan,L,L,BAL,P,Keegan Akin,2020,"A,Baltimore,Orioles"
albeh001,Alberto,Hanser,R,R,BAL,2B,Hanser Alberto,2020,"A,Baltimore,Orioles"
armss001,Armstrong,Shawn,R,R,BAL,P,Shawn Armstrong,2020,"A,Baltimore,Orioles"
bleir001,Bleier,Richard,L,L,BAL,P,Richard Bleier,2020,"A,Baltimore,Orioles"
carrc004,Carroll,Cody,R,R,BAL,P,Cody Carroll,2020,"A,Baltimore,Orioles"
castm002,Castro,Miguel,R,R,BAL,P,Miguel Castro,2020,"A,Baltimore,Orioles"
cobba001,Cobb,Alex,R,R,BAL,P,Alex Cobb,2020,"A,Baltimore,Orioles"
davic003,Davis,Chris,L,R,BAL,1B,Chris Davis,2020,"A,Baltimore,Orioles"
eshet001,Eshelman,Thomas,R,R,BAL,P,Thomas Eshelman,2020,"A,Baltimore,Orioles"
fry-p001,Fry,Paul,L,L,BAL,P,Paul Fry,2020,"A,Baltimore,Orioles"
fulmc001,Fulmer,Carson,R,R,BAL,P,Carson Fulmer,2020,"A,Baltimore,Orioles"
givem001,Givens,Mychal,R,R,BAL,P,Mychal Givens,2020,"A,Baltimore,Orioles"
harvh001,Harvey,Hunter,R,R,BAL,P,Hunter Harvey,2020,"A,Baltimore,Orioles"
haysa001,Hays,Austin,R,R,BAL,OF,Austin Hays,2020,"A,Baltimore,Orioles"
herrd002,Herrera,Dilson,R,R,BAL,2B,Dilson Herrera,2020,"A,Baltimore,Orioles"
hessd001,Hess,David,R,R,BAL,P,David Hess,2020,"A,Baltimore,Orioles"
holab001,Holaday,Bryan,R,R,BAL,C,Bryan Holaday,2020,"A,Baltimore,Orioles"
iglej001,Iglesias,Jose,R,R,BAL,SS,Jose Iglesias,2020,"A,Baltimore,Orioles"
klinb001,Kline,Branden,R,R,BAL,P,Branden Kline,2020,"A,Baltimore,Orioles"
kremd001,Kremer,Dean,R,R,BAL,P,Dean Kremer,2020,"A,Baltimore,Orioles"
lakit001,Lakins,Travis,R,R,BAL,P,Travis Lakins,2020,"A,Baltimore,Orioles"
leblw001,LeBlanc,Wade,L,L,BAL,P,Wade LeBlanc,2020,"A,Baltimore,Orioles"
lopej004,Lopez,Jorge,R,R,BAL,P,Jorge Lopez,2020,"A,Baltimore,Orioles"
meanj001,Means,John,L,L,BAL,P,John Means,2020,"A,Baltimore,Orioles"
milot001,Milone,Tommy,L,L,BAL,P,Tommy Milone,2020,"A,Baltimore,Orioles"
mounr001,Mountcastle,Ryan,R,R,BAL,1B,Ryan Mountcastle,2020,"A,Baltimore,Orioles"
mullc002,Mullins,Cedric,B,L,BAL,OF,Cedric Mullins,2020,"A,Baltimore,Orioles"
nuner001,Nunez,Renato,R,R,BAL,3B,Renato Nunez,2020,"A,Baltimore,Orioles"
phile001,Phillips,Evan,R,R,BAL,P,Evan Phillips,2020,"A,Baltimore,Orioles"
ruizr002,Ruiz,Rio,L,R,BAL,3B,Rio Ruiz,2020,"A,Baltimore,Orioles"
santa003,Santander,Anthony,B,R,BAL,OF,Anthony Santander,2020,"A,Baltimore,Orioles"
scott003,Scott,Tanner,R,L,BAL,P,Tanner Scott,2020,"A,Baltimore,Orioles"
sevep001,Severino,Pedro,R,R,BAL,C,Pedro Severino,2020,"A,Baltimore,Orioles"
siscc001,Sisco,Chance,L,R,BAL,C,Chance Sisco,2020,"A,Baltimore,Orioles"
smitd007,Smith,Dwight,L,R,BAL,OF,Dwight Smith,2020,"A,Baltimore,Orioles"
stewd002,Stewart,DJ,L,R,BAL,OF,DJ Stewart,2020,"A,Baltimore,Orioles"
sulsc001,Sulser,Cole,R,R,BAL,P,Cole Sulser,2020,"A,Baltimore,Orioles"
tated001,Tate,Dillon,R,R,BAL,P,Dillon Tate,2020,"A,Baltimore,Orioles"
uriar001,Urias,Ramon,R,R,BAL,2B,Ramon Urias,2020,"A,Baltimore,Orioles"
valap001,Valaika,Pat,R,R,BAL,SS,Pat Valaika,2020,"A,Baltimore,Orioles"
valdc003,Valdez,Cesar,R,R,BAL,P,Cesar Valdez,2020,"A,Baltimore,Orioles"
velaa001,Velazquez,Andrew,B,R,BAL,SS,Andrew Velazquez,2020,"A,Baltimore,Orioles"
willm007,Williams,Mason,L,R,BAL,OF,Mason Williams,2020,"A,Baltimore,Orioles"
wojca001,Wojciechowski,Asher,R,R,BAL,P,Asher Wojciechowski,2020,"A,Baltimore,Orioles"
zimmb002,Zimmermann,Bruce,L,L,BAL,P,Bruce Zimmermann,2020,"A,Baltimore,Orioles"
aguij001,Aguilar,Jesus,R,R,MIA,1B,Jesus Aguilar,2020,"N,Miami,Marlins"
alcas001,Alcantara,Sandy,R,R,MIA,P,Sandy Alcantara,2020,"N,Miami,Marlins"
alfaj002,Alfaro,Jorge,R,R,MIA,C,Jorge Alfaro,2020,"N,Miami,Marlins"
alvae001,Alvarez,Eddy,B,R,MIA,SS,Eddy Alvarez,2020,"N,Miami,Marlins"
andeb006,Anderson,Brian,R,R,MIA,3B,Brian Anderson,2020,"N,Miami,Marlins"
bertj001,Berti,Jon,R,R,MIA,3B,Jon Berti,2020,"N,Miami,Marlins"
bleir001,Bleier,Richard,L,L,MIA,P,Richard Bleier,2020,"N,Miami,Marlins"
boxbb001,Boxberger,Brad,R,R,MIA,P,Brad Boxberger,2020,"N,Miami,Marlins"
brigj002,Brigham,Jeff,R,R,MIA,P,Jeff Brigham,2020,"N,Miami,Marlins"
brinl001,Brinson,Lewis,R,R,MIA,OF,Lewis Brinson,2020,"N,Miami,Marlins"
castd003,Castano,Daniel,L,L,MIA,P,Daniel Castano,2020,"N,Miami,Marlins"
cervf001,Cervelli,Francisco,R,R,MIA,C,Francisco Cervelli,2020,"N,Miami,Marlins"
chisj001,Chisholm,Jazz,L,R,MIA,SS,Jazz Chisholm,2020,"N,Miami,Marlins"
coopg002,Cooper,Garrett,R,R,MIA,1B,Garrett Cooper,2020,"N,Miami,Marlins"
diazi001,Diaz,Isan,L,R,MIA,2B,Isan Diaz,2020,"N,Miami,Marlins"
diazl001,Diaz,Lewin,L,L,MIA,1B,Lewin Diaz,2020,"N,Miami,Marlins"
dickc002,Dickerson,Corey,L,R,MIA,OF,Corey Dickerson,2020,"N,Miami,Marlins"
duggr001,Dugger,Robert,R,R,MIA,P,Robert Dugger,2020,"N,Miami,Marlins"
eibnb001,Eibner,Brett,R,R,MIA,P,Brett Eibner,2020,"N,Miami,Marlins"
forsl001,Forsythe,Logan,R,R,MIA,2B,Logan Forsythe,2020,"N,Miami,Marlins"
garcy001,Garcia,Yimi,R,R,MIA,P,Yimi Garcia,2020,"N,Miami,Marlins"
garrb001,Garrett,Braxton,L,L,MIA,P,Braxton Garrett,2020,"N,Miami,Marlins"
guzmj006,Guzman,Jorge,R,R,MIA,P,Jorge Guzman,2020,"N,Miami,Marlins"
harrm003,Harrison,Monte,R,R,MIA,OF,Monte Harrison,2020,"N,Miami,Marlins"
herne002,Hernandez,Elieser,R,R,MIA,P,Elieser Hernandez,2020,"N,Miami,Marlins"
hollj002,Holloway,Jordan,R,R,MIA,P,Jordan Holloway,2020,"N,Miami,Marlins"
hoytj001,Hoyt,James,R,R,MIA,P,James Hoyt,2020,"N,Miami,Marlins"
joycm001,Joyce,Matt,L,R,MIA,OF,Matt Joyce,2020,"N,Miami,Marlins"
kintb001,Kintzler,Brandon,R,R,MIA,P,Brandon Kintzler,2020,"N,Miami,Marlins"
lavar001,Lavarnway,Ryan,R,R,MIA,C,Ryan Lavarnway,2020,"N,Miami,Marlins"
leibb001,Leibrandt,Brandon,L,L,MIA,P,Brandon Leibrandt,2020,"N,Miami,Marlins"
lopep002,Lopez,Pablo,L,R,MIA,P,Pablo Lopez,2020,"N,Miami,Marlins"
marts002,Marte,Starling,R,R,MIA,OF,Starling Marte,2020,"N,Miami,Marlins"
mejih001,Mejia,Humberto,R,R,MIA,P,Humberto Mejia,2020,"N,Miami,Marlins"
morab001,Moran,Brian,L,L,MIA,P,Brian Moran,2020,"N,Miami,Marlins"
morim002,Morin,Mike,R,R,MIA,P,Mike Morin,2020,"N,Miami,Marlins"
navab001,Navarreto,Brian,R,R,MIA,C,Brian Navarreto,2020,"N,Miami,Marlins"
neidn001,Neidert,Nick,R,R,MIA,P,Nick Neidert,2020,"N,Miami,Marlins"
quezj001,Quezada,Johan,R,R,MIA,P,Johan Quezada,2020,"N,Miami,Marlins"
ramih004,Ramirez,Harold,R,R,MIA,OF,Harold Ramirez,2020,"N,Miami,Marlins"
rodrs002,Rodriguez,Sean,R,R,MIA,1B,Sean Rodriguez,2020,"N,Miami,Marlins"
roget003,Rogers,Trevor,L,L,MIA,P,Trevor Rogers,2020,"N,Miami,Marlins"
rojam002,Rojas,Miguel,R,R,MIA,SS,Miguel Rojas,2020,"N,Miami,Marlins"
sancj003,Sanchez,Jesus,L,R,MIA,OF,Jesus Sanchez,2020,"N,Miami,Marlins"
sancs001,Sanchez,Sixto,R,R,MIA,P,Sixto Sanchez,2020,"N,Miami,Marlins"
shafj001,Shafer,Justin,R,R,MIA,P,Justin Shafer,2020,"N,Miami,Marlins"
shars001,Sharp,Sterling,R,R,MIA,P,Sterling Sharp,2020,"N,Miami,Marlins"
sierm002,Sierra,Magneuris,L,L,MIA,OF,Magneuris Sierra,2020,"N,Miami,Marlins"
smitc006,Smith,Caleb,R,L,MIA,P,Caleb Smith,2020,"N,Miami,Marlins"
smitj004,Smith,Josh A.,R,R,MIA,P,Josh A. Smith,2020,"N,Miami,Marlins"
smitj006,Smith,Josh D.,L,L,MIA,P,Josh D. Smith,2020,"N,Miami,Marlins"
stanr002,Stanek,Ryne,R,R,MIA,P,Ryne Stanek,2020,"N,Miami,Marlins"
tarps001,Tarpley,Stephen,R,L,MIA,P,Stephen Tarpley,2020,"N,Miami,Marlins"
tinoj001,Tinoco,Jesus,R,R,MIA,P,Jesus Tinoco,2020,"N,Miami,Marlins"
urenj001,Urena,Jose,R,R,MIA,P,Jose Urena,2020,"N,Miami,Marlins"
vendp001,Venditte,Pat,L,L,MIA,P,Pat Venditte,2020,"N,Miami,Marlins"
vesia001,Vesia,Alex,L,L,MIA,P,Alex Vesia,2020,"N,Miami,Marlins"
villj001,Villar,Jonathan,B,R,MIA,SS,Jonathan Villar,2020,"N,Miami,Marlins"
vincn001,Vincent,Nick,R,R,MIA,P,Nick Vincent,2020,"N,Miami,Marlins"
wallc001,Wallach,Chad,R,R,MIA,C,Chad Wallach,2020,"N,Miami,Marlins"
yamaj001,Yamamoto,Jordan,R,R,MIA,P,Jordan Yamamoto,2020,"N,Miami,Marlins"
acunr001,Acuna,Ronald,R,R,ATL,OF,Ronald Acuna,2020,"N,Atlanta,Braves"
adamm002,Adams,Matt,L,R,ATL,1B,Matt Adams,2020,"N,Atlanta,Braves"
albio001,Albies,Ozzie,B,R,ATL,2B,Ozzie Albies,2020,"N,Atlanta,Braves"
andei001,Anderson,Ian,R,R,ATL,P,Ian Anderson,2020,"N,Atlanta,Braves"
camaj001,Camargo,Johan,B,R,ATL,SS,Johan Camargo,2020,"N,Atlanta,Braves"
chacj001,Chacin,Jhoulys,R,R,ATL,P,Jhoulys Chacin,2020,"N,Atlanta,Braves"
contw002,Contreras,William,R,R,ATL,C,William Contreras,2020,"N,Atlanta,Braves"
culbc001,Culberson,Charlie,R,R,ATL,3B,Charlie Culberson,2020,"N,Atlanta,Braves"
darnt001,d'Arnaud,Travis,R,R,ATL,C,Travis d'Arnaud,2020,"N,Atlanta,Braves"
davit005,Davidson,Tucker,L,L,ATL,P,Tucker Davidson,2020,"N,Atlanta,Braves"
daytg001,Dayton,Grant,L,L,ATL,P,Grant Dayton,2020,"N,Atlanta,Braves"
duvaa001,Duvall,Adam,R,R,ATL,OF,Adam Duvall,2020,"N,Atlanta,Braves"
erlir001,Erlin,Robbie,R,L,ATL,P,Robbie Erlin,2020,"N,Atlanta,Braves"
flowt001,Flowers,Tyler,R,R,ATL,C,Tyler Flowers,2020,"N,Atlanta,Braves"
foltm001,Foltynewicz,Mike,R,R,ATL,P,Mike Foltynewicz,2020,"N,Atlanta,Braves"
freef001,Freeman,Freddie,L,R,ATL,1B,Freddie Freeman,2020,"N,Atlanta,Braves"
friem001,Fried,Max,L,L,ATL,P,Max Fried,2020,"N,Atlanta,Braves"
grees005,Greene,Shane,R,R,ATL,P,Shane Greene,2020,"N,Atlanta,Braves"
hamec001,Hamels,Cole,L,L,ATL,P,Cole Hamels,2020,"N,Atlanta,Braves"
hecha001,Hechavarria,Adeiny,R,R,ATL,SS,Adeiny Hechavarria,2020,"N,Atlanta,Braves"
incie001,Inciarte,Ender,L,L,ATL,OF,Ender Inciarte,2020,"N,Atlanta,Braves"
jacka002,Jackson,Alex,R,R,ATL,C,Alex Jackson,2020,"N,Atlanta,Braves"
jackl001,Jackson,Luke,R,R,ATL,P,Luke Jackson,2020,"N,Atlanta,Braves"
markn001,Markakis,Nick,L,L,ATL,OF,Nick Markakis,2020,"N,Atlanta,Braves"
martc007,Martin,Chris,R,R,ATL,P,Chris Martin,2020,"N,Atlanta,Braves"
matzt001,Matzek,Tyler,L,L,ATL,P,Tyler Matzek,2020,"N,Atlanta,Braves"
melam001,Melancon,Mark,R,R,ATL,P,Mark Melancon,2020,"N,Atlanta,Braves"
milot001,Milone,Tommy,L,L,ATL,P,Tommy Milone,2020,"N,Atlanta,Braves"
minta001,Minter,A.J.,L,L,ATL,P,A.J. Minter,2020,"N,Atlanta,Braves"
newcs001,Newcomb,Sean,L,L,ATL,P,Sean Newcomb,2020,"N,Atlanta,Braves"
odayd001,O`Day,Darren,R,R,ATL,P,Darren O`Day,2020,"N,Atlanta,Braves"
ozunm001,Ozuna,Marcell,R,R,ATL,OF,Marcell Ozuna,2020,"N,Atlanta,Braves"
pachc001,Pache,Cristian,R,R,ATL,OF,Cristian Pache,2020,"N,Atlanta,Braves"
rilea001,Riley,Austin,R,R,ATL,3B,Austin Riley,2020,"N,Atlanta,Braves"
rusic001,Rusin,Chris,L,L,ATL,P,Chris Rusin,2020,"N,Atlanta,Braves"
sandp001,Sandoval,Pablo,B,R,ATL,3B,Pablo Sandoval,2020,"N,Atlanta,Braves"
sches001,Schebler,Scott,L,R,ATL,OF,Scott Schebler,2020,"N,Atlanta,Braves"
smitw002,Smith,Will,R,L,ATL,P,Will Smith,2020,"N,Atlanta,Braves"
soboc001,Sobotka,Chad,R,R,ATL,P,Chad Sobotka,2020,"N,Atlanta,Braves"
sorom001,Soroka,Mike,R,R,ATL,P,Mike Soroka,2020,"N,Atlanta,Braves"
swand001,Swanson,Dansby,R,R,ATL,SS,Dansby Swanson,2020,"N,Atlanta,Braves"
tomlj001,Tomlin,Josh,R,R,ATL,P,Josh Tomlin,2020,"N,Atlanta,Braves"
toust001,Toussaint,Touki,R,R,ATL,P,Touki Toussaint,2020,"N,Atlanta,Braves"
webbj002,Webb,Jacob,R,R,ATL,P,Jacob Webb,2020,"N,Atlanta,Braves"
weigp001,Weigel,Patrick,R,R,ATL,P,Patrick Weigel,2020,"N,Atlanta,Braves"
wilsb003,Wilson,Bryse,R,R,ATL,P,Bryse Wilson,2020,"N,Atlanta,Braves"
wrigk001,Wright,Kyle,R,R,ATL,P,Kyle Wright,2020,"N,Atlanta,Braves"
ynoah001,Ynoa,Huascar,R,R,ATL,P,Huascar Ynoa,2020,"N,Atlanta,Braves"
adamc002,Adams,Chance,R,R,KCA,P,Chance Adams,2020,"A,Kansas City,Royals"
barls001,Barlow,Scott,R,R,KCA,P,Scott Barlow,2020,"A,Kansas City,Royals"
blews001,Blewett,Scott,R,R,KCA,P,Scott Blewett,2020,"A,Kansas City,Royals"
bolar001,Bolanos,Ronald,R,R,KCA,P,Ronald Bolanos,2020,"A,Kansas City,Royals"
bubik001,Bubic,Kris,L,L,KCA,P,Kris Bubic,2020,"A,Kansas City,Royals"
cordf003,Cordero,Franchy,L,R,KCA,OF,Franchy Cordero,2020,"A,Kansas City,Royals"
dozih001,Dozier,Hunter,R,R,KCA,OF,Hunter Dozier,2020,"A,Kansas City,Royals"
duffd001,Duffy,Danny,L,L,KCA,P,Danny Duffy,2020,"A,Kansas City,Royals"
franm004,Franco,Maikel,R,R,KCA,3B,Maikel Franco,2020,"A,Kansas City,Royals"
gallc001,Gallagher,Cam,R,R,KCA,C,Cam Gallagher,2020,"A,Kansas City,Royals"
gorda001,Gordon,Alex,L,R,KCA,OF,Alex Gordon,2020,"A,Kansas City,Royals"
griff001,Griffin,Foster,R,L,KCA,P,Foster Griffin,2020,"A,Kansas City,Royals"
gutik001,Gutierrez,Kelvin,R,R,KCA,3B,Kelvin Gutierrez,2020,"A,Kansas City,Royals"
hahnj001,Hahn,Jesse,R,R,KCA,P,Jesse Hahn,2020,"A,Kansas City,Royals"
harvm001,Harvey,Matt,R,R,KCA,P,Matt Harvey,2020,"A,Kansas City,Royals"
heatn002,Heath,Nick,L,L,KCA,OF,Nick Heath,2020,"A,Kansas City,Royals"
hernc006,Hernandez,Carlos,R,R,KCA,P,Carlos Hernandez,2020,"A,Kansas City,Royals"
herno002,Hernandez,Oscar,R,R,KCA,C,Oscar Hernandez,2020,"A,Kansas City,Royals"
hollg001,Holland,Greg,R,R,KCA,P,Greg Holland,2020,"A,Kansas City,Royals"
junij001,Junis,Jakob,R,R,KCA,P,Jakob Junis,2020,"A,Kansas City,Royals"
kellb003,Keller,Brad,R,R,KCA,P,Brad Keller,2020,"A,Kansas City,Royals"
kenni001,Kennedy,Ian,R,R,KCA,P,Ian Kennedy,2020,"A,Kansas City,Royals"
lopej004,Lopez,Jorge,R,R,KCA,P,Jorge Lopez,2020,"A,Kansas City,Royals"
lopen001,Lopez,Nicky,L,R,KCA,SS,Nicky Lopez,2020,"A,Kansas City,Royals"
lover001,Lovelady,Richard,L,L,KCA,P,Richard Lovelady,2020,"A,Kansas City,Royals"
mcbrr001,McBroom,Ryan,R,L,KCA,1B,Ryan McBroom,2020,"A,Kansas City,Royals"
mccak002,McCarthy,Kevin,R,R,KCA,P,Kevin McCarthy,2020,"A,Kansas City,Royals"
mejie001,Mejia,Erick,B,R,KCA,2B,Erick Mejia,2020,"A,Kansas City,Royals"
merrw001,Merrifield,Whit,R,R,KCA,OF,Whit Merrifield,2020,"A,Kansas City,Royals"
mondr003,Mondesi,Adalberto,B,R,KCA,SS,Adalberto Mondesi,2020,"A,Kansas City,Royals"
montm002,Montgomery,Mike,L,L,KCA,P,Mike Montgomery,2020,"A,Kansas City,Royals"
newbj001,Newberry,Jake,R,R,KCA,P,Jake Newberry,2020,"A,Kansas City,Royals"
ohear001,O'Hearn,Ryan,L,L,KCA,1B,Ryan O'Hearn,2020,"A,Kansas City,Royals"
olive001,Olivares,Edward,R,R,KCA,OF,Edward Olivares,2020,"A,Kansas City,Royals"
peres002,Perez,Salvador,R,R,KCA,C,Salvador Perez,2020,"A,Kansas City,Royals"
philb002,Phillips,Brett,L,R,KCA,OF,Brett Phillips,2020,"A,Kansas City,Royals"
reynm003,Reynolds,Matt,R,R,KCA,SS,Matt Reynolds,2020,"A,Kansas City,Royals"
rosar002,Rosario,Randy,L,L,KCA,P,Randy Rosario,2020,"A,Kansas City,Royals"
roset001,Rosenthal,Trevor,R,R,KCA,P,Trevor Rosenthal,2020,"A,Kansas City,Royals"
singb001,Singer,Brady,R,R,KCA,A,Brady Singer,2020,"A,Kansas City,Royals"
solej001,Soler,Jorge,R,R,KCA,OF,Jorge Soler,2020,"A,Kansas City,Royals"
sparg001,Sparkman,Glenn,B,R,KCA,P,Glenn Sparkman,2020,"A,Kansas City,Royals"
speig001,Speier,Gabe,L,L,KCA,P,Gabe Speier,2020,"A,Kansas City,Royals"
starb001,Starling,Bubba,R,R,KCA,OF,Bubba Starling,2020,"A,Kansas City,Royals"
stauj001,Staumont,Josh,R,R,KCA,P,Josh Staumont,2020,"A,Kansas City,Royals"
vilom001,Viloria,Meibrys,L,R,KCA,C,Meibrys Viloria,2020,"A,Kansas City,Royals"
zimmk001,Zimmer,Kyle,R,R,KCA,P,Kyle Zimmer,2020,"A,Kansas City,Royals"
zubet001,Zuber,Tyler,R,R,KCA,P,Tyler Zuber,2020,"A,Kansas City,Royals"
abrea001,Abreu,Albert,R,R,NYA,P,Albert Abreu,2020,"A,New York,Yankees"
andum001,Andujar,Miguel,R,R,NYA,3B,Miguel Andujar,2020,"A,New York,Yankees"
avill001,Avilan,Luis,L,L,NYA,P,Luis Avilan,2020,"A,New York,Yankees"
britz001,Britton,Zack,L,L,NYA,P,Zack Britton,2020,"A,New York,Yankees"
cessl001,Cessa,Luis,R,R,NYA,P,Luis Cessa,2020,"A,New York,Yankees"
chapa001,Chapman,Aroldis,L,L,NYA,P,Aroldis Chapman,2020,"A,New York,Yankees"
coleg001,Cole,Gerrit,R,R,NYA,P,Gerrit Cole,2020,"A,New York,Yankees"
estrt001,Estrada,Thairo,R,R,NYA,SS,Thairo Estrada,2020,"A,New York,Yankees"
flore001,Florial,Estevan,L,R,NYA,OF,Estevan Florial,2020,"A,New York,Yankees"
fordm002,Ford,Mike,L,R,NYA,1B,Mike Ford,2020,"A,New York,Yankees"
frazc001,Frazier,Clint,R,R,NYA,OF,Clint Frazier,2020,"A,New York,Yankees"
garcd003,Garcia,Deivi,R,R,NYA,P,Deivi Garcia,2020,"A,New York,Yankees"
gardb001,Gardner,Brett,L,L,NYA,OF,Brett Gardner,2020,"A,New York,Yankees"
greec003,Green,Chad,L,R,NYA,P,Chad Green,2020,"A,New York,Yankees"
haled001,Hale,David,R,R,NYA,P,David Hale,2020,"A,New York,Yankees"
happj001,Happ,J.A.,L,L,NYA,P,J.A. Happ,2020,"A,New York,Yankees"
hellb001,Heller,Ben,R,R,NYA,P,Ben Heller,2020,"A,New York,Yankees"
hicka001,Hicks,Aaron,B,R,NYA,OF,Aaron Hicks,2020,"A,New York,Yankees"
higak001,Higashioka,Kyle,R,R,NYA,C,Kyle Higashioka,2020,"A,New York,Yankees"
holdj002,Holder,Jonathan,R,R,NYA,P,Jonathan Holder,2020,"A,New York,Yankees"
judga001,Judge,Aaron,R,R,NYA,OF,Aaron Judge,2020,"A,New York,Yankees"
kahnt001,Kahnle,Tommy,R,R,NYA,P,Tommy Kahnle,2020,"A,New York,Yankees"
kingm002,King,Michael,R,R,NYA,P,Michael King,2020,"A,New York,Yankees"
krate001,Kratz,Erik,R,R,NYA,C,Erik Kratz,2020,"A,New York,Yankees"
krisb001,Kriske,Brooks,R,R,NYA,P,Brooks Kriske,2020,"A,New York,Yankees"
lemad001,LeMahieu,DJ,R,R,NYA,2B,DJ LeMahieu,2020,"A,New York,Yankees"
loaij001,Loaisiga,Jonathan,R,R,NYA,P,Jonathan Loaisiga,2020,"A,New York,Yankees"
lyont001,Lyons,Tyler,L,L,NYA,P,Tyler Lyons,2020,"A,New York,Yankees"
mercj002,Mercer,Jordy,R,R,NYA,SS,Jordy Mercer,2020,"A,New York,Yankees"
montj004,Montgomery,Jordan,L,L,NYA,P,Jordan Montgomery,2020,"A,New York,Yankees"
nelsn001,Nelson,Nick,R,R,NYA,P,Nick Nelson,2020,"A,New York,Yankees"
ottaa001,Ottavino,Adam,B,R,NYA,P,Adam Ottavino,2020,"A,New York,Yankees"
paxtj001,Paxton,James,L,L,NYA,P,James Paxton,2020,"A,New York,Yankees"
sancg002,Sanchez,Gary,R,R,NYA,C,Gary Sanchez,2020,"A,New York,Yankees"
schmc002,Schmidt,Clarke,R,R,NYA,P,Clarke Schmidt,2020,"A,New York,Yankees"
stanm004,Stanton,Giancarlo,R,R,NYA,OF,Giancarlo Stanton,2020,"A,New York,Yankees"
tanam001,Tanaka,Masahiro,R,R,NYA,P,Masahiro Tanaka,2020,"A,New York,Yankees"
taucm001,Tauchman,Mike,L,L,NYA,OF,Mike Tauchman,2020,"A,New York,Yankees"
torrg001,Torres,Gleyber,R,R,NYA,2B,Gleyber Torres,2020,"A,New York,Yankees"
urshg001,Urshela,Gio,R,R,NYA,3B,Gio Urshela,2020,"A,New York,Yankees"
voitl001,Voit,Luke,R,R,NYA,1B,Luke Voit,2020,"A,New York,Yankees"
wadet002,Wade,Tyler,L,R,NYA,SS,Tyler Wade,2020,"A,New York,Yankees"
yajum001,Yajure,Miguel,R,R,NYA,P,Miguel Yajure,2020,"A,New York,Yankees"
adelj001,Adell,Jo,R,R,ANA,OF,Jo Adell,2020,"A,Anaheim,Angels"
andrm001,Andriese,Matt,R,R,ANA,P,Matt Andriese,2020,"A,Anaheim,Angels"
bardl001,Bard,Luke,R,R,ANA,P,Luke Bard,2020,"A,Anaheim,Angels"
barnj002,Barnes,Jacob,R,R,ANA,P,Jacob Barnes,2020,"A,Anaheim,Angels"
barrf001,Barreto,Franklin,R,R,ANA,SS,Franklin Barreto,2020,"A,Anaheim,Angels"
barrj003,Barria,Jaime,R,R,ANA,P,Jaime Barria,2020,"A,Anaheim,Angels"
bedrc001,Bedrosian,Cam,R,R,ANA,P,Cam Bedrosian,2020,"A,Anaheim,Angels"
bemba001,Bemboom,Anthony,L,R,ANA,C,Anthony Bemboom,2020,"A,Anaheim,Angels"
bricj001,Briceno,Jose,R,R,ANA,C,Jose Briceno,2020,"A,Anaheim,Angels"
buchr001,Buchter,Ryan,L,L,ANA,P,Ryan Buchter,2020,"A,Anaheim,Angels"
bundd001,Bundy,Dylan,B,R,ANA,P,Dylan Bundy,2020,"A,Anaheim,Angels"
buttt001,Buttrey,Ty,L,R,ANA,P,Ty Buttrey,2020,"A,Anaheim,Angels"
canng001,Canning,Griffin,R,R,ANA,P,Griffin Canning,2020,"A,Anaheim,Angels"
castj006,Castro,Jason,L,R,ANA,C,Jason Castro,2020,"A,Anaheim,Angels"
fletd002,Fletcher,David,R,R,ANA,SS,David Fletcher,2020,"A,Anaheim,Angels"
goodb001,Goodwin,Brian,L,R,ANA,OF,Brian Goodwin,2020,"A,Anaheim,Angels"
heana001,Heaney,Andrew,L,L,ANA,P,Andrew Heaney,2020,"A,Anaheim,Angels"
hermm001,Hermosillo,Michael,R,R,ANA,OF,Michael Hermosillo,2020,"A,Anaheim,Angels"
jonej007,Jones,Jahmai,R,R,ANA,2B,Jahmai Jones,2020,"A,Anaheim,Angels"
kellk003,Keller,Kyle,R,R,ANA,P,Kyle Keller,2020,"A,Anaheim,Angels"
lastt001,La Stella,Tommy,L,R,ANA,2B,Tommy La Stella,2020,"A,Anaheim,Angels"
mayem001,Mayers,Mike,R,R,ANA,P,Mike Mayers,2020,"A,Anaheim,Angels"
middk001,Middleton,Keynan,R,R,ANA,P,Keynan Middleton,2020,"A,Anaheim,Angels"
milnh001,Milner,Hoby,L,L,ANA,P,Hoby Milner,2020,"A,Anaheim,Angels"
ohtas001,Ohtani,Shohei,L,R,ANA,P,Shohei Ohtani,2020,"A,Anaheim,Angels"
penaf002,Pena,Felix,R,R,ANA,P,Felix Pena,2020,"A,Anaheim,Angels"
peted001,Peters,Dillon,L,L,ANA,P,Dillon Peters,2020,"A,Anaheim,Angels"
pujoa001,Pujols,Albert,R,R,ANA,1B,Albert Pujols,2020,"A,Anaheim,Angels"
quijj001,Quijada,Jose,L,L,ANA,P,Jose Quijada,2020,"A,Anaheim,Angels"
ramin002,Ramirez,Noe,R,R,ANA,P,Noe Ramirez,2020,"A,Anaheim,Angels"
renda001,Rendon,Anthony,R,R,ANA,2B,Anthony Rendon,2020,"A,Anaheim,Angels"
rengl001,Rengifo,Luis,B,R,ANA,2B,Luis Rengifo,2020,"A,Anaheim,Angels"
roblh001,Robles,Hansel,R,R,ANA,P,Hansel Robles,2020,"A,Anaheim,Angels"
rodrj006,Rodriguez,Jose,R,R,ANA,P,Jose Rodriguez,2020,"A,Anaheim,Angels"
sandp002,Sandoval,Patrick,L,L,ANA,P,Patrick Sandoval,2020,"A,Anaheim,Angels"
simma001,Simmons,Andrelton,R,R,ANA,SS,Andrelton Simmons,2020,"A,Anaheim,Angels"
sotoe001,Soto,Elliot,R,R,ANA,SS,Elliot Soto,2020,"A,Anaheim,Angels"
stasm001,Stassi,Max,R,R,ANA,C,Max Stassi,2020,"A,Anaheim,Angels"
suarj001,Suarez,Jose,L,L,ANA,P,Jose Suarez,2020,"A,Anaheim,Angels"
tehej001,Teheran,Julio,R,R,ANA,P,Julio Teheran,2020,"A,Anaheim,Angels"
thaim001,Thaiss,Matt,L,R,ANA,1B,Matt Thaiss,2020,"A,Anaheim,Angels"
troum001,Trout,Mike,R,R,ANA,OF,Mike Trout,2020,"A,Anaheim,Angels"
uptoj001,Upton,Justin,R,R,ANA,OF,Justin Upton,2020,"A,Anaheim,Angels"
walsj001,Walsh,Jared,L,L,ANA,OF,Jared Walsh,2020,"A,Anaheim,Angels"
wardt002,Ward,Taylor,R,R,ANA,3B,Taylor Ward,2020,"A,Anaheim,Angels"
badeh001,Bader,Harrison,R,R,SLN,OF,Harrison Bader,2020,"N,St. Louis,Cardinals"
cabrg001,Cabrera,Genesis,L,L,SLN,P,Genesis Cabrera,2020,"N,St. Louis,Cardinals"
carld002,Carlson,Dylan,B,L,SLN,OF,Dylan Carlson,2020,"N,St. Louis,Cardinals"
carpm002,Carpenter,Matt,L,R,SLN,3B,Matt Carpenter,2020,"N,St. Louis,Cardinals"
crisn001,Crismatt,Nabil,R,R,SLN,P,Nabil Crismatt,2020,"N,St. Louis,Cardinals"
cruzj006,Cruz,Jesus,R,R,SLN,P,Jesus Cruz,2020,"N,St. Louis,Cardinals"
dejop001,DeJong,Paul,R,R,SLN,3B,Paul DeJong,2020,"N,St. Louis,Cardinals"
deana001,Dean,Austin,R,R,SLN,OF,Austin Dean,2020,"N,St. Louis,Cardinals"
edmat001,Edman,Tommy,B,R,SLN,SS,Tommy Edman,2020,"N,St. Louis,Cardinals"
elles001,Elledge,Seth,R,R,SLN,P,Seth Elledge,2020,"N,St. Louis,Cardinals"
fernj006,Fernandez,Junior,R,R,SLN,P,Junior Fernandez,2020,"N,St. Louis,Cardinals"
flahj002,Flaherty,Jack,R,R,SLN,P,Jack Flaherty,2020,"N,St. Louis,Cardinals"
fowld001,Fowler,Dexter,B,R,SLN,OF,Dexter Fowler,2020,"N,St. Louis,Cardinals"
gallg001,Gallegos,Giovanny,R,R,SLN,P,Giovanny Gallegos,2020,"N,St. Louis,Cardinals"
gantj002,Gant,John,R,R,SLN,P,John Gant,2020,"N,St. Louis,Cardinals"
goldp001,Goldschmidt,Paul,R,R,SLN,1B,Paul Goldschmidt,2020,"N,St. Louis,Cardinals"
gomba001,Gomber,Austin,L,L,SLN,P,Austin Gomber,2020,"N,St. Louis,Cardinals"
helsr001,Helsley,Ryan,R,R,SLN,P,Ryan Helsley,2020,"N,St. Louis,Cardinals"
hudsd002,Hudson,Dakota,R,R,SLN,P,Dakota Hudson,2020,"N,St. Louis,Cardinals"
kamir001,Kaminsky,Rob,R,L,SLN,P,Rob Kaminsky,2020,"N,St. Louis,Cardinals"
kim-k001,Kim,Kwang Hyun,L,L,SLN,P,Kwang Hyun Kim,2020,"N,St. Louis,Cardinals"
kniza001,Knizner,Andrew,R,R,SLN,C,Andrew Knizner,2020,"N,St. Louis,Cardinals"
martc006,Martinez,Carlos,R,R,SLN,P,Carlos Martinez,2020,"N,St. Louis,Cardinals"
meisr001,Meisinger,Ryan,R,R,SLN,P,Ryan Meisinger,2020,"N,St. Louis,Cardinals"
milla002,Miller,Andrew,L,L,SLN,P,Andrew Miller,2020,"N,St. Louis,Cardinals"
millb002,Miller,Brad,L,R,SLN,SS,Brad Miller,2020,"N,St. Louis,Cardinals"
moliy001,Molina,Yadier,R,R,SLN,C,Yadier Molina,2020,"N,St. Louis,Cardinals"
nogoj001,Nogowski,John,R,L,SLN,1B,John Nogowski,2020,"N,St. Louis,Cardinals"
oneit001,O'Neill,Tyler,R,R,SLN,OF,Tyler O'Neill,2020,"N,St. Louis,Cardinals"
oviej001,Oviedo,Johan,R,R,SLN,P,Johan Oviedo,2020,"N,St. Louis,Cardinals"
poncd001,Ponce de Leon,Daniel,R,R,SLN,P,Daniel Ponce de Leon,2020,"N,St. Louis,Cardinals"
ramir005,Ramirez,Roel,R,R,SLN,P,Roel Ramirez,2020,"N,St. Louis,Cardinals"
raver001,Ravelo,Rangel,R,R,SLN,1B,Rangel Ravelo,2020,"N,St. Louis,Cardinals"
reyea004,Reyes,Alex,R,R,SLN,P,Alex Reyes,2020,"N,St. Louis,Cardinals"
sancr003,Sanchez,Ricardo,L,L,SLN,P,Ricardo Sanchez,2020,"N,St. Louis,Cardinals"
schrm001,Schrock,Max,L,R,SLN,2B,Max Schrock,2020,"N,St. Louis,Cardinals"
thoml002,Thomas,Lane,R,R,SLN,OF,Lane Thomas,2020,"N,St. Louis,Cardinals"
waina001,Wainwright,Adam,R,R,SLN,P,Adam Wainwright,2020,"N,St. Louis,Cardinals"
webbt001,Webb,Tyler,L,L,SLN,P,Tyler Webb,2020,"N,St. Louis,Cardinals"
whitk001,Whitley,Kodi,R,R,SLN,P,Kodi Whitley,2020,"N,St. Louis,Cardinals"
wietm001,Wieters,Matt,B,R,SLN,C,Matt Wieters,2020,"N,St. Louis,Cardinals"
willj006,Williams,Justin,L,R,SLN,OF,Justin Williams,2020,"N,St. Louis,Cardinals"
wongk001,Wong,Kolten,L,R,SLN,2B,Kolten Wong,2020,"N,St. Louis,Cardinals"
woodj003,Woodford,Jake,R,R,SLN,P,Jake Woodford,2020,"N,St. Louis,Cardinals"
alexs001,Alexander,Scott,L,L,LAN,P,Scott Alexander,2020,"N,Los Angeles,Dodgers"
baezp001,Baez,Pedro,R,R,LAN,P,Pedro Baez,2020,"N,Los Angeles,Dodgers"
barna001,Barnes,Austin,R,R,LAN,C,Austin Barnes,2020,"N,Los Angeles,Dodgers"
beatm001,Beaty,Matt,L,R,LAN,1B,Matt Beaty,2020,"N,Los Angeles,Dodgers"
bellc002,Bellinger,Cody,L,L,LAN,1B,Cody Bellinger,2020,"N,Los Angeles,Dodgers"
bettm001,Betts,Mookie,R,R,LAN,OF,Mookie Betts,2020,"N,Los Angeles,Dodgers"
buehw001,Buehler,Walker,R,R,LAN,P,Walker Buehler,2020,"N,Los Angeles,Dodgers"
fergc001,Ferguson,Caleb,R,L,LAN,P,Caleb Ferguson,2020,"N,Los Angeles,Dodgers"
flord002,Floro,Dylan,L,R,LAN,P,Dylan Floro,2020,"N,Los Angeles,Dodgers"
gonst001,Gonsolin,Tony,R,R,LAN,P,Tony Gonsolin,2020,"N,Los Angeles,Dodgers"
gonzv001,Gonzalez,Victor,L,L,LAN,P,Victor Gonzalez,2020,"N,Los Angeles,Dodgers"
goret001,Gore,Terrance,R,R,LAN,OF,Terrance Gore,2020,"N,Los Angeles,Dodgers"
gratb002,Graterol,Brusdar,R,R,LAN,P,Brusdar Graterol,2020,"N,Los Angeles,Dodgers"
herne001,Hernandez,Enrique,R,R,LAN,OF,Enrique Hernandez,2020,"N,Los Angeles,Dodgers"
jansk001,Jansen,Kenley,B,R,LAN,P,Kenley Jansen,2020,"N,Los Angeles,Dodgers"
kellj001,Kelly,Joe,R,R,LAN,P,Joe Kelly,2020,"N,Los Angeles,Dodgers"
kersc001,Kershaw,Clayton,L,L,LAN,P,Clayton Kershaw,2020,"N,Los Angeles,Dodgers"
kolaa001,Kolarek,Adam,L,L,LAN,P,Adam Kolarek,2020,"N,Los Angeles,Dodgers"
lux-g001,Lux,Gavin,L,R,LAN,2B,Gavin Lux,2020,"N,Los Angeles,Dodgers"
may-d003,May,Dustin,R,R,LAN,P,Dustin May,2020,"N,Los Angeles,Dodgers"
mcgej001,McGee,Jake,L,L,LAN,P,Jake McGee,2020,"N,Los Angeles,Dodgers"
mckiz001,McKinstry,Zach,L,R,LAN,2B,Zach McKinstry,2020,"N,Los Angeles,Dodgers"
muncm001,Muncy,Max,L,R,LAN,1B,Max Muncy,2020,"N,Los Angeles,Dodgers"
pedej001,Pederson,Joc,L,L,LAN,OF,Joc Pederson,2020,"N,Los Angeles,Dodgers"
polla001,Pollock,AJ,R,R,LAN,OF,AJ Pollock,2020,"N,Los Angeles,Dodgers"
riose001,Rios,Edwin,L,R,LAN,3B,Edwin Rios,2020,"N,Los Angeles,Dodgers"
ruizk001,Ruiz,Keibert,B,R,LAN,C,Keibert Ruiz,2020,"N,Los Angeles,Dodgers"
santd003,Santana,Dennis,R,R,LAN,P,Dennis Santana,2020,"N,Los Angeles,Dodgers"
sborj002,Sborz,Josh,R,R,LAN,P,Josh Sborz,2020,"N,Los Angeles,Dodgers"
seagc001,Seager,Corey,L,R,LAN,SS,Corey Seager,2020,"N,Los Angeles,Dodgers"
smitw003,Smith,Will,R,R,LAN,C,Will Smith,2020,"N,Los Angeles,Dodgers"
strir001,Stripling,Ross,R,R,LAN,P,Ross Stripling,2020,"N,Los Angeles,Dodgers"
taylc001,Taylor,Chris,R,R,LAN,SS,Chris Taylor,2020,"N,Los Angeles,Dodgers"
treib001,Treinen,Blake,R,R,LAN,P,Blake Treinen,2020,"N,Los Angeles,Dodgers"
turnj001,Turner,Justin,R,R,LAN,3B,Justin Turner,2020,"N,Los Angeles,Dodgers"
uriaj001,Urias,Julio,L,L,LAN,P,Julio Urias,2020,"N,Los Angeles,Dodgers"
whitm004,White,Mitch,R,R,LAN,P,Mitch White,2020,"N,Los Angeles,Dodgers"
wooda002,Wood,Alex,R,L,LAN,P,Alex Wood,2020,"N,Los Angeles,Dodgers"
adamw002,Adames,Willy,R,R,TBA,SS,Willy Adames,2020,"A,Tampa Bay,Rays"
alvaj004,Alvarado,Jose,L,L,TBA,P,Jose Alvarado,2020,"A,Tampa Bay,Rays"
anden001,Anderson,Nick,R,R,TBA,P,Nick Anderson,2020,"A,Tampa Bay,Rays"
arozr001,Arozarena,Randy,R,R,TBA,OF,Randy Arozarena,2020,"A,Tampa Bay,Rays"
banda001,Banda,Anthony,L,L,TBA,P,Anthony Banda,2020,"A,Tampa Bay,Rays"
beekj001,Beeks,Jalen,L,L,TBA,P,Jalen Beeks,2020,"A,Tampa Bay,Rays"
brosm001,Brosseau,Mike,R,R,TBA,3B,Mike Brosseau,2020,"A,Tampa Bay,Rays"
castd002,Castillo,Diego,R,R,TBA,P,Diego Castillo,2020,"A,Tampa Bay,Rays"
chiry001,Chirinos,Yonny,R,R,TBA,P,Yonny Chirinos,2020,"A,Tampa Bay,Rays"
choij001,Choi,Ji-Man,L,R,TBA,OF,Ji-Man Choi,2020,"A,Tampa Bay,Rays"
curtj003,Curtiss,John,R,R,TBA,P,John Curtiss,2020,"A,Tampa Bay,Rays"
drako001,Drake,Oliver,R,R,TBA,P,Oliver Drake,2020,"A,Tampa Bay,Rays"
diazy001,Diaz,Yandy,R,R,TBA,OF,Yandy Diaz,2020,"A,Tampa Bay,Rays"
fairp001,Fairbanks,Pete,R,R,TBA,P,Pete Fairbanks,2020,"A,Tampa Bay,Rays"
flemj001,Fleming,Josh,R,L,TBA,P,Josh Fleming,2020,"A,Tampa Bay,Rays"
garce001,Garcia,Edgar,R,R,TBA,P,Edgar Garcia,2020,"A,Tampa Bay,Rays"
gilms001,Gilmartin,Sean,L,L,TBA,P,Sean Gilmartin,2020,"A,Tampa Bay,Rays"
glast001,Glasnow,Tyler,L,R,TBA,P,Tyler Glasnow,2020,"A,Tampa Bay,Rays"
kierk001,Kiermaier,Kevin,L,R,TBA,OF,Kevin Kiermaier,2020,"A,Tampa Bay,Rays"
kitta001,Kittredge,Andrew,R,R,TBA,P,Andrew Kittredge,2020,"A,Tampa Bay,Rays"
loupa001,Loup,Aaron,L,L,TBA,P,Aaron Loup,2020,"A,Tampa Bay,Rays"
loweb001,Lowe,Brandon,L,R,TBA,2B,Brandon Lowe,2020,"A,Tampa Bay,Rays"
lowen001,Lowe,Nate,L,R,TBA,1B,Nate Lowe,2020,"A,Tampa Bay,Rays"
margm001,Margot,Manuel,R,R,TBA,OF,Manuel Margot,2020,"A,Tampa Bay,Rays"
martj008,Martinez,Jose,R,R,TBA,OF,Jose Martinez,2020,"A,Tampa Bay,Rays"
mccls003,McClanahan,Shane,L,L,TBA,P,Shane McClanahan,2020,"A,Tampa Bay,Rays"
meada001,Meadows,Austin,L,L,TBA,OF,Austin Meadows,2020,"A,Tampa Bay,Rays"
mortc002,Morton,Charlie,R,R,TBA,P,Charlie Morton,2020,"A,Tampa Bay,Rays"
ograb001,O`Grady,Brian,L,R,TBA,1B,Brian O`Grady,2020,"A,Tampa Bay,Rays"
perem005,Perez,Michael,L,R,TBA,C,Michael Perez,2020,"A,Tampa Bay,Rays"
philb002,Phillips,Brett,L,R,TBA,OF,Brett Phillips,2020,"A,Tampa Bay,Rays"
reedc002,Reed,Cody,L,L,TBA,P,Cody Reed,2020,"A,Tampa Bay,Rays"
renfh001,Renfroe,Hunter,R,R,TBA,OF,Hunter Renfroe,2020,"A,Tampa Bay,Rays"
richt001,Richards,Trevor,R,R,TBA,P,Trevor Richards,2020,"A,Tampa Bay,Rays"
roe-c001,Roe,Chaz,R,R,TBA,P,Chaz Roe,2020,"A,Tampa Bay,Rays"
sherr001,Sherriff,Ryan,L,L,TBA,P,Ryan Sherriff,2020,"A,Tampa Bay,Rays"
slega001,Slegers,Aaron,R,R,TBA,P,Aaron Slegers,2020,"A,Tampa Bay,Rays"
smitk002,Smith,Kevan,R,R,TBA,C,Kevan Smith,2020,"A,Tampa Bay,Rays"
snelb001,Snell,Blake,L,L,TBA,P,Blake Snell,2020,"A,Tampa Bay,Rays"
thomr007,Thompson,Ryan,R,R,TBA,P,Ryan Thompson,2020,"A,Tampa Bay,Rays"
tsuty001,Tsutsugo,Yoshi,L,R,TBA,OF,Yoshi Tsutsugo,2020,"A,Tampa Bay,Rays"
wendj002,Wendle,Joey,L,R,TBA,2B,Joey Wendle,2020,"A,Tampa Bay,Rays"
yarbr001,Yarbrough,Ryan,R,L,TBA,P,Ryan Yarbrough,2020,"A,Tampa Bay,Rays"
zunim001,Zunino,Mike,R,R,TBA,C,Mike Zunino,2020,"A,Tampa Bay,Rays"
andes002,Anderson,Shaun,R,R,SFN,P,Shaun Anderson,2020,"N,San Francisco,Giants"
andet002,Anderson,Tyler,L,L,SFN,P,Tyler Anderson,2020,"N,San Francisco,Giants"
barac001,Baragar,Caleb,R,L,SFN,P,Caleb Baragar,2020,"N,San Francisco,Giants"
bartj003,Bart,Joey,R,R,SFN,C,Joey Bart,2020,"N,San Francisco,Giants"
basal001,Basabe,Luis Alexander,B,R,SFN,OF,Luis Alexander Basabe,2020,"N,San Francisco,Giants"
beltb001,Belt,Brandon,L,L,SFN,1B,Brandon Belt,2020,"N,San Francisco,Giants"
branr002,Brantly,Rob,L,R,SFN,C,Rob Brantly,2020,"N,San Francisco,Giants"
cahit001,Cahill,Trevor,R,R,SFN,P,Trevor Cahill,2020,"N,San Francisco,Giants"
coons001,Coonrod,Sam,R,R,SFN,P,Sam Coonrod,2020,"N,San Francisco,Giants"
crawb001,Crawford,Brandon,L,R,SFN,SS,Brandon Crawford,2020,"N,San Francisco,Giants"
cuetj001,Cueto,Johnny,R,R,SFN,P,Johnny Cueto,2020,"N,San Francisco,Giants"
davij008,Davis,Jaylin,R,R,SFN,OF,Jaylin Davis,2020,"N,San Francisco,Giants"
dicka001,Dickerson,Alex,L,L,SFN,OF,Alex Dickerson,2020,"N,San Francisco,Giants"
dubom001,Dubon,Mauricio,R,R,SFN,SS,Mauricio Dubon,2020,"N,San Francisco,Giants"
duggs001,Duggar,Steven,L,R,SFN,OF,Steven Duggar,2020,"N,San Francisco,Giants"
florw001,Flores,Wilmer,R,R,SFN,SS,Wilmer Flores,2020,"N,San Francisco,Giants"
garcj006,Garcia,Jarlin,L,L,SFN,P,Jarlin Garcia,2020,"N,San Francisco,Giants"
garcr006,Garcia,Rico,R,R,SFN,P,Rico Garcia,2020,"N,San Francisco,Giants"
gausk001,Gausman,Kevin,L,R,SFN,P,Kevin Gausman,2020,"N,San Francisco,Giants"
gottt001,Gott,Trevor,R,R,SFN,P,Trevor Gott,2020,"N,San Francisco,Giants"
heint001,Heineman,Tyler,B,R,SFN,C,Tyler Heineman,2020,"N,San Francisco,Giants"
jimed002,Jimenez,Dany,R,R,SFN,P,Dany Jimenez,2020,"N,San Francisco,Giants"
longe001,Longoria,Evan,R,R,SFN,3B,Evan Longoria,2020,"N,San Francisco,Giants"
mccaj002,McCarthy,Joe,L,L,SFN,OF,Joe McCarthy,2020,"N,San Francisco,Giants"
menec001,Menez,Conner,L,L,SFN,P,Conner Menez,2020,"N,San Francisco,Giants"
pench001,Pence,Hunter,R,R,SFN,OF,Hunter Pence,2020,"N,San Francisco,Giants"
peraw002,Peralta,Wandy,L,L,SFN,P,Wandy Peralta,2020,"N,San Francisco,Giants"
rickj001,Rickard,Joey,R,L,SFN,OF,Joey Rickard,2020,"N,San Francisco,Giants"
robed004,Robertson,Daniel,R,R,SFN,SS,Daniel Robertson,2020,"N,San Francisco,Giants"
rodrd001,Rodriguez,Dereck,R,R,SFN,P,Dereck Rodriguez,2020,"N,San Francisco,Giants"
roget002,Rogers,Tyler,R,R,SFN,P,Tyler Rogers,2020,"N,San Francisco,Giants"
ruf-d001,Ruf,Darin,R,R,SFN,1B,Darin Ruf,2020,"N,San Francisco,Giants"
samaj001,Samardzija,Jeff,R,R,SFN,P,Jeff Samardzija,2020,"N,San Francisco,Giants"
sandp001,Sandoval,Pablo,B,R,SFN,3B,Pablo Sandoval,2020,"N,San Francisco,Giants"
selms001,Selman,Sam,R,L,SFN,P,Sam Selman,2020,"N,San Francisco,Giants"
slata001,Slater,Austin,R,R,SFN,OF,Austin Slater,2020,"N,San Francisco,Giants"
smoaj001,Smoak,Justin,B,L,SFN,1B,Justin Smoak,2020,"N,San Francisco,Giants"
smyld001,Smyly,Drew,L,L,SFN,P,Drew Smyly,2020,"N,San Francisco,Giants"
solad001,Solano,Donovan,R,R,SFN,2B,Donovan Solano,2020,"N,San Francisco,Giants"
suara002,Suarez,Andrew,L,L,SFN,P,Andrew Suarez,2020,"N,San Francisco,Giants"
triga001,Triggs,Andrew,R,R,SFN,P,Andrew Triggs,2020,"N,San Francisco,Giants"
tromc001,Tromp,Chadwick,R,R,SFN,C,Chadwick Tromp,2020,"N,San Francisco,Giants"
watst001,Watson,Tony,L,L,SFN,P,Tony Watson,2020,"N,San Francisco,Giants"
webbl001,Webb,Logan,R,R,SFN,P,Logan Webb,2020,"N,San Francisco,Giants"
yastm001,Yastrzemski,Mike,L,L,SFN,OF,Mike Yastrzemski,2020,"N,San Francisco,Giants"
altad001,Altavilla,Dan,R,R,SEA,P,Dan Altavilla,2020,"A,Seattle,Mariners"
bishb001,Bishop,Braden,R,R,SEA,OF,Braden Bishop,2020,"A,Seattle,Mariners"
brenb003,Brennan,Brandon,R,R,SEA,P,Brandon Brennan,2020,"A,Seattle,Mariners"
cortn001,Cortes,Nestor,R,L,SEA,P,Nestor Cortes,2020,"A,Seattle,Mariners"
crawj002,Crawford,J.P.,L,R,SEA,SS,J.P. Crawford,2020,"A,Seattle,Mariners"
dunnj002,Dunn,Justin,R,R,SEA,P,Justin Dunn,2020,"A,Seattle,Mariners"
edwac001,Edwards,Carl,R,R,SEA,P,Carl Edwards,2020,"A,Seattle,Mariners"
ervip001,Ervin,Phillip,R,R,SEA,OF,Phillip Ervin,2020,"A,Seattle,Mariners"
fleta001,Fletcher,Aaron,L,L,SEA,P,Aaron Fletcher,2020,"A,Seattle,Mariners"
fralj001,Fraley,Jake,L,L,SEA,OF,Jake Fraley,2020,"A,Seattle,Mariners"
frant002,France,Ty,R,R,SEA,3B,Ty France,2020,"A,Seattle,Mariners"
frans001,Frankoff,Seth,R,R,SEA,P,Seth Frankoff,2020,"A,Seattle,Mariners"
gerbj001,Gerber,Joey,R,R,SEA,P,Joey Gerber,2020,"A,Seattle,Mariners"
gonzm005,Gonzales,Marco,L,L,SEA,P,Marco Gonzales,2020,"A,Seattle,Mariners"
gordd002,Gordon,Dee,L,R,SEA,2B,Dee Gordon,2020,"A,Seattle,Mariners"
gravk001,Graveman,Kendall,R,R,SEA,P,Kendall Graveman,2020,"A,Seattle,Mariners"
grotz001,Grotz,Zac,R,R,SEA,P,Zac Grotz,2020,"A,Seattle,Mariners"
guilt001,Guilbeau,Taylor,L,L,SEA,P,Taylor Guilbeau,2020,"A,Seattle,Mariners"
haggs001,Haggerty,Sam,B,R,SEA,2B,Sam Haggerty,2020,"A,Seattle,Mariners"
hiray001,Hirano,Yoshihisa,R,R,SEA,P,Yoshihisa Hirano,2020,"A,Seattle,Mariners"
hudsj002,Hudson,Joe,R,R,SEA,C,Joe Hudson,2020,"A,Seattle,Mariners"
kikuy001,Kikuchi,Yusei,L,L,SEA,P,Yusei Kikuchi,2020,"A,Seattle,Mariners"
lailb001,Lail,Brady,R,R,SEA,P,Brady Lail,2020,"A,Seattle,Mariners"
lewik001,Lewis,Kyle,R,R,SEA,OF,Kyle Lewis,2020,"A,Seattle,Mariners"
lockw001,Lockett,Walker,R,R,SEA,P,Walker Lockett,2020,"A,Seattle,Mariners"
longs001,Long,Shed,L,R,SEA,2B,Shed Long,2020,"A,Seattle,Mariners"
lopet001,Lopes,Tim,R,R,SEA,2B,Tim Lopes,2020,"A,Seattle,Mariners"
magim001,Magill,Matt,R,R,SEA,P,Matt Magill,2020,"A,Seattle,Mariners"
margn001,Margevicius,Nick,L,L,SEA,P,Nick Margevicius,2020,"A,Seattle,Mariners"
marmj001,Marmolejos,Jose,L,L,SEA,1B,Jose Marmolejos,2020,"A,Seattle,Mariners"
misia001,Misiewicz,Anthony,R,L,SEA,P,Anthony Misiewicz,2020,"A,Seattle,Mariners"
moord002,Moore,Dylan,R,R,SEA,3B,Dylan Moore,2020,"A,Seattle,Mariners"
newsl001,Newsome,Ljay,R,R,SEA,P,Ljay Newsome,2020,"A,Seattle,Mariners"
nolaa002,Nola,Austin,R,R,SEA,1B,Austin Nola,2020,"A,Seattle,Mariners"
odomj001,Odom,Joseph,R,R,SEA,C,Joseph Odom,2020,"A,Seattle,Mariners"
ramiy002,Ramirez,Yohan,R,R,SEA,P,Yohan Ramirez,2020,"A,Seattle,Mariners"
sadlc002,Sadler,Casey,R,R,SEA,P,Casey Sadler,2020,"A,Seattle,Mariners"
seagk001,Seager,Kyle,L,R,SEA,3B,Kyle Seager,2020,"A,Seattle,Mariners"
shawb001,Shaw,Bryan,B,R,SEA,P,Bryan Shaw,2020,"A,Seattle,Mariners"
shefj001,Sheffield,Justus,L,L,SEA,P,Justus Sheffield,2020,"A,Seattle,Mariners"
smitm007,Smith,Mallex,L,R,SEA,OF,Mallex Smith,2020,"A,Seattle,Mariners"
swane001,Swanson,Erik,R,R,SEA,P,Erik Swanson,2020,"A,Seattle,Mariners"
torrl001,Torrens,Luis,R,R,SEA,C,Luis Torrens,2020,"A,Seattle,Mariners"
voged001,Vogelbach,Daniel,L,R,SEA,1B,Daniel Vogelbach,2020,"A,Seattle,Mariners"
walkt004,Walker,Taijuan,R,R,SEA,P,Taijuan Walker,2020,"A,Seattle,Mariners"
waltd002,Walton,Donovan,L,R,SEA,2B,Donovan Walton,2020,"A,Seattle,Mariners"
willt003,Williams,Taylor,B,R,SEA,P,Taylor Williams,2020,"A,Seattle,Mariners"
white005,White,Evan,R,L,SEA,1B,Evan White,2020,"A,Seattle,Mariners"
yacaj001,Yacabonis,Jimmy,R,R,SEA,P,Jimmy Yacabonis,2020,"A,Seattle,Mariners"
allea001,Allen,Austin,L,R,OAK,C,Austin Allen,2020,"A,Oakland,Athletics"
barrf001,Barreto,Franklin,R,R,OAK,SS,Franklin Barreto,2020,"A,Oakland,Athletics"
bassc001,Bassitt,Chris,R,R,OAK,P,Chris Bassitt,2020,"A,Oakland,Athletics"
blacp001,Blackburn,Paul,R,R,OAK,P,Paul Blackburn,2020,"A,Oakland,Athletics"
brows003,Brown,Seth,L,L,OAK,1B,Seth Brown,2020,"A,Oakland,Athletics"
canhm001,Canha,Mark,R,R,OAK,OF,Mark Canha,2020,"A,Oakland,Athletics"
chapm001,Chapman,Matt,R,R,OAK,3B,Matt Chapman,2020,"A,Oakland,Athletics"
davik003,Davis,Khris,R,R,OAK,OF,Khris Davis,2020,"A,Oakland,Athletics"
diekj001,Diekman,Jake,L,L,OAK,P,Jake Diekman,2020,"A,Oakland,Athletics"
fierm001,Fiers,Mike,R,R,OAK,P,Mike Fiers,2020,"A,Oakland,Athletics"
grosr001,Grossman,Robbie,B,L,OAK,OF,Robbie Grossman,2020,"A,Oakland,Athletics"
heimj001,Heim,Jonah,B,R,OAK,C,Jonah Heim,2020,"A,Oakland,Athletics"
hendl001,Hendriks,Liam,R,R,OAK,P,Liam Hendriks,2020,"A,Oakland,Athletics"
jeffd001,Jefferies,Daulton,L,R,OAK,P,Daulton Jefferies,2020,"A,Oakland,Athletics"
kaprj001,Kaprielian,James,R,R,OAK,P,James Kaprielian,2020,"A,Oakland,Athletics"
kempt001,Kemp,Tony,L,R,OAK,OF,Tony Kemp,2020,"A,Oakland,Athletics"
lastt001,La Stella,Tommy,L,R,OAK,2B,Tommy La Stella,2020,"A,Oakland,Athletics"
lambj001,Lamb,Jake,L,R,OAK,3B,Jake Lamb,2020,"A,Oakland,Athletics"
laurr001,Laureano,Ramon,R,R,OAK,OF,Ramon Laureano,2020,"A,Oakland,Athletics"
luzaj001,Luzardo,Jesus,L,L,OAK,P,Jesus Luzardo,2020,"A,Oakland,Athletics"
machv001,Machin,Vimael,L,R,OAK,2B,Vimael Machin,2020,"A,Oakland,Athletics"
manas001,Manaea,Sean,R,L,OAK,P,Sean Manaea,2020,"A,Oakland,Athletics"
mcfat001,McFarland,T.J.,L,L,OAK,P,T.J. McFarland,2020,"A,Oakland,Athletics"
mengd001,Mengden,Daniel,R,R,OAK,P,Daniel Mengden,2020,"A,Oakland,Athletics"
minom001,Minor,Mike,R,L,OAK,P,Mike Minor,2020,"A,Oakland,Athletics"
montf001,Montas,Frankie,R,R,OAK,P,Frankie Montas,2020,"A,Oakland,Athletics"
murps001,Murphy,Sean,R,R,OAK,C,Sean Murphy,2020,"A,Oakland,Athletics"
olsom001,Olson,Matt,L,R,OAK,1B,Matt Olson,2020,"A,Oakland,Athletics"
orf-n001,Orf,Nate,R,R,OAK,2B,Nate Orf,2020,"A,Oakland,Athletics"
petiy001,Petit,Yusmeiro,R,R,OAK,P,Yusmeiro Petit,2020,"A,Oakland,Athletics"
pindc001,Pinder,Chad,R,R,OAK,2B,Chad Pinder,2020,"A,Oakland,Athletics"
piscs001,Piscotty,Stephen,R,R,OAK,OF,Stephen Piscotty,2020,"A,Oakland,Athletics"
semim001,Semien,Marcus,R,R,OAK,SS,Marcus Semien,2020,"A,Oakland,Athletics"
smitb005,Smith,Burch,R,R,OAK,P,Burch Smith,2020,"A,Oakland,Athletics"
sorij001,Soria,Joakim,R,R,OAK,P,Joakim Soria,2020,"A,Oakland,Athletics"
trivl001,Trivino,Lou,R,R,OAK,P,Lou Trivino,2020,"A,Oakland,Athletics"
weemj001,Weems,Jordan,L,R,OAK,P,Jordan Weems,2020,"A,Oakland,Athletics"
wendj001,Wendelken,J.B.,R,R,OAK,P,J.B. Wendelken,2020,"A,Oakland,Athletics"
almoy001,Almonte,Yency,B,R,COL,P,Yency Almonte,2020,"N,Colorado,Rockies"
arenn001,Arenado,Nolan,R,R,COL,3B,Nolan Arenado,2020,"N,Colorado,Rockies"
bardd001,Bard,Daniel,R,R,COL,P,Daniel Bard,2020,"N,Colorado,Rockies"
blacc001,Blackmon,Charlie,L,L,COL,OF,Charlie Blackmon,2020,"N,Colorado,Rockies"
buted001,Butera,Drew,R,R,COL,C,Drew Butera,2020,"N,Colorado,Rockies"
castr005,Castellani,Ryan,R,R,COL,P,Ryan Castellani,2020,"N,Colorado,Rockies"
dahld001,Dahl,David,L,R,COL,OF,David Dahl,2020,"N,Colorado,Rockies"
daviw001,Davis,Wade,R,R,COL,P,Wade Davis,2020,"N,Colorado,Rockies"
diaze005,Diaz,Elias,R,R,COL,C,Elias Diaz,2020,"N,Colorado,Rockies"
diazj006,Diaz,Jairo,R,R,COL,P,Jairo Diaz,2020,"N,Colorado,Rockies"
diehp001,Diehl,Phillip,L,L,COL,P,Phillip Diehl,2020,"N,Colorado,Rockies"
doylt001,Doyle,Tommy,R,R,COL,P,Tommy Doyle,2020,"N,Colorado,Rockies"
estec001,Estevez,Carlos,R,R,COL,P,Carlos Estevez,2020,"N,Colorado,Rockies"
freek001,Freeland,Kyle,L,L,COL,P,Kyle Freeland,2020,"N,Colorado,Rockies"
fuenj001,Fuentes,Josh,R,R,COL,3B,Josh Fuentes,2020,"N,Colorado,Rockies"
givem001,Givens,Mychal,R,R,COL,P,Mychal Givens,2020,"N,Colorado,Rockies"
gonzc002,Gonzalez,Chi Chi,R,R,COL,P,Chi Chi Gonzalez,2020,"N,Colorado,Rockies"
gouda001,Goudeau,Ashton,R,R,COL,P,Ashton Goudeau,2020,"N,Colorado,Rockies"
grayj003,Gray,Jon,R,R,COL,P,Jon Gray,2020,"N,Colorado,Rockies"
hampg001,Hampson,Garrett,R,R,COL,SS,Garrett Hampson,2020,"N,Colorado,Rockies"
harvj001,Harvey,Joe,R,R,COL,P,Joe Harvey,2020,"N,Colorado,Rockies"
hills005,Hilliard,Sam,L,L,COL,OF,Sam Hilliard,2020,"N,Colorado,Rockies"
hoffj003,Hoffman,Jeff,R,R,COL,P,Jeff Hoffman,2020,"N,Colorado,Rockies"
kempm001,Kemp,Matt,R,R,COL,OF,Matt Kemp,2020,"N,Colorado,Rockies"
kinlt001,Kinley,Tyler,R,R,COL,P,Tyler Kinley,2020,"N,Colorado,Rockies"
marqg001,Marquez,German,R,R,COL,P,German Marquez,2020,"N,Colorado,Rockies"
mcmar001,McMahon,Ryan,L,R,COL,3B,Ryan McMahon,2020,"N,Colorado,Rockies"
mujij001,Mujica,Jose,R,R,COL,P,Jose Mujica,2020,"N,Colorado,Rockies"
murpd006,Murphy,Daniel,L,R,COL,2B,Daniel Murphy,2020,"N,Colorado,Rockies"
owinc001,Owings,Chris,R,R,COL,2B,Chris Owings,2020,"N,Colorado,Rockies"
pazoj001,Pazos,James,R,L,COL,P,James Pazos,2020,"N,Colorado,Rockies"
pillk001,Pillar,Kevin,R,R,COL,OF,Kevin Pillar,2020,"N,Colorado,Rockies"
ramoa001,Ramos,A.J.,R,R,COL,P,A.J. Ramos,2020,"N,Colorado,Rockies"
rodgb002,Rodgers,Brendan,R,R,COL,SS,Brendan Rodgers,2020,"N,Colorado,Rockies"
santa004,Santos,Antonio,R,R,COL,P,Antonio Santos,2020,"N,Colorado,Rockies"
senza001,Senzatela,Antonio,R,R,COL,P,Antonio Senzatela,2020,"N,Colorado,Rockies"
stort001,Story,Trevor,R,R,COL,SS,Trevor Story,2020,"N,Colorado,Rockies"
tapir001,Tapia,Raimel,L,L,COL,OF,Raimel Tapia,2020,"N,Colorado,Rockies"
tinoj001,Tinoco,Jesus,R,R,COL,P,Jesus Tinoco,2020,"N,Colorado,Rockies"
woltt001,Wolters,Tony,L,R,COL,C,Tony Wolters,2020,"N,Colorado,Rockies"
arauj001,Arauz,Jonathan,B,R,BOS,SS,Jonathan Arauz,2020,"A,Boston,Red Sox"
arroc001,Arroyo,Christian,R,R,BOS,3B,Christian Arroyo,2020,"A,Boston,Red Sox"
barnm001,Barnes,Matt,R,R,BOS,P,Matt Barnes,2020,"A,Boston,Red Sox"
benia002,Benintendi,Andrew,L,L,BOS,LF,Andrew Benintendi,2020,"A,Boston,Red Sox"
bogax001,Bogaerts,Xander,R,R,BOS,SS,Xander Bogaerts,2020,"A,Boston,Red Sox"
bradj001,Bradley,Jackie,L,R,BOS,OF,Jackie Bradley,2020,"A,Boston,Red Sox"
brasr001,Brasier,Ryan,R,R,BOS,P,Ryan Brasier,2020,"A,Boston,Red Sox"
brewc002,Brewer,Colten,R,R,BOS,P,Colten Brewer,2020,"A,Boston,Red Sox"
brica001,Brice,Austin,R,R,BOS,P,Austin Brice,2020,"A,Boston,Red Sox"
chavm001,Chavis,Michael,R,R,BOS,3B,Michael Chavis,2020,"A,Boston,Red Sox"
coved001,Covey,Dylan,R,R,BOS,P,Dylan Covey,2020,"A,Boston,Red Sox"
dalbb001,Dalbec,Bobby,R,R,BOS,1B,Bobby Dalbec,2020,"A,Boston,Red Sox"
dever001,Devers,Rafael,L,R,BOS,3B,Rafael Devers,2020,"A,Boston,Red Sox"
eovan001,Eovaldi,Nathan,R,R,BOS,P,Nathan Eovaldi,2020,"A,Boston,Red Sox"
godlz001,Godley,Zack,R,R,BOS,P,Zack Godley,2020,"A,Boston,Red Sox"
gruld001,Grullon,Deivy,R,R,BOS,C,Deivy Grullon,2020,"A,Boston,Red Sox"
hallm002,Hall,Matt,L,L,BOS,P,Matt Hall,2020,"A,Boston,Red Sox"
hartk002,Hart,Kyle,L,L,BOS,P,Kyle Hart,2020,"A,Boston,Red Sox"
hembh001,Hembree,Heath,R,R,BOS,P,Heath Hembree,2020,"A,Boston,Red Sox"
hernd004,Hernandez,Darwinzon,L,L,BOS,P,Darwinzon Hernandez,2020,"A,Boston,Red Sox"
houct001,Houck,Tanner,R,R,BOS,P,Tanner Houck,2020,"A,Boston,Red Sox"
kickm001,Kickham,Mike,L,L,BOS,P,Mike Kickham,2020,"A,Boston,Red Sox"
leyer001,Leyer,Robinson,R,R,BOS,P,Robinson Leyer,2020,"A,Boston,Red Sox"
lin-t001,Lin,Tzu-Wei,L,R,BOS,SS,Tzu-Wei Lin,2020,"A,Boston,Red Sox"
lucrj001,Lucroy,Jonathan,R,R,BOS,C,Jonathan Lucroy,2020,"A,Boston,Red Sox"
martj006,Martinez,J.D.,R,R,BOS,OF,J.D. Martinez,2020,"A,Boston,Red Sox"
mazzc002,Mazza,Chris,R,R,BOS,P,Chris Mazza,2020,"A,Boston,Red Sox"
morem001,Moreland,Mitch,L,L,BOS,1B,Mitch Moreland,2020,"A,Boston,Red Sox"
munoy001,Munoz,Yairo,R,R,BOS,SS,Yairo Munoz,2020,"A,Boston,Red Sox"
osicj001,Osich,Josh,L,L,BOS,P,Josh Osich,2020,"A,Boston,Red Sox"
peraj003,Peraza,Jose,R,R,BOS,2B,Jose Peraza,2020,"A,Boston,Red Sox"
perem004,Perez,Martin,L,L,BOS,P,Martin Perez,2020,"A,Boston,Red Sox"
piven001,Pivetta,Nick,R,R,BOS,P,Nick Pivetta,2020,"A,Boston,Red Sox"
pillk001,Pillar,Kevin,R,R,BOS,OF,Kevin Pillar,2020,"A,Boston,Red Sox"
plawk001,Plawecki,Kevin,R,R,BOS,C,Kevin Plawecki,2020,"A,Boston,Red Sox"
puelc001,Puello,Cesar,R,R,BOS,OF,Cesar Puello,2020,"A,Boston,Red Sox"
sprij001,Springs,Jeffrey,L,L,BOS,P,Jeffrey Springs,2020,"A,Boston,Red Sox"
stocr001,Stock,Robert,L,R,BOS,P,Robert Stock,2020,"A,Boston,Red Sox"
tapid001,Tapia,Domingo,R,R,BOS,P,Domingo Tapia,2020,"A,Boston,Red Sox"
taylj001,Taylor,Josh,L,L,BOS,P,Josh Taylor,2020,"A,Boston,Red Sox"
triga001,Triggs,Andrew,R,R,BOS,P,Andrew Triggs,2020,"A,Boston,Red Sox"
valdp002,Valdez,Phillips,R,R,BOS,P,Phillips Valdez,2020,"A,Boston,Red Sox"
vazqc001,Vazquez,Christian,R,R,BOS,C,Christian Vazquez,2020,"A,Boston,Red Sox"
verda001,Verdugo,Alex,L,L,BOS,OF,Alex Verdugo,2020,"A,Boston,Red Sox"
waldm002,Walden,Marcus,R,R,BOS,P,Marcus Walden,2020,"A,Boston,Red Sox"
weber001,Weber,Ryan,R,R,BOS,P,Ryan Weber,2020,"A,Boston,Red Sox"
workb001,Workman,Brandon,R,R,BOS,P,Brandon Workman,2020,"A,Boston,Red Sox"
akiys001,Akiyama,Shogo,L,R,CIN,OF,Shogo Akiyama,2020,"N,Cincinnati,Reds"
antot001,Antone,Tejay,R,R,CIN,P,Tejay Antone,2020,"N,Cincinnati,Reds"
aquia001,Aquino,Aristides,R,R,CIN,OF,Aristides Aquino,2020,"N,Cincinnati,Reds"
barnt001,Barnhart,Tucker,L,R,CIN,C,Tucker Barnhart,2020,"N,Cincinnati,Reds"
bauet001,Bauer,Trevor,R,R,CIN,P,Trevor Bauer,2020,"N,Cincinnati,Reds"
biddj001,Biddle,Jesse,L,L,CIN,P,Jesse Biddle,2020,"N,Cincinnati,Reds"
brada001,Bradley,Archie,R,R,CIN,P,Archie Bradley,2020,"N,Cincinnati,Reds"
casac001,Casali,Curt,R,R,CIN,C,Curt Casali,2020,"N,Cincinnati,Reds"
castn001,Castellanos,Nick,R,R,CIN,3B,Nick Castellanos,2020,"N,Cincinnati,Reds"
castl003,Castillo,Luis,R,R,CIN,P,Luis Castillo,2020,"N,Cincinnati,Reds"
coloc002,Colon,Christian,R,R,CIN,SS,Christian Colon,2020,"N,Cincinnati,Reds"
davim005,Davidson,Matt,R,R,CIN,3B,Matt Davidson,2020,"N,Cincinnati,Reds"
delej003,De Leon,Jose,R,R,CIN,P,Jose De Leon,2020,"N,Cincinnati,Reds"
desca001,DeSclafani,Anthony,R,R,CIN,P,Anthony DeSclafani,2020,"N,Cincinnati,Reds"
ervip001,Ervin,Phillip,R,R,CIN,OF,Phillip Ervin,2020,"N,Cincinnati,Reds"
farmk001,Farmer,Kyle,R,R,CIN,C,Kyle Farmer,2020,"N,Cincinnati,Reds"
galvf001,Galvis,Freddy,B,R,CIN,SS,Freddy Galvis,2020,"N,Cincinnati,Reds"
garcj007,Garcia,Jose,R,R,CIN,SS,Jose Garcia,2020,"N,Cincinnati,Reds"
garra001,Garrett,Amir,R,L,CIN,P,Amir Garrett,2020,"N,Cincinnati,Reds"
goodb001,Goodwin,Brian,L,R,CIN,OF,Brian Goodwin,2020,"N,Cincinnati,Reds"
grays001,Gray,Sonny,R,R,CIN,P,Sonny Gray,2020,"N,Cincinnati,Reds"
igler001,Iglesias,Raisel,R,R,CIN,P,Raisel Iglesias,2020,"N,Cincinnati,Reds"
jankt001,Jankowski,Travis,L,R,CIN,OF,Travis Jankowski,2020,"N,Cincinnati,Reds"
jonen001,Jones,Nate,R,R,CIN,P,Nate Jones,2020,"N,Cincinnati,Reds"
kuhnj001,Kuhnel,Joel,R,R,CIN,P,Joel Kuhnel,2020,"N,Cincinnati,Reds"
lorem002,Lorenzen,Michael,R,R,CIN,P,Michael Lorenzen,2020,"N,Cincinnati,Reds"
mahlt001,Mahle,Tyler,R,R,CIN,P,Tyler Mahle,2020,"N,Cincinnati,Reds"
milew001,Miley,Wade,L,L,CIN,P,Wade Miley,2020,"N,Cincinnati,Reds"
mousm001,Moustakas,Mike,L,R,CIN,3B,Mike Moustakas,2020,"N,Cincinnati,Reds"
paytm001,Payton,Mark,L,L,CIN,OF,Mark Payton,2020,"N,Cincinnati,Reds"
raleb001,Raley,Brooks,L,L,CIN,P,Brooks Raley,2020,"N,Cincinnati,Reds"
reedc002,Reed,Cody,L,L,CIN,P,Cody Reed,2020,"N,Cincinnati,Reds"
romas001,Romano,Sal,L,R,CIN,P,Sal Romano,2020,"N,Cincinnati,Reds"
senzn001,Senzel,Nick,R,R,CIN,OF,Nick Senzel,2020,"N,Cincinnati,Reds"
simsl001,Sims,Lucas,R,R,CIN,P,Lucas Sims,2020,"N,Cincinnati,Reds"
stepr002,Stephenson,Robert,R,R,CIN,P,Robert Stephenson,2020,"N,Cincinnati,Reds"
stept001,Stephenson,Tyler,R,R,CIN,C,Tyler Stephenson,2020,"N,Cincinnati,Reds"
strop001,Strop,Pedro,R,R,CIN,P,Pedro Strop,2020,"N,Cincinnati,Reds"
suare001,Suarez,Eugenio,R,R,CIN,SS,Eugenio Suarez,2020,"N,Cincinnati,Reds"
thort001,Thornburg,Tyler,R,R,CIN,P,Tyler Thornburg,2020,"N,Cincinnati,Reds"
vanmj001,VanMeter,Josh,L,R,CIN,2B,Josh VanMeter,2020,"N,Cincinnati,Reds"
vottj001,Votto,Joey,L,R,CIN,1B,Joey Votto,2020,"N,Cincinnati,Reds"
winkj002,Winker,Jesse,L,L,CIN,OF,Jesse Winker,2020,"N,Cincinnati,Reds"
adamj002,Adam,Jason,R,R,CHN,P,Jason Adam,2020,"N,Chicago,Cubs"
almoa002,Almora,Albert,R,R,CHN,OF,Albert Almora,2020,"N,Chicago,Cubs"
alzoa001,Alzolay,Adbert,R,R,CHN,P,Adbert Alzolay,2020,"N,Chicago,Cubs"
baezj001,Baez,Javier,R,R,CHN,2B,Javier Baez,2020,"N,Chicago,Cubs"
boted002,Bote,David,R,R,CHN,2B,David Bote,2020,"N,Chicago,Cubs"
brotr001,Brothers,Rex,L,L,CHN,P,Rex Brothers,2020,"N,Chicago,Cubs"
bryak001,Bryant,Kris,R,R,CHN,3B,Kris Bryant,2020,"N,Chicago,Cubs"
carav001,Caratini,Victor,B,R,CHN,C,Victor Caratini,2020,"N,Chicago,Cubs"
chafa001,Chafin,Andrew,R,L,CHN,P,Andrew Chafin,2020,"N,Chicago,Cubs"
chatt001,Chatwood,Tyler,R,R,CHN,P,Tyler Chatwood,2020,"N,Chicago,Cubs"
contw001,Contreras,Willson,R,R,CHN,C,Willson Contreras,2020,"N,Chicago,Cubs"
darvy001,Darvish,Yu,R,R,CHN,P,Yu Darvish,2020,"N,Chicago,Cubs"
dermm001,Dermody,Matt,R,L,CHN,P,Matt Dermody,2020,"N,Chicago,Cubs"
hamib001,Hamilton,Billy,B,R,CHN,OF,Billy Hamilton,2020,"N,Chicago,Cubs"
happi001,Happ,Ian,B,R,CHN,2B,Ian Happ,2020,"N,Chicago,Cubs"
hendk001,Hendricks,Kyle,R,R,CHN,P,Kyle Hendricks,2020,"N,Chicago,Cubs"
heywj001,Heyward,Jason,L,L,CHN,OF,Jason Heyward,2020,"N,Chicago,Cubs"
hoern001,Hoerner,Nico,R,R,CHN,SS,Nico Hoerner,2020,"N,Chicago,Cubs"
jeffj001,Jeffress,Jeremy,R,R,CHN,P,Jeremy Jeffress,2020,"N,Chicago,Cubs"
kimbc001,Kimbrel,Craig,R,R,CHN,P,Craig Kimbrel,2020,"N,Chicago,Cubs"
kipnj001,Kipnis,Jason,L,R,CHN,2B,Jason Kipnis,2020,"N,Chicago,Cubs"
lestj001,Lester,Jon,L,L,CHN,P,Jon Lester,2020,"N,Chicago,Cubs"
mapld001,Maples,Dillon,R,R,CHN,P,Dillon Maples,2020,"N,Chicago,Cubs"
martj008,Martinez,Jose,R,R,CHN,OF,Jose Martinez,2020,"N,Chicago,Cubs"
marqb001,Marquez,Brailyn,L,L,CHN,P,Brailyn Marquez,2020,"N,Chicago,Cubs"
maybc001,Maybin,Cameron,R,R,CHN,OF,Cameron Maybin,2020,"N,Chicago,Cubs"
milli001,Miller,Ian,L,R,CHN,OF,Ian Miller,2020,"N,Chicago,Cubs"
millt003,Miller,Tyson,R,R,CHN,P,Tyson Miller,2020,"N,Chicago,Cubs"
milla003,Mills,Alec,R,R,CHN,P,Alec Mills,2020,"N,Chicago,Cubs"
norwj001,Norwood,James,R,R,CHN,P,James Norwood,2020,"N,Chicago,Cubs"
osicj001,Osich,Josh,L,L,CHN,P,Josh Osich,2020,"N,Chicago,Cubs"
pereh001,Perez,Hernan,R,R,CHN,3B,Hernan Perez,2020,"N,Chicago,Cubs"
phegj001,Phegley,Josh,R,R,CHN,C,Josh Phegley,2020,"N,Chicago,Cubs"
quinj001,Quintana,Jose,R,L,CHN,P,Jose Quintana,2020,"N,Chicago,Cubs"
rea-c001,Rea,Colin,R,R,CHN,P,Colin Rea,2020,"N,Chicago,Cubs"
rizza001,Rizzo,Anthony,L,L,CHN,1B,Anthony Rizzo,2020,"N,Chicago,Cubs"
ryank002,Ryan,Kyle,L,L,CHN,P,Kyle Ryan,2020,"N,Chicago,Cubs"
sadlc002,Sadler,Casey,R,R,CHN,P,Casey Sadler,2020,"N,Chicago,Cubs"
schwk001,Schwarber,Kyle,L,R,CHN,OF,Kyle Schwarber,2020,"N,Chicago,Cubs"
souzs001,Souza,Steven,R,R,CHN,OF,Steven Souza,2020,"N,Chicago,Cubs"
teper001,Tepera,Ryan,R,R,CHN,P,Ryan Tepera,2020,"N,Chicago,Cubs"
unded001,Underwood,Duane,R,R,CHN,P,Duane Underwood,2020,"N,Chicago,Cubs"
vargi001,Vargas,Ildemaro,B,R,CHN,2B,Ildemaro Vargas,2020,"N,Chicago,Cubs"
wickr001,Wick,Rowan,L,R,CHN,P,Rowan Wick,2020,"N,Chicago,Cubs"
wiecb001,Wieck,Brad,L,L,CHN,P,Brad Wieck,2020,"N,Chicago,Cubs"
winkd001,Winkler,Dan,R,R,CHN,P,Dan Winkler,2020,"N,Chicago,Cubs"
wisdp001,Wisdom,Patrick,R,R,CHN,3B,Patrick Wisdom,2020,"N,Chicago,Cubs"
