player_id,last,first,bats,throws,team_id,pos,player_name,year,team_name
alvaw001,Alvarez,Wilson,L,L,CHA,P,Wilson Alvarez,1991,"A,Chicago,White Sox"
belte001,Beltre,Esteban,R,R,CHA,SS,Esteban Beltre,1991,"A,Chicago,White Sox"
cartj002,Carter,Jeff,R,R,CHA,P,Jeff Carter,1991,"A,Chicago,White Sox"
coraj001,Cora,Joey,B,R,CHA,2B,Joey Cora,1991,"A,Chicago,White Sox"
drahb001,Drahman,Brian,R,R,CHA,P,Brian Drahman,1991,"A,Chicago,White Sox"
dreet001,Drees,Tom,B,L,CHA,P,Tom Drees,1991,"A,Chicago,White Sox"
edwaw001,Edwards,Wayne,L,L,CHA,P,Wayne Edwards,1991,"A,Chicago,White Sox"
ferna001,Fernandez,Alex,R,R,CHA,P,Alex Fernandez,1991,"A,Chicago,White Sox"
fiskc001,Fisk,Carlton,R,R,CHA,C,Carlton Fisk,1991,"A,Chicago,White Sox"
flets001,Fletcher,Scott,R,R,CHA,2B,Scott Fletcher,1991,"A,Chicago,White Sox"
garcr002,Garcia,Ramon,R,R,CHA,P,Ramon Garcia,1991,"A,Chicago,White Sox"
grebc001,Grebeck,Craig,R,R,CHA,3B,Craig Grebeck,1991,"A,Chicago,White Sox"
guilo001,Guillen,Ozzie,L,R,CHA,SS,Ozzie Guillen,1991,"A,Chicago,White Sox"
hernr001,Hernandez,Roberto,R,R,CHA,P,Roberto Hernandez,1991,"A,Chicago,White Sox"
hibbg001,Hibbard,Greg,L,L,CHA,P,Greg Hibbard,1991,"A,Chicago,White Sox"
hougc001,Hough,Charlie,R,R,CHA,P,Charlie Hough,1991,"A,Chicago,White Sox"
huffm001,Huff,Mike,R,R,CHA,OF,Mike Huff,1991,"A,Chicago,White Sox"
jackb001,Jackson,Bo,R,R,CHA,DH,Bo Jackson,1991,"A,Chicago,White Sox"
johnl001,Johnson,Lance,L,L,CHA,OF,Lance Johnson,1991,"A,Chicago,White Sox"
karkr001,Karkovice,Ron,R,R,CHA,C,Ron Karkovice,1991,"A,Chicago,White Sox"
kittr001,Kittle,Ron,R,R,CHA,1B,Ron Kittle,1991,"A,Chicago,White Sox"
mccrr001,McCray,Rodney,R,R,CHA,OF,Rodney McCray,1991,"A,Chicago,White Sox"
mcdoj001,McDowell,Jack,R,R,CHA,P,Jack McDowell,1991,"A,Chicago,White Sox"
merum001,Merullo,Matt,L,R,CHA,C,Matt Merullo,1991,"A,Chicago,White Sox"
newsw001,Newson,Warren,L,L,CHA,OF,Warren Newson,1991,"A,Chicago,White Sox"
palld001,Pall,Donn,R,R,CHA,P,Donn Pall,1991,"A,Chicago,White Sox"
pasqd001,Pasqua,Dan,L,L,CHA,1B,Dan Pasqua,1991,"A,Chicago,White Sox"
pattk001,Patterson,Ken,L,L,CHA,P,Ken Patterson,1991,"A,Chicago,White Sox"
perem001,Perez,Melido,R,R,CHA,P,Melido Perez,1991,"A,Chicago,White Sox"
radis001,Radinsky,Scott,L,L,CHA,P,Scott Radinsky,1991,"A,Chicago,White Sox"
raint001,Raines,Tim,B,R,CHA,OF,Tim Raines,1991,"A,Chicago,White Sox"
snydc001,Snyder,Cory,R,R,CHA,OF,Cory Snyder,1991,"A,Chicago,White Sox"
sosas001,Sosa,Sammy,R,R,CHA,OF,Sammy Sosa,1991,"A,Chicago,White Sox"
thigb001,Thigpen,Bobby,R,R,CHA,P,Bobby Thigpen,1991,"A,Chicago,White Sox"
thomf001,Thomas,Frank,R,R,CHA,DH,Frank Thomas,1991,"A,Chicago,White Sox"
ventr001,Ventura,Robin,L,R,CHA,3B,Robin Ventura,1991,"A,Chicago,White Sox"
wakad001,Wakamatsu,Don,R,R,CHA,C,Don Wakamatsu,1991,"A,Chicago,White Sox"
wapns001,Wapnick,Steve,R,R,CHA,P,Steve Wapnick,1991,"A,Chicago,White Sox"
augud001,August,Don,R,R,MIL,P,Don August,1991,"A,Milwaukee,Brewers"
austj001,Austin,Jim,R,R,MIL,P,Jim Austin,1991,"A,Milwaukee,Brewers"
bichd001,Bichette,Dante,R,R,MIL,OF,Dante Bichette,1991,"A,Milwaukee,Brewers"
bosic001,Bosio,Chris,R,R,MIL,P,Chris Bosio,1991,"A,Milwaukee,Brewers"
brocg001,Brock,Greg,L,R,MIL,1B,Greg Brock,1991,"A,Milwaukee,Brewers"
browk003,Brown,Kevin,L,L,MIL,P,Kevin Brown,1991,"A,Milwaukee,Brewers"
canag001,Canale,George,L,R,MIL,1B,George Canale,1991,"A,Milwaukee,Brewers"
carrm002,Carrillo,Matias,L,L,MIL,OF,Matias Carrillo,1991,"A,Milwaukee,Brewers"
crimc001,Crim,Chuck,R,R,MIL,P,Chuck Crim,1991,"A,Milwaukee,Brewers"
dempr001,Dempsey,Rick,R,R,MIL,C,Rick Dempsey,1991,"A,Milwaukee,Brewers"
eldrc001,Eldred,Cal,R,R,MIL,P,Cal Eldred,1991,"A,Milwaukee,Brewers"
gantj001,Gantner,Jim,L,R,MIL,3B,Jim Gantner,1991,"A,Milwaukee,Brewers"
georc001,George,Chris,R,R,MIL,P,Chris George,1991,"A,Milwaukee,Brewers"
hamid001,Hamilton,Darryl,L,R,MIL,OF,Darryl Hamilton,1991,"A,Milwaukee,Brewers"
henrd002,Henry,Doug,R,R,MIL,P,Doug Henry,1991,"A,Milwaukee,Brewers"
higut001,Higuera,Teddy,B,L,MIL,P,Teddy Higuera,1991,"A,Milwaukee,Brewers"
holmd001,Holmes,Darren,R,R,MIL,P,Darren Holmes,1991,"A,Milwaukee,Brewers"
huntj001,Hunter,Jim,R,R,MIL,P,Jim Hunter,1991,"A,Milwaukee,Brewers"
ignam001,Ignasiak,Mike,B,R,MIL,P,Mike Ignasiak,1991,"A,Milwaukee,Brewers"
knudm001,Knudson,Mark,R,R,MIL,P,Mark Knudson,1991,"A,Milwaukee,Brewers"
lee-m002,Lee,Mark,L,L,MIL,P,Mark Lee,1991,"A,Milwaukee,Brewers"
machj001,Machado,Julio,R,R,MIL,P,Julio Machado,1991,"A,Milwaukee,Brewers"
maldc001,Maldonado,Candy,R,R,MIL,OF,Candy Maldonado,1991,"A,Milwaukee,Brewers"
mcint001,McIntosh,Tim,R,R,MIL,OF,Tim McIntosh,1991,"A,Milwaukee,Brewers"
molip001,Molitor,Paul,R,R,MIL,DH,Paul Molitor,1991,"A,Milwaukee,Brewers"
navaj001,Navarro,Jaime,R,R,MIL,P,Jaime Navarro,1991,"A,Milwaukee,Brewers"
nunee001,Nunez,Ed,R,R,MIL,P,Ed Nunez,1991,"A,Milwaukee,Brewers"
olanj001,Olander,Jim,R,R,MIL,OF,Jim Olander,1991,"A,Milwaukee,Brewers"
plesd001,Plesac,Dan,L,L,MIL,P,Dan Plesac,1991,"A,Milwaukee,Brewers"
randw001,Randolph,Willie,R,R,MIL,2B,Willie Randolph,1991,"A,Milwaukee,Brewers"
robir001,Robinson,Ron,R,R,MIL,P,Ron Robinson,1991,"A,Milwaukee,Brewers"
shefg001,Sheffield,Gary,R,R,MIL,3B,Gary Sheffield,1991,"A,Milwaukee,Brewers"
spieb001,Spiers,Bill,L,R,MIL,SS,Bill Spiers,1991,"A,Milwaukee,Brewers"
stubf001,Stubbs,Franklin,L,L,MIL,1B,Franklin Stubbs,1991,"A,Milwaukee,Brewers"
surhb001,Surhoff,B.J.,L,R,MIL,C,B.J. Surhoff,1991,"A,Milwaukee,Brewers"
sveud001,Sveum,Dale,B,R,MIL,SS,Dale Sveum,1991,"A,Milwaukee,Brewers"
vaugg001,Vaughn,Greg,R,R,MIL,OF,Greg Vaughn,1991,"A,Milwaukee,Brewers"
wegmb001,Wegman,Bill,R,R,MIL,P,Bill Wegman,1991,"A,Milwaukee,Brewers"
younr001,Yount,Robin,R,R,MIL,OF,Robin Yount,1991,"A,Milwaukee,Brewers"
barbb001,Barberie,Bret,B,R,MON,SS,Bret Barberie,1991,"N,Montreal,Expos"
barnb001,Barnes,Brian,L,L,MON,P,Brian Barnes,1991,"N,Montreal,Expos"
boydo001,Boyd,Oil Can,R,R,MON,P,Oil Can Boyd,1991,"N,Montreal,Expos"
bulle001,Bullock,Eric,L,L,MON,OF,Eric Bullock,1991,"N,Montreal,Expos"
burkt001,Burke,Tim,R,R,MON,P,Tim Burke,1991,"N,Montreal,Expos"
caldi001,Calderon,Ivan,R,R,MON,OF,Ivan Calderon,1991,"N,Montreal,Expos"
darlr001,Darling,Ron,R,R,MON,P,Ron Darling,1991,"N,Montreal,Expos"
deshd001,DeShields,Delino,L,R,MON,2B,Delino DeShields,1991,"N,Montreal,Expos"
fassj001,Fassero,Jeff,L,L,MON,P,Jeff Fassero,1991,"N,Montreal,Expos"
fitzm001,Fitzgerald,Mike,R,R,MON,C,Mike Fitzgerald,1991,"N,Montreal,Expos"
folet001,Foley,Tom,L,R,MON,SS,Tom Foley,1991,"N,Montreal,Expos"
freys001,Frey,Steve,R,L,MON,P,Steve Frey,1991,"N,Montreal,Expos"
galaa001,Galarraga,Andres,R,R,MON,1B,Andres Galarraga,1991,"N,Montreal,Expos"
gardm001,Gardner,Mark,R,R,MON,P,Mark Gardner,1991,"N,Montreal,Expos"
grism001,Grissom,Marquis,R,R,MON,OF,Marquis Grissom,1991,"N,Montreal,Expos"
hanec001,Haney,Chris,L,L,MON,P,Chris Haney,1991,"N,Montreal,Expos"
hassr001,Hassey,Ron,L,R,MON,C,Ron Hassey,1991,"N,Montreal,Expos"
joneb002,Jones,Barry,R,R,MON,P,Barry Jones,1991,"N,Montreal,Expos"
longb002,Long,Bill,R,R,MON,P,Bill Long,1991,"N,Montreal,Expos"
mahlr001,Mahler,Rick,R,R,MON,P,Rick Mahler,1991,"N,Montreal,Expos"
martd001,Martinez,Dennis,R,R,MON,P,Dennis Martinez,1991,"N,Montreal,Expos"
martd002,Martinez,Dave,L,L,MON,OF,Dave Martinez,1991,"N,Montreal,Expos"
nabhc001,Nabholz,Chris,L,L,MON,P,Chris Nabholz,1991,"N,Montreal,Expos"
noboj001,Noboa,Junior,R,R,MON,OF,Junior Noboa,1991,"N,Montreal,Expos"
owens001,Owen,Spike,B,R,MON,SS,Spike Owen,1991,"N,Montreal,Expos"
piatd001,Piatt,Doug,L,R,MON,P,Doug Piatt,1991,"N,Montreal,Expos"
reyeg001,Reyes,Gil,R,R,MON,C,Gil Reyes,1991,"N,Montreal,Expos"
riesn001,Riesgo,Nikco,R,R,MON,OF,Nikco Riesgo,1991,"N,Montreal,Expos"
rojam001,Rojas,Mel,R,R,MON,P,Mel Rojas,1991,"N,Montreal,Expos"
rusks001,Ruskin,Scott,R,L,MON,P,Scott Ruskin,1991,"N,Montreal,Expos"
sampb002,Sampen,Bill,R,R,MON,P,Bill Sampen,1991,"N,Montreal,Expos"
santn001,Santovenia,Nelson,R,R,MON,C,Nelson Santovenia,1991,"N,Montreal,Expos"
schmd001,Schmidt,Dave J.,R,R,MON,P,Dave J. Schmidt,1991,"N,Montreal,Expos"
vandj001,Vander Wal,John,L,L,MON,OF,John Vander Wal,1991,"N,Montreal,Expos"
waind001,Wainhouse,Dave,L,R,MON,P,Dave Wainhouse,1991,"N,Montreal,Expos"
walkl001,Walker,Larry,L,R,MON,OF,Larry Walker,1991,"N,Montreal,Expos"
wallt001,Wallach,Tim,R,R,MON,3B,Tim Wallach,1991,"N,Montreal,Expos"
willk001,Williams,Ken,R,R,MON,OF,Ken Williams,1991,"N,Montreal,Expos"
akerd001,Akerfelds,Darrel,R,R,PHI,P,Darrel Akerfelds,1991,"N,Philadelphia,Phillies"
ashba002,Ashby,Andy,R,R,PHI,P,Andy Ashby,1991,"N,Philadelphia,Phillies"
backw001,Backman,Wally,B,R,PHI,2B,Wally Backman,1991,"N,Philadelphia,Phillies"
batik002,Batiste,Kim,R,R,PHI,SS,Kim Batiste,1991,"N,Philadelphia,Phillies"
boevj001,Boever,Joe,R,R,PHI,P,Joe Boever,1991,"N,Philadelphia,Phillies"
bookr001,Booker,Rod,L,R,PHI,SS,Rod Booker,1991,"N,Philadelphia,Phillies"
branc001,Brantley,Cliff,R,R,PHI,P,Cliff Brantley,1991,"N,Philadelphia,Phillies"
camps001,Campusano,Sil,R,R,PHI,OF,Sil Campusano,1991,"N,Philadelphia,Phillies"
carra001,Carreno,Amalio,R,R,PHI,P,Amalio Carreno,1991,"N,Philadelphia,Phillies"
castb001,Castillo,Braulio,R,R,PHI,OF,Braulio Castillo,1991,"N,Philadelphia,Phillies"
chamw001,Chamberlain,Wes,R,R,PHI,OF,Wes Chamberlain,1991,"N,Philadelphia,Phillies"
combp001,Combs,Pat,L,L,PHI,P,Pat Combs,1991,"N,Philadelphia,Phillies"
cox-d001,Cox,Danny,R,R,PHI,P,Danny Cox,1991,"N,Philadelphia,Phillies"
dauld001,Daulton,Darren,L,R,PHI,C,Darren Daulton,1991,"N,Philadelphia,Phillies"
dejej001,De Jesus,Jose,R,R,PHI,P,Jose De Jesus,1991,"N,Philadelphia,Phillies"
dyksl001,Dykstra,Lenny,L,L,PHI,OF,Lenny Dykstra,1991,"N,Philadelphia,Phillies"
fletd001,Fletcher,Darrin,L,R,PHI,C,Darrin Fletcher,1991,"N,Philadelphia,Phillies"
greet001,Greene,Tommy,R,R,PHI,P,Tommy Greene,1991,"N,Philadelphia,Phillies"
grimj001,Grimsley,Jason,R,R,PHI,P,Jason Grimsley,1991,"N,Philadelphia,Phillies"
hartm002,Hartley,Mike,R,R,PHI,P,Mike Hartley,1991,"N,Philadelphia,Phillies"
hayec001,Hayes,Charlie,R,R,PHI,3B,Charlie Hayes,1991,"N,Philadelphia,Phillies"
hayev001,Hayes,Von,L,R,PHI,OF,Von Hayes,1991,"N,Philadelphia,Phillies"
holld001,Hollins,Dave,B,R,PHI,3B,Dave Hollins,1991,"N,Philadelphia,Phillies"
joner004,Jones,Ron,L,R,PHI,PH,Ron Jones,1991,"N,Philadelphia,Phillies"
jordr001,Jordan,Ricky,R,R,PHI,1B,Ricky Jordan,1991,"N,Philadelphia,Phillies"
krukj001,Kruk,John,L,L,PHI,1B,John Kruk,1991,"N,Philadelphia,Phillies"
lakes001,Lake,Steve,R,R,PHI,C,Steve Lake,1991,"N,Philadelphia,Phillies"
lapod001,LaPoint,Dave,L,L,PHI,P,Dave LaPoint,1991,"N,Philadelphia,Phillies"
lindd001,Lindsey,Doug,R,R,PHI,C,Doug Lindsey,1991,"N,Philadelphia,Phillies"
lindj001,Lindeman,Jim,R,R,PHI,OF,Jim Lindeman,1991,"N,Philadelphia,Phillies"
maust001,Mauser,Tim,R,R,PHI,P,Tim Mauser,1991,"N,Philadelphia,Phillies"
mcdor001,McDowell,Roger,R,R,PHI,P,Roger McDowell,1991,"N,Philadelphia,Phillies"
moram001,Morandini,Mickey,L,R,PHI,2B,Mickey Morandini,1991,"N,Philadelphia,Phillies"
morrj003,Morris,John,L,L,PHI,OF,John Morris,1991,"N,Philadelphia,Phillies"
mulht001,Mulholland,Terry,R,L,PHI,P,Terry Mulholland,1991,"N,Philadelphia,Phillies"
murpd001,Murphy,Dale,R,R,PHI,OF,Dale Murphy,1991,"N,Philadelphia,Phillies"
readr001,Ready,Randy,R,R,PHI,2B,Randy Ready,1991,"N,Philadelphia,Phillies"
ritcw001,Ritchie,Wally,L,L,PHI,P,Wally Ritchie,1991,"N,Philadelphia,Phillies"
ruffb001,Ruffin,Bruce,B,L,PHI,P,Bruce Ruffin,1991,"N,Philadelphia,Phillies"
schur001,Schu,Rick,R,R,PHI,3B,Rick Schu,1991,"N,Philadelphia,Phillies"
sears001,Searcy,Steve,L,L,PHI,P,Steve Searcy,1991,"N,Philadelphia,Phillies"
thond001,Thon,Dickie,R,R,PHI,SS,Dickie Thon,1991,"N,Philadelphia,Phillies"
willm002,Williams,Mitch,L,L,PHI,P,Mitch Williams,1991,"N,Philadelphia,Phillies"
aldrm001,Aldrete,Mike,L,L,CLE,1B,Mike Aldrete,1991,"A,Cleveland,Indians"
allrb001,Allred,Beau,L,L,CLE,OF,Beau Allred,1991,"A,Cleveland,Indians"
aloms001,Alomar,Sandy,R,R,CLE,C,Sandy Alomar,1991,"A,Cleveland,Indians"
baerc001,Baerga,Carlos,B,R,CLE,3B,Carlos Baerga,1991,"A,Cleveland,Indians"
belle001,Bell,Eric,L,L,CLE,P,Eric Bell,1991,"A,Cleveland,Indians"
bellj002,Belle,Albert,R,R,CLE,OF,Albert Belle,1991,"A,Cleveland,Indians"
blaiw001,Blair,Willie,R,R,CLE,P,Willie Blair,1991,"A,Cleveland,Indians"
boucd001,Boucher,Denis,R,L,CLE,P,Denis Boucher,1991,"A,Cleveland,Indians"
browj001,Browne,Jerry,B,R,CLE,2B,Jerry Browne,1991,"A,Cleveland,Indians"
candt001,Candiotti,Tom,R,R,CLE,P,Tom Candiotti,1991,"A,Cleveland,Indians"
colea001,Cole,Alex,L,L,CLE,OF,Alex Cole,1991,"A,Cleveland,Indians"
eglob001,Egloff,Bruce,R,R,CLE,P,Bruce Egloff,1991,"A,Cleveland,Indians"
escoj001,Escobar,Jose,R,R,CLE,SS,Jose Escobar,1991,"A,Cleveland,Indians"
fermf001,Fermin,Felix,R,R,CLE,SS,Felix Fermin,1991,"A,Cleveland,Indians"
gonzj001,Gonzalez,Jose,R,R,CLE,OF,Jose Gonzalez,1991,"A,Cleveland,Indians"
gozzm001,Gozzo,Mauro,R,R,CLE,P,Mauro Gozzo,1991,"A,Cleveland,Indians"
hillg001,Hill,Glenallen,R,R,CLE,OF,Glenallen Hill,1991,"A,Cleveland,Indians"
hills001,Hillegas,Shawn,R,R,CLE,P,Shawn Hillegas,1991,"A,Cleveland,Indians"
huffm001,Huff,Mike,R,R,CLE,OF,Mike Huff,1991,"A,Cleveland,Indians"
jacob001,Jacoby,Brook,R,R,CLE,1B,Brook Jacoby,1991,"A,Cleveland,Indians"
jamec001,James,Chris,R,R,CLE,DH,Chris James,1991,"A,Cleveland,Indians"
jeffr001,Jefferson,Reggie,B,L,CLE,1B,Reggie Jefferson,1991,"A,Cleveland,Indians"
joned001,Jones,Doug,R,R,CLE,P,Doug Jones,1991,"A,Cleveland,Indians"
kinge001,King,Eric,R,R,CLE,P,Eric King,1991,"A,Cleveland,Indians"
kirbw001,Kirby,Wayne,L,R,CLE,OF,Wayne Kirby,1991,"A,Cleveland,Indians"
kiseg001,Kiser,Garland,L,L,CLE,P,Garland Kiser,1991,"A,Cleveland,Indians"
kramt001,Kramer,Tom,B,R,CLE,P,Tom Kramer,1991,"A,Cleveland,Indians"
lewim001,Lewis,Mark,R,R,CLE,2B,Mark Lewis,1991,"A,Cleveland,Indians"
lopel001,Lopez,Luis,R,R,CLE,C,Luis Lopez,1991,"A,Cleveland,Indians"
magae001,Magallanes,Ever,L,R,CLE,SS,Ever Magallanes,1991,"A,Cleveland,Indians"
mantj001,Manto,Jeff,R,R,CLE,3B,Jeff Manto,1991,"A,Cleveland,Indians"
martc002,Martinez,Carlos,R,R,CLE,DH,Carlos Martinez,1991,"A,Cleveland,Indians"
medil001,Medina,Luis,R,L,CLE,DH,Luis Medina,1991,"A,Cleveland,Indians"
mutij001,Mutis,Jeff,L,L,CLE,P,Jeff Mutis,1991,"A,Cleveland,Indians"
nagyc001,Nagy,Charles,L,R,CLE,P,Charles Nagy,1991,"A,Cleveland,Indians"
nichr002,Nichols,Rod,R,R,CLE,P,Rod Nichols,1991,"A,Cleveland,Indians"
olins001,Olin,Steve,R,R,CLE,P,Steve Olin,1991,"A,Cleveland,Indians"
orosj001,Orosco,Jesse,R,L,CLE,P,Jesse Orosco,1991,"A,Cleveland,Indians"
ottod001,Otto,Dave,L,L,CLE,P,Dave Otto,1991,"A,Cleveland,Indians"
peret002,Perezchica,Tony,R,R,CLE,SS,Tony Perezchica,1991,"A,Cleveland,Indians"
seanr001,Seanez,Rudy,R,R,CLE,P,Rudy Seanez,1991,"A,Cleveland,Indians"
shawj001,Shaw,Jeff,R,R,CLE,P,Jeff Shaw,1991,"A,Cleveland,Indians"
skinj001,Skinner,Joel,R,R,CLE,C,Joel Skinner,1991,"A,Cleveland,Indians"
swing001,Swindell,Greg,R,L,CLE,P,Greg Swindell,1991,"A,Cleveland,Indians"
taube001,Taubensee,Ed,L,R,CLE,C,Ed Taubensee,1991,"A,Cleveland,Indians"
thomj002,Thome,Jim,L,R,CLE,3B,Jim Thome,1991,"A,Cleveland,Indians"
valde001,Valdez,Efrain,L,L,CLE,P,Efrain Valdez,1991,"A,Cleveland,Indians"
valds001,Valdez,Sergio,R,R,CLE,P,Sergio Valdez,1991,"A,Cleveland,Indians"
walkm001,Walker,Mike,R,R,CLE,P,Mike Walker,1991,"A,Cleveland,Indians"
wardt001,Ward,Turner,B,R,CLE,OF,Turner Ward,1991,"A,Cleveland,Indians"
websm001,Webster,Mitch,B,L,CLE,OF,Mitch Webster,1991,"A,Cleveland,Indians"
whitm001,Whiten,Mark,B,R,CLE,OF,Mark Whiten,1991,"A,Cleveland,Indians"
yorkm001,York,Mike,R,R,CLE,P,Mike York,1991,"A,Cleveland,Indians"
aldrs001,Aldred,Scott,L,L,DET,P,Scott Aldred,1991,"A,Detroit,Tigers"
allaa001,Allanson,Andy,R,R,DET,C,Andy Allanson,1991,"A,Detroit,Tigers"
barns001,Barnes,Skeeter,R,R,DET,OF,Skeeter Barnes,1991,"A,Detroit,Tigers"
bergd001,Bergman,Dave,L,L,DET,1B,Dave Bergman,1991,"A,Detroit,Tigers"
bernt001,Bernazard,Tony,B,R,DET,2B,Tony Bernazard,1991,"A,Detroit,Tigers"
ceruj001,Cerutti,John,L,L,DET,P,John Cerutti,1991,"A,Detroit,Tigers"
cuylm001,Cuyler,Milt,B,R,DET,OF,Milt Cuyler,1991,"A,Detroit,Tigers"
daltm001,Dalton,Mike,L,L,DET,P,Mike Dalton,1991,"A,Detroit,Tigers"
deerr001,Deer,Rob,R,R,DET,OF,Rob Deer,1991,"A,Detroit,Tigers"
delol001,de los Santos,Luis,R,R,DET,DH,Luis de los Santos,1991,"A,Detroit,Tigers"
fielc001,Fielder,Cecil,R,R,DET,1B,Cecil Fielder,1991,"A,Detroit,Tigers"
frymt001,Fryman,Travis,R,R,DET,3B,Travis Fryman,1991,"A,Detroit,Tigers"
gaked001,Gakeler,Dan,R,R,DET,P,Dan Gakeler,1991,"A,Detroit,Tigers"
gibsp001,Gibson,Paul,R,L,DET,P,Paul Gibson,1991,"A,Detroit,Tigers"
gleaj001,Gleaton,Jerry,L,L,DET,P,Jerry Gleaton,1991,"A,Detroit,Tigers"
gullb001,Gullickson,Bill,R,R,DET,P,Bill Gullickson,1991,"A,Detroit,Tigers"
haasd001,Haas,Dave,R,R,DET,P,Dave Haas,1991,"A,Detroit,Tigers"
hares001,Hare,Shawn,L,L,DET,OF,Shawn Hare,1991,"A,Detroit,Tigers"
hennm001,Henneman,Mike,R,R,DET,P,Mike Henneman,1991,"A,Detroit,Tigers"
incap001,Incaviglia,Pete,R,R,DET,OF,Pete Incaviglia,1991,"A,Detroit,Tigers"
kaisj001,Kaiser,Jeff,R,L,DET,P,Jeff Kaiser,1991,"A,Detroit,Tigers"
kielj001,Kiely,John,R,R,DET,P,John Kiely,1991,"A,Detroit,Tigers"
leitm001,Leiter,Mark,R,R,DET,P,Mark Leiter,1991,"A,Detroit,Tigers"
livis001,Livingstone,Scott,L,R,DET,3B,Scott Livingstone,1991,"A,Detroit,Tigers"
meacr001,Meacham,Rusty,R,R,DET,P,Rusty Meacham,1991,"A,Detroit,Tigers"
mosej001,Moses,John,B,L,DET,OF,John Moses,1991,"A,Detroit,Tigers"
mosel001,Moseby,Lloyd,L,R,DET,OF,Lloyd Moseby,1991,"A,Detroit,Tigers"
munom001,Munoz,Mike,L,L,DET,P,Mike Munoz,1991,"A,Detroit,Tigers"
parej001,Paredes,Johnny,R,R,DET,2B,Johnny Paredes,1991,"A,Detroit,Tigers"
petrd001,Petry,Dan,R,R,DET,P,Dan Petry,1991,"A,Detroit,Tigers"
philt001,Phillips,Tony,B,R,DET,OF,Tony Phillips,1991,"A,Detroit,Tigers"
ritzk001,Ritz,Kevin,R,R,DET,P,Kevin Ritz,1991,"A,Detroit,Tigers"
rowlr001,Rowland,Rich,R,R,DET,C,Rich Rowland,1991,"A,Detroit,Tigers"
salam001,Salas,Mark,L,R,DET,C,Mark Salas,1991,"A,Detroit,Tigers"
sears001,Searcy,Steve,L,L,DET,P,Steve Searcy,1991,"A,Detroit,Tigers"
shelj001,Shelby,John,B,R,DET,OF,John Shelby,1991,"A,Detroit,Tigers"
tanaf001,Tanana,Frank,L,L,DET,P,Frank Tanana,1991,"A,Detroit,Tigers"
terrw001,Terrell,Walt,L,R,DET,P,Walt Terrell,1991,"A,Detroit,Tigers"
tettm001,Tettleton,Mickey,B,R,DET,C,Mickey Tettleton,1991,"A,Detroit,Tigers"
trama001,Trammell,Alan,R,R,DET,SS,Alan Trammell,1991,"A,Detroit,Tigers"
whitl001,Whitaker,Lou,L,R,DET,2B,Lou Whitaker,1991,"A,Detroit,Tigers"
alexg001,Alexander,Gerald,R,R,TEX,P,Gerald Alexander,1991,"A,Texas,Rangers"
arnsb001,Arnsberg,Brad,R,R,TEX,P,Brad Arnsberg,1991,"A,Texas,Rangers"
barfj002,Barfield,John,L,L,TEX,P,John Barfield,1991,"A,Texas,Rangers"
bitkj001,Bitker,Joe,R,R,TEX,P,Joe Bitker,1991,"A,Texas,Rangers"
bohab001,Bohanon,Brian,L,L,TEX,P,Brian Bohanon,1991,"A,Texas,Rangers"
boydo001,Boyd,Oil Can,R,R,TEX,P,Oil Can Boyd,1991,"A,Texas,Rangers"
browk001,Brown,Kevin,R,R,TEX,P,Kevin Brown,1991,"A,Texas,Rangers"
buecs001,Buechele,Steve,R,R,TEX,3B,Steve Buechele,1991,"A,Texas,Rangers"
caprn001,Capra,Nick,R,R,TEX,OF,Nick Capra,1991,"A,Texas,Rangers"
chias001,Chiamparino,Scott,R,R,TEX,P,Scott Chiamparino,1991,"A,Texas,Rangers"
daugj001,Daugherty,Jack,B,L,TEX,OF,Jack Daugherty,1991,"A,Texas,Rangers"
diazm002,Diaz,Mario,R,R,TEX,SS,Mario Diaz,1991,"A,Texas,Rangers"
downb001,Downing,Brian,R,R,TEX,DH,Brian Downing,1991,"A,Texas,Rangers"
fajah001,Fajardo,Hector,R,R,TEX,P,Hector Fajardo,1991,"A,Texas,Rangers"
farim001,Fariss,Monty,R,R,TEX,OF,Monty Fariss,1991,"A,Texas,Rangers"
franj002,Franco,Julio,R,R,TEX,2B,Julio Franco,1991,"A,Texas,Rangers"
gonzj002,Gonzalez,Juan,R,R,TEX,OF,Juan Gonzalez,1991,"A,Texas,Rangers"
gossr001,Gossage,Rich,R,R,TEX,P,Rich Gossage,1991,"A,Texas,Rangers"
greeg001,Green,Gary,R,R,TEX,SS,Gary Green,1991,"A,Texas,Rangers"
guzmj001,Guzman,Jose,R,R,TEX,P,Jose Guzman,1991,"A,Texas,Rangers"
harrd001,Harris,Donald,R,R,TEX,OF,Donald Harris,1991,"A,Texas,Rangers"
hernj001,Hernandez,Jose,R,R,TEX,SS,Jose Hernandez,1991,"A,Texas,Rangers"
husoj001,Huson,Jeff,L,R,TEX,SS,Jeff Huson,1991,"A,Texas,Rangers"
jeffm001,Jeffcoat,Mike,L,L,TEX,P,Mike Jeffcoat,1991,"A,Texas,Rangers"
kreuc001,Kreuter,Chad,B,R,TEX,C,Chad Kreuter,1991,"A,Texas,Rangers"
manub001,Manuel,Barry,R,R,TEX,P,Barry Manuel,1991,"A,Texas,Rangers"
matht001,Mathews,Terry,L,R,TEX,P,Terry Mathews,1991,"A,Texas,Rangers"
maurr001,Maurer,Rob,L,L,TEX,1B,Rob Maurer,1991,"A,Texas,Rangers"
nolte001,Nolte,Eric,L,L,TEX,P,Eric Nolte,1991,"A,Texas,Rangers"
palmd002,Palmer,Dean,R,R,TEX,3B,Dean Palmer,1991,"A,Texas,Rangers"
palmr001,Palmeiro,Rafael,L,L,TEX,1B,Rafael Palmeiro,1991,"A,Texas,Rangers"
parem001,Parent,Mark,R,R,TEX,C,Mark Parent,1991,"A,Texas,Rangers"
petkm001,Petkovsek,Mark,R,R,TEX,P,Mark Petkovsek,1991,"A,Texas,Rangers"
petrg001,Petralli,Geno,L,R,TEX,C,Geno Petralli,1991,"A,Texas,Rangers"
pettg001,Pettis,Gary,B,R,TEX,OF,Gary Pettis,1991,"A,Texas,Rangers"
poolj001,Poole,Jim,L,L,TEX,P,Jim Poole,1991,"A,Texas,Rangers"
reimk001,Reimer,Kevin,L,R,TEX,OF,Kevin Reimer,1991,"A,Texas,Rangers"
rodri001,Rodriguez,Ivan,R,R,TEX,C,Ivan Rodriguez,1991,"A,Texas,Rangers"
rogek001,Rogers,Kenny,L,L,TEX,P,Kenny Rogers,1991,"A,Texas,Rangers"
rosew001,Rosenthal,Wayne,R,R,TEX,P,Wayne Rosenthal,1991,"A,Texas,Rangers"
russj001,Russell,Jeff,R,R,TEX,P,Jeff Russell,1991,"A,Texas,Rangers"
russj002,Russell,John,R,R,TEX,OF,John Russell,1991,"A,Texas,Rangers"
ryann001,Ryan,Nolan,R,R,TEX,P,Nolan Ryan,1991,"A,Texas,Rangers"
schic001,Schiraldi,Calvin,R,R,TEX,P,Calvin Schiraldi,1991,"A,Texas,Rangers"
scrut001,Scruggs,Tony,R,R,TEX,OF,Tony Scruggs,1991,"A,Texas,Rangers"
sierr001,Sierra,Ruben,B,R,TEX,OF,Ruben Sierra,1991,"A,Texas,Rangers"
stanm002,Stanley,Mike,R,R,TEX,C,Mike Stanley,1991,"A,Texas,Rangers"
walld001,Walling,Denny,L,R,TEX,3B,Denny Walling,1991,"A,Texas,Rangers"
wittb001,Witt,Bobby,R,R,TEX,P,Bobby Witt,1991,"A,Texas,Rangers"
abnes001,Abner,Shawn,R,R,SDN,OF,Shawn Abner,1991,"N,San Diego,Padres"
aldrm001,Aldrete,Mike,L,L,SDN,OF,Mike Aldrete,1991,"N,San Diego,Padres"
andel001,Andersen,Larry,R,R,SDN,P,Larry Andersen,1991,"N,San Diego,Padres"
azoco001,Azocar,Oscar,L,L,SDN,OF,Oscar Azocar,1991,"N,San Diego,Padres"
barrm001,Barrett,Marty,R,R,SDN,2B,Marty Barrett,1991,"N,San Diego,Padres"
benea001,Benes,Andy,R,R,SDN,P,Andy Benes,1991,"N,San Diego,Padres"
bilad001,Bilardello,Dann,R,R,SDN,C,Dann Bilardello,1991,"N,San Diego,Padres"
boner001,Bones,Ricky,R,R,SDN,P,Ricky Bones,1991,"N,San Diego,Padres"
clarj002,Clark,Jerald,R,R,SDN,OF,Jerald Clark,1991,"N,San Diego,Padres"
clemp001,Clements,Pat,R,L,SDN,P,Pat Clements,1991,"N,San Diego,Padres"
cools001,Coolbaugh,Scott,R,R,SDN,3B,Scott Coolbaugh,1991,"N,San Diego,Padres"
costj001,Costello,John,R,R,SDN,P,John Costello,1991,"N,San Diego,Padres"
dorsb001,Dorsett,Brian,R,R,SDN,1B,Brian Dorsett,1991,"N,San Diego,Padres"
farip001,Faries,Paul,R,R,SDN,2B,Paul Faries,1991,"N,San Diego,Padres"
fernt001,Fernandez,Tony,B,R,SDN,SS,Tony Fernandez,1991,"N,San Diego,Padres"
gardw001,Gardner,Wes,R,R,SDN,P,Wes Gardner,1991,"N,San Diego,Padres"
gwynt001,Gwynn,Tony,L,L,SDN,OF,Tony Gwynn,1991,"N,San Diego,Padres"
hamma001,Hammaker,Atlee,B,L,SDN,P,Atlee Hammaker,1991,"N,San Diego,Padres"
harrg002,Harris,Greg,R,R,SDN,P,Greg Harris,1991,"N,San Diego,Padres"
hernj002,Hernandez,Jeremy,R,R,SDN,P,Jeremy Hernandez,1991,"N,San Diego,Padres"
howat001,Howard,Thomas,B,R,SDN,OF,Thomas Howard,1991,"N,San Diego,Padres"
howej002,Howell,Jack,L,R,SDN,3B,Jack Howell,1991,"N,San Diego,Padres"
hursb001,Hurst,Bruce,L,L,SDN,P,Bruce Hurst,1991,"N,San Diego,Padres"
jackd002,Jackson,Darrin,R,R,SDN,OF,Darrin Jackson,1991,"N,San Diego,Padres"
lampt001,Lampkin,Tom,L,R,SDN,C,Tom Lampkin,1991,"N,San Diego,Padres"
leffc001,Lefferts,Craig,L,L,SDN,P,Craig Lefferts,1991,"N,San Diego,Padres"
lewij002,Lewis,Jim,R,R,SDN,P,Jim Lewis,1991,"N,San Diego,Padres"
lilld001,Lilliquist,Derek,L,L,SDN,P,Derek Lilliquist,1991,"N,San Diego,Padres"
maddm002,Maddux,Mike,L,R,SDN,P,Mike Maddux,1991,"N,San Diego,Padres"
mcgrf001,McGriff,Fred,L,L,SDN,1B,Fred McGriff,1991,"N,San Diego,Padres"
melej001,Melendez,Jose,R,R,SDN,P,Jose Melendez,1991,"N,San Diego,Padres"
motaj001,Mota,Jose,B,R,SDN,2B,Jose Mota,1991,"N,San Diego,Padres"
nolte001,Nolte,Eric,L,L,SDN,P,Eric Nolte,1991,"N,San Diego,Padres"
petea001,Peterson,Adam,R,R,SDN,P,Adam Peterson,1991,"N,San Diego,Padres"
presj001,Presley,Jim,R,R,SDN,3B,Jim Presley,1991,"N,San Diego,Padres"
rasmd001,Rasmussen,Dennis,L,L,SDN,P,Dennis Rasmussen,1991,"N,San Diego,Padres"
robeb002,Roberts,Bip,B,R,SDN,2B,Bip Roberts,1991,"N,San Diego,Padres"
rodrr004,Rodriguez,Rich,L,L,SDN,P,Rich Rodriguez,1991,"N,San Diego,Padres"
roses001,Rosenberg,Steve,L,L,SDN,P,Steve Rosenberg,1991,"N,San Diego,Padres"
santb001,Santiago,Benito,R,R,SDN,C,Benito Santiago,1991,"N,San Diego,Padres"
scott002,Scott,Tim,R,R,SDN,P,Tim Scott,1991,"N,San Diego,Padres"
shipc001,Shipley,Craig,R,R,SDN,SS,Craig Shipley,1991,"N,San Diego,Padres"
stepp001,Stephenson,Phil,L,L,SDN,PH,Phil Stephenson,1991,"N,San Diego,Padres"
tempg001,Templeton,Garry,B,R,SDN,3B,Garry Templeton,1991,"N,San Diego,Padres"
teuft001,Teufel,Tim,R,R,SDN,2B,Tim Teufel,1991,"N,San Diego,Padres"
vatcj001,Vatcher,Jim,R,R,SDN,OF,Jim Vatcher,1991,"N,San Diego,Padres"
wardk001,Ward,Kevin,R,R,SDN,OF,Kevin Ward,1991,"N,San Diego,Padres"
white001,Whitson,Ed,R,R,SDN,P,Ed Whitson,1991,"N,San Diego,Padres"
banij001,Banister,Jeff,R,R,PIT,PH,Jeff Banister,1991,"N,Pittsburgh,Pirates"
belis001,Belinda,Stan,R,R,PIT,P,Stan Belinda,1991,"N,Pittsburgh,Pirates"
bellj001,Bell,Jay,R,R,PIT,SS,Jay Bell,1991,"N,Pittsburgh,Pirates"
bondb001,Bonds,Barry,L,L,PIT,OF,Barry Bonds,1991,"N,Pittsburgh,Pirates"
bonib001,Bonilla,Bobby,B,R,PIT,OF,Bobby Bonilla,1991,"N,Pittsburgh,Pirates"
buecs001,Buechele,Steve,R,R,PIT,3B,Steve Buechele,1991,"N,Pittsburgh,Pirates"
bulls001,Bullett,Scott,L,L,PIT,OF,Scott Bullett,1991,"N,Pittsburgh,Pirates"
drabd001,Drabek,Doug,R,R,PIT,P,Doug Drabek,1991,"N,Pittsburgh,Pirates"
espyc001,Espy,Cecil,B,R,PIT,OF,Cecil Espy,1991,"N,Pittsburgh,Pirates"
fajah001,Fajardo,Hector,R,R,PIT,P,Hector Fajardo,1991,"N,Pittsburgh,Pirates"
garcc001,Garcia,Carlos,R,R,PIT,SS,Carlos Garcia,1991,"N,Pittsburgh,Pirates"
gonzj001,Gonzalez,Jose,R,R,PIT,OF,Jose Gonzalez,1991,"N,Pittsburgh,Pirates"
heatn001,Heaton,Neal,L,L,PIT,P,Neal Heaton,1991,"N,Pittsburgh,Pirates"
huism001,Huismann,Mark,R,R,PIT,P,Mark Huismann,1991,"N,Pittsburgh,Pirates"
kingj001,King,Jeff,R,R,PIT,3B,Jeff King,1991,"N,Pittsburgh,Pirates"
kippb001,Kipper,Bob,R,L,PIT,P,Bob Kipper,1991,"N,Pittsburgh,Pirates"
landb001,Landrum,Bill,R,R,PIT,P,Bill Landrum,1991,"N,Pittsburgh,Pirates"
lavam001,LaValliere,Mike,L,R,PIT,C,Mike LaValliere,1991,"N,Pittsburgh,Pirates"
lindj002,Lind,Jose,R,R,PIT,2B,Jose Lind,1991,"N,Pittsburgh,Pirates"
martc001,Martinez,Carmelo,R,R,PIT,1B,Carmelo Martinez,1991,"N,Pittsburgh,Pirates"
masor001,Mason,Roger,R,R,PIT,P,Roger Mason,1991,"N,Pittsburgh,Pirates"
mccll001,McClendon,Lloyd,R,R,PIT,OF,Lloyd McClendon,1991,"N,Pittsburgh,Pirates"
merco002,Merced,Orlando,B,R,PIT,1B,Orlando Merced,1991,"N,Pittsburgh,Pirates"
millp001,Miller,Paul,R,R,PIT,P,Paul Miller,1991,"N,Pittsburgh,Pirates"
palav001,Palacios,Vicente,R,R,PIT,P,Vicente Palacios,1991,"N,Pittsburgh,Pirates"
pattb001,Patterson,Bob,R,L,PIT,P,Bob Patterson,1991,"N,Pittsburgh,Pirates"
print001,Prince,Tom,R,R,PIT,C,Tom Prince,1991,"N,Pittsburgh,Pirates"
redfj001,Redfield,Joe,R,R,PIT,3B,Joe Redfield,1991,"N,Pittsburgh,Pirates"
redug001,Redus,Gary,R,R,PIT,1B,Gary Redus,1991,"N,Pittsburgh,Pirates"
reedr002,Reed,Rick,R,R,PIT,P,Rick Reed,1991,"N,Pittsburgh,Pirates"
richj001,Richardson,Jeff,R,R,PIT,3B,Jeff Richardson,1991,"N,Pittsburgh,Pirates"
rodrr003,Rodriguez,Rosario,R,L,PIT,P,Rosario Rodriguez,1991,"N,Pittsburgh,Pirates"
schuj001,Schulz,Jeff,L,R,PIT,PH,Jeff Schulz,1991,"N,Pittsburgh,Pirates"
slaud001,Slaught,Don,R,R,PIT,C,Don Slaught,1991,"N,Pittsburgh,Pirates"
smilj001,Smiley,John,L,L,PIT,P,John Smiley,1991,"N,Pittsburgh,Pirates"
smitz001,Smith,Zane,L,L,PIT,P,Zane Smith,1991,"N,Pittsburgh,Pirates"
tomlr001,Tomlin,Randy,L,L,PIT,P,Randy Tomlin,1991,"N,Pittsburgh,Pirates"
vansa001,Van Slyke,Andy,L,R,PIT,OF,Andy Van Slyke,1991,"N,Pittsburgh,Pirates"
varsg001,Varsho,Gary,L,R,PIT,OF,Gary Varsho,1991,"N,Pittsburgh,Pirates"
walkb001,Walk,Bob,R,R,PIT,P,Bob Walk,1991,"N,Pittsburgh,Pirates"
websm001,Webster,Mitch,B,L,PIT,OF,Mitch Webster,1991,"N,Pittsburgh,Pirates"
wehnj001,Wehner,John,R,R,PIT,3B,John Wehner,1991,"N,Pittsburgh,Pirates"
wilkc001,Wilkerson,Curt,B,R,PIT,2B,Curt Wilkerson,1991,"N,Pittsburgh,Pirates"
andeb001,Anderson,Brady,L,L,BAL,OF,Brady Anderson,1991,"A,Baltimore,Orioles"
ballj002,Ballard,Jeff,L,L,BAL,P,Jeff Ballard,1991,"A,Baltimore,Orioles"
bautj001,Bautista,Jose,R,R,BAL,P,Jose Bautista,1991,"A,Baltimore,Orioles"
bellj003,Bell,Juan,B,R,BAL,2B,Juan Bell,1991,"A,Baltimore,Orioles"
davig001,Davis,Glenn,R,R,BAL,1B,Glenn Davis,1991,"A,Baltimore,Orioles"
delaf001,de la Rosa,Francisco,B,R,BAL,P,Francisco de la Rosa,1991,"A,Baltimore,Orioles"
devem001,Devereaux,Mike,R,R,BAL,OF,Mike Devereaux,1991,"A,Baltimore,Orioles"
evand002,Evans,Dwight,R,R,BAL,OF,Dwight Evans,1991,"A,Baltimore,Orioles"
flanm001,Flanagan,Mike,L,L,BAL,P,Mike Flanagan,1991,"A,Baltimore,Orioles"
froht001,Frohwirth,Todd,R,R,BAL,P,Todd Frohwirth,1991,"A,Baltimore,Orioles"
gomel001,Gomez,Leo,R,R,BAL,3B,Leo Gomez,1991,"A,Baltimore,Orioles"
hickk001,Hickey,Kevin,L,L,BAL,P,Kevin Hickey,1991,"A,Baltimore,Orioles"
hoilc001,Hoiles,Chris,R,R,BAL,C,Chris Hoiles,1991,"A,Baltimore,Orioles"
horns001,Horn,Sam,L,L,BAL,DH,Sam Horn,1991,"A,Baltimore,Orioles"
hulet001,Hulett,Tim,R,R,BAL,3B,Tim Hulett,1991,"A,Baltimore,Orioles"
johnd001,Johnson,Dave,R,R,BAL,P,Dave Johnson,1991,"A,Baltimore,Orioles"
jones001,Jones,Stacy,R,R,BAL,P,Stacy Jones,1991,"A,Baltimore,Orioles"
kilgp001,Kilgus,Paul,L,L,BAL,P,Paul Kilgus,1991,"A,Baltimore,Orioles"
martc003,Martinez,Chito,L,L,BAL,OF,Chito Martinez,1991,"A,Baltimore,Orioles"
mcdob001,McDonald,Ben,R,R,BAL,P,Ben McDonald,1991,"A,Baltimore,Orioles"
mcknj001,McKnight,Jeff,B,R,BAL,OF,Jeff McKnight,1991,"A,Baltimore,Orioles"
melvb001,Melvin,Bob,R,R,BAL,C,Bob Melvin,1991,"A,Baltimore,Orioles"
mercl001,Mercedes,Luis,R,R,BAL,OF,Luis Mercedes,1991,"A,Baltimore,Orioles"
mesaj001,Mesa,Jose,R,R,BAL,P,Jose Mesa,1991,"A,Baltimore,Orioles"
milab001,Milacki,Bob,R,R,BAL,P,Bob Milacki,1991,"A,Baltimore,Orioles"
millr002,Milligan,Randy,R,R,BAL,1B,Randy Milligan,1991,"A,Baltimore,Orioles"
mussm001,Mussina,Mike,L,R,BAL,P,Mike Mussina,1991,"A,Baltimore,Orioles"
olsog001,Olson,Gregg,R,R,BAL,P,Gregg Olson,1991,"A,Baltimore,Orioles"
orsuj001,Orsulak,Joe,L,L,BAL,OF,Joe Orsulak,1991,"A,Baltimore,Orioles"
poolj001,Poole,Jim,L,L,BAL,P,Jim Poole,1991,"A,Baltimore,Orioles"
rhoda001,Rhodes,Arthur,L,L,BAL,P,Arthur Rhodes,1991,"A,Baltimore,Orioles"
ripkb001,Ripken,Billy,R,R,BAL,2B,Billy Ripken,1991,"A,Baltimore,Orioles"
ripkc001,Ripken,Cal,R,R,BAL,SS,Cal Ripken,1991,"A,Baltimore,Orioles"
robij002,Robinson,Jeff,R,R,BAL,P,Jeff Robinson,1991,"A,Baltimore,Orioles"
segud001,Segui,David,B,L,BAL,1B,David Segui,1991,"A,Baltimore,Orioles"
smitr001,Smith,Roy,R,R,BAL,P,Roy Smith,1991,"A,Baltimore,Orioles"
tackj001,Tackett,Jeff,R,R,BAL,C,Jeff Tackett,1991,"A,Baltimore,Orioles"
telfa001,Telford,Anthony,R,R,BAL,P,Anthony Telford,1991,"A,Baltimore,Orioles"
turns001,Turner,Shane,L,R,BAL,2B,Shane Turner,1991,"A,Baltimore,Orioles"
white002,Whitt,Ernie,L,R,BAL,C,Ernie Whitt,1991,"A,Baltimore,Orioles"
willm004,Williamson,Mark,R,R,BAL,P,Mark Williamson,1991,"A,Baltimore,Orioles"
wortc001,Worthington,Craig,R,R,BAL,3B,Craig Worthington,1991,"A,Baltimore,Orioles"
ackej001,Acker,Jim,R,R,TOR,P,Jim Acker,1991,"A,Toronto,Blue Jays"
alomr001,Alomar,Roberto,B,R,TOR,2B,Roberto Alomar,1991,"A,Toronto,Blue Jays"
belld001,Bell,Derek,R,R,TOR,OF,Derek Bell,1991,"A,Toronto,Blue Jays"
bordp001,Borders,Pat,R,R,TOR,C,Pat Borders,1991,"A,Toronto,Blue Jays"
boucd001,Boucher,Denis,R,L,TOR,P,Denis Boucher,1991,"A,Toronto,Blue Jays"
candt001,Candiotti,Tom,R,R,TOR,P,Tom Candiotti,1991,"A,Toronto,Blue Jays"
cartj001,Carter,Joe,R,R,TOR,OF,Joe Carter,1991,"A,Toronto,Blue Jays"
daylk001,Dayley,Ken,L,L,TOR,P,Ken Dayley,1991,"A,Toronto,Blue Jays"
duceb001,Ducey,Rob,L,R,TOR,OF,Rob Ducey,1991,"A,Toronto,Blue Jays"
frasw001,Fraser,Willie,R,R,TOR,P,Willie Fraser,1991,"A,Toronto,Blue Jays"
gianr001,Giannelli,Ray,L,R,TOR,3B,Ray Giannelli,1991,"A,Toronto,Blue Jays"
gonzr001,Gonzales,Rene,R,R,TOR,SS,Rene Gonzales,1991,"A,Toronto,Blue Jays"
grubk001,Gruber,Kelly,R,R,TOR,3B,Kelly Gruber,1991,"A,Toronto,Blue Jays"
guzmj003,Guzman,Juan,R,R,TOR,P,Juan Guzman,1991,"A,Toronto,Blue Jays"
henkt001,Henke,Tom,R,R,TOR,P,Tom Henke,1991,"A,Toronto,Blue Jays"
hentp001,Hentgen,Pat,R,R,TOR,P,Pat Hentgen,1991,"A,Toronto,Blue Jays"
hillg001,Hill,Glenallen,R,R,TOR,DH,Glenallen Hill,1991,"A,Toronto,Blue Jays"
horsv001,Horsman,Vince,R,L,TOR,P,Vince Horsman,1991,"A,Toronto,Blue Jays"
key-j001,Key,Jimmy,R,L,TOR,P,Jimmy Key,1991,"A,Toronto,Blue Jays"
knorr001,Knorr,Randy,R,R,TOR,C,Randy Knorr,1991,"A,Toronto,Blue Jays"
lee-m001,Lee,Manuel,B,R,TOR,SS,Manuel Lee,1991,"A,Toronto,Blue Jays"
leita001,Leiter,Al,L,L,TOR,P,Al Leiter,1991,"A,Toronto,Blue Jays"
macdr001,Macdonald,Bob,L,L,TOR,P,Bob Macdonald,1991,"A,Toronto,Blue Jays"
maldc001,Maldonado,Candy,R,R,TOR,OF,Candy Maldonado,1991,"A,Toronto,Blue Jays"
mullr001,Mulliniks,Rance,L,R,TOR,DH,Rance Mulliniks,1991,"A,Toronto,Blue Jays"
myerg001,Myers,Greg,L,R,TOR,C,Greg Myers,1991,"A,Toronto,Blue Jays"
olerj001,Olerud,John,L,L,TOR,1B,John Olerud,1991,"A,Toronto,Blue Jays"
parkd001,Parker,Dave,L,R,TOR,DH,Dave Parker,1991,"A,Toronto,Blue Jays"
snydc001,Snyder,Cory,R,R,TOR,OF,Cory Snyder,1991,"A,Toronto,Blue Jays"
sprae001,Sprague,Ed,R,R,TOR,3B,Ed Sprague,1991,"A,Toronto,Blue Jays"
stied001,Stieb,Dave,R,R,TOR,P,Dave Stieb,1991,"A,Toronto,Blue Jays"
stott001,Stottlemyre,Todd,L,R,TOR,P,Todd Stottlemyre,1991,"A,Toronto,Blue Jays"
tablp001,Tabler,Pat,R,R,TOR,DH,Pat Tabler,1991,"A,Toronto,Blue Jays"
timlm001,Timlin,Mike,R,R,TOR,P,Mike Timlin,1991,"A,Toronto,Blue Jays"
wardd001,Ward,Duane,R,R,TOR,P,Duane Ward,1991,"A,Toronto,Blue Jays"
wardt001,Ward,Turner,B,R,TOR,OF,Turner Ward,1991,"A,Toronto,Blue Jays"
weatd001,Weathers,David,R,R,TOR,P,David Weathers,1991,"A,Toronto,Blue Jays"
welld001,Wells,David,L,L,TOR,P,David Wells,1991,"A,Toronto,Blue Jays"
westm001,Weston,Mickey,R,R,TOR,P,Mickey Weston,1991,"A,Toronto,Blue Jays"
whitd001,White,Devon,B,R,TOR,OF,Devon White,1991,"A,Toronto,Blue Jays"
whitm001,Whiten,Mark,B,R,TOR,OF,Mark Whiten,1991,"A,Toronto,Blue Jays"
willf002,Wills,Frank,R,R,TOR,P,Frank Wills,1991,"A,Toronto,Blue Jays"
willk001,Williams,Ken,R,R,TOR,OF,Ken Williams,1991,"A,Toronto,Blue Jays"
wilsm001,Wilson,Mookie,B,R,TOR,OF,Mookie Wilson,1991,"A,Toronto,Blue Jays"
zoske001,Zosky,Eddie,R,R,TOR,SS,Eddie Zosky,1991,"A,Toronto,Blue Jays"
beatb001,Beatty,Blaine,L,L,NYN,P,Blaine Beatty,1991,"N,New York,Mets"
bostd001,Boston,Daryl,L,L,NYN,OF,Daryl Boston,1991,"N,New York,Mets"
brooh001,Brooks,Hubie,R,R,NYN,OF,Hubie Brooks,1991,"N,New York,Mets"
brost001,Bross,Terry,R,R,NYN,P,Terry Bross,1991,"N,New York,Mets"
burkt001,Burke,Tim,R,R,NYN,P,Tim Burke,1991,"N,New York,Mets"
carrc001,Carr,Chuck,B,R,NYN,OF,Chuck Carr,1991,"N,New York,Mets"
carrm001,Carreon,Mark,R,L,NYN,OF,Mark Carreon,1991,"N,New York,Mets"
castt001,Castillo,Tony,L,L,NYN,P,Tony Castillo,1991,"N,New York,Mets"
ceror001,Cerone,Rick,R,R,NYN,C,Rick Cerone,1991,"N,New York,Mets"
colev001,Coleman,Vince,B,R,NYN,OF,Vince Coleman,1991,"N,New York,Mets"
coned001,Cone,David,L,R,NYN,P,David Cone,1991,"N,New York,Mets"
darlr001,Darling,Ron,R,R,NYN,P,Ron Darling,1991,"N,New York,Mets"
donnc001,Donnels,Chris,L,R,NYN,1B,Chris Donnels,1991,"N,New York,Mets"
elstk001,Elster,Kevin,R,R,NYN,SS,Kevin Elster,1991,"N,New York,Mets"
ferns001,Fernandez,Sid,L,L,NYN,P,Sid Fernandez,1991,"N,New York,Mets"
franj001,Franco,John,L,L,NYN,P,John Franco,1991,"N,New York,Mets"
gardj001,Gardner,Jeff,L,R,NYN,SS,Jeff Gardner,1991,"N,New York,Mets"
goodd001,Gooden,Dwight,R,R,NYN,P,Dwight Gooden,1991,"N,New York,Mets"
herrt001,Herr,Tom,B,R,NYN,2B,Tom Herr,1991,"N,New York,Mets"
hundt001,Hundley,Todd,B,R,NYN,C,Todd Hundley,1991,"N,New York,Mets"
innij001,Innis,Jeff,R,R,NYN,P,Jeff Innis,1991,"N,New York,Mets"
jeffg001,Jefferies,Gregg,B,R,NYN,2B,Gregg Jefferies,1991,"N,New York,Mets"
johnh001,Johnson,Howard,B,R,NYN,3B,Howard Johnson,1991,"N,New York,Mets"
magad001,Magadan,Dave,L,R,NYN,1B,Dave Magadan,1991,"N,New York,Mets"
mcdat001,McDaniel,Terry,B,R,NYN,OF,Terry McDaniel,1991,"N,New York,Mets"
mcrek001,McReynolds,Kevin,R,R,NYN,OF,Kevin McReynolds,1991,"N,New York,Mets"
millk001,Miller,Keith,R,R,NYN,2B,Keith Miller,1991,"N,New York,Mets"
obric001,O'Brien,Charlie,R,R,NYN,C,Charlie O'Brien,1991,"N,New York,Mets"
penaa001,Pena,Alejandro,R,R,NYN,P,Alejandro Pena,1991,"N,New York,Mets"
sassm001,Sasser,Mackey,L,R,NYN,C,Mackey Sasser,1991,"N,New York,Mets"
sauvr001,Sauveur,Rich,L,L,NYN,P,Rich Sauveur,1991,"N,New York,Mets"
schop001,Schourek,Pete,L,L,NYN,P,Pete Schourek,1991,"N,New York,Mets"
simod001,Simons,Doug,L,L,NYN,P,Doug Simons,1991,"N,New York,Mets"
tempg001,Templeton,Garry,B,R,NYN,SS,Garry Templeton,1991,"N,New York,Mets"
teuft001,Teufel,Tim,R,R,NYN,1B,Tim Teufel,1991,"N,New York,Mets"
torvk001,Torve,Kelvin,L,R,NYN,1B,Kelvin Torve,1991,"N,New York,Mets"
valej001,Valera,Julio,R,R,NYN,P,Julio Valera,1991,"N,New York,Mets"
violf001,Viola,Frank,L,L,NYN,P,Frank Viola,1991,"N,New York,Mets"
whitw001,Whitehurst,Wally,R,R,NYN,P,Wally Whitehurst,1991,"N,New York,Mets"
youna001,Young,Anthony,R,R,NYN,P,Anthony Young,1991,"N,New York,Mets"
anthe001,Anthony,Eric,L,L,HOU,OF,Eric Anthony,1991,"N,Houston,Astros"
bagwj001,Bagwell,Jeff,R,R,HOU,1B,Jeff Bagwell,1991,"N,Houston,Astros"
biggc001,Biggio,Craig,R,R,HOU,C,Craig Biggio,1991,"N,Houston,Astros"
bower001,Bowen,Ryan,R,R,HOU,P,Ryan Bowen,1991,"N,Houston,Astros"
camik001,Caminiti,Ken,B,R,HOU,3B,Ken Caminiti,1991,"N,Houston,Astros"
candc001,Candaele,Casey,B,R,HOU,2B,Casey Candaele,1991,"N,Houston,Astros"
capem001,Capel,Mike,R,R,HOU,P,Mike Capel,1991,"N,Houston,Astros"
cedea001,Cedeno,Andujar,R,R,HOU,SS,Andujar Cedeno,1991,"N,Houston,Astros"
clanj001,Clancy,Jim,R,R,HOU,P,Jim Clancy,1991,"N,Houston,Astros"
coopg001,Cooper,Gary,R,R,HOU,3B,Gary Cooper,1991,"N,Houston,Astros"
corsj001,Corsi,Jim,R,R,HOU,P,Jim Corsi,1991,"N,Houston,Astros"
davim003,Davidson,Mark,R,R,HOU,OF,Mark Davidson,1991,"N,Houston,Astros"
deshj001,Deshaies,Jim,L,L,HOU,P,Jim Deshaies,1991,"N,Houston,Astros"
euset001,Eusebio,Tony,R,R,HOU,C,Tony Eusebio,1991,"N,Houston,Astros"
finls001,Finley,Steve,L,L,HOU,OF,Steve Finley,1991,"N,Houston,Astros"
gardc001,Gardner,Chris,R,R,HOU,P,Chris Gardner,1991,"N,Houston,Astros"
gonzl001,Gonzalez,Luis,L,R,HOU,OF,Luis Gonzalez,1991,"N,Houston,Astros"
harnp001,Harnisch,Pete,B,R,HOU,P,Pete Harnisch,1991,"N,Houston,Astros"
henrd001,Henry,Dwayne,R,R,HOU,P,Dwayne Henry,1991,"N,Houston,Astros"
hernx001,Hernandez,Xavier,L,R,HOU,P,Xavier Hernandez,1991,"N,Houston,Astros"
jonej002,Jones,Jimmy,R,R,HOU,P,Jimmy Jones,1991,"N,Houston,Astros"
judej001,Juden,Jeff,R,R,HOU,P,Jeff Juden,1991,"N,Houston,Astros"
kiled001,Kile,Darryl,R,R,HOU,P,Darryl Kile,1991,"N,Houston,Astros"
loftk001,Lofton,Kenny,L,L,HOU,OF,Kenny Lofton,1991,"N,Houston,Astros"
mallr001,Mallicoat,Rob,L,L,HOU,P,Rob Mallicoat,1991,"N,Houston,Astros"
mclem001,McLemore,Mark,B,R,HOU,2B,Mark McLemore,1991,"N,Houston,Astros"
motaa001,Mota,Andy,R,R,HOU,2B,Andy Mota,1991,"N,Houston,Astros"
nichc001,Nichols,Carl,R,R,HOU,C,Carl Nichols,1991,"N,Houston,Astros"
oberk001,Oberkfell,Ken,L,R,HOU,1B,Ken Oberkfell,1991,"N,Houston,Astros"
ortij002,Ortiz,Javier,R,R,HOU,OF,Javier Ortiz,1991,"N,Houston,Astros"
osuna001,Osuna,Al,R,L,HOU,P,Al Osuna,1991,"N,Houston,Astros"
portm001,Portugal,Mark,R,R,HOU,P,Mark Portugal,1991,"N,Houston,Astros"
ramir001,Ramirez,Rafael,R,R,HOU,SS,Rafael Ramirez,1991,"N,Houston,Astros"
rhodk001,Rhodes,Tuffy,L,L,HOU,OF,Tuffy Rhodes,1991,"N,Houston,Astros"
rohdd001,Rohde,Dave,B,R,HOU,2B,Dave Rohde,1991,"N,Houston,Astros"
schic002,Schilling,Curt,R,R,HOU,P,Curt Schilling,1991,"N,Houston,Astros"
scotm001,Scott,Mike,R,R,HOU,P,Mike Scott,1991,"N,Houston,Astros"
servs002,Servais,Scott,R,R,HOU,C,Scott Servais,1991,"N,Houston,Astros"
simmm001,Simms,Mike,R,R,HOU,OF,Mike Simms,1991,"N,Houston,Astros"
tolej001,Tolentino,Jose,L,L,HOU,1B,Jose Tolentino,1991,"N,Houston,Astros"
wilkd001,Wilkins,Dean,R,R,HOU,P,Dean Wilkins,1991,"N,Houston,Astros"
willb001,Williams,Brian,R,R,HOU,P,Brian Williams,1991,"N,Houston,Astros"
yelde001,Yelding,Eric,R,R,HOU,SS,Eric Yelding,1991,"N,Houston,Astros"
young001,Young,Gerald,B,R,HOU,OF,Gerald Young,1991,"N,Houston,Astros"
abbop001,Abbott,Paul,R,R,MIN,P,Paul Abbott,1991,"A,Minnesota,Twins"
aguir001,Aguilera,Rick,R,R,MIN,P,Rick Aguilera,1991,"A,Minnesota,Twins"
andea001,Anderson,Allan,L,L,MIN,P,Allan Anderson,1991,"A,Minnesota,Twins"
bankw001,Banks,Willie,R,R,MIN,P,Willie Banks,1991,"A,Minnesota,Twins"
bedrs001,Bedrosian,Steve,R,R,MIN,P,Steve Bedrosian,1991,"A,Minnesota,Twins"
browj002,Brown,Jarvis,R,R,MIN,OF,Jarvis Brown,1991,"A,Minnesota,Twins"
bushr001,Bush,Randy,L,L,MIN,OF,Randy Bush,1991,"A,Minnesota,Twins"
casil001,Casian,Larry,R,L,MIN,P,Larry Casian,1991,"A,Minnesota,Twins"
castc001,Castillo,Carmelo,R,R,MIN,OF,Carmelo Castillo,1991,"A,Minnesota,Twins"
davic001,Davis,Chili,B,R,MIN,DH,Chili Davis,1991,"A,Minnesota,Twins"
edent001,Edens,Tom,R,R,MIN,P,Tom Edens,1991,"A,Minnesota,Twins"
erics001,Erickson,Scott,R,R,MIN,P,Scott Erickson,1991,"A,Minnesota,Twins"
gagng001,Gagne,Greg,R,R,MIN,SS,Greg Gagne,1991,"A,Minnesota,Twins"
gladd001,Gladden,Dan,R,R,MIN,OF,Dan Gladden,1991,"A,Minnesota,Twins"
guthm001,Guthrie,Mark,R,L,MIN,P,Mark Guthrie,1991,"A,Minnesota,Twins"
harpb001,Harper,Brian,R,R,MIN,C,Brian Harper,1991,"A,Minnesota,Twins"
hrbek001,Hrbek,Kent,L,R,MIN,1B,Kent Hrbek,1991,"A,Minnesota,Twins"
knobc001,Knoblauch,Chuck,R,R,MIN,2B,Chuck Knoblauch,1991,"A,Minnesota,Twins"
larkg001,Larkin,Gene,B,R,MIN,OF,Gene Larkin,1991,"A,Minnesota,Twins"
leact001,Leach,Terry,R,R,MIN,P,Terry Leach,1991,"A,Minnesota,Twins"
leius001,Leius,Scott,R,R,MIN,3B,Scott Leius,1991,"A,Minnesota,Twins"
macks001,Mack,Shane,R,R,MIN,OF,Shane Mack,1991,"A,Minnesota,Twins"
morrj001,Morris,Jack,R,R,MIN,P,Jack Morris,1991,"A,Minnesota,Twins"
munop001,Munoz,Pedro,R,R,MIN,OF,Pedro Munoz,1991,"A,Minnesota,Twins"
neagd001,Neagle,Denny,L,L,MIN,P,Denny Neagle,1991,"A,Minnesota,Twins"
newma001,Newman,Al,B,R,MIN,SS,Al Newman,1991,"A,Minnesota,Twins"
ortij001,Ortiz,Junior,R,R,MIN,C,Junior Ortiz,1991,"A,Minnesota,Twins"
paglm001,Pagliarulo,Mike,L,R,MIN,3B,Mike Pagliarulo,1991,"A,Minnesota,Twins"
puckk001,Puckett,Kirby,R,R,MIN,OF,Kirby Puckett,1991,"A,Minnesota,Twins"
sorrp001,Sorrento,Paul,L,R,MIN,1B,Paul Sorrento,1991,"A,Minnesota,Twins"
tapak001,Tapani,Kevin,R,R,MIN,P,Kevin Tapani,1991,"A,Minnesota,Twins"
wayng001,Wayne,Gary,L,L,MIN,P,Gary Wayne,1991,"A,Minnesota,Twins"
websl001,Webster,Lenny,R,R,MIN,C,Lenny Webster,1991,"A,Minnesota,Twins"
westd001,West,David,L,L,MIN,P,David West,1991,"A,Minnesota,Twins"
willc001,Willis,Carl,L,R,MIN,P,Carl Willis,1991,"A,Minnesota,Twins"
abboj001,Abbott,Jim,L,L,CAL,P,Jim Abbott,1991,"A,California,Angels"
abbok001,Abbott,Kyle,L,L,CAL,P,Kyle Abbott,1991,"A,California,Angels"
abnes001,Abner,Shawn,R,R,CAL,OF,Shawn Abner,1991,"A,California,Angels"
amarr002,Amaro,Ruben,B,R,CAL,OF,Ruben Amaro,1991,"A,California,Angels"
bails001,Bailes,Scott,L,L,CAL,P,Scott Bailes,1991,"A,California,Angels"
bannf001,Bannister,Floyd,L,L,CAL,P,Floyd Bannister,1991,"A,California,Angels"
beasc001,Beasley,Chris,R,R,CAL,P,Chris Beasley,1991,"A,California,Angels"
cronc001,Cron,Chris,R,R,CAL,1B,Chris Cron,1991,"A,California,Angels"
davim004,Davis,Mark,R,R,CAL,OF,Mark Davis,1991,"A,California,Angels"
disag001,Disarcina,Gary,R,R,CAL,SS,Gary Disarcina,1991,"A,California,Angels"
eichm001,Eichhorn,Mark,R,R,CAL,P,Mark Eichhorn,1991,"A,California,Angels"
felij001,Felix,Junior,B,R,CAL,OF,Junior Felix,1991,"A,California,Angels"
fettm001,Fetters,Mike,R,R,CAL,P,Mike Fetters,1991,"A,California,Angels"
finlc001,Finley,Chuck,L,L,CAL,P,Chuck Finley,1991,"A,California,Angels"
flork001,Flora,Kevin,R,R,CAL,2B,Kevin Flora,1991,"A,California,Angels"
gaetg001,Gaetti,Gary,R,R,CAL,3B,Gary Gaetti,1991,"A,California,Angels"
galld001,Gallagher,Dave,R,R,CAL,OF,Dave Gallagher,1991,"A,California,Angels"
grahj001,Grahe,Joe,R,R,CAL,P,Joe Grahe,1991,"A,California,Angels"
harvb001,Harvey,Bryan,R,R,CAL,P,Bryan Harvey,1991,"A,California,Angels"
hilld001,Hill,Donnie,B,R,CAL,2B,Donnie Hill,1991,"A,California,Angels"
howej002,Howell,Jack,L,R,CAL,2B,Jack Howell,1991,"A,California,Angels"
joynw001,Joyner,Wally,L,L,CAL,1B,Wally Joyner,1991,"A,California,Angels"
langm001,Langston,Mark,R,L,CAL,P,Mark Langston,1991,"A,California,Angels"
lewis001,Lewis,Scott,R,R,CAL,P,Scott Lewis,1991,"A,California,Angels"
lyonb002,Lyons,Barry,R,R,CAL,1B,Barry Lyons,1991,"A,California,Angels"
marsm001,Marshall,Mike,R,R,CAL,1B,Mike Marshall,1991,"A,California,Angels"
mccak001,McCaskill,Kirk,R,R,CAL,P,Kirk McCaskill,1991,"A,California,Angels"
mcclb001,McClure,Bob,R,L,CAL,P,Bob McClure,1991,"A,California,Angels"
ortoj001,Orton,John,R,R,CAL,C,John Orton,1991,"A,California,Angels"
parkd001,Parker,Dave,L,R,CAL,DH,Dave Parker,1991,"A,California,Angels"
parrl001,Parrish,Lance,R,R,CAL,C,Lance Parrish,1991,"A,California,Angels"
polol001,Polonia,Luis,L,L,CAL,OF,Luis Polonia,1991,"A,California,Angels"
robij001,Robinson,Jeff,R,R,CAL,P,Jeff Robinson,1991,"A,California,Angels"
roseb001,Rose,Bobby,R,R,CAL,2B,Bobby Rose,1991,"A,California,Angels"
schod001,Schofield,Dick,R,R,CAL,SS,Dick Schofield,1991,"A,California,Angels"
sojol001,Sojo,Luis,R,R,CAL,2B,Luis Sojo,1991,"A,California,Angels"
stevl001,Stevens,Lee,L,L,CAL,1B,Lee Stevens,1991,"A,California,Angels"
tingr001,Tingley,Ron,R,R,CAL,C,Ron Tingley,1991,"A,California,Angels"
valef001,Valenzuela,Fernando,L,L,CAL,P,Fernando Valenzuela,1991,"A,California,Angels"
venam001,Venable,Max,L,R,CAL,OF,Max Venable,1991,"A,California,Angels"
winfd001,Winfield,Dave,R,R,CAL,OF,Dave Winfield,1991,"A,California,Angels"
younc002,Young,Cliff,L,L,CAL,P,Cliff Young,1991,"A,California,Angels"
agosj001,Agosto,Juan,L,L,SLN,P,Juan Agosto,1991,"N,St. Louis,Cardinals"
alicl001,Alicea,Luis,B,R,SLN,2B,Luis Alicea,1991,"N,St. Louis,Cardinals"
brewr001,Brewer,Rod,L,L,SLN,1B,Rod Brewer,1991,"N,St. Louis,Cardinals"
carpc001,Carpenter,Cris,R,R,SLN,P,Cris Carpenter,1991,"N,St. Louis,Cardinals"
clarm002,Clark,Mark,R,R,SLN,P,Mark Clark,1991,"N,St. Louis,Cardinals"
cormr001,Cormier,Rheal,L,L,SLN,P,Rheal Cormier,1991,"N,St. Louis,Cardinals"
delej001,DeLeon,Jose,R,R,SLN,P,Jose DeLeon,1991,"N,St. Louis,Cardinals"
frasw001,Fraser,Willie,R,R,SLN,P,Willie Fraser,1991,"N,St. Louis,Cardinals"
gedmr001,Gedman,Rich,L,R,SLN,C,Rich Gedman,1991,"N,St. Louis,Cardinals"
gilkb001,Gilkey,Bernard,R,R,SLN,OF,Bernard Gilkey,1991,"N,St. Louis,Cardinals"
gratm001,Grater,Mark,R,R,SLN,P,Mark Grater,1991,"N,St. Louis,Cardinals"
guerp001,Guerrero,Pedro,R,R,SLN,1B,Pedro Guerrero,1991,"N,St. Louis,Cardinals"
hillk001,Hill,Ken,R,R,SLN,P,Ken Hill,1991,"N,St. Louis,Cardinals"
hudlr001,Hudler,Rex,R,R,SLN,OF,Rex Hudler,1991,"N,St. Louis,Cardinals"
jonet002,Jones,Tim,L,R,SLN,SS,Tim Jones,1991,"N,St. Louis,Cardinals"
josef001,Jose,Felix,B,R,SLN,OF,Felix Jose,1991,"N,St. Louis,Cardinals"
lankr001,Lankford,Ray,L,L,SLN,OF,Ray Lankford,1991,"N,St. Louis,Cardinals"
mcclb001,McClure,Bob,R,L,SLN,P,Bob McClure,1991,"N,St. Louis,Cardinals"
moyej001,Moyer,Jamie,L,L,SLN,P,Jamie Moyer,1991,"N,St. Louis,Cardinals"
olivo001,Olivares,Omar,R,R,SLN,P,Omar Olivares,1991,"N,St. Louis,Cardinals"
oquej001,Oquendo,Jose,B,R,SLN,2B,Jose Oquendo,1991,"N,St. Louis,Cardinals"
pagnt001,Pagnozzi,Tom,R,R,SLN,C,Tom Pagnozzi,1991,"N,St. Louis,Cardinals"
penag001,Pena,Geronimo,B,R,SLN,2B,Geronimo Pena,1991,"N,St. Louis,Cardinals"
perem002,Perez,Mike,R,R,SLN,P,Mike Perez,1991,"N,St. Louis,Cardinals"
perrg001,Perry,Gerald,L,R,SLN,1B,Gerald Perry,1991,"N,St. Louis,Cardinals"
royes001,Royer,Stan,R,R,SLN,3B,Stan Royer,1991,"N,St. Louis,Cardinals"
shert001,Sherrill,Tim,L,L,SLN,P,Tim Sherrill,1991,"N,St. Louis,Cardinals"
smitb001,Smith,Bryn,R,R,SLN,P,Bryn Smith,1991,"N,St. Louis,Cardinals"
smitl001,Smith,Lee,R,R,SLN,P,Lee Smith,1991,"N,St. Louis,Cardinals"
smito001,Smith,Ozzie,B,R,SLN,SS,Ozzie Smith,1991,"N,St. Louis,Cardinals"
stepr001,Stephens,Ray,R,R,SLN,C,Ray Stephens,1991,"N,St. Louis,Cardinals"
terrs001,Terry,Scott,R,R,SLN,P,Scott Terry,1991,"N,St. Louis,Cardinals"
tewkb001,Tewksbury,Bob,R,R,SLN,P,Bob Tewksbury,1991,"N,St. Louis,Cardinals"
thomm001,Thompson,Milt,L,R,SLN,OF,Milt Thompson,1991,"N,St. Louis,Cardinals"
wilsc001,Wilson,Craig,R,R,SLN,3B,Craig Wilson,1991,"N,St. Louis,Cardinals"
zeilt001,Zeile,Todd,R,R,SLN,3B,Todd Zeile,1991,"N,St. Louis,Cardinals"
belct001,Belcher,Tim,R,R,LAN,P,Tim Belcher,1991,"N,Los Angeles,Dodgers"
butlb001,Butler,Brett,L,L,LAN,OF,Brett Butler,1991,"N,Los Angeles,Dodgers"
candj001,Candelaria,John,L,L,LAN,P,John Candelaria,1991,"N,Los Angeles,Dodgers"
cartg001,Carter,Gary,R,R,LAN,C,Gary Carter,1991,"N,Los Angeles,Dodgers"
chrim001,Christopher,Mike,R,R,LAN,P,Mike Christopher,1991,"N,Los Angeles,Dodgers"
cookd001,Cook,Dennis,L,L,LAN,P,Dennis Cook,1991,"N,Los Angeles,Dodgers"
crewt001,Crews,Tim,R,R,LAN,P,Tim Crews,1991,"N,Los Angeles,Dodgers"
danik001,Daniels,Kal,L,R,LAN,OF,Kal Daniels,1991,"N,Los Angeles,Dodgers"
davib001,Davis,Butch,R,R,LAN,PH,Butch Davis,1991,"N,Los Angeles,Dodgers"
gonzj001,Gonzalez,Jose,R,R,LAN,OF,Jose Gonzalez,1991,"N,Los Angeles,Dodgers"
goodt001,Goodwin,Tom,L,R,LAN,OF,Tom Goodwin,1991,"N,Los Angeles,Dodgers"
gottj001,Gott,Jim,R,R,LAN,P,Jim Gott,1991,"N,Los Angeles,Dodgers"
grifa001,Griffin,Alfredo,B,R,LAN,SS,Alfredo Griffin,1991,"N,Los Angeles,Dodgers"
grosk001,Gross,Kevin,R,R,LAN,P,Kevin Gross,1991,"N,Los Angeles,Dodgers"
gwync001,Gwynn,Chris,L,L,LAN,OF,Chris Gwynn,1991,"N,Los Angeles,Dodgers"
hamij001,Hamilton,Jeff,R,R,LAN,3B,Jeff Hamilton,1991,"N,Los Angeles,Dodgers"
hansd001,Hansen,Dave,L,R,LAN,3B,Dave Hansen,1991,"N,Los Angeles,Dodgers"
harrl001,Harris,Lenny,L,R,LAN,3B,Lenny Harris,1991,"N,Los Angeles,Dodgers"
hartm002,Hartley,Mike,R,R,LAN,P,Mike Hartley,1991,"N,Los Angeles,Dodgers"
hernc001,Hernandez,Carlos,R,R,LAN,C,Carlos Hernandez,1991,"N,Los Angeles,Dodgers"
herso001,Hershiser,Orel,R,R,LAN,P,Orel Hershiser,1991,"N,Los Angeles,Dodgers"
howej001,Howell,Jay,R,R,LAN,P,Jay Howell,1991,"N,Los Angeles,Dodgers"
javis001,Javier,Stan,B,R,LAN,OF,Stan Javier,1991,"N,Los Angeles,Dodgers"
karre001,Karros,Eric,R,R,LAN,1B,Eric Karros,1991,"N,Los Angeles,Dodgers"
lyonb002,Lyons,Barry,R,R,LAN,C,Barry Lyons,1991,"N,Los Angeles,Dodgers"
martr002,Martinez,Ramon,L,R,LAN,P,Ramon Martinez,1991,"N,Los Angeles,Dodgers"
mcdor001,McDowell,Roger,R,R,LAN,P,Roger McDowell,1991,"N,Los Angeles,Dodgers"
morgm001,Morgan,Mike,R,R,LAN,P,Mike Morgan,1991,"N,Los Angeles,Dodgers"
murre001,Murray,Eddie,B,R,LAN,1B,Eddie Murray,1991,"N,Los Angeles,Dodgers"
offej001,Offerman,Jose,B,R,LAN,SS,Jose Offerman,1991,"N,Los Angeles,Dodgers"
ojedb001,Ojeda,Bob,L,L,LAN,P,Bob Ojeda,1991,"N,Los Angeles,Dodgers"
samuj001,Samuel,Juan,R,R,LAN,2B,Juan Samuel,1991,"N,Los Angeles,Dodgers"
sciom001,Scioscia,Mike,L,R,LAN,C,Mike Scioscia,1991,"N,Los Angeles,Dodgers"
sharm001,Sharperson,Mike,R,R,LAN,3B,Mike Sharperson,1991,"N,Los Angeles,Dodgers"
smitg001,Smith,Greg,B,R,LAN,2B,Greg Smith,1991,"N,Los Angeles,Dodgers"
strad001,Strawberry,Darryl,L,L,LAN,OF,Darryl Strawberry,1991,"N,Los Angeles,Dodgers"
websm001,Webster,Mitch,B,L,LAN,OF,Mitch Webster,1991,"N,Los Angeles,Dodgers"
wettj001,Wetteland,John,R,R,LAN,P,John Wetteland,1991,"N,Los Angeles,Dodgers"
wilss001,Wilson,Steve,L,L,LAN,P,Steve Wilson,1991,"N,Los Angeles,Dodgers"
amarr001,Amaral,Rich,R,R,SEA,2B,Rich Amaral,1991,"A,Seattle,Mariners"
banks001,Bankhead,Scott,R,R,SEA,P,Scott Bankhead,1991,"A,Seattle,Mariners"
brads001,Bradley,Scott,L,R,SEA,C,Scott Bradley,1991,"A,Seattle,Mariners"
brilg001,Briley,Greg,L,R,SEA,OF,Greg Briley,1991,"A,Seattle,Mariners"
buhnj001,Buhner,Jay,R,R,SEA,OF,Jay Buhner,1991,"A,Seattle,Mariners"
burbd001,Burba,Dave,R,R,SEA,P,Dave Burba,1991,"A,Seattle,Mariners"
cochd001,Cochrane,Dave,B,R,SEA,OF,Dave Cochrane,1991,"A,Seattle,Mariners"
comsk001,Comstock,Keith,L,L,SEA,P,Keith Comstock,1991,"A,Seattle,Mariners"
cotth001,Cotto,Henry,R,R,SEA,OF,Henry Cotto,1991,"A,Seattle,Mariners"
davia002,Davis,Alvin,L,R,SEA,DH,Alvin Davis,1991,"A,Seattle,Mariners"
delur001,DeLucia,Rich,R,R,SEA,P,Rich DeLucia,1991,"A,Seattle,Mariners"
flemd001,Fleming,Dave,L,L,SEA,P,Dave Fleming,1991,"A,Seattle,Mariners"
grifk001,Griffey,Ken,L,L,SEA,OF,Ken Griffey,1991,"A,Seattle,Mariners"
grifk002,Griffey,Ken,L,L,SEA,OF,Ken Griffey,1991,"A,Seattle,Mariners"
hanse001,Hanson,Erik,R,R,SEA,P,Erik Hanson,1991,"A,Seattle,Mariners"
harrg003,Harris,Gene,R,R,SEA,P,Gene Harris,1991,"A,Seattle,Mariners"
holmb001,Holman,Brian,R,R,SEA,P,Brian Holman,1991,"A,Seattle,Mariners"
howac001,Howard,Chris,R,R,SEA,C,Chris Howard,1991,"A,Seattle,Mariners"
jackm001,Jackson,Michael,R,R,SEA,P,Michael Jackson,1991,"A,Seattle,Mariners"
johnr005,Johnson,Randy,R,L,SEA,P,Randy Johnson,1991,"A,Seattle,Mariners"
jonec003,Jones,Calvin,R,R,SEA,P,Calvin Jones,1991,"A,Seattle,Mariners"
jonet001,Jones,Tracy,R,R,SEA,DH,Tracy Jones,1991,"A,Seattle,Mariners"
krueb001,Krueger,Bill,L,L,SEA,P,Bill Krueger,1991,"A,Seattle,Mariners"
lennp001,Lennon,Pat,R,R,SEA,DH,Pat Lennon,1991,"A,Seattle,Mariners"
marte001,Martinez,Edgar,R,R,SEA,3B,Edgar Martinez,1991,"A,Seattle,Mariners"
martt002,Martinez,Tino,L,R,SEA,1B,Tino Martinez,1991,"A,Seattle,Mariners"
murpr001,Murphy,Rob,L,L,SEA,P,Rob Murphy,1991,"A,Seattle,Mariners"
obrip001,O'Brien,Pete,L,L,SEA,1B,Pete O'Brien,1991,"A,Seattle,Mariners"
powea001,Powell,Alonzo,R,R,SEA,OF,Alonzo Powell,1991,"A,Seattle,Mariners"
reynh001,Reynolds,Harold,B,R,SEA,2B,Harold Reynolds,1991,"A,Seattle,Mariners"
ricep001,Rice,Pat,R,R,SEA,P,Pat Rice,1991,"A,Seattle,Mariners"
schaj001,Schaefer,Jeff,R,R,SEA,SS,Jeff Schaefer,1991,"A,Seattle,Mariners"
schom001,Schooler,Mike,R,R,SEA,P,Mike Schooler,1991,"A,Seattle,Mariners"
sinam001,Sinatro,Matt,R,R,SEA,C,Matt Sinatro,1991,"A,Seattle,Mariners"
swanr001,Swan,Russ,L,L,SEA,P,Russ Swan,1991,"A,Seattle,Mariners"
swifb001,Swift,Bill,R,R,SEA,P,Bill Swift,1991,"A,Seattle,Mariners"
valld001,Valle,Dave,R,R,SEA,C,Dave Valle,1991,"A,Seattle,Mariners"
vizqo001,Vizquel,Omar,B,R,SEA,SS,Omar Vizquel,1991,"A,Seattle,Mariners"
anded001,Anderson,Dave,R,R,SFN,SS,Dave Anderson,1991,"N,San Francisco,Giants"
bassk001,Bass,Kevin,B,R,SFN,OF,Kevin Bass,1991,"N,San Francisco,Giants"
beckr001,Beck,Rod,R,R,SFN,P,Rod Beck,1991,"N,San Francisco,Giants"
benjm001,Benjamin,Mike,R,R,SFN,SS,Mike Benjamin,1991,"N,San Francisco,Giants"
blacb001,Black,Buddy,L,L,SFN,P,Buddy Black,1991,"N,San Francisco,Giants"
branj001,Brantley,Jeff,R,R,SFN,P,Jeff Brantley,1991,"N,San Francisco,Giants"
burkj001,Burkett,John,R,R,SFN,P,John Burkett,1991,"N,San Francisco,Giants"
clarw001,Clark,Will,L,L,SFN,1B,Will Clark,1991,"N,San Francisco,Giants"
clayr001,Clayton,Royce,R,R,SFN,SS,Royce Clayton,1991,"N,San Francisco,Giants"
coled001,Coles,Darnell,R,R,SFN,OF,Darnell Coles,1991,"N,San Francisco,Giants"
decks001,Decker,Steve,R,R,SFN,C,Steve Decker,1991,"N,San Francisco,Giants"
downk001,Downs,Kelly,R,R,SFN,P,Kelly Downs,1991,"N,San Francisco,Giants"
feldm001,Felder,Mike,B,R,SFN,OF,Mike Felder,1991,"N,San Francisco,Giants"
garrs001,Garrelts,Scott,R,R,SFN,P,Scott Garrelts,1991,"N,San Francisco,Giants"
gunde001,Gunderson,Eric,R,L,SFN,P,Eric Gunderson,1991,"N,San Francisco,Giants"
hereg001,Heredia,Gil,R,R,SFN,P,Gil Heredia,1991,"N,San Francisco,Giants"
herrt001,Herr,Tom,B,R,SFN,2B,Tom Herr,1991,"N,San Francisco,Giants"
hickb001,Hickerson,Bryan,L,L,SFN,P,Bryan Hickerson,1991,"N,San Francisco,Giants"
kennt001,Kennedy,Terry,L,R,SFN,C,Terry Kennedy,1991,"N,San Francisco,Giants"
kingm001,Kingery,Mike,L,L,SFN,OF,Mike Kingery,1991,"N,San Francisco,Giants"
lacom001,LaCoss,Mike,R,R,SFN,P,Mike LaCoss,1991,"N,San Francisco,Giants"
leonm001,Leonard,Mark,L,R,SFN,OF,Mark Leonard,1991,"N,San Francisco,Giants"
lewid001,Lewis,Darren,R,R,SFN,OF,Darren Lewis,1991,"N,San Francisco,Giants"
littg001,Litton,Greg,R,R,SFN,1B,Greg Litton,1991,"N,San Francisco,Giants"
manwk001,Manwaring,Kirt,R,R,SFN,C,Kirt Manwaring,1991,"N,San Francisco,Giants"
mcclp001,McClellan,Paul,R,R,SFN,P,Paul McClellan,1991,"N,San Francisco,Giants"
mcgew001,McGee,Willie,B,R,SFN,OF,Willie McGee,1991,"N,San Francisco,Giants"
mitck001,Mitchell,Kevin,R,R,SFN,OF,Kevin Mitchell,1991,"N,San Francisco,Giants"
olivf001,Oliveras,Francisco,R,R,SFN,P,Francisco Oliveras,1991,"N,San Francisco,Giants"
parkr001,Parker,Rick,R,R,SFN,OF,Rick Parker,1991,"N,San Francisco,Giants"
peret002,Perezchica,Tony,R,R,SFN,SS,Tony Perezchica,1991,"N,San Francisco,Giants"
remlm001,Remlinger,Mike,L,L,SFN,P,Mike Remlinger,1991,"N,San Francisco,Giants"
reusr001,Reuschel,Rick,R,R,SFN,P,Rick Reuschel,1991,"N,San Francisco,Giants"
righd001,Righetti,Dave,L,L,SFN,P,Dave Righetti,1991,"N,San Francisco,Giants"
robid001,Robinson,Don,R,R,SFN,P,Don Robinson,1991,"N,San Francisco,Giants"
seguj001,Segura,Jose,R,R,SFN,P,Jose Segura,1991,"N,San Francisco,Giants"
thomr003,Thompson,Robby,R,R,SFN,2B,Robby Thompson,1991,"N,San Francisco,Giants"
uribj001,Uribe,Jose,B,R,SFN,SS,Jose Uribe,1991,"N,San Francisco,Giants"
willm003,Williams,Matt,R,R,SFN,3B,Matt Williams,1991,"N,San Francisco,Giants"
wilst002,Wilson,Trevor,L,L,SFN,P,Trevor Wilson,1991,"N,San Francisco,Giants"
woodt002,Wood,Ted,L,L,SFN,OF,Ted Wood,1991,"N,San Francisco,Giants"
assep001,Assenmacher,Paul,L,L,CHN,P,Paul Assenmacher,1991,"N,Chicago,Cubs"
bellg001,Bell,George,R,R,CHN,OF,George Bell,1991,"N,Chicago,Cubs"
berrd002,Berryhill,Damon,B,R,CHN,C,Damon Berryhill,1991,"N,Chicago,Cubs"
bielm001,Bielecki,Mike,R,R,CHN,P,Mike Bielecki,1991,"N,Chicago,Cubs"
bosks001,Boskie,Shawn,R,R,CHN,P,Shawn Boskie,1991,"N,Chicago,Cubs"
castf001,Castillo,Frank,R,R,CHN,P,Frank Castillo,1991,"N,Chicago,Cubs"
dascd001,Dascenzo,Doug,B,L,CHN,OF,Doug Dascenzo,1991,"N,Chicago,Cubs"
dawsa001,Dawson,Andre,R,R,CHN,OF,Andre Dawson,1991,"N,Chicago,Cubs"
dunss001,Dunston,Shawon,R,R,CHN,SS,Shawon Dunston,1991,"N,Chicago,Cubs"
giraj001,Girardi,Joe,R,R,CHN,C,Joe Girardi,1991,"N,Chicago,Cubs"
gracm001,Grace,Mark,L,L,CHN,1B,Mark Grace,1991,"N,Chicago,Cubs"
harkm001,Harkey,Mike,R,R,CHN,P,Mike Harkey,1991,"N,Chicago,Cubs"
jackd001,Jackson,Danny,R,L,CHN,P,Danny Jackson,1991,"N,Chicago,Cubs"
lancl001,Lancaster,Les,R,R,CHN,P,Les Lancaster,1991,"N,Chicago,Cubs"
landc001,Landrum,Ced,L,R,CHN,OF,Ced Landrum,1991,"N,Chicago,Cubs"
maddg002,Maddux,Greg,R,R,CHN,P,Greg Maddux,1991,"N,Chicago,Cubs"
may-d001,May,Derrick,L,R,CHN,OF,Derrick May,1991,"N,Chicago,Cubs"
may-s001,May,Scott,R,R,CHN,P,Scott May,1991,"N,Chicago,Cubs"
mcelc001,McElroy,Chuck,L,L,CHN,P,Chuck McElroy,1991,"N,Chicago,Cubs"
pappe001,Pappas,Erik,R,R,CHN,C,Erik Pappas,1991,"N,Chicago,Cubs"
pavld001,Pavlas,Dave,R,R,CHN,P,Dave Pavlas,1991,"N,Chicago,Cubs"
perey001,Perez,Yorkis,L,L,CHN,P,Yorkis Perez,1991,"N,Chicago,Cubs"
renfl001,Renfroe,Laddie,B,R,CHN,P,Laddie Renfroe,1991,"N,Chicago,Cubs"
salal001,Salazar,Luis,R,R,CHN,3B,Luis Salazar,1991,"N,Chicago,Cubs"
sancr001,Sanchez,Rey,R,R,CHN,SS,Rey Sanchez,1991,"N,Chicago,Cubs"
sandr001,Sandberg,Ryne,R,R,CHN,2B,Ryne Sandberg,1991,"N,Chicago,Cubs"
scanb001,Scanlan,Bob,R,R,CHN,P,Bob Scanlan,1991,"N,Chicago,Cubs"
scotg001,Scott,Gary,R,R,CHN,3B,Gary Scott,1991,"N,Chicago,Cubs"
sloch001,Slocumb,Heathcliff,R,R,CHN,P,Heathcliff Slocumb,1991,"N,Chicago,Cubs"
smitd001,Smith,Dave,R,R,CHN,P,Dave Smith,1991,"N,Chicago,Cubs"
smitd003,Smith,Dwight,L,R,CHN,OF,Dwight Smith,1991,"N,Chicago,Cubs"
strad002,Strange,Doug,B,R,CHN,3B,Doug Strange,1991,"N,Chicago,Cubs"
sutcr001,Sutcliffe,Rick,L,R,CHN,P,Rick Sutcliffe,1991,"N,Chicago,Cubs"
villh001,Villanueva,Hector,R,R,CHN,C,Hector Villanueva,1991,"N,Chicago,Cubs"
vizcj001,Vizcaino,Jose,B,R,CHN,3B,Jose Vizcaino,1991,"N,Chicago,Cubs"
walkc001,Walker,Chico,B,R,CHN,3B,Chico Walker,1991,"N,Chicago,Cubs"
waltj001,Walton,Jerome,R,R,CHN,OF,Jerome Walton,1991,"N,Chicago,Cubs"
wilkr001,Wilkins,Rick,L,R,CHN,C,Rick Wilkins,1991,"N,Chicago,Cubs"
wilss001,Wilson,Steve,L,L,CHN,P,Steve Wilson,1991,"N,Chicago,Cubs"
armsj001,Armstrong,Jack,R,R,CIN,P,Jack Armstrong,1991,"N,Cincinnati,Reds"
benaf001,Benavides,Freddie,R,R,CIN,SS,Freddie Benavides,1991,"N,Cincinnati,Reds"
benzt001,Benzinger,Todd,B,R,CIN,1B,Todd Benzinger,1991,"N,Cincinnati,Reds"
bragg001,Braggs,Glenn,R,R,CIN,OF,Glenn Braggs,1991,"N,Cincinnati,Reds"
browk002,Brown,Keith,B,R,CIN,P,Keith Brown,1991,"N,Cincinnati,Reds"
browt001,Browning,Tom,L,L,CIN,P,Tom Browning,1991,"N,Cincinnati,Reds"
carmd001,Carman,Don,L,L,CIN,P,Don Carman,1991,"N,Cincinnati,Reds"
charn001,Charlton,Norm,B,L,CIN,P,Norm Charlton,1991,"N,Cincinnati,Reds"
davie001,Davis,Eric,R,R,CIN,OF,Eric Davis,1991,"N,Cincinnati,Reds"
dibbr001,Dibble,Rob,L,R,CIN,P,Rob Dibble,1991,"N,Cincinnati,Reds"
dorab001,Doran,Bill,B,R,CIN,2B,Bill Doran,1991,"N,Cincinnati,Reds"
duncm001,Duncan,Mariano,R,R,CIN,2B,Mariano Duncan,1991,"N,Cincinnati,Reds"
fosts001,Foster,Steve,R,R,CIN,P,Steve Foster,1991,"N,Cincinnati,Reds"
grosk002,Gross,Kip,R,R,CIN,P,Kip Gross,1991,"N,Cincinnati,Reds"
hammc001,Hammond,Chris,L,L,CIN,P,Chris Hammond,1991,"N,Cincinnati,Reds"
hatcb001,Hatcher,Billy,R,R,CIN,OF,Billy Hatcher,1991,"N,Cincinnati,Reds"
hillm002,Hill,Milt,R,R,CIN,P,Milt Hill,1991,"N,Cincinnati,Reds"
jeffr001,Jefferson,Reggie,B,L,CIN,1B,Reggie Jefferson,1991,"N,Cincinnati,Reds"
jeffs001,Jefferson,Stan,B,R,CIN,OF,Stan Jefferson,1991,"N,Cincinnati,Reds"
jonec002,Jones,Chris,R,R,CIN,OF,Chris Jones,1991,"N,Cincinnati,Reds"
larkb001,Larkin,Barry,R,R,CIN,SS,Barry Larkin,1991,"N,Cincinnati,Reds"
layat001,Layana,Tim,R,R,CIN,P,Tim Layana,1991,"N,Cincinnati,Reds"
lee-t001,Lee,Terry,R,R,CIN,1B,Terry Lee,1991,"N,Cincinnati,Reds"
martc001,Martinez,Carmelo,R,R,CIN,1B,Carmelo Martinez,1991,"N,Cincinnati,Reds"
minug001,Minutelli,Gino,L,L,CIN,P,Gino Minutelli,1991,"N,Cincinnati,Reds"
morrh001,Morris,Hal,L,L,CIN,1B,Hal Morris,1991,"N,Cincinnati,Reds"
myerr001,Myers,Randy,L,L,CIN,P,Randy Myers,1991,"N,Cincinnati,Reds"
olivj001,Oliver,Joe,R,R,CIN,C,Joe Oliver,1991,"N,Cincinnati,Reds"
oneip001,O'Neill,Paul,L,L,CIN,OF,Paul O'Neill,1991,"N,Cincinnati,Reds"
powet001,Power,Ted,R,R,CIN,P,Ted Power,1991,"N,Cincinnati,Reds"
quinl001,Quinones,Luis,B,R,CIN,2B,Luis Quinones,1991,"N,Cincinnati,Reds"
reedj001,Reed,Jeff,L,R,CIN,C,Jeff Reed,1991,"N,Cincinnati,Reds"
rijoj001,Rijo,Jose,R,R,CIN,P,Jose Rijo,1991,"N,Cincinnati,Reds"
saboc001,Sabo,Chris,R,R,CIN,3B,Chris Sabo,1991,"N,Cincinnati,Reds"
sandr002,Sanders,Reggie,R,R,CIN,OF,Reggie Sanders,1991,"N,Cincinnati,Reds"
sanfm001,Sanford,Mo,R,R,CIN,P,Mo Sanford,1991,"N,Cincinnati,Reds"
scotd001,Scott,Donnie,B,R,CIN,C,Donnie Scott,1991,"N,Cincinnati,Reds"
scuds001,Scudder,Scott,R,R,CIN,P,Scott Scudder,1991,"N,Cincinnati,Reds"
sutkg001,Sutko,Glenn,R,R,CIN,C,Glenn Sutko,1991,"N,Cincinnati,Reds"
winnh001,Winningham,Herm,L,R,CIN,OF,Herm Winningham,1991,"N,Cincinnati,Reds"
boggw001,Boggs,Wade,L,R,BOS,3B,Wade Boggs,1991,"A,Boston,Red Sox"
boltt001,Bolton,Tom,L,L,BOS,P,Tom Bolton,1991,"A,Boston,Red Sox"
brumm001,Brumley,Mike,B,R,BOS,SS,Mike Brumley,1991,"A,Boston,Red Sox"
brunt001,Brunansky,Tom,R,R,BOS,OF,Tom Brunansky,1991,"A,Boston,Red Sox"
burke001,Burks,Ellis,R,R,BOS,OF,Ellis Burks,1991,"A,Boston,Red Sox"
clarj001,Clark,Jack,R,R,BOS,DH,Jack Clark,1991,"A,Boston,Red Sox"
clemr001,Clemens,Roger,R,R,BOS,P,Roger Clemens,1991,"A,Boston,Red Sox"
coops001,Cooper,Scott,L,R,BOS,3B,Scott Cooper,1991,"A,Boston,Red Sox"
darwd001,Darwin,Danny,R,R,BOS,P,Danny Darwin,1991,"A,Boston,Red Sox"
dopsj001,Dopson,John,L,R,BOS,P,John Dopson,1991,"A,Boston,Red Sox"
fosst001,Fossas,Tony,L,L,BOS,P,Tony Fossas,1991,"A,Boston,Red Sox"
gardm002,Gardiner,Mike,B,R,BOS,P,Mike Gardiner,1991,"A,Boston,Red Sox"
grayj001,Gray,Jeff,R,R,BOS,P,Jeff Gray,1991,"A,Boston,Red Sox"
greem001,Greenwell,Mike,L,R,BOS,OF,Mike Greenwell,1991,"A,Boston,Red Sox"
harrg001,Harris,Greg,B,R,BOS,P,Greg Harris,1991,"A,Boston,Red Sox"
heskj001,Hesketh,Joe,L,L,BOS,P,Joe Hesketh,1991,"A,Boston,Red Sox"
housw001,Housie,Wayne,B,R,BOS,OF,Wayne Housie,1991,"A,Boston,Red Sox"
irvid001,Irvine,Daryl,R,R,BOS,P,Daryl Irvine,1991,"A,Boston,Red Sox"
kiecd001,Kiecker,Dana,R,R,BOS,P,Dana Kiecker,1991,"A,Boston,Red Sox"
lampd001,Lamp,Dennis,R,R,BOS,P,Dennis Lamp,1991,"A,Boston,Red Sox"
lyons001,Lyons,Steve,L,R,BOS,OF,Steve Lyons,1991,"A,Boston,Red Sox"
manzj001,Manzanillo,Josias,R,R,BOS,P,Josias Manzanillo,1991,"A,Boston,Red Sox"
marsm001,Marshall,Mike,R,R,BOS,DH,Mike Marshall,1991,"A,Boston,Red Sox"
marzj001,Marzano,John,R,R,BOS,C,John Marzano,1991,"A,Boston,Red Sox"
mortk001,Morton,Kevin,R,L,BOS,P,Kevin Morton,1991,"A,Boston,Red Sox"
naeht001,Naehring,Tim,R,R,BOS,SS,Tim Naehring,1991,"A,Boston,Red Sox"
penat001,Pena,Tony,R,R,BOS,C,Tony Pena,1991,"A,Boston,Red Sox"
petrd001,Petry,Dan,R,R,BOS,P,Dan Petry,1991,"A,Boston,Red Sox"
planp001,Plantier,Phil,L,R,BOS,OF,Phil Plantier,1991,"A,Boston,Red Sox"
plymj001,Plympton,Jeff,R,R,BOS,P,Jeff Plympton,1991,"A,Boston,Red Sox"
quinc001,Quintana,Carlos,R,R,BOS,1B,Carlos Quintana,1991,"A,Boston,Red Sox"
rearj001,Reardon,Jeff,R,R,BOS,P,Jeff Reardon,1991,"A,Boston,Red Sox"
reedj003,Reed,Jody,R,R,BOS,2B,Jody Reed,1991,"A,Boston,Red Sox"
rivel001,Rivera,Luis,R,R,BOS,SS,Luis Rivera,1991,"A,Boston,Red Sox"
romik001,Romine,Kevin,R,R,BOS,OF,Kevin Romine,1991,"A,Boston,Red Sox"
vaugm001,Vaughn,Mo,L,R,BOS,1B,Mo Vaughn,1991,"A,Boston,Red Sox"
wedge001,Wedge,Eric,R,R,BOS,DH,Eric Wedge,1991,"A,Boston,Red Sox"
younm001,Young,Matt,L,L,BOS,P,Matt Young,1991,"A,Boston,Red Sox"
zupcb001,Zupcic,Bob,R,R,BOS,OF,Bob Zupcic,1991,"A,Boston,Red Sox"
afent001,Afenir,Troy,R,R,OAK,C,Troy Afenir,1991,"A,Oakland,Athletics"
allid001,Allison,Dana,R,L,OAK,P,Dana Allison,1991,"A,Oakland,Athletics"
bainh001,Baines,Harold,L,L,OAK,DH,Harold Baines,1991,"A,Oakland,Athletics"
blanl001,Blankenship,Lance,R,R,OAK,2B,Lance Blankenship,1991,"A,Oakland,Athletics"
bordm001,Bordick,Mike,R,R,OAK,SS,Mike Bordick,1991,"A,Oakland,Athletics"
brisj001,Briscoe,John,R,R,OAK,P,John Briscoe,1991,"A,Oakland,Athletics"
bross001,Brosius,Scott,R,R,OAK,2B,Scott Brosius,1991,"A,Oakland,Athletics"
burnt001,Burns,Todd,R,R,OAK,P,Todd Burns,1991,"A,Oakland,Athletics"
campk001,Campbell,Kevin,R,R,OAK,P,Kevin Campbell,1991,"A,Oakland,Athletics"
cansj001,Canseco,Jose,R,R,OAK,OF,Jose Canseco,1991,"A,Oakland,Athletics"
chits001,Chitren,Steve,R,R,OAK,P,Steve Chitren,1991,"A,Oakland,Athletics"
darlr001,Darling,Ron,R,R,OAK,P,Ron Darling,1991,"A,Oakland,Athletics"
dresk001,Dressendorfer,Kirk,R,R,OAK,P,Kirk Dressendorfer,1991,"A,Oakland,Athletics"
ecked001,Eckersley,Dennis,R,R,OAK,P,Dennis Eckersley,1991,"A,Oakland,Athletics"
gallm001,Gallego,Mike,R,R,OAK,2B,Mike Gallego,1991,"A,Oakland,Athletics"
guzmj002,Guzman,Johnny,R,L,OAK,P,Johnny Guzman,1991,"A,Oakland,Athletics"
harrr001,Harris,Reggie,R,R,OAK,P,Reggie Harris,1991,"A,Oakland,Athletics"
hawka001,Hawkins,Andy,R,R,OAK,P,Andy Hawkins,1991,"A,Oakland,Athletics"
hemos001,Hemond,Scott,R,R,OAK,C,Scott Hemond,1991,"A,Oakland,Athletics"
hendd001,Henderson,Dave,R,R,OAK,OF,Dave Henderson,1991,"A,Oakland,Athletics"
hendr001,Henderson,Rickey,R,L,OAK,OF,Rickey Henderson,1991,"A,Oakland,Athletics"
honer001,Honeycutt,Rick,L,L,OAK,P,Rick Honeycutt,1991,"A,Oakland,Athletics"
howid001,Howitt,Dann,L,R,OAK,OF,Dann Howitt,1991,"A,Oakland,Athletics"
jacob001,Jacoby,Brook,R,R,OAK,3B,Brook Jacoby,1991,"A,Oakland,Athletics"
jennd001,Jennings,Doug,L,L,OAK,OF,Doug Jennings,1991,"A,Oakland,Athletics"
klinj001,Klink,Joe,L,L,OAK,P,Joe Klink,1991,"A,Oakland,Athletics"
kommb001,Komminsk,Brad,R,R,OAK,OF,Brad Komminsk,1991,"A,Oakland,Athletics"
lansc001,Lansford,Carney,R,R,OAK,3B,Carney Lansford,1991,"A,Oakland,Athletics"
law-v001,Law,Vance,R,R,OAK,3B,Vance Law,1991,"A,Oakland,Athletics"
manrf001,Manrique,Fred,R,R,OAK,SS,Fred Manrique,1991,"A,Oakland,Athletics"
mcgwm001,McGwire,Mark,R,R,OAK,1B,Mark McGwire,1991,"A,Oakland,Athletics"
moorm001,Moore,Mike,R,R,OAK,P,Mike Moore,1991,"A,Oakland,Athletics"
nelsg001,Nelson,Gene,R,R,OAK,P,Gene Nelson,1991,"A,Oakland,Athletics"
quirj001,Quirk,Jamie,L,R,OAK,C,Jamie Quirk,1991,"A,Oakland,Athletics"
rilee001,Riles,Ernie,L,R,OAK,3B,Ernie Riles,1991,"A,Oakland,Athletics"
showe001,Show,Eric,R,R,OAK,P,Eric Show,1991,"A,Oakland,Athletics"
slusj001,Slusarski,Joe,R,R,OAK,P,Joe Slusarski,1991,"A,Oakland,Athletics"
steit001,Steinbach,Terry,R,R,OAK,C,Terry Steinbach,1991,"A,Oakland,Athletics"
stewd001,Stewart,Dave,R,R,OAK,P,Dave Stewart,1991,"A,Oakland,Athletics"
vanpt001,Van Poppel,Todd,R,R,OAK,P,Todd Van Poppel,1991,"A,Oakland,Athletics"
waltb001,Walton,Bruce,R,R,OAK,P,Bruce Walton,1991,"A,Oakland,Athletics"
weisw001,Weiss,Walt,B,R,OAK,SS,Walt Weiss,1991,"A,Oakland,Athletics"
welcb001,Welch,Bob,R,R,OAK,P,Bob Welch,1991,"A,Oakland,Athletics"
wilsw001,Wilson,Willie,B,R,OAK,OF,Willie Wilson,1991,"A,Oakland,Athletics"
witmr001,Witmeyer,Ron,L,L,OAK,1B,Ron Witmeyer,1991,"A,Oakland,Athletics"
younc001,Young,Curt,R,L,OAK,P,Curt Young,1991,"A,Oakland,Athletics"
avers001,Avery,Steve,L,L,ATL,P,Steve Avery,1991,"N,Atlanta,Braves"
bellm001,Bell,Mike,L,L,ATL,1B,Mike Bell,1991,"N,Atlanta,Braves"
bellr001,Belliard,Rafael,R,R,ATL,SS,Rafael Belliard,1991,"N,Atlanta,Braves"
berej001,Berenguer,Juan,R,R,ATL,P,Juan Berenguer,1991,"N,Atlanta,Braves"
berrd002,Berryhill,Damon,B,R,ATL,C,Damon Berryhill,1991,"N,Atlanta,Braves"
bielm001,Bielecki,Mike,R,R,ATL,P,Mike Bielecki,1991,"N,Atlanta,Braves"
blauj001,Blauser,Jeff,R,R,ATL,SS,Jeff Blauser,1991,"N,Atlanta,Braves"
breas001,Bream,Sid,L,L,ATL,1B,Sid Bream,1991,"N,Atlanta,Braves"
cabrf001,Cabrera,Francisco,R,R,ATL,C,Francisco Cabrera,1991,"N,Atlanta,Braves"
castt001,Castillo,Tony,L,L,ATL,P,Tony Castillo,1991,"N,Atlanta,Braves"
castv001,Castilla,Vinny,R,R,ATL,SS,Vinny Castilla,1991,"N,Atlanta,Braves"
clanj001,Clancy,Jim,R,R,ATL,P,Jim Clancy,1991,"N,Atlanta,Braves"
freem001,Freeman,Marvin,R,R,ATL,P,Marvin Freeman,1991,"N,Atlanta,Braves"
gantr001,Gant,Ron,R,R,ATL,OF,Ron Gant,1991,"N,Atlanta,Braves"
glavt001,Glavine,Tom,L,L,ATL,P,Tom Glavine,1991,"N,Atlanta,Braves"
gregt001,Gregg,Tommy,L,L,ATL,OF,Tommy Gregg,1991,"N,Atlanta,Braves"
heatm001,Heath,Mike,R,R,ATL,C,Mike Heath,1991,"N,Atlanta,Braves"
heepd001,Heep,Danny,L,L,ATL,1B,Danny Heep,1991,"N,Atlanta,Braves"
huntb001,Hunter,Brian,R,L,ATL,1B,Brian Hunter,1991,"N,Atlanta,Braves"
justd001,Justice,David,L,L,ATL,OF,David Justice,1991,"N,Atlanta,Braves"
leibc001,Leibrandt,Charlie,R,L,ATL,P,Charlie Leibrandt,1991,"N,Atlanta,Braves"
lemkm001,Lemke,Mark,B,R,ATL,2B,Mark Lemke,1991,"N,Atlanta,Braves"
mahlr001,Mahler,Rick,R,R,ATL,P,Rick Mahler,1991,"N,Atlanta,Braves"
merck001,Mercker,Kent,L,L,ATL,P,Kent Mercker,1991,"N,Atlanta,Braves"
mitck002,Mitchell,Keith,R,R,ATL,OF,Keith Mitchell,1991,"N,Atlanta,Braves"
nixoo001,Nixon,Otis,B,R,ATL,OF,Otis Nixon,1991,"N,Atlanta,Braves"
olsog002,Olson,Greg,R,R,ATL,C,Greg Olson,1991,"N,Atlanta,Braves"
parrj001,Parrett,Jeff,R,R,ATL,P,Jeff Parrett,1991,"N,Atlanta,Braves"
penaa001,Pena,Alejandro,R,R,ATL,P,Alejandro Pena,1991,"N,Atlanta,Braves"
pendt001,Pendleton,Terry,B,R,ATL,3B,Terry Pendleton,1991,"N,Atlanta,Braves"
petrd001,Petry,Dan,R,R,ATL,P,Dan Petry,1991,"N,Atlanta,Braves"
reyna001,Reynoso,Armando,R,R,ATL,P,Armando Reynoso,1991,"N,Atlanta,Braves"
rossr001,Rossy,Rico,R,R,ATL,SS,Rico Rossy,1991,"N,Atlanta,Braves"
sandd001,Sanders,Deion,L,L,ATL,OF,Deion Sanders,1991,"N,Atlanta,Braves"
siskd001,Sisk,Doug,R,R,ATL,P,Doug Sisk,1991,"N,Atlanta,Braves"
smitl002,Smith,Lonnie,R,R,ATL,OF,Lonnie Smith,1991,"N,Atlanta,Braves"
smitp001,Smith,Pete,R,R,ATL,P,Pete Smith,1991,"N,Atlanta,Braves"
smolj001,Smoltz,John,R,R,ATL,P,John Smoltz,1991,"N,Atlanta,Braves"
stanm003,Stanton,Mike,L,L,ATL,P,Mike Stanton,1991,"N,Atlanta,Braves"
stclr001,St. Claire,Randy,R,R,ATL,P,Randy St. Claire,1991,"N,Atlanta,Braves"
treaj001,Treadway,Jeff,L,R,ATL,2B,Jeff Treadway,1991,"N,Atlanta,Braves"
willj001,Willard,Jerry,L,R,ATL,C,Jerry Willard,1991,"N,Atlanta,Braves"
wohlm001,Wohlers,Mark,R,R,ATL,P,Mark Wohlers,1991,"N,Atlanta,Braves"
barfj001,Barfield,Jesse,R,R,NYA,OF,Jesse Barfield,1991,"A,New York,Yankees"
blowm001,Blowers,Mike,R,R,NYA,3B,Mike Blowers,1991,"A,New York,Yankees"
cadag001,Cadaret,Greg,L,L,NYA,P,Greg Cadaret,1991,"A,New York,Yankees"
caryc001,Cary,Chuck,L,L,NYA,P,Chuck Cary,1991,"A,New York,Yankees"
chapd001,Chapin,Darrin,R,R,NYA,P,Darrin Chapin,1991,"A,New York,Yankees"
eilad001,Eiland,Dave,R,R,NYA,P,Dave Eiland,1991,"A,New York,Yankees"
espia001,Espinoza,Alvaro,R,R,NYA,SS,Alvaro Espinoza,1991,"A,New York,Yankees"
farrs001,Farr,Steve,R,R,NYA,P,Steve Farr,1991,"A,New York,Yankees"
gereb001,Geren,Bob,R,R,NYA,C,Bob Geren,1991,"A,New York,Yankees"
guetl001,Guetterman,Lee,L,L,NYA,P,Lee Guetterman,1991,"A,New York,Yankees"
habyj001,Habyan,John,R,R,NYA,P,John Habyan,1991,"A,New York,Yankees"
hallm001,Hall,Mel,L,L,NYA,OF,Mel Hall,1991,"A,New York,Yankees"
hawka001,Hawkins,Andy,R,R,NYA,P,Andy Hawkins,1991,"A,New York,Yankees"
howes001,Howe,Steve,L,L,NYA,P,Steve Howe,1991,"A,New York,Yankees"
humpm001,Humphreys,Mike,R,R,NYA,OF,Mike Humphreys,1991,"A,New York,Yankees"
johnj004,Johnson,Jeff,R,L,NYA,P,Jeff Johnson,1991,"A,New York,Yankees"
kamis001,Kamieniecki,Scott,R,R,NYA,P,Scott Kamieniecki,1991,"A,New York,Yankees"
kellb002,Kelly,Roberto,R,R,NYA,OF,Roberto Kelly,1991,"A,New York,Yankees"
kellp001,Kelly,Pat,R,R,NYA,3B,Pat Kelly,1991,"A,New York,Yankees"
leart001,Leary,Tim,R,R,NYA,P,Tim Leary,1991,"A,New York,Yankees"
leyrj001,Leyritz,Jim,R,R,NYA,3B,Jim Leyritz,1991,"A,New York,Yankees"
lovut001,Lovullo,Torey,B,R,NYA,3B,Torey Lovullo,1991,"A,New York,Yankees"
lusas001,Lusader,Scott,L,L,NYA,OF,Scott Lusader,1991,"A,New York,Yankees"
maask001,Maas,Kevin,L,L,NYA,DH,Kevin Maas,1991,"A,New York,Yankees"
mattd001,Mattingly,Don,L,L,NYA,1B,Don Mattingly,1991,"A,New York,Yankees"
meulh001,Meulens,Hensley,R,R,NYA,OF,Hensley Meulens,1991,"A,New York,Yankees"
milla001,Mills,Alan,R,R,NYA,P,Alan Mills,1991,"A,New York,Yankees"
montr002,Monteleone,Rich,R,R,NYA,P,Rich Monteleone,1991,"A,New York,Yankees"
nokem001,Nokes,Matt,L,R,NYA,C,Matt Nokes,1991,"A,New York,Yankees"
perep001,Perez,Pascual,R,R,NYA,P,Pascual Perez,1991,"A,New York,Yankees"
plune001,Plunk,Eric,R,R,NYA,P,Eric Plunk,1991,"A,New York,Yankees"
ramoj001,Ramos,John,R,R,NYA,C,John Ramos,1991,"A,New York,Yankees"
rodrc001,Rodriguez,Carlos,B,R,NYA,SS,Carlos Rodriguez,1991,"A,New York,Yankees"
sands001,Sanderson,Scott,R,R,NYA,P,Scott Sanderson,1991,"A,New York,Yankees"
sax-s001,Sax,Steve,R,R,NYA,2B,Steve Sax,1991,"A,New York,Yankees"
sherp001,Sheridan,Pat,L,R,NYA,OF,Pat Sheridan,1991,"A,New York,Yankees"
taylw001,Taylor,Wade,R,R,NYA,P,Wade Taylor,1991,"A,New York,Yankees"
velar001,Velarde,Randy,R,R,NYA,3B,Randy Velarde,1991,"A,New York,Yankees"
willb002,Williams,Bernie,B,R,NYA,OF,Bernie Williams,1991,"A,New York,Yankees"
wittm001,Witt,Mike,R,R,NYA,P,Mike Witt,1991,"A,New York,Yankees"
appik001,Appier,Kevin,R,R,KCA,P,Kevin Appier,1991,"A,Kansas City,Royals"
aquil001,Aquino,Luis,R,R,KCA,P,Luis Aquino,1991,"A,Kansas City,Royals"
benzt001,Benzinger,Todd,B,R,KCA,1B,Todd Benzinger,1991,"A,Kansas City,Royals"
berrs001,Berry,Sean,R,R,KCA,3B,Sean Berry,1991,"A,Kansas City,Royals"
boddm001,Boddicker,Mike,R,R,KCA,P,Mike Boddicker,1991,"A,Kansas City,Royals"
bretg001,Brett,George,L,R,KCA,DH,George Brett,1991,"A,Kansas City,Royals"
clard001,Clark,Dave,L,R,KCA,DH,Dave Clark,1991,"A,Kansas City,Royals"
coles001,Cole,Stu,R,R,KCA,2B,Stu Cole,1991,"A,Kansas City,Royals"
corba001,Corbin,Archie,R,R,KCA,P,Archie Corbin,1991,"A,Kansas City,Royals"
craws001,Crawford,Steve,R,R,KCA,P,Steve Crawford,1991,"A,Kansas City,Royals"
cromw101,Cromartie,Warren,L,L,KCA,1B,Warren Cromartie,1991,"A,Kansas City,Royals"
davim001,Davis,Mark,L,L,KCA,P,Mark Davis,1991,"A,Kansas City,Royals"
davis001,Davis,Storm,R,R,KCA,P,Storm Davis,1991,"A,Kansas City,Royals"
eisej001,Eisenreich,Jim,L,L,KCA,OF,Jim Eisenreich,1991,"A,Kansas City,Royals"
gardw001,Gardner,Wes,R,R,KCA,P,Wes Gardner,1991,"A,Kansas City,Royals"
gibsk001,Gibson,Kirk,L,L,KCA,OF,Kirk Gibson,1991,"A,Kansas City,Royals"
gordt001,Gordon,Tom,R,R,KCA,P,Tom Gordon,1991,"A,Kansas City,Royals"
gubim001,Gubicza,Mark,R,R,KCA,P,Mark Gubicza,1991,"A,Kansas City,Royals"
howad001,Howard,David,B,R,KCA,SS,David Howard,1991,"A,Kansas City,Royals"
johnj005,Johnston,Joel,R,R,KCA,P,Joel Johnston,1991,"A,Kansas City,Royals"
lirin001,Liriano,Nelson,B,R,KCA,2B,Nelson Liriano,1991,"A,Kansas City,Royals"
macfm001,Macfarlane,Mike,R,R,KCA,C,Mike Macfarlane,1991,"A,Kansas City,Royals"
magnm001,Magnante,Mike,L,L,KCA,P,Mike Magnante,1991,"A,Kansas City,Royals"
maldc002,Maldonado,Carlos,R,R,KCA,P,Carlos Maldonado,1991,"A,Kansas City,Royals"
martc001,Martinez,Carmelo,R,R,KCA,1B,Carmelo Martinez,1991,"A,Kansas City,Royals"
maynb001,Mayne,Brent,L,R,KCA,C,Brent Mayne,1991,"A,Kansas City,Royals"
mcgaa001,McGaffigan,Andy,R,R,KCA,P,Andy McGaffigan,1991,"A,Kansas City,Royals"
mcrab001,McRae,Brian,B,R,KCA,OF,Brian McRae,1991,"A,Kansas City,Royals"
montj002,Montgomery,Jeff,R,R,KCA,P,Jeff Montgomery,1991,"A,Kansas City,Royals"
moorb004,Moore,Bobby,R,R,KCA,OF,Bobby Moore,1991,"A,Kansas City,Royals"
mormr001,Morman,Russ,R,R,KCA,1B,Russ Morman,1991,"A,Kansas City,Royals"
pecob001,Pecota,Bill,R,R,KCA,3B,Bill Pecota,1991,"A,Kansas City,Royals"
pedrj001,Pedre,Jorge,R,R,KCA,C,Jorge Pedre,1991,"A,Kansas City,Royals"
puhlt001,Puhl,Terry,L,R,KCA,DH,Terry Puhl,1991,"A,Kansas City,Royals"
pullh001,Pulliam,Harvey,R,R,KCA,OF,Harvey Pulliam,1991,"A,Kansas City,Royals"
sabeb001,Saberhagen,Bret,R,R,KCA,P,Bret Saberhagen,1991,"A,Kansas City,Royals"
schad001,Schatzeder,Dan,L,L,KCA,P,Dan Schatzeder,1991,"A,Kansas City,Royals"
seitk001,Seitzer,Kevin,R,R,KCA,3B,Kevin Seitzer,1991,"A,Kansas City,Royals"
shumt001,Shumpert,Terry,R,R,KCA,2B,Terry Shumpert,1991,"A,Kansas City,Royals"
speht001,Spehr,Tim,R,R,KCA,C,Tim Spehr,1991,"A,Kansas City,Royals"
stilk001,Stillwell,Kurt,B,R,KCA,SS,Kurt Stillwell,1991,"A,Kansas City,Royals"
tartd001,Tartabull,Danny,R,R,KCA,OF,Danny Tartabull,1991,"A,Kansas City,Royals"
thurg001,Thurman,Gary,R,R,KCA,OF,Gary Thurman,1991,"A,Kansas City,Royals"
wagnh001,Wagner,Hector,R,R,KCA,P,Hector Wagner,1991,"A,Kansas City,Royals"
zuvep001,Zuvella,Paul,R,R,KCA,3B,Paul Zuvella,1991,"A,Kansas City,Royals"
