player_id,last,first,bats,throws,team_id,pos,player_name,year,team_name
adamt001,Adams,Terry,R,R,LAN,P,Terry Adams,2000,"N,Los Angeles,Dodgers"
arnoj001,Arnold,Jamie,R,R,LAN,P,Jamie Arnold,2000,"N,Los Angeles,Dodgers"
avenb001,Aven,Bruce,R,R,LAN,OF,Bruce Aven,2000,"N,Los Angeles,Dodgers"
belta001,Beltre,Adrian,R,R,LAN,3B,Adrian Beltre,2000,"N,Los Angeles,Dodgers"
berrg001,Berroa,Geronimo,R,R,LAN,OF,Geronimo Berroa,2000,"N,Los Angeles,Dodgers"
bocah001,Bocachica,Hiram,R,R,LAN,2B,Hiram Bocachica,2000,"N,Los Angeles,Dodgers"
branj002,Branson,Jeff,L,R,LAN,SS,Jeff Branson,2000,"N,Los Angeles,Dodgers"
browk001,Brown,Kevin,R,R,LAN,P,Kevin Brown,2000,"N,Los Angeles,Dodgers"
coraa001,Cora,Alex,L,R,LAN,SS,Alex Cora,2000,"N,Los Angeles,Dodgers"
donnc001,Donnels,Chris,L,R,LAN,OF,Chris Donnels,2000,"N,Los Angeles,Dodgers"
dreid001,Dreifort,Darren,R,R,LAN,P,Darren Dreifort,2000,"N,Los Angeles,Dodgers"
elstk001,Elster,Kevin,R,R,LAN,SS,Kevin Elster,2000,"N,Los Angeles,Dodgers"
fettm001,Fetters,Mike,R,R,LAN,P,Mike Fetters,2000,"N,Los Angeles,Dodgers"
gagne001,Gagne,Eric,R,R,LAN,P,Eric Gagne,2000,"N,Los Angeles,Dodgers"
gilbs001,Gilbert,Shawn,R,R,LAN,OF,Shawn Gilbert,2000,"N,Los Angeles,Dodgers"
goodt001,Goodwin,Tom,L,R,LAN,OF,Tom Goodwin,2000,"N,Los Angeles,Dodgers"
grees001,Green,Shawn,L,L,LAN,OF,Shawn Green,2000,"N,Los Angeles,Dodgers"
grudm001,Grudzielanek,Mark,R,R,LAN,2B,Mark Grudzielanek,2000,"N,Los Angeles,Dodgers"
hansd001,Hansen,Dave,L,R,LAN,1B,Dave Hansen,2000,"N,Los Angeles,Dodgers"
hergm001,Herges,Matt,L,R,LAN,P,Matt Herges,2000,"N,Los Angeles,Dodgers"
herso001,Hershiser,Orel,R,R,LAN,P,Orel Hershiser,2000,"N,Los Angeles,Dodgers"
hollt001,Hollandsworth,Todd,L,L,LAN,OF,Todd Hollandsworth,2000,"N,Los Angeles,Dodgers"
hundt001,Hundley,Todd,B,R,LAN,C,Todd Hundley,2000,"N,Los Angeles,Dodgers"
juddm001,Judd,Mike,R,R,LAN,P,Mike Judd,2000,"N,Los Angeles,Dodgers"
karre001,Karros,Eric,R,R,LAN,1B,Eric Karros,2000,"N,Los Angeles,Dodgers"
kreuc001,Kreuter,Chad,B,R,LAN,C,Chad Kreuter,2000,"N,Los Angeles,Dodgers"
leyrj001,Leyritz,Jim,R,R,LAN,1B,Jim Leyritz,2000,"N,Los Angeles,Dodgers"
lodup001,Lo Duca,Paul,R,R,LAN,C,Paul Lo Duca,2000,"N,Los Angeles,Dodgers"
masao001,Masaoka,Onan,R,L,LAN,P,Onan Masaoka,2000,"N,Los Angeles,Dodgers"
melha001,Melhuse,Adam,B,R,LAN,PH,Adam Melhuse,2000,"N,Los Angeles,Dodgers"
metcm001,Metcalfe,Mike,R,R,LAN,OF,Mike Metcalfe,2000,"N,Los Angeles,Dodgers"
milla001,Mills,Alan,R,R,LAN,P,Alan Mills,2000,"N,Los Angeles,Dodgers"
millt002,Miller,Trever,R,L,LAN,P,Trever Miller,2000,"N,Los Angeles,Dodgers"
olsog001,Olson,Gregg,R,R,LAN,P,Gregg Olson,2000,"N,Los Angeles,Dodgers"
osuna002,Osuna,Antonio,R,R,LAN,P,Antonio Osuna,2000,"N,Los Angeles,Dodgers"
parkc002,Park,Chan Ho,R,R,LAN,P,Chan Ho Park,2000,"N,Los Angeles,Dodgers"
perec001,Perez,Carlos,L,L,LAN,P,Carlos Perez,2000,"N,Los Angeles,Dodgers"
prokl001,Prokopec,Luke,L,R,LAN,P,Luke Prokopec,2000,"N,Los Angeles,Dodgers"
reyea001,Reyes,Alberto,R,R,LAN,P,Alberto Reyes,2000,"N,Los Angeles,Dodgers"
santf001,Santangelo,F.P.,B,R,LAN,OF,F.P. Santangelo,2000,"N,Los Angeles,Dodgers"
shawj001,Shaw,Jeff,R,R,LAN,P,Jeff Shaw,2000,"N,Los Angeles,Dodgers"
shefg001,Sheffield,Gary,R,R,LAN,OF,Gary Sheffield,2000,"N,Los Angeles,Dodgers"
valdi001,Valdez,Ismael,R,R,LAN,P,Ismael Valdez,2000,"N,Los Angeles,Dodgers"
vizcj001,Vizcaino,Jose,B,R,LAN,SS,Jose Vizcaino,2000,"N,Los Angeles,Dodgers"
whitd001,White,Devon,B,R,LAN,OF,Devon White,2000,"N,Los Angeles,Dodgers"
willj002,Williams,Jeff,R,L,LAN,P,Jeff Williams,2000,"N,Los Angeles,Dodgers"
ankir001,Ankiel,Rick,L,L,SLN,P,Rick Ankiel,2000,"N,St. Louis,Cardinals"
benea001,Benes,Andy,R,R,SLN,P,Andy Benes,2000,"N,St. Louis,Cardinals"
benea002,Benes,Alan,R,R,SLN,P,Alan Benes,2000,"N,St. Louis,Cardinals"
brunj001,Brunette,Justin,L,L,SLN,P,Justin Brunette,2000,"N,St. Louis,Cardinals"
chrij002,Christiansen,Jason,R,L,SLN,P,Jason Christiansen,2000,"N,St. Louis,Cardinals"
clarw001,Clark,Will,L,L,SLN,1B,Will Clark,2000,"N,St. Louis,Cardinals"
davie001,Davis,Eric,R,R,SLN,OF,Eric Davis,2000,"N,St. Louis,Cardinals"
drewj001,Drew,J.D.,L,R,SLN,OF,J.D. Drew,2000,"N,St. Louis,Cardinals"
dunss001,Dunston,Shawon,R,R,SLN,OF,Shawon Dunston,2000,"N,St. Louis,Cardinals"
edmoj001,Edmonds,Jim,L,L,SLN,OF,Jim Edmonds,2000,"N,St. Louis,Cardinals"
hackl001,Hackman,Luther,R,R,SLN,P,Luther Hackman,2000,"N,St. Louis,Cardinals"
hentp001,Hentgen,Pat,R,R,SLN,P,Pat Hentgen,2000,"N,St. Louis,Cardinals"
hernc001,Hernandez,Carlos,R,R,SLN,C,Carlos Hernandez,2000,"N,St. Louis,Cardinals"
holmd001,Holmes,Darren,R,R,SLN,P,Darren Holmes,2000,"N,St. Louis,Cardinals"
howat001,Howard,Thomas,B,R,SLN,OF,Thomas Howard,2000,"N,St. Louis,Cardinals"
jamem001,James,Mike,R,R,SLN,P,Mike James,2000,"N,St. Louis,Cardinals"
kiled001,Kile,Darryl,R,R,SLN,P,Darryl Kile,2000,"N,St. Louis,Cardinals"
lankr001,Lankford,Ray,L,L,SLN,OF,Ray Lankford,2000,"N,St. Louis,Cardinals"
marre001,Marrero,Eli,R,R,SLN,C,Eli Marrero,2000,"N,St. Louis,Cardinals"
mathm001,Matheny,Mike,R,R,SLN,C,Mike Matheny,2000,"N,St. Louis,Cardinals"
mattm001,Matthews,Mike,L,L,SLN,P,Mike Matthews,2000,"N,St. Louis,Cardinals"
mcdok001,McDonald,Keith,R,R,SLN,C,Keith McDonald,2000,"N,St. Louis,Cardinals"
mcgwm001,McGwire,Mark,R,R,SLN,1B,Mark McGwire,2000,"N,St. Louis,Cardinals"
mohlm001,Mohler,Mike,R,L,SLN,P,Mike Mohler,2000,"N,St. Louis,Cardinals"
morrm001,Morris,Matt,R,R,SLN,P,Matt Morris,2000,"N,St. Louis,Cardinals"
orosj001,Orosco,Jesse,R,L,SLN,P,Jesse Orosco,2000,"N,St. Louis,Cardinals"
paquc001,Paquette,Craig,R,R,SLN,3B,Craig Paquette,2000,"N,St. Louis,Cardinals"
peree001,Perez,Eduardo,R,R,SLN,1B,Eduardo Perez,2000,"N,St. Louis,Cardinals"
polap001,Polanco,Placido,R,R,SLN,2B,Placido Polanco,2000,"N,St. Louis,Cardinals"
radis001,Radinsky,Scott,L,L,SLN,P,Scott Radinsky,2000,"N,St. Louis,Cardinals"
reamb001,Reames,Britt,R,R,SLN,P,Britt Reames,2000,"N,St. Louis,Cardinals"
rente001,Renteria,Edgar,R,R,SLN,SS,Edgar Renteria,2000,"N,St. Louis,Cardinals"
richc001,Richard,Chris,L,L,SLN,OF,Chris Richard,2000,"N,St. Louis,Cardinals"
rodrj001,Rodriguez,Jose,L,L,SLN,P,Jose Rodriguez,2000,"N,St. Louis,Cardinals"
satul001,Saturria,Luis,R,R,SLN,OF,Luis Saturria,2000,"N,St. Louis,Cardinals"
sloch001,Slocumb,Heathcliff,R,R,SLN,P,Heathcliff Slocumb,2000,"N,St. Louis,Cardinals"
stecg001,Stechschulte,Gene,R,R,SLN,P,Gene Stechschulte,2000,"N,St. Louis,Cardinals"
stepg001,Stephenson,Garrett,R,R,SLN,P,Garrett Stephenson,2000,"N,St. Louis,Cardinals"
suttl001,Sutton,Larry,L,L,SLN,1B,Larry Sutton,2000,"N,St. Louis,Cardinals"
tatif001,Tatis,Fernando,R,R,SLN,3B,Fernando Tatis,2000,"N,St. Louis,Cardinals"
thomm002,Thompson,Mark,R,R,SLN,P,Mark Thompson,2000,"N,St. Louis,Cardinals"
timlm001,Timlin,Mike,R,R,SLN,P,Mike Timlin,2000,"N,St. Louis,Cardinals"
vered001,Veres,Dave,R,R,SLN,P,Dave Veres,2000,"N,St. Louis,Cardinals"
vinaf001,Vina,Fernando,L,R,SLN,2B,Fernando Vina,2000,"N,St. Louis,Cardinals"
waind001,Wainhouse,Dave,L,R,SLN,P,Dave Wainhouse,2000,"N,St. Louis,Cardinals"
wilkr001,Wilkins,Rick,L,R,SLN,C,Rick Wilkins,2000,"N,St. Louis,Cardinals"
abbop001,Abbott,Paul,R,R,SEA,P,Paul Abbott,2000,"A,Seattle,Mariners"
belld002,Bell,David,R,R,SEA,3B,David Bell,2000,"A,Seattle,Mariners"
buhnj001,Buhner,Jay,R,R,SEA,OF,Jay Buhner,2000,"A,Seattle,Mariners"
camem001,Cameron,Mike,R,R,SEA,OF,Mike Cameron,2000,"A,Seattle,Mariners"
garcf002,Garcia,Freddy,R,R,SEA,P,Freddy Garcia,2000,"A,Seattle,Mariners"
gipsc001,Gipson,Charles,R,R,SEA,OF,Charles Gipson,2000,"A,Seattle,Mariners"
guilc001,Guillen,Carlos,B,R,SEA,3B,Carlos Guillen,2000,"A,Seattle,Mariners"
halaj001,Halama,John,L,L,SEA,P,John Halama,2000,"A,Seattle,Mariners"
hendr001,Henderson,Rickey,R,L,SEA,OF,Rickey Henderson,2000,"A,Seattle,Mariners"
hernc003,Hernandez,Carlos,R,R,SEA,3B,Carlos Hernandez,2000,"A,Seattle,Mariners"
hodgk001,Hodges,Kevin,R,R,SEA,P,Kevin Hodges,2000,"A,Seattle,Mariners"
ibanr001,Ibanez,Raul,L,R,SEA,OF,Raul Ibanez,2000,"A,Seattle,Mariners"
javis001,Javier,Stan,B,R,SEA,OF,Stan Javier,2000,"A,Seattle,Mariners"
lampt001,Lampkin,Tom,L,R,SEA,C,Tom Lampkin,2000,"A,Seattle,Mariners"
leshb001,Lesher,Brian,R,L,SEA,1B,Brian Lesher,2000,"A,Seattle,Mariners"
mabrj001,Mabry,John,L,R,SEA,3B,John Mabry,2000,"A,Seattle,Mariners"
machr001,Machado,Robert,R,R,SEA,C,Robert Machado,2000,"A,Seattle,Mariners"
marta001,Martin,Al,L,L,SEA,OF,Al Martin,2000,"A,Seattle,Mariners"
marte001,Martinez,Edgar,R,R,SEA,DH,Edgar Martinez,2000,"A,Seattle,Mariners"
mclem001,McLemore,Mark,B,R,SEA,2B,Mark McLemore,2000,"A,Seattle,Mariners"
mechg001,Meche,Gil,R,R,SEA,P,Gil Meche,2000,"A,Seattle,Mariners"
mesaj001,Mesa,Jose,R,R,SEA,P,Jose Mesa,2000,"A,Seattle,Mariners"
moyej001,Moyer,Jamie,L,L,SEA,P,Jamie Moyer,2000,"A,Seattle,Mariners"
olerj001,Olerud,John,L,L,SEA,1B,John Olerud,2000,"A,Seattle,Mariners"
olivj001,Oliver,Joe,R,R,SEA,C,Joe Oliver,2000,"A,Seattle,Mariners"
panij001,Paniagua,Jose,R,R,SEA,P,Jose Paniagua,2000,"A,Seattle,Mariners"
pinej001,Pineiro,Joel,R,R,SEA,P,Joel Pineiro,2000,"A,Seattle,Mariners"
ramsr001,Ramsay,Robert,L,L,SEA,P,Robert Ramsay,2000,"A,Seattle,Mariners"
rhoda001,Rhodes,Arthur,L,L,SEA,P,Arthur Rhodes,2000,"A,Seattle,Mariners"
rodra001,Rodriguez,Alex,R,R,SEA,SS,Alex Rodriguez,2000,"A,Seattle,Mariners"
rodrf001,Rodriguez,Frankie,R,R,SEA,P,Frankie Rodriguez,2000,"A,Seattle,Mariners"
sanda001,Sanders,Anthony,R,R,SEA,OF,Anthony Sanders,2000,"A,Seattle,Mariners"
sasak001,Sasaki,Kazuhiro,R,R,SEA,P,Kazuhiro Sasaki,2000,"A,Seattle,Mariners"
selea001,Sele,Aaron,R,R,SEA,P,Aaron Sele,2000,"A,Seattle,Mariners"
tomkb001,Tomko,Brett,R,R,SEA,P,Brett Tomko,2000,"A,Seattle,Mariners"
widgc001,Widger,Chris,R,R,SEA,C,Chris Widger,2000,"A,Seattle,Mariners"
wilsd001,Wilson,Dan,R,R,SEA,C,Dan Wilson,2000,"A,Seattle,Mariners"
aurir001,Aurilia,Rich,R,R,SFN,SS,Rich Aurilia,2000,"N,San Francisco,Giants"
benam001,Benard,Marvin,L,L,SFN,OF,Marvin Benard,2000,"N,San Francisco,Giants"
bondb001,Bonds,Barry,L,L,SFN,OF,Barry Bonds,2000,"N,San Francisco,Giants"
burke001,Burks,Ellis,R,R,SFN,OF,Ellis Burks,2000,"N,San Francisco,Giants"
cresf001,Crespo,Felipe,B,R,SFN,OF,Felipe Crespo,2000,"N,San Francisco,Giants"
davir002,Davis,Russ,R,R,SFN,3B,Russ Davis,2000,"N,San Francisco,Giants"
deltm001,Del Toro,Miguel,R,R,SFN,P,Miguel Del Toro,2000,"N,San Francisco,Giants"
embra001,Embree,Alan,L,L,SFN,P,Alan Embree,2000,"N,San Francisco,Giants"
estab001,Estalella,Bobby,R,R,SFN,C,Bobby Estalella,2000,"N,San Francisco,Giants"
estes001,Estes,Shawn,R,L,SFN,P,Shawn Estes,2000,"N,San Francisco,Giants"
felip001,Feliz,Pedro,R,R,SFN,3B,Pedro Feliz,2000,"N,San Francisco,Giants"
fulta001,Fultz,Aaron,L,L,SFN,P,Aaron Fultz,2000,"N,San Francisco,Giants"
gardm001,Gardner,Mark,R,R,SFN,P,Mark Gardner,2000,"N,San Francisco,Giants"
henrd002,Henry,Doug,R,R,SFN,P,Doug Henry,2000,"N,San Francisco,Giants"
hernl003,Hernandez,Livan,R,R,SFN,P,Livan Hernandez,2000,"N,San Francisco,Giants"
johnj006,Johnstone,John,R,R,SFN,P,John Johnstone,2000,"N,San Francisco,Giants"
kentj001,Kent,Jeff,R,R,SFN,2B,Jeff Kent,2000,"N,San Francisco,Giants"
lines001,Linebrink,Scott,R,R,SFN,P,Scott Linebrink,2000,"N,San Francisco,Giants"
lowet001,Lowery,Terrell,R,R,SFN,OF,Terrell Lowery,2000,"N,San Francisco,Giants"
martr003,Martinez,Ramon,R,R,SFN,SS,Ramon Martinez,2000,"N,San Francisco,Giants"
meloj001,Melo,Juan,B,R,SFN,2B,Juan Melo,2000,"N,San Francisco,Giants"
minod001,Minor,Damon,L,L,SFN,1B,Damon Minor,2000,"N,San Francisco,Giants"
mirad001,Mirabelli,Doug,R,R,SFN,C,Doug Mirabelli,2000,"N,San Francisco,Giants"
muelb001,Mueller,Bill,B,R,SFN,3B,Bill Mueller,2000,"N,San Francisco,Giants"
murrc001,Murray,Calvin,R,R,SFN,OF,Calvin Murray,2000,"N,San Francisco,Giants"
nathj001,Nathan,Joe,R,R,SFN,P,Joe Nathan,2000,"N,San Francisco,Giants"
nen-r001,Nen,Robb,R,R,SFN,P,Robb Nen,2000,"N,San Francisco,Giants"
ortir001,Ortiz,Russ,R,R,SFN,P,Russ Ortiz,2000,"N,San Francisco,Giants"
riosa001,Rios,Armando,L,L,SFN,OF,Armando Rios,2000,"N,San Francisco,Giants"
rodrf002,Rodriguez,Felix,R,R,SFN,P,Felix Rodriguez,2000,"N,San Francisco,Giants"
ruetk001,Rueter,Kirk,L,L,SFN,P,Kirk Rueter,2000,"N,San Francisco,Giants"
servs002,Servais,Scott,R,R,SFN,C,Scott Servais,2000,"N,San Francisco,Giants"
snowj001,Snow,J.T.,L,L,SFN,1B,J.T. Snow,2000,"N,San Francisco,Giants"
voger001,Vogelsong,Ryan,R,R,SFN,P,Ryan Vogelsong,2000,"N,San Francisco,Giants"
webeb001,Weber,Ben,R,R,SFN,P,Ben Weber,2000,"N,San Francisco,Giants"
zerbc001,Zerbe,Chad,L,L,SFN,P,Chad Zerbe,2000,"N,San Francisco,Giants"
cairm001,Cairo,Miguel,R,R,TBA,2B,Miguel Cairo,2000,"A,Tampa Bay,Devil Rays"
cansj001,Canseco,Jose,R,R,TBA,DH,Jose Canseco,2000,"A,Tampa Bay,Devil Rays"
castv001,Castilla,Vinny,R,R,TBA,3B,Vinny Castilla,2000,"A,Tampa Bay,Devil Rays"
cox-s001,Cox,Steve,L,L,TBA,OF,Steve Cox,2000,"A,Tampa Bay,Devil Rays"
creed001,Creek,Doug,L,L,TBA,P,Doug Creek,2000,"A,Tampa Bay,Devil Rays"
difem001,Difelice,Mike,R,R,TBA,C,Mike Difelice,2000,"A,Tampa Bay,Devil Rays"
duvam001,Duvall,Mike,R,L,TBA,P,Mike Duvall,2000,"A,Tampa Bay,Devil Rays"
eilad001,Eiland,Dave,R,R,TBA,P,Dave Eiland,2000,"A,Tampa Bay,Devil Rays"
endet001,Enders,Trevor,R,L,TBA,P,Trevor Enders,2000,"A,Tampa Bay,Devil Rays"
fiort001,Fiore,Tony,R,R,TBA,P,Tony Fiore,2000,"A,Tampa Bay,Devil Rays"
flahj001,Flaherty,John,R,R,TBA,C,John Flaherty,2000,"A,Tampa Bay,Devil Rays"
goodd001,Gooden,Dwight,R,R,TBA,P,Dwight Gooden,2000,"A,Tampa Bay,Devil Rays"
graft001,Graffanino,Tony,R,R,TBA,2B,Tony Graffanino,2000,"A,Tampa Bay,Devil Rays"
guilj001,Guillen,Jose,R,R,TBA,OF,Jose Guillen,2000,"A,Tampa Bay,Devil Rays"
guilo001,Guillen,Ozzie,L,R,TBA,SS,Ozzie Guillen,2000,"A,Tampa Bay,Devil Rays"
guthm001,Guthrie,Mark,R,L,TBA,P,Mark Guthrie,2000,"A,Tampa Bay,Devil Rays"
guzmj003,Guzman,Juan,R,R,TBA,P,Juan Guzman,2000,"A,Tampa Bay,Devil Rays"
hallt001,Hall,Toby,R,R,TBA,C,Toby Hall,2000,"A,Tampa Bay,Devil Rays"
harpt002,Harper,Travis,L,R,TBA,P,Travis Harper,2000,"A,Tampa Bay,Devil Rays"
hernr001,Hernandez,Roberto,R,R,TBA,P,Roberto Hernandez,2000,"A,Tampa Bay,Devil Rays"
huffa001,Huff,Aubrey,L,R,TBA,3B,Aubrey Huff,2000,"A,Tampa Bay,Devil Rays"
johnr006,Johnson,Russ,R,R,TBA,3B,Russ Johnson,2000,"A,Tampa Bay,Devil Rays"
kellk001,Kelly,Kenny,R,R,TBA,DH,Kenny Kelly,2000,"A,Tampa Bay,Devil Rays"
lidlc001,Lidle,Cory,R,R,TBA,P,Cory Lidle,2000,"A,Tampa Bay,Devil Rays"
lopea002,Lopez,Albie,R,R,TBA,P,Albie Lopez,2000,"A,Tampa Bay,Devil Rays"
martd002,Martinez,Dave,L,L,TBA,OF,Dave Martinez,2000,"A,Tampa Bay,Devil Rays"
martf001,Martinez,Felix,B,R,TBA,SS,Felix Martinez,2000,"A,Tampa Bay,Devil Rays"
mccrq001,McCracken,Quinton,B,R,TBA,OF,Quinton McCracken,2000,"A,Tampa Bay,Devil Rays"
mcgrf001,McGriff,Fred,L,L,TBA,1B,Fred McGriff,2000,"A,Tampa Bay,Devil Rays"
mecij001,Mecir,Jim,B,R,TBA,P,Jim Mecir,2000,"A,Tampa Bay,Devil Rays"
morrj004,Morris,Jim,L,L,TBA,P,Jim Morris,2000,"A,Tampa Bay,Devil Rays"
perrh001,Perry,Herbert,R,R,TBA,3B,Herbert Perry,2000,"A,Tampa Bay,Devil Rays"
rekab001,Rekar,Bryan,R,R,TBA,P,Bryan Rekar,2000,"A,Tampa Bay,Devil Rays"
rolld001,Rolls,Damian,R,R,TBA,3B,Damian Rolls,2000,"A,Tampa Bay,Devil Rays"
ruper001,Rupe,Ryan,R,R,TBA,P,Ryan Rupe,2000,"A,Tampa Bay,Devil Rays"
smitr003,Smith,Bob,R,R,TBA,2B,Bob Smith,2000,"A,Tampa Bay,Devil Rays"
sparj001,Sparks,Jeff,R,R,TBA,P,Jeff Sparks,2000,"A,Tampa Bay,Devil Rays"
stock001,Stocker,Kevin,B,R,TBA,SS,Kevin Stocker,2000,"A,Tampa Bay,Devil Rays"
sturt001,Sturtze,Tanyon,R,R,TBA,P,Tanyon Sturtze,2000,"A,Tampa Bay,Devil Rays"
taylb001,Taylor,Billy,R,R,TBA,P,Billy Taylor,2000,"A,Tampa Bay,Devil Rays"
timmo001,Timmons,Ozzie,R,R,TBA,OF,Ozzie Timmons,2000,"A,Tampa Bay,Devil Rays"
tracs001,Trachsel,Steve,R,R,TBA,P,Steve Trachsel,2000,"A,Tampa Bay,Devil Rays"
tramb001,Trammell,Bubba,R,R,TBA,OF,Bubba Trammell,2000,"A,Tampa Bay,Devil Rays"
tynej001,Tyner,Jason,L,L,TBA,OF,Jason Tyner,2000,"A,Tampa Bay,Devil Rays"
vaugg001,Vaughn,Greg,R,R,TBA,OF,Greg Vaughn,2000,"A,Tampa Bay,Devil Rays"
wheed001,Wheeler,Dan,R,R,TBA,P,Dan Wheeler,2000,"A,Tampa Bay,Devil Rays"
whitr002,White,Rick,R,R,TBA,P,Rick White,2000,"A,Tampa Bay,Devil Rays"
willg001,Williams,Gerald,R,R,TBA,OF,Gerald Williams,2000,"A,Tampa Bay,Devil Rays"
wilsp001,Wilson,Paul,R,R,TBA,P,Paul Wilson,2000,"A,Tampa Bay,Devil Rays"
winnr001,Winn,Randy,B,R,TBA,OF,Randy Winn,2000,"A,Tampa Bay,Devil Rays"
yan-e001,Yan,Esteban,R,R,TBA,P,Esteban Yan,2000,"A,Tampa Bay,Devil Rays"
aguir001,Aguilera,Rick,R,R,CHN,P,Rick Aguilera,2000,"N,Chicago,Cubs"
andrs001,Andrews,Shane,R,R,CHN,3B,Shane Andrews,2000,"N,Chicago,Cubs"
arnoj001,Arnold,Jamie,R,R,CHN,P,Jamie Arnold,2000,"N,Chicago,Cubs"
broct001,Brock,Tarrik,L,L,CHN,OF,Tarrik Brock,2000,"N,Chicago,Cubs"
browb003,Brown,Brant,L,L,CHN,OF,Brant Brown,2000,"N,Chicago,Cubs"
browr001,Brown,Roosevelt,L,R,CHN,OF,Roosevelt Brown,2000,"N,Chicago,Cubs"
bufod001,Buford,Damon,R,R,CHN,OF,Damon Buford,2000,"N,Chicago,Cubs"
downs001,Downs,Scott,L,L,CHN,P,Scott Downs,2000,"N,Chicago,Cubs"
farnk001,Farnsworth,Kyle,R,R,CHN,P,Kyle Farnsworth,2000,"N,Chicago,Cubs"
garid001,Garibay,Daniel,L,L,CHN,P,Daniel Garibay,2000,"N,Chicago,Cubs"
giraj001,Girardi,Joe,R,R,CHN,C,Joe Girardi,2000,"N,Chicago,Cubs"
gloar001,Gload,Ross,L,L,CHN,OF,Ross Gload,2000,"N,Chicago,Cubs"
gonzr002,Gonzalez,Raul,R,R,CHN,OF,Raul Gonzalez,2000,"N,Chicago,Cubs"
gracm001,Grace,Mark,L,L,CHN,1B,Mark Grace,2000,"N,Chicago,Cubs"
greew001,Greene,Willie,L,R,CHN,3B,Willie Greene,2000,"N,Chicago,Cubs"
guthm001,Guthrie,Mark,R,L,CHN,P,Mark Guthrie,2000,"N,Chicago,Cubs"
gutir001,Gutierrez,Ricky,R,R,CHN,SS,Ricky Gutierrez,2000,"N,Chicago,Cubs"
heref001,Heredia,Felix,L,L,CHN,P,Felix Heredia,2000,"N,Chicago,Cubs"
hillg001,Hill,Glenallen,R,R,CHN,OF,Glenallen Hill,2000,"N,Chicago,Cubs"
husoj001,Huson,Jeff,L,R,CHN,3B,Jeff Huson,2000,"N,Chicago,Cubs"
karcm001,Karchner,Matt,R,R,CHN,P,Matt Karchner,2000,"N,Chicago,Cubs"
liebj001,Lieber,Jon,L,R,CHN,P,Jon Lieber,2000,"N,Chicago,Cubs"
linic001,Liniak,Cole,R,R,CHN,PH,Cole Liniak,2000,"N,Chicago,Cubs"
lorra001,Lorraine,Andrew,L,L,CHN,P,Andrew Lorraine,2000,"N,Chicago,Cubs"
mahom001,Mahoney,Mike,R,R,CHN,C,Mike Mahoney,2000,"N,Chicago,Cubs"
mairo001,Mairena,Oswaldo,L,L,CHN,P,Oswaldo Mairena,2000,"N,Chicago,Cubs"
martd002,Martinez,Dave,L,L,CHN,OF,Dave Martinez,2000,"N,Chicago,Cubs"
mattg002,Matthews,Gary,B,R,CHN,OF,Gary Matthews,2000,"N,Chicago,Cubs"
meyec001,Meyers,Chad,R,R,CHN,2B,Chad Meyers,2000,"N,Chicago,Cubs"
natij001,Nation,Joey,L,L,CHN,P,Joey Nation,2000,"N,Chicago,Cubs"
nievj002,Nieves,Jose,R,R,CHN,3B,Jose Nieves,2000,"N,Chicago,Cubs"
nortp001,Norton,Phil,R,L,CHN,P,Phil Norton,2000,"N,Chicago,Cubs"
ohmaw001,Ohman,Will,L,L,CHN,P,Will Ohman,2000,"N,Chicago,Cubs"
ojeda001,Ojeda,Augie,B,R,CHN,SS,Augie Ojeda,2000,"N,Chicago,Cubs"
pattc001,Patterson,Corey,L,R,CHN,OF,Corey Patterson,2000,"N,Chicago,Cubs"
quevr001,Quevedo,Ruben,R,R,CHN,P,Ruben Quevedo,2000,"N,Chicago,Cubs"
rains001,Rain,Steve,R,R,CHN,P,Steve Rain,2000,"N,Chicago,Cubs"
reedj001,Reed,Jeff,L,R,CHN,C,Jeff Reed,2000,"N,Chicago,Cubs"
rodrh001,Rodriguez,Henry,L,L,CHN,OF,Henry Rodriguez,2000,"N,Chicago,Cubs"
sosas001,Sosa,Sammy,R,R,CHN,OF,Sammy Sosa,2000,"N,Chicago,Cubs"
spraj001,Spradlin,Jerry,B,R,CHN,P,Jerry Spradlin,2000,"N,Chicago,Cubs"
tapak001,Tapani,Kevin,R,R,CHN,P,Kevin Tapani,2000,"N,Chicago,Cubs"
valdi001,Valdez,Ismael,R,R,CHN,P,Ismael Valdez,2000,"N,Chicago,Cubs"
vanpt001,Van Poppel,Todd,R,R,CHN,P,Todd Van Poppel,2000,"N,Chicago,Cubs"
whitr001,White,Rondell,R,R,CHN,OF,Rondell White,2000,"N,Chicago,Cubs"
willb001,Williams,Brian,R,R,CHN,P,Brian Williams,2000,"N,Chicago,Cubs"
woodk002,Wood,Kerry,R,R,CHN,P,Kerry Wood,2000,"N,Chicago,Cubs"
worrt002,Worrell,Tim,R,R,CHN,P,Tim Worrell,2000,"N,Chicago,Cubs"
yound002,Young,Danny,R,L,CHN,P,Danny Young,2000,"N,Chicago,Cubs"
youne001,Young,Eric,R,R,CHN,2B,Eric Young,2000,"N,Chicago,Cubs"
zulej001,Zuleta,Julio,R,R,CHN,1B,Julio Zuleta,2000,"N,Chicago,Cubs"
aybam001,Aybar,Manny,R,R,CIN,P,Manny Aybar,2000,"N,Cincinnati,Reds"
bartk001,Bartee,Kimera,B,R,CIN,OF,Kimera Bartee,2000,"N,Cincinnati,Reds"
bellm003,Bell,Mike,R,R,CIN,3B,Mike Bell,2000,"N,Cincinnati,Reds"
bellr003,Bell,Rob,R,R,CIN,P,Rob Bell,2000,"N,Cincinnati,Reds"
bichd001,Bichette,Dante,R,R,CIN,OF,Dante Bichette,2000,"N,Cincinnati,Reds"
boona001,Boone,Aaron,R,R,CIN,3B,Aaron Boone,2000,"N,Cincinnati,Reds"
cases001,Casey,Sean,L,R,CIN,1B,Sean Casey,2000,"N,Cincinnati,Reds"
castj004,Castro,Juan,R,R,CIN,SS,Juan Castro,2000,"N,Cincinnati,Reds"
charn001,Charlton,Norm,B,L,CIN,P,Norm Charlton,2000,"N,Cincinnati,Reds"
clarb003,Clark,Brady,R,R,CIN,OF,Brady Clark,2000,"N,Cincinnati,Reds"
cromd001,Cromer,D.T.,L,L,CIN,1B,D.T. Cromer,2000,"N,Cincinnati,Reds"
dawkt001,Dawkins,Travis,R,R,CIN,SS,Travis Dawkins,2000,"N,Cincinnati,Reds"
desse001,Dessens,Elmer,R,R,CIN,P,Elmer Dessens,2000,"N,Cincinnati,Reds"
ferno001,Fernandez,Osvaldo,R,R,CIN,P,Osvaldo Fernandez,2000,"N,Cincinnati,Reds"
glauk001,Glauber,Keith,R,R,CIN,P,Keith Glauber,2000,"N,Cincinnati,Reds"
gravd001,Graves,Danny,R,R,CIN,P,Danny Graves,2000,"N,Cincinnati,Reds"
grifk002,Griffey,Ken,L,L,CIN,OF,Ken Griffey,2000,"N,Cincinnati,Reds"
harnp001,Harnisch,Pete,B,R,CIN,P,Pete Harnisch,2000,"N,Cincinnati,Reds"
huntb002,Hunter,Brian,R,R,CIN,OF,Brian Hunter,2000,"N,Cincinnati,Reds"
kiesb001,Kieschnick,Brooks,L,R,CIN,1B,Brooks Kieschnick,2000,"N,Cincinnati,Reds"
larka001,Larkin,Andy,R,R,CIN,P,Andy Larkin,2000,"N,Cincinnati,Reds"
larkb001,Larkin,Barry,R,R,CIN,SS,Barry Larkin,2000,"N,Cincinnati,Reds"
laruj001,LaRue,Jason,R,R,CIN,C,Jason LaRue,2000,"N,Cincinnati,Reds"
lewim001,Lewis,Mark,R,R,CIN,3B,Mark Lewis,2000,"N,Cincinnati,Reds"
luebl001,Luebbers,Larry,R,R,CIN,P,Larry Luebbers,2000,"N,Cincinnati,Reds"
merch002,Mercado,Hector,L,L,CIN,P,Hector Mercado,2000,"N,Cincinnati,Reds"
morrh001,Morris,Hal,L,L,CIN,1B,Hal Morris,2000,"N,Cincinnati,Reds"
neagd001,Neagle,Denny,L,L,CIN,P,Denny Neagle,2000,"N,Cincinnati,Reds"
ochoa001,Ochoa,Alex,R,R,CIN,OF,Alex Ochoa,2000,"N,Cincinnati,Reds"
parrs001,Parris,Steve,R,R,CIN,P,Steve Parris,2000,"N,Cincinnati,Reds"
reesp001,Reese,Pokey,R,R,CIN,2B,Pokey Reese,2000,"N,Cincinnati,Reds"
reyed001,Reyes,Dennys,R,L,CIN,P,Dennys Reyes,2000,"N,Cincinnati,Reds"
riedj001,Riedling,John,R,R,CIN,P,John Riedling,2000,"N,Cincinnati,Reds"
santb001,Santiago,Benito,R,R,CIN,C,Benito Santiago,2000,"N,Cincinnati,Reds"
sextc001,Sexton,Chris,R,R,CIN,SS,Chris Sexton,2000,"N,Cincinnati,Reds"
stync001,Stynes,Chris,R,R,CIN,3B,Chris Stynes,2000,"N,Cincinnati,Reds"
sulls001,Sullivan,Scott,R,R,CIN,P,Scott Sullivan,2000,"N,Cincinnati,Reds"
taube001,Taubensee,Ed,L,R,CIN,C,Ed Taubensee,2000,"N,Cincinnati,Reds"
tuckm001,Tucker,Michael,L,R,CIN,OF,Michael Tucker,2000,"N,Cincinnati,Reds"
villr001,Villone,Ron,L,L,CIN,P,Ron Villone,2000,"N,Cincinnati,Reds"
whitg001,White,Gabe,L,L,CIN,P,Gabe White,2000,"N,Cincinnati,Reds"
wills002,Williamson,Scott,R,R,CIN,P,Scott Williamson,2000,"N,Cincinnati,Reds"
wincs001,Winchester,Scott,R,R,CIN,P,Scott Winchester,2000,"N,Cincinnati,Reds"
wohlm001,Wohlers,Mark,R,R,CIN,P,Mark Wohlers,2000,"N,Cincinnati,Reds"
yound001,Young,Dmitri,B,R,CIN,OF,Dmitri Young,2000,"N,Cincinnati,Reds"
alcai001,Alcantara,Israel,R,R,BOS,DH,Israel Alcantara,2000,"A,Boston,Red Sox"
alexm001,Alexander,Manny,R,R,BOS,3B,Manny Alexander,2000,"A,Boston,Red Sox"
arror001,Arrojo,Rolando,R,R,BOS,P,Rolando Arrojo,2000,"A,Boston,Red Sox"
beckr001,Beck,Rod,R,R,BOS,P,Rod Beck,2000,"A,Boston,Red Sox"
berrs001,Berry,Sean,R,R,BOS,3B,Sean Berry,2000,"A,Boston,Red Sox"
bichd001,Bichette,Dante,R,R,BOS,DH,Dante Bichette,2000,"A,Boston,Red Sox"
brogr001,Brogna,Rico,L,L,BOS,1B,Rico Brogna,2000,"A,Boston,Red Sox"
burkm001,Burkhart,Morgan,B,L,BOS,DH,Morgan Burkhart,2000,"A,Boston,Red Sox"
carrh001,Carrasco,Hector,R,R,BOS,P,Hector Carrasco,2000,"A,Boston,Red Sox"
cormr001,Cormier,Rheal,L,L,BOS,P,Rheal Cormier,2000,"A,Boston,Red Sox"
crawp001,Crawford,Paxton,R,R,BOS,P,Paxton Crawford,2000,"A,Boston,Red Sox"
crour001,Croushore,Rich,R,R,BOS,P,Rich Croushore,2000,"A,Boston,Red Sox"
cummm001,Cummings,Midre,L,R,BOS,OF,Midre Cummings,2000,"A,Boston,Red Sox"
daubb001,Daubach,Brian,L,R,BOS,1B,Brian Daubach,2000,"A,Boston,Red Sox"
everc001,Everett,Carl,B,R,BOS,OF,Carl Everett,2000,"A,Boston,Red Sox"
fassj001,Fassero,Jeff,L,L,BOS,P,Jeff Fassero,2000,"A,Boston,Red Sox"
florb001,Florie,Bryce,R,R,BOS,P,Bryce Florie,2000,"A,Boston,Red Sox"
fryej001,Frye,Jeff,R,R,BOS,2B,Jeff Frye,2000,"A,Boston,Red Sox"
gaetg001,Gaetti,Gary,R,R,BOS,DH,Gary Gaetti,2000,"A,Boston,Red Sox"
garcn001,Garciaparra,Nomar,R,R,BOS,SS,Nomar Garciaparra,2000,"A,Boston,Red Sox"
garcr001,Garces,Rich,R,R,BOS,P,Rich Garces,2000,"A,Boston,Red Sox"
gilkb001,Gilkey,Bernard,R,R,BOS,OF,Bernard Gilkey,2000,"A,Boston,Red Sox"
hatts001,Hatteberg,Scott,L,R,BOS,C,Scott Hatteberg,2000,"A,Boston,Red Sox"
lansm001,Lansing,Mike,R,R,BOS,2B,Mike Lansing,2000,"A,Boston,Red Sox"
lee-s001,Lee,Sang-Hoon,L,L,BOS,P,Sang-Hoon Lee,2000,"A,Boston,Red Sox"
lewid001,Lewis,Darren,R,R,BOS,OF,Darren Lewis,2000,"A,Boston,Red Sox"
lowed001,Lowe,Derek,R,R,BOS,P,Derek Lowe,2000,"A,Boston,Red Sox"
martp001,Martinez,Pedro,R,R,BOS,P,Pedro Martinez,2000,"A,Boston,Red Sox"
martr002,Martinez,Ramon,L,R,BOS,P,Ramon Martinez,2000,"A,Boston,Red Sox"
merll001,Merloni,Lou,R,R,BOS,3B,Lou Merloni,2000,"A,Boston,Red Sox"
nixot001,Nixon,Trot,L,L,BOS,OF,Trot Nixon,2000,"A,Boston,Red Sox"
offej001,Offerman,Jose,B,R,BOS,2B,Jose Offerman,2000,"A,Boston,Red Sox"
ohkat001,Ohka,Tomo,B,R,BOS,P,Tomo Ohka,2000,"A,Boston,Red Sox"
oleat001,O'Leary,Troy,L,L,BOS,OF,Troy O'Leary,2000,"A,Boston,Red Sox"
ontis001,Ontiveros,Steve,R,R,BOS,P,Steve Ontiveros,2000,"A,Boston,Red Sox"
penaj003,Pena,Jesus,L,L,BOS,P,Jesus Pena,2000,"A,Boston,Red Sox"
pichh001,Pichardo,Hipolito,R,R,BOS,P,Hipolito Pichardo,2000,"A,Boston,Red Sox"
pridc001,Pride,Curtis,L,R,BOS,OF,Curtis Pride,2000,"A,Boston,Red Sox"
roseb002,Rose,Brian,R,R,BOS,P,Brian Rose,2000,"A,Boston,Red Sox"
sadld001,Sadler,Donnie,R,R,BOS,SS,Donnie Sadler,2000,"A,Boston,Red Sox"
schop001,Schourek,Pete,L,L,BOS,P,Pete Schourek,2000,"A,Boston,Red Sox"
sheea001,Sheets,Andy,R,R,BOS,SS,Andy Sheets,2000,"A,Boston,Red Sox"
smitd006,Smith,Dan,R,R,BOS,P,Dan Smith,2000,"A,Boston,Red Sox"
sprae001,Sprague,Ed,R,R,BOS,3B,Ed Sprague,2000,"A,Boston,Red Sox"
stanm002,Stanley,Mike,R,R,BOS,1B,Mike Stanley,2000,"A,Boston,Red Sox"
stanr001,Stanifer,Rob,R,R,BOS,P,Rob Stanifer,2000,"A,Boston,Red Sox"
valej002,Valentin,John,R,R,BOS,3B,John Valentin,2000,"A,Boston,Red Sox"
varij001,Varitek,Jason,B,R,BOS,C,Jason Varitek,2000,"A,Boston,Red Sox"
veraw001,Veras,Wilton,R,R,BOS,3B,Wilton Veras,2000,"A,Boston,Red Sox"
waket001,Wakefield,Tim,R,R,BOS,P,Tim Wakefield,2000,"A,Boston,Red Sox"
wasdj001,Wasdin,John,R,R,BOS,P,John Wasdin,2000,"A,Boston,Red Sox"
yount001,Young,Tim,L,L,BOS,P,Tim Young,2000,"A,Boston,Red Sox"
arror001,Arrojo,Rolando,R,R,COL,P,Rolando Arrojo,2000,"N,Colorado,Rockies"
astap001,Astacio,Pedro,R,R,COL,P,Pedro Astacio,2000,"N,Colorado,Rockies"
aybam001,Aybar,Manny,R,R,COL,P,Manny Aybar,2000,"N,Colorado,Rockies"
belis001,Belinda,Stan,R,R,COL,P,Stan Belinda,2000,"N,Colorado,Rockies"
beltr001,Beltran,Rigo,L,L,COL,P,Rigo Beltran,2000,"N,Colorado,Rockies"
bohab001,Bohanon,Brian,L,L,COL,P,Brian Bohanon,2000,"N,Colorado,Rockies"
bragd001,Bragg,Darren,L,R,COL,OF,Darren Bragg,2000,"N,Colorado,Rockies"
carpb001,Carpenter,Bubba,L,L,COL,OF,Bubba Carpenter,2000,"N,Colorado,Rockies"
carrg001,Carrara,Giovanni,R,R,COL,P,Giovanni Carrara,2000,"N,Colorado,Rockies"
choub001,Chouinard,Bobby,R,R,COL,P,Bobby Chouinard,2000,"N,Colorado,Rockies"
cirij001,Cirillo,Jeff,R,R,COL,3B,Jeff Cirillo,2000,"N,Colorado,Rockies"
crour001,Croushore,Rich,R,R,COL,P,Rich Croushore,2000,"N,Colorado,Rockies"
dejem001,DeJean,Mike,R,R,COL,P,Mike DeJean,2000,"N,Colorado,Rockies"
dipoj001,DiPoto,Jerry,R,R,COL,P,Jerry DiPoto,2000,"N,Colorado,Rockies"
echea001,Echevarria,Angel,R,R,COL,1B,Angel Echevarria,2000,"N,Colorado,Rockies"
fryej001,Frye,Jeff,R,R,COL,2B,Jeff Frye,2000,"N,Colorado,Rockies"
goodt001,Goodwin,Tom,L,R,COL,OF,Tom Goodwin,2000,"N,Colorado,Rockies"
hammj001,Hammonds,Jeffrey,R,R,COL,OF,Jeffrey Hammonds,2000,"N,Colorado,Rockies"
heltt001,Helton,Todd,L,L,COL,1B,Todd Helton,2000,"N,Colorado,Rockies"
hollt001,Hollandsworth,Todd,L,L,COL,OF,Todd Hollandsworth,2000,"N,Colorado,Rockies"
housc001,House,Craig,R,R,COL,P,Craig House,2000,"N,Colorado,Rockies"
huntb002,Hunter,Brian,R,R,COL,OF,Brian Hunter,2000,"N,Colorado,Rockies"
huskb001,Huskey,Butch,R,R,COL,OF,Butch Huskey,2000,"N,Colorado,Rockies"
jarvk001,Jarvis,Kevin,L,R,COL,P,Kevin Jarvis,2000,"N,Colorado,Rockies"
jimej001,Jimenez,Jose,R,R,COL,P,Jose Jimenez,2000,"N,Colorado,Rockies"
karls001,Karl,Scott,L,L,COL,P,Scott Karl,2000,"N,Colorado,Rockies"
lansm001,Lansing,Mike,R,R,COL,2B,Mike Lansing,2000,"N,Colorado,Rockies"
ledea001,Ledesma,Aaron,R,R,COL,3B,Aaron Ledesma,2000,"N,Colorado,Rockies"
lee-d003,Lee,David,R,R,COL,P,David Lee,2000,"N,Colorado,Rockies"
mantj001,Manto,Jeff,R,R,COL,1B,Jeff Manto,2000,"N,Colorado,Rockies"
maynb001,Mayne,Brent,L,R,COL,C,Brent Mayne,2000,"N,Colorado,Rockies"
melha001,Melhuse,Adam,B,R,COL,1B,Adam Melhuse,2000,"N,Colorado,Rockies"
mendc001,Mendoza,Carlos,L,L,COL,OF,Carlos Mendoza,2000,"N,Colorado,Rockies"
morad001,Moraga,David,L,L,COL,P,David Moraga,2000,"N,Colorado,Rockies"
myerm001,Myers,Mike,L,L,COL,P,Mike Myers,2000,"N,Colorado,Rockies"
penae001,Pena,Elvis,B,R,COL,SS,Elvis Pena,2000,"N,Colorado,Rockies"
peren001,Perez,Neifi,B,R,COL,SS,Neifi Perez,2000,"N,Colorado,Rockies"
petrb001,Petrick,Ben,R,R,COL,C,Ben Petrick,2000,"N,Colorado,Rockies"
pierj002,Pierre,Juan,L,L,COL,OF,Juan Pierre,2000,"N,Colorado,Rockies"
roseb002,Rose,Brian,R,R,COL,P,Brian Rose,2000,"N,Colorado,Rockies"
servs002,Servais,Scott,R,R,COL,C,Scott Servais,2000,"N,Colorado,Rockies"
shumt001,Shumpert,Terry,R,R,COL,OF,Terry Shumpert,2000,"N,Colorado,Rockies"
tavaj001,Tavarez,Julian,L,R,COL,P,Julian Tavarez,2000,"N,Colorado,Rockies"
walkl001,Walker,Larry,L,R,COL,OF,Larry Walker,2000,"N,Colorado,Rockies"
walkp001,Walker,Pete,R,R,COL,P,Pete Walker,2000,"N,Colorado,Rockies"
walkt002,Walker,Todd,L,R,COL,2B,Todd Walker,2000,"N,Colorado,Rockies"
wasdj001,Wasdin,John,R,R,COL,P,John Wasdin,2000,"N,Colorado,Rockies"
whitg001,White,Gabe,L,L,COL,P,Gabe White,2000,"N,Colorado,Rockies"
yoshm001,Yoshii,Masato,R,R,COL,P,Masato Yoshii,2000,"N,Colorado,Rockies"
alfoa001,Alfonseca,Antonio,R,R,FLO,P,Antonio Alfonseca,2000,"N,Florida,Marlins"
almaa001,Almanza,Armando,L,L,FLO,P,Armando Almanza,2000,"N,Florida,Marlins"
aybam001,Aybar,Manny,R,R,FLO,P,Manny Aybar,2000,"N,Florida,Marlins"
bakop001,Bako,Paul,L,R,FLO,C,Paul Bako,2000,"N,Florida,Marlins"
bautd001,Bautista,Danny,R,R,FLO,OF,Danny Bautista,2000,"N,Florida,Marlins"
bergd002,Berg,Dave,R,R,FLO,SS,Dave Berg,2000,"N,Florida,Marlins"
boner001,Bones,Ricky,R,R,FLO,P,Ricky Bones,2000,"N,Florida,Marlins"
browb003,Brown,Brant,L,L,FLO,OF,Brant Brown,2000,"N,Florida,Marlins"
burna001,Burnett,A.J.,R,R,FLO,P,A.J. Burnett,2000,"N,Florida,Marlins"
castl001,Castillo,Luis,B,R,FLO,2B,Luis Castillo,2000,"N,Florida,Marlins"
castr002,Castro,Ramon,R,R,FLO,C,Ramon Castro,2000,"N,Florida,Marlins"
clapc001,Clapinski,Chris,B,R,FLO,2B,Chris Clapinski,2000,"N,Florida,Marlins"
cornr001,Cornelius,Reid,R,R,FLO,P,Reid Cornelius,2000,"N,Florida,Marlins"
darev001,Darensbourg,Vic,L,L,FLO,P,Vic Darensbourg,2000,"N,Florida,Marlins"
dempr002,Dempster,Ryan,R,R,FLO,P,Ryan Dempster,2000,"N,Florida,Marlins"
ferna001,Fernandez,Alex,R,R,FLO,P,Alex Fernandez,2000,"N,Florida,Marlins"
floyc001,Floyd,Cliff,L,R,FLO,OF,Cliff Floyd,2000,"N,Florida,Marlins"
fox-a001,Fox,Andy,L,R,FLO,SS,Andy Fox,2000,"N,Florida,Marlins"
gonza002,Gonzalez,Alex,R,R,FLO,SS,Alex Gonzalez,2000,"N,Florida,Marlins"
grilj001,Grilli,Jason,R,R,FLO,P,Jason Grilli,2000,"N,Florida,Marlins"
kotsm001,Kotsay,Mark,L,L,FLO,OF,Mark Kotsay,2000,"N,Florida,Marlins"
lee-d002,Lee,Derrek,R,R,FLO,1B,Derrek Lee,2000,"N,Florida,Marlins"
loopb001,Looper,Braden,R,R,FLO,P,Braden Looper,2000,"N,Florida,Marlins"
lopem001,Lopez,Mendy,R,R,FLO,PH,Mendy Lopez,2000,"N,Florida,Marlins"
lowem001,Lowell,Mike,R,R,FLO,3B,Mike Lowell,2000,"N,Florida,Marlins"
mahar001,Mahay,Ron,L,L,FLO,P,Ron Mahay,2000,"N,Florida,Marlins"
marta002,Martinez,Sandy,L,R,FLO,C,Sandy Martinez,2000,"N,Florida,Marlins"
miced001,Miceli,Dan,R,R,FLO,P,Dan Miceli,2000,"N,Florida,Marlins"
millk005,Millar,Kevin,R,R,FLO,1B,Kevin Millar,2000,"N,Florida,Marlins"
nunev001,Nunez,Vladimir,R,R,FLO,P,Vladimir Nunez,2000,"N,Florida,Marlins"
ozunp001,Ozuna,Pablo,R,R,FLO,2B,Pablo Ozuna,2000,"N,Florida,Marlins"
pennb002,Penny,Brad,R,R,FLO,P,Brad Penny,2000,"N,Florida,Marlins"
redmm001,Redmond,Mike,R,R,FLO,C,Mike Redmond,2000,"N,Florida,Marlins"
rodrh001,Rodriguez,Henry,L,L,FLO,OF,Henry Rodriguez,2000,"N,Florida,Marlins"
rolin001,Rolison,Nate,L,R,FLO,1B,Nate Rolison,2000,"N,Florida,Marlins"
sancj001,Sanchez,Jesus,L,L,FLO,P,Jesus Sanchez,2000,"N,Florida,Marlins"
smitc001,Smith,Chuck,R,R,FLO,P,Chuck Smith,2000,"N,Florida,Marlins"
smitm004,Smith,Mark,R,R,FLO,OF,Mark Smith,2000,"N,Florida,Marlins"
stroj001,Strong,Joe,B,R,FLO,P,Joe Strong,2000,"N,Florida,Marlins"
wilsp002,Wilson,Preston,R,R,FLO,OF,Preston Wilson,2000,"N,Florida,Marlins"
appik001,Appier,Kevin,R,R,OAK,P,Kevin Appier,2000,"A,Oakland,Athletics"
beckr002,Becker,Rich,L,L,OAK,OF,Rich Becker,2000,"A,Oakland,Athletics"
belit001,Belitz,Todd,L,L,OAK,P,Todd Belitz,2000,"A,Oakland,Athletics"
bellm002,Bellhorn,Mark,B,R,OAK,2B,Mark Bellhorn,2000,"A,Oakland,Athletics"
byrne001,Byrnes,Eric,R,R,OAK,OF,Eric Byrnes,2000,"A,Oakland,Athletics"
chave001,Chavez,Eric,L,R,OAK,3B,Eric Chavez,2000,"A,Oakland,Athletics"
chrir001,Christenson,Ryan,R,R,OAK,OF,Ryan Christenson,2000,"A,Oakland,Athletics"
fasas001,Fasano,Sal,R,R,OAK,C,Sal Fasano,2000,"A,Oakland,Athletics"
giamj001,Giambi,Jason,L,R,OAK,1B,Jason Giambi,2000,"A,Oakland,Athletics"
giamj002,Giambi,Jeremy,L,L,OAK,OF,Jeremy Giambi,2000,"A,Oakland,Athletics"
grieb001,Grieve,Ben,L,R,OAK,OF,Ben Grieve,2000,"A,Oakland,Athletics"
hereg001,Heredia,Gil,R,R,OAK,P,Gil Heredia,2000,"A,Oakland,Athletics"
hernr002,Hernandez,Ramon,R,R,OAK,C,Ramon Hernandez,2000,"A,Oakland,Athletics"
hinca001,Hinch,A.J.,R,R,OAK,C,A.J. Hinch,2000,"A,Oakland,Athletics"
hudst001,Hudson,Tim,R,R,OAK,P,Tim Hudson,2000,"A,Oakland,Athletics"
isrij001,Isringhausen,Jason,R,R,OAK,P,Jason Isringhausen,2000,"A,Oakland,Athletics"
jahaj001,Jaha,John,R,R,OAK,DH,John Jaha,2000,"A,Oakland,Athletics"
joned001,Jones,Doug,R,R,OAK,P,Doug Jones,2000,"A,Oakland,Athletics"
jonem002,Jones,Marcus,R,R,OAK,P,Marcus Jones,2000,"A,Oakland,Athletics"
longt002,Long,Terrence,L,L,OAK,OF,Terrence Long,2000,"A,Oakland,Athletics"
magnm001,Magnante,Mike,L,L,OAK,P,Mike Magnante,2000,"A,Oakland,Athletics"
mahar001,Mahay,Ron,L,L,OAK,P,Ron Mahay,2000,"A,Oakland,Athletics"
matht002,Mathews,T.J.,R,R,OAK,P,T.J. Mathews,2000,"A,Oakland,Athletics"
mecij001,Mecir,Jim,B,R,OAK,P,Jim Mecir,2000,"A,Oakland,Athletics"
menef001,Menechino,Frank,R,R,OAK,2B,Frank Menechino,2000,"A,Oakland,Athletics"
muldm001,Mulder,Mark,L,L,OAK,P,Mark Mulder,2000,"A,Oakland,Athletics"
olivo001,Olivares,Omar,R,R,OAK,P,Omar Olivares,2000,"A,Oakland,Athletics"
ortij003,Ortiz,Jose,R,R,OAK,DH,Jose Ortiz,2000,"A,Oakland,Athletics"
piata001,Piatt,Adam,R,R,OAK,OF,Adam Piatt,2000,"A,Oakland,Athletics"
portb001,Porter,Bo,R,R,OAK,OF,Bo Porter,2000,"A,Oakland,Athletics"
priea001,Prieto,Ariel,R,R,OAK,P,Ariel Prieto,2000,"A,Oakland,Athletics"
ratlj001,Ratliff,Jon,R,R,OAK,P,Jon Ratliff,2000,"A,Oakland,Athletics"
saeno001,Saenz,Olmedo,R,R,OAK,DH,Olmedo Saenz,2000,"A,Oakland,Athletics"
sauvr001,Sauveur,Rich,L,L,OAK,P,Rich Sauveur,2000,"A,Oakland,Athletics"
servs001,Service,Scott,R,R,OAK,P,Scott Service,2000,"A,Oakland,Athletics"
staim001,Stairs,Matt,L,R,OAK,OF,Matt Stairs,2000,"A,Oakland,Athletics"
stanm002,Stanley,Mike,R,R,OAK,1B,Mike Stanley,2000,"A,Oakland,Athletics"
tam-j001,Tam,Jeff,R,R,OAK,P,Jeff Tam,2000,"A,Oakland,Athletics"
tejam001,Tejada,Miguel,R,R,OAK,SS,Miguel Tejada,2000,"A,Oakland,Athletics"
valdm002,Valdez,Mario,L,L,OAK,1B,Mario Valdez,2000,"A,Oakland,Athletics"
velaj001,Velandia,Jorge,R,R,OAK,2B,Jorge Velandia,2000,"A,Oakland,Athletics"
velar001,Velarde,Randy,R,R,OAK,2B,Randy Velarde,2000,"A,Oakland,Athletics"
vizcl001,Vizcaino,Luis,R,R,OAK,P,Luis Vizcaino,2000,"A,Oakland,Athletics"
zitob001,Zito,Barry,L,L,OAK,P,Barry Zito,2000,"A,Oakland,Athletics"
ashba002,Ashby,Andy,R,R,ATL,P,Andy Ashby,2000,"N,Atlanta,Braves"
bakop001,Bako,Paul,L,R,ATL,C,Paul Bako,2000,"N,Atlanta,Braves"
belis001,Belinda,Stan,R,R,ATL,P,Stan Belinda,2000,"N,Atlanta,Braves"
bonib001,Bonilla,Bobby,B,R,ATL,OF,Bobby Bonilla,2000,"N,Atlanta,Braves"
burkj001,Burkett,John,R,R,ATL,P,John Burkett,2000,"N,Atlanta,Braves"
chenb001,Chen,Bruce,L,L,ATL,P,Bruce Chen,2000,"N,Atlanta,Braves"
derom001,DeRosa,Mark,R,R,ATL,SS,Mark DeRosa,2000,"N,Atlanta,Braves"
furcr001,Furcal,Rafael,B,R,ATL,SS,Rafael Furcal,2000,"N,Atlanta,Braves"
galaa001,Galarraga,Andres,R,R,ATL,1B,Andres Galarraga,2000,"N,Atlanta,Braves"
glavt001,Glavine,Tom,L,L,ATL,P,Tom Glavine,2000,"N,Atlanta,Braves"
helmw001,Helms,Wes,R,R,ATL,3B,Wes Helms,2000,"N,Atlanta,Braves"
hubbm001,Hubbard,Mike,R,R,ATL,C,Mike Hubbard,2000,"N,Atlanta,Braves"
hubbt001,Hubbard,Trent,R,R,ATL,OF,Trent Hubbard,2000,"N,Atlanta,Braves"
huntb001,Hunter,Brian,R,L,ATL,PH,Brian Hunter,2000,"N,Atlanta,Braves"
jonea002,Jones,Andruw,R,R,ATL,OF,Andruw Jones,2000,"N,Atlanta,Braves"
jonec004,Jones,Chipper,B,R,ATL,3B,Chipper Jones,2000,"N,Atlanta,Braves"
jordb001,Jordan,Brian,R,R,ATL,OF,Brian Jordan,2000,"N,Atlanta,Braves"
joynw001,Joyner,Wally,L,L,ATL,1B,Wally Joyner,2000,"N,Atlanta,Braves"
kamis001,Kamieniecki,Scott,R,R,ATL,P,Scott Kamieniecki,2000,"N,Atlanta,Braves"
ligtk001,Ligtenberg,Kerry,R,R,ATL,P,Kerry Ligtenberg,2000,"N,Atlanta,Braves"
lockk001,Lockhart,Keith,L,R,ATL,2B,Keith Lockhart,2000,"N,Atlanta,Braves"
lombg001,Lombard,George,L,R,ATL,OF,George Lombard,2000,"N,Atlanta,Braves"
lopej001,Lopez,Javy,R,R,ATL,C,Javy Lopez,2000,"N,Atlanta,Braves"
lunaf001,Lunar,Fernando,R,R,ATL,C,Fernando Lunar,2000,"N,Atlanta,Braves"
maddg002,Maddux,Greg,R,R,ATL,P,Greg Maddux,2000,"N,Atlanta,Braves"
marqj001,Marquis,Jason,L,R,ATL,P,Jason Marquis,2000,"N,Atlanta,Braves"
mcglk001,McGlinchy,Kevin,R,R,ATL,P,Kevin McGlinchy,2000,"N,Atlanta,Braves"
mcmig001,McMichael,Greg,R,R,ATL,P,Greg McMichael,2000,"N,Atlanta,Braves"
millk004,Millwood,Kevin,R,R,ATL,P,Kevin Millwood,2000,"N,Atlanta,Braves"
molig001,Molina,Gabe,R,R,ATL,P,Gabe Molina,2000,"N,Atlanta,Braves"
mulht001,Mulholland,Terry,R,L,ATL,P,Terry Mulholland,2000,"N,Atlanta,Braves"
peree002,Perez,Eddie,R,R,ATL,C,Eddie Perez,2000,"N,Atlanta,Braves"
remlm001,Remlinger,Mike,L,L,ATL,P,Mike Remlinger,2000,"N,Atlanta,Braves"
rivel002,Rivera,Luis,R,R,ATL,P,Luis Rivera,2000,"N,Atlanta,Braves"
rockj001,Rocker,John,R,L,ATL,P,John Rocker,2000,"N,Atlanta,Braves"
sandr002,Sanders,Reggie,R,R,ATL,OF,Reggie Sanders,2000,"N,Atlanta,Braves"
seanr001,Seanez,Rudy,R,R,ATL,P,Rudy Seanez,2000,"N,Atlanta,Braves"
seelc001,Seelbach,Chris,R,R,ATL,P,Chris Seelbach,2000,"N,Atlanta,Braves"
siscs001,Sisco,Steve,R,R,ATL,OF,Steve Sisco,2000,"N,Atlanta,Braves"
stevd001,Stevens,Dave,R,R,ATL,P,Dave Stevens,2000,"N,Atlanta,Braves"
surhb001,Surhoff,B.J.,L,R,ATL,OF,B.J. Surhoff,2000,"N,Atlanta,Braves"
swanp001,Swann,Pedro,L,R,ATL,OF,Pedro Swann,2000,"N,Atlanta,Braves"
unrot001,Unroe,Tim,R,R,ATL,1B,Tim Unroe,2000,"N,Atlanta,Braves"
veraq001,Veras,Quilvio,B,R,ATL,2B,Quilvio Veras,2000,"N,Atlanta,Braves"
villi001,Villegas,Ismael,R,R,ATL,P,Ismael Villegas,2000,"N,Atlanta,Braves"
weisw001,Weiss,Walt,B,R,ATL,SS,Walt Weiss,2000,"N,Atlanta,Braves"
wengd001,Wengert,Don,R,R,ATL,P,Don Wengert,2000,"N,Atlanta,Braves"
alvaj002,Alvarez,Juan,L,L,ANA,P,Juan Alvarez,2000,"A,Anaheim,Angels"
andeg001,Anderson,Garret,L,L,ANA,OF,Garret Anderson,2000,"A,Anaheim,Angels"
baugj001,Baughman,Justin,R,R,ANA,2B,Justin Baughman,2000,"A,Anaheim,Angels"
belct001,Belcher,Tim,R,R,ANA,P,Tim Belcher,2000,"A,Anaheim,Angels"
bottk001,Bottenfield,Kent,R,R,ANA,P,Kent Bottenfield,2000,"A,Anaheim,Angels"
cleme001,Clemente,Edgard,R,R,ANA,OF,Edgard Clemente,2000,"A,Anaheim,Angels"
coopb001,Cooper,Brian,R,R,ANA,P,Brian Cooper,2000,"A,Anaheim,Angels"
dickj001,Dickson,Jason,L,R,ANA,P,Jason Dickson,2000,"A,Anaheim,Angels"
disag001,Disarcina,Gary,R,R,ANA,SS,Gary Disarcina,2000,"A,Anaheim,Angels"
durrt001,Durrington,Trent,R,R,ANA,2B,Trent Durrington,2000,"A,Anaheim,Angels"
erstd001,Erstad,Darin,L,L,ANA,OF,Darin Erstad,2000,"A,Anaheim,Angels"
ethes001,Etherton,Seth,R,R,ANA,P,Seth Etherton,2000,"A,Anaheim,Angels"
fyhrm001,Fyhrie,Mike,R,R,ANA,P,Mike Fyhrie,2000,"A,Anaheim,Angels"
gantr001,Gant,Ron,R,R,ANA,OF,Ron Gant,2000,"A,Anaheim,Angels"
gil-b001,Gil,Benji,R,R,ANA,SS,Benji Gil,2000,"A,Anaheim,Angels"
glaut001,Glaus,Troy,R,R,ANA,3B,Troy Glaus,2000,"A,Anaheim,Angels"
hases001,Hasegawa,Shigetoshi,R,R,ANA,P,Shigetoshi Hasegawa,2000,"A,Anaheim,Angels"
hillk001,Hill,Ken,R,R,ANA,P,Ken Hill,2000,"A,Anaheim,Angels"
hincb001,Hinchliffe,Brett,R,R,ANA,P,Brett Hinchliffe,2000,"A,Anaheim,Angels"
holtm001,Holtz,Mike,L,L,ANA,P,Mike Holtz,2000,"A,Anaheim,Angels"
johnk002,Johnson,Keith,R,R,ANA,1B,Keith Johnson,2000,"A,Anaheim,Angels"
karls001,Karl,Scott,L,L,ANA,P,Scott Karl,2000,"A,Anaheim,Angels"
kenna001,Kennedy,Adam,L,R,ANA,2B,Adam Kennedy,2000,"A,Anaheim,Angels"
levia001,Levine,Al,L,R,ANA,P,Al Levine,2000,"A,Anaheim,Angels"
luulk001,Luuloa,Keith,R,R,ANA,SS,Keith Luuloa,2000,"A,Anaheim,Angels"
merck001,Mercker,Kent,L,L,ANA,P,Kent Mercker,2000,"A,Anaheim,Angels"
molib001,Molina,Bengie,R,R,ANA,C,Bengie Molina,2000,"A,Anaheim,Angels"
ortir002,Ortiz,Ramon,R,R,ANA,P,Ramon Ortiz,2000,"A,Anaheim,Angels"
palmo001,Palmeiro,Orlando,L,L,ANA,OF,Orlando Palmeiro,2000,"A,Anaheim,Angels"
perct001,Percival,Troy,R,R,ANA,P,Troy Percival,2000,"A,Anaheim,Angels"
petkm001,Petkovsek,Mark,R,R,ANA,P,Mark Petkovsek,2000,"A,Anaheim,Angels"
potel001,Pote,Lou,R,R,ANA,P,Lou Pote,2000,"A,Anaheim,Angels"
salmt001,Salmon,Tim,R,R,ANA,OF,Tim Salmon,2000,"A,Anaheim,Angels"
schos001,Schoeneweis,Scott,L,L,ANA,P,Scott Schoeneweis,2000,"A,Anaheim,Angels"
spies001,Spiezio,Scott,B,R,ANA,DH,Scott Spiezio,2000,"A,Anaheim,Angels"
stock001,Stocker,Kevin,B,R,ANA,SS,Kevin Stocker,2000,"A,Anaheim,Angels"
turnd001,Turnbow,Derrick,R,R,ANA,P,Derrick Turnbow,2000,"A,Anaheim,Angels"
vaugm001,Vaughn,Mo,L,R,ANA,1B,Mo Vaughn,2000,"A,Anaheim,Angels"
walbm001,Walbeck,Matt,B,R,ANA,C,Matt Walbeck,2000,"A,Anaheim,Angels"
wardb001,Ward,Bryan,L,L,ANA,P,Bryan Ward,2000,"A,Anaheim,Angels"
washj001,Washburn,Jarrod,L,L,ANA,P,Jarrod Washburn,2000,"A,Anaheim,Angels"
weave001,Weaver,Eric,R,R,ANA,P,Eric Weaver,2000,"A,Anaheim,Angels"
webeb001,Weber,Ben,R,R,ANA,P,Ben Weber,2000,"A,Anaheim,Angels"
wisem001,Wise,Matt,R,R,ANA,P,Matt Wise,2000,"A,Anaheim,Angels"
woots001,Wooten,Shawn,R,R,ANA,C,Shawn Wooten,2000,"A,Anaheim,Angels"
bellc001,Bellinger,Clay,R,R,NYA,OF,Clay Bellinger,2000,"A,New York,Yankees"
bross001,Brosius,Scott,R,R,NYA,3B,Scott Brosius,2000,"A,New York,Yankees"
cansj001,Canseco,Jose,R,R,NYA,DH,Jose Canseco,2000,"A,New York,Yankees"
choar001,Choate,Randy,L,L,NYA,P,Randy Choate,2000,"A,New York,Yankees"
clemr001,Clemens,Roger,R,R,NYA,P,Roger Clemens,2000,"A,New York,Yankees"
coned001,Cone,David,L,R,NYA,P,David Cone,2000,"A,New York,Yankees"
delgw001,Delgado,Wilson,B,R,NYA,2B,Wilson Delgado,2000,"A,New York,Yankees"
dingc001,Dingman,Craig,R,R,NYA,P,Craig Dingman,2000,"A,New York,Yankees"
eined001,Einertson,Darrell,R,R,NYA,P,Darrell Einertson,2000,"A,New York,Yankees"
erdot001,Erdos,Todd,R,R,NYA,P,Todd Erdos,2000,"A,New York,Yankees"
fordb002,Ford,Ben,R,R,NYA,P,Ben Ford,2000,"A,New York,Yankees"
goodd001,Gooden,Dwight,R,R,NYA,P,Dwight Gooden,2000,"A,New York,Yankees"
grimj001,Grimsley,Jason,R,R,NYA,P,Jason Grimsley,2000,"A,New York,Yankees"
herno001,Hernandez,Orlando,R,R,NYA,P,Orlando Hernandez,2000,"A,New York,Yankees"
hillg001,Hill,Glenallen,R,R,NYA,DH,Glenallen Hill,2000,"A,New York,Yankees"
jeted001,Jeter,Derek,R,R,NYA,SS,Derek Jeter,2000,"A,New York,Yankees"
johnl001,Johnson,Lance,L,L,NYA,OF,Lance Johnson,2000,"A,New York,Yankees"
josef001,Jose,Felix,B,R,NYA,OF,Felix Jose,2000,"A,New York,Yankees"
justd001,Justice,David,L,L,NYA,OF,David Justice,2000,"A,New York,Yankees"
keisr001,Keisler,Randy,L,L,NYA,P,Randy Keisler,2000,"A,New York,Yankees"
kellb002,Kelly,Roberto,R,R,NYA,OF,Roberto Kelly,2000,"A,New York,Yankees"
knobc001,Knoblauch,Chuck,R,R,NYA,2B,Chuck Knoblauch,2000,"A,New York,Yankees"
leder001,Ledee,Ricky,L,L,NYA,OF,Ricky Ledee,2000,"A,New York,Yankees"
leyrj001,Leyritz,Jim,R,R,NYA,DH,Jim Leyritz,2000,"A,New York,Yankees"
lillt001,Lilly,Ted,L,L,NYA,P,Ted Lilly,2000,"A,New York,Yankees"
martt002,Martinez,Tino,L,R,NYA,1B,Tino Martinez,2000,"A,New York,Yankees"
mendr001,Mendoza,Ramiro,R,R,NYA,P,Ramiro Mendoza,2000,"A,New York,Yankees"
neagd001,Neagle,Denny,L,L,NYA,P,Denny Neagle,2000,"A,New York,Yankees"
nelsj001,Nelson,Jeff,R,R,NYA,P,Jeff Nelson,2000,"A,New York,Yankees"
oneip001,O'Neill,Paul,L,L,NYA,OF,Paul O'Neill,2000,"A,New York,Yankees"
petta001,Pettitte,Andy,L,L,NYA,P,Andy Pettitte,2000,"A,New York,Yankees"
polol001,Polonia,Luis,L,L,NYA,OF,Luis Polonia,2000,"A,New York,Yankees"
posaj001,Posada,Jorge,B,R,NYA,C,Jorge Posada,2000,"A,New York,Yankees"
rivem002,Rivera,Mariano,R,R,NYA,P,Mariano Rivera,2000,"A,New York,Yankees"
sojol001,Sojo,Luis,R,R,NYA,2B,Luis Sojo,2000,"A,New York,Yankees"
soria001,Soriano,Alfonso,R,R,NYA,3B,Alfonso Soriano,2000,"A,New York,Yankees"
spens001,Spencer,Shane,R,R,NYA,OF,Shane Spencer,2000,"A,New York,Yankees"
stanm003,Stanton,Mike,L,L,NYA,P,Mike Stanton,2000,"A,New York,Yankees"
tessj001,Tessmer,Jay,R,R,NYA,P,Jay Tessmer,2000,"A,New York,Yankees"
thomr004,Thompson,Ryan,R,R,NYA,OF,Ryan Thompson,2000,"A,New York,Yankees"
turnc001,Turner,Chris,R,R,NYA,C,Chris Turner,2000,"A,New York,Yankees"
vizcj001,Vizcaino,Jose,B,R,NYA,2B,Jose Vizcaino,2000,"A,New York,Yankees"
watsa001,Watson,Allen,L,L,NYA,P,Allen Watson,2000,"A,New York,Yankees"
westj001,Westbrook,Jake,R,R,NYA,P,Jake Westbrook,2000,"A,New York,Yankees"
willb002,Williams,Bernie,B,R,NYA,OF,Bernie Williams,2000,"A,New York,Yankees"
yarne001,Yarnall,Ed,L,L,NYA,P,Ed Yarnall,2000,"A,New York,Yankees"
batim001,Batista,Miguel,R,R,KCA,P,Miguel Batista,2000,"A,Kansas City,Royals"
beltc001,Beltran,Carlos,B,R,KCA,OF,Carlos Beltran,2000,"A,Kansas City,Royals"
bochd001,Bochtler,Doug,R,R,KCA,P,Doug Bochtler,2000,"A,Kansas City,Royals"
bottr001,Bottalico,Ricky,L,R,KCA,P,Ricky Bottalico,2000,"A,Kansas City,Royals"
browd002,Brown,Dee,L,R,KCA,OF,Dee Brown,2000,"A,Kansas City,Royals"
byrdt001,Byrdak,Tim,L,L,KCA,P,Tim Byrdak,2000,"A,Kansas City,Royals"
damij002,D'Amico,Jeff,R,R,KCA,P,Jeff D'Amico,2000,"A,Kansas City,Royals"
damoj001,Damon,Johnny,L,L,KCA,OF,Johnny Damon,2000,"A,Kansas City,Royals"
delgw001,Delgado,Wilson,B,R,KCA,2B,Wilson Delgado,2000,"A,Kansas City,Royals"
dunwt001,Dunwoody,Todd,L,L,KCA,OF,Todd Dunwoody,2000,"A,Kansas City,Royals"
durbc001,Durbin,Chad,R,R,KCA,P,Chad Durbin,2000,"A,Kansas City,Royals"
dye-j001,Dye,Jermaine,R,R,KCA,OF,Jermaine Dye,2000,"A,Kansas City,Royals"
fabrj001,Fabregas,Jorge,L,R,KCA,C,Jorge Fabregas,2000,"A,Kansas City,Royals"
feblc001,Febles,Carlos,R,R,KCA,2B,Carlos Febles,2000,"A,Kansas City,Royals"
fussc001,Fussell,Chris,R,R,KCA,P,Chris Fussell,2000,"A,Kansas City,Royals"
holbr001,Holbert,Ray,R,R,KCA,2B,Ray Holbert,2000,"A,Kansas City,Royals"
johnb002,Johnson,Brian,R,R,KCA,C,Brian Johnson,2000,"A,Kansas City,Royals"
larka001,Larkin,Andy,R,R,KCA,P,Andy Larkin,2000,"A,Kansas City,Royals"
laxtb001,Laxton,Brett,L,R,KCA,P,Brett Laxton,2000,"A,Kansas City,Royals"
mccad001,McCarty,Dave,R,L,KCA,1B,Dave McCarty,2000,"A,Kansas City,Royals"
meadb001,Meadows,Brian,R,R,KCA,P,Brian Meadows,2000,"A,Kansas City,Royals"
mulls002,Mullen,Scott,R,L,KCA,P,Scott Mullen,2000,"A,Kansas City,Royals"
murrd002,Murray,Dan,R,R,KCA,P,Dan Murray,2000,"A,Kansas City,Royals"
ordal001,Ordaz,Luis,R,R,KCA,SS,Luis Ordaz,2000,"A,Kansas City,Royals"
ortih001,Ortiz,Hector,R,R,KCA,C,Hector Ortiz,2000,"A,Kansas City,Royals"
poses001,Pose,Scott,L,R,KCA,OF,Scott Pose,2000,"A,Kansas City,Royals"
quinm001,Quinn,Mark,R,R,KCA,OF,Mark Quinn,2000,"A,Kansas City,Royals"
rakej001,Rakers,Jason,R,R,KCA,P,Jason Rakers,2000,"A,Kansas City,Royals"
randj002,Randa,Joe,R,R,KCA,3B,Joe Randa,2000,"A,Kansas City,Royals"
reboj001,Reboulet,Jeff,R,R,KCA,2B,Jeff Reboulet,2000,"A,Kansas City,Royals"
reicd001,Reichert,Dan,R,R,KCA,P,Dan Reichert,2000,"A,Kansas City,Royals"
rigbb001,Rigby,Brad,R,R,KCA,P,Brad Rigby,2000,"A,Kansas City,Royals"
rosaj001,Rosado,Jose,L,L,KCA,P,Jose Rosado,2000,"A,Kansas City,Royals"
sancr001,Sanchez,Rey,R,R,KCA,SS,Rey Sanchez,2000,"A,Kansas City,Royals"
santj002,Santiago,Jose,R,R,KCA,P,Jose Santiago,2000,"A,Kansas City,Royals"
spolp001,Spoljaric,Paul,R,L,KCA,P,Paul Spoljaric,2000,"A,Kansas City,Royals"
spraj001,Spradlin,Jerry,B,R,KCA,P,Jerry Spradlin,2000,"A,Kansas City,Royals"
steib002,Stein,Blake,R,R,KCA,P,Blake Stein,2000,"A,Kansas City,Royals"
suppj001,Suppan,Jeff,R,R,KCA,P,Jeff Suppan,2000,"A,Kansas City,Royals"
suzum001,Suzuki,Mac,R,R,KCA,P,Mac Suzuki,2000,"A,Kansas City,Royals"
sweem002,Sweeney,Mike,R,R,KCA,1B,Mike Sweeney,2000,"A,Kansas City,Royals"
wilsk001,Wilson,Kris,R,R,KCA,P,Kris Wilson,2000,"A,Kansas City,Royals"
witaj001,Witasick,Jay,R,R,KCA,P,Jay Witasick,2000,"A,Kansas City,Royals"
zaung001,Zaun,Gregg,B,R,KCA,C,Gregg Zaun,2000,"A,Kansas City,Royals"
acevj001,Acevedo,Juan,R,R,MIL,P,Juan Acevedo,2000,"N,Milwaukee,Brewers"
barkk001,Barker,Kevin,L,L,MIL,1B,Kevin Barker,2000,"N,Milwaukee,Brewers"
bellr002,Belliard,Ronnie,R,R,MIL,2B,Ronnie Belliard,2000,"N,Milwaukee,Brewers"
berej002,Bere,Jason,R,R,MIL,P,Jason Bere,2000,"N,Milwaukee,Brewers"
berrs001,Berry,Sean,R,R,MIL,3B,Sean Berry,2000,"N,Milwaukee,Brewers"
blanh001,Blanco,Henry,R,R,MIL,C,Henry Blanco,2000,"N,Milwaukee,Brewers"
browk004,Brown,Kevin,R,R,MIL,C,Kevin Brown,2000,"N,Milwaukee,Brewers"
brusj001,Bruske,Jim,R,R,MIL,P,Jim Bruske,2000,"N,Milwaukee,Brewers"
buddm001,Buddie,Mike,R,R,MIL,P,Mike Buddie,2000,"N,Milwaukee,Brewers"
burnj001,Burnitz,Jeromy,L,R,MIL,OF,Jeromy Burnitz,2000,"N,Milwaukee,Brewers"
casar001,Casanova,Raul,B,R,MIL,C,Raul Casanova,2000,"N,Milwaukee,Brewers"
colll001,Collier,Lou,R,R,MIL,OF,Lou Collier,2000,"N,Milwaukee,Brewers"
damij001,D'Amico,Jeff,R,R,MIL,P,Jeff D'Amico,2000,"N,Milwaukee,Brewers"
davik001,Davis,Kane,R,R,MIL,P,Kane Davis,2000,"N,Milwaukee,Brewers"
delov001,de los Santos,Valerio,L,L,MIL,P,Valerio de los Santos,2000,"N,Milwaukee,Brewers"
echea001,Echevarria,Angel,R,R,MIL,1B,Angel Echevarria,2000,"N,Milwaukee,Brewers"
estrh001,Estrada,Horacio,L,L,MIL,P,Horacio Estrada,2000,"N,Milwaukee,Brewers"
grism001,Grissom,Marquis,R,R,MIL,OF,Marquis Grissom,2000,"N,Milwaukee,Brewers"
hayec001,Hayes,Charlie,R,R,MIL,3B,Charlie Hayes,2000,"N,Milwaukee,Brewers"
haynj001,Haynes,Jimmy,R,R,MIL,P,Jimmy Haynes,2000,"N,Milwaukee,Brewers"
hernj001,Hernandez,Jose,R,R,MIL,3B,Jose Hernandez,2000,"N,Milwaukee,Brewers"
houst001,Houston,Tyler,L,R,MIL,1B,Tyler Houston,2000,"N,Milwaukee,Brewers"
jenkg001,Jenkins,Geoff,L,R,MIL,OF,Geoff Jenkins,2000,"N,Milwaukee,Brewers"
jonec002,Jones,Chris,R,R,MIL,OF,Chris Jones,2000,"N,Milwaukee,Brewers"
kingr001,King,Ray,L,L,MIL,P,Ray King,2000,"N,Milwaukee,Brewers"
leskc001,Leskanic,Curt,R,R,MIL,P,Curt Leskanic,2000,"N,Milwaukee,Brewers"
levra001,Levrault,Allen,R,R,MIL,P,Allen Levrault,2000,"N,Milwaukee,Brewers"
lopel002,Lopez,Luis,B,R,MIL,SS,Luis Lopez,2000,"N,Milwaukee,Brewers"
lorem001,Loretta,Mark,R,R,MIL,SS,Mark Loretta,2000,"N,Milwaukee,Brewers"
moutj001,Mouton,James,R,R,MIL,OF,James Mouton,2000,"N,Milwaukee,Brewers"
moutl001,Mouton,Lyle,R,R,MIL,OF,Lyle Mouton,2000,"N,Milwaukee,Brewers"
navaj001,Navarro,Jaime,R,R,MIL,P,Jaime Navarro,2000,"N,Milwaukee,Brewers"
peres001,Perez,Santiago,B,R,MIL,SS,Santiago Perez,2000,"N,Milwaukee,Brewers"
ramih001,Ramirez,Hector,R,R,MIL,P,Hector Ramirez,2000,"N,Milwaukee,Brewers"
rigdp001,Rigdon,Paul,R,R,MIL,P,Paul Rigdon,2000,"N,Milwaukee,Brewers"
roqur001,Roque,Rafael,L,L,MIL,P,Rafael Roque,2000,"N,Milwaukee,Brewers"
scanb001,Scanlan,Bob,R,R,MIL,P,Bob Scanlan,2000,"N,Milwaukee,Brewers"
sexsr001,Sexson,Richie,R,R,MIL,1B,Richie Sexson,2000,"N,Milwaukee,Brewers"
snydj001,Snyder,John,R,R,MIL,P,John Snyder,2000,"N,Milwaukee,Brewers"
stule001,Stull,Everett,R,R,MIL,P,Everett Stull,2000,"N,Milwaukee,Brewers"
sweem001,Sweeney,Mark,L,L,MIL,DH,Mark Sweeney,2000,"N,Milwaukee,Brewers"
weatd001,Weathers,David,R,R,MIL,P,David Weathers,2000,"N,Milwaukee,Brewers"
wickb001,Wickman,Bob,R,R,MIL,P,Bob Wickman,2000,"N,Milwaukee,Brewers"
willm006,Williams,Matt,B,L,MIL,P,Matt Williams,2000,"N,Milwaukee,Brewers"
woods001,Woodard,Steve,L,R,MIL,P,Steve Woodard,2000,"N,Milwaukee,Brewers"
wrigj001,Wright,Jamey,R,R,MIL,P,Jamey Wright,2000,"N,Milwaukee,Brewers"
abboj002,Abbott,Jeff,R,L,CHA,OF,Jeff Abbott,2000,"A,Chicago,White Sox"
bainh001,Baines,Harold,L,L,CHA,DH,Harold Baines,2000,"A,Chicago,White Sox"
baldj002,Baldwin,James,R,R,CHA,P,James Baldwin,2000,"A,Chicago,White Sox"
barcl001,Barcelo,Lorenzo,R,R,CHA,P,Lorenzo Barcelo,2000,"A,Chicago,White Sox"
beirk001,Beirne,Kevin,L,R,CHA,P,Kevin Beirne,2000,"A,Chicago,White Sox"
biddr001,Biddle,Rocky,R,R,CHA,P,Rocky Biddle,2000,"A,Chicago,White Sox"
bradc001,Bradford,Chad,R,R,CHA,P,Chad Bradford,2000,"A,Chicago,White Sox"
buehm001,Buehrle,Mark,L,L,CHA,P,Mark Buehrle,2000,"A,Chicago,White Sox"
chrim002,Christensen,McKay,L,L,CHA,OF,McKay Christensen,2000,"A,Chicago,White Sox"
credj001,Crede,Joe,R,R,CHA,3B,Joe Crede,2000,"A,Chicago,White Sox"
durhr001,Durham,Ray,B,R,CHA,2B,Ray Durham,2000,"A,Chicago,White Sox"
eldrc001,Eldred,Cal,R,R,CHA,P,Cal Eldred,2000,"A,Chicago,White Sox"
eyres001,Eyre,Scott,L,L,CHA,P,Scott Eyre,2000,"A,Chicago,White Sox"
fordb001,Fordyce,Brook,R,R,CHA,C,Brook Fordyce,2000,"A,Chicago,White Sox"
foulk001,Foulke,Keith,R,R,CHA,P,Keith Foulke,2000,"A,Chicago,White Sox"
garlj001,Garland,Jon,R,R,CHA,P,Jon Garland,2000,"A,Chicago,White Sox"
gintm001,Ginter,Matt,R,R,CHA,P,Matt Ginter,2000,"A,Chicago,White Sox"
graft001,Graffanino,Tony,R,R,CHA,SS,Tony Graffanino,2000,"A,Chicago,White Sox"
hillk001,Hill,Ken,R,R,CHA,P,Ken Hill,2000,"A,Chicago,White Sox"
howrb001,Howry,Bob,L,R,CHA,P,Bob Howry,2000,"A,Chicago,White Sox"
johnc002,Johnson,Charles,R,R,CHA,C,Charles Johnson,2000,"A,Chicago,White Sox"
johnm003,Johnson,Mark,L,R,CHA,C,Mark Johnson,2000,"A,Chicago,White Sox"
konep001,Konerko,Paul,R,R,CHA,1B,Paul Konerko,2000,"A,Chicago,White Sox"
lee-c001,Lee,Carlos,R,R,CHA,OF,Carlos Lee,2000,"A,Chicago,White Sox"
liefj001,Liefer,Jeff,L,R,CHA,OF,Jeff Liefer,2000,"A,Chicago,White Sox"
lowes001,Lowe,Sean,R,R,CHA,P,Sean Lowe,2000,"A,Chicago,White Sox"
myeta001,Myette,Aaron,R,R,CHA,P,Aaron Myette,2000,"A,Chicago,White Sox"
nortg001,Norton,Greg,B,R,CHA,3B,Greg Norton,2000,"A,Chicago,White Sox"
ordom001,Ordonez,Magglio,R,R,CHA,OF,Magglio Ordonez,2000,"A,Chicago,White Sox"
parqj001,Parque,Jim,L,L,CHA,P,Jim Parque,2000,"A,Chicago,White Sox"
paulj001,Paul,Josh,R,R,CHA,C,Josh Paul,2000,"A,Chicago,White Sox"
penaj003,Pena,Jesus,L,L,CHA,P,Jesus Pena,2000,"A,Chicago,White Sox"
perrh001,Perry,Herbert,R,R,CHA,3B,Herbert Perry,2000,"A,Chicago,White Sox"
simab001,Simas,Bill,L,R,CHA,P,Bill Simas,2000,"A,Chicago,White Sox"
singc001,Singleton,Chris,L,L,CHA,OF,Chris Singleton,2000,"A,Chicago,White Sox"
sirom001,Sirotka,Mike,L,L,CHA,P,Mike Sirotka,2000,"A,Chicago,White Sox"
sturt001,Sturtze,Tanyon,R,R,CHA,P,Tanyon Sturtze,2000,"A,Chicago,White Sox"
thomf001,Thomas,Frank,R,R,CHA,DH,Frank Thomas,2000,"A,Chicago,White Sox"
valej003,Valentin,Jose,B,R,CHA,SS,Jose Valentin,2000,"A,Chicago,White Sox"
wellk001,Wells,Kip,R,R,CHA,P,Kip Wells,2000,"A,Chicago,White Sox"
wilsc002,Wilson,Craig,R,R,CHA,3B,Craig Wilson,2000,"A,Chicago,White Sox"
wunsk001,Wunsch,Kelly,L,L,CHA,P,Kelly Wunsch,2000,"A,Chicago,White Sox"
abreb001,Abreu,Bobby,L,R,PHI,OF,Bobby Abreu,2000,"N,Philadelphia,Phillies"
aldrs001,Aldred,Scott,L,L,PHI,P,Scott Aldred,2000,"N,Philadelphia,Phillies"
alvac001,Alvarez,Clemente,R,R,PHI,C,Clemente Alvarez,2000,"N,Philadelphia,Phillies"
andem003,Anderson,Marlon,L,R,PHI,2B,Marlon Anderson,2000,"N,Philadelphia,Phillies"
ariaa001,Arias,Alex,R,R,PHI,SS,Alex Arias,2000,"N,Philadelphia,Phillies"
ashba002,Ashby,Andy,R,R,PHI,P,Andy Ashby,2000,"N,Philadelphia,Phillies"
benng001,Bennett,Gary,R,R,PHI,C,Gary Bennett,2000,"N,Philadelphia,Phillies"
bottk001,Bottenfield,Kent,R,R,PHI,P,Kent Bottenfield,2000,"N,Philadelphia,Phillies"
boydj001,Boyd,Jason,R,R,PHI,P,Jason Boyd,2000,"N,Philadelphia,Phillies"
branj001,Brantley,Jeff,R,R,PHI,P,Jeff Brantley,2000,"N,Philadelphia,Phillies"
brocc001,Brock,Chris,R,R,PHI,P,Chris Brock,2000,"N,Philadelphia,Phillies"
brogr001,Brogna,Rico,L,L,PHI,1B,Rico Brogna,2000,"N,Philadelphia,Phillies"
browm005,Brownson,Mark,L,R,PHI,P,Mark Brownson,2000,"N,Philadelphia,Phillies"
bullk001,Bullinger,Kirk,R,R,PHI,P,Kirk Bullinger,2000,"N,Philadelphia,Phillies"
burrp001,Burrell,Pat,R,R,PHI,1B,Pat Burrell,2000,"N,Philadelphia,Phillies"
byrdp001,Byrd,Paul,R,R,PHI,P,Paul Byrd,2000,"N,Philadelphia,Phillies"
chenb001,Chen,Bruce,L,L,PHI,P,Bruce Chen,2000,"N,Philadelphia,Phillies"
coggd001,Coggin,Dave,R,R,PHI,P,Dave Coggin,2000,"N,Philadelphia,Phillies"
daalo001,Daal,Omar,L,L,PHI,P,Omar Daal,2000,"N,Philadelphia,Phillies"
duceb001,Ducey,Rob,L,R,PHI,OF,Rob Ducey,2000,"N,Philadelphia,Phillies"
gantr001,Gant,Ron,R,R,PHI,OF,Ron Gant,2000,"N,Philadelphia,Phillies"
gland001,Glanville,Doug,R,R,PHI,OF,Doug Glanville,2000,"N,Philadelphia,Phillies"
gomew001,Gomes,Wayne,R,R,PHI,P,Wayne Gomes,2000,"N,Philadelphia,Phillies"
holzm001,Holzemer,Mark,L,L,PHI,P,Mark Holzemer,2000,"N,Philadelphia,Phillies"
huntb001,Hunter,Brian,R,L,PHI,1B,Brian Hunter,2000,"N,Philadelphia,Phillies"
jacqt001,Jacquez,Thomas,L,L,PHI,P,Thomas Jacquez,2000,"N,Philadelphia,Phillies"
jordk001,Jordan,Kevin,R,R,PHI,2B,Kevin Jordan,2000,"N,Philadelphia,Phillies"
lee-t002,Lee,Travis,L,L,PHI,1B,Travis Lee,2000,"N,Philadelphia,Phillies"
liebm001,Lieberthal,Mike,R,R,PHI,C,Mike Lieberthal,2000,"N,Philadelphia,Phillies"
millt002,Miller,Trever,R,L,PHI,P,Trever Miller,2000,"N,Philadelphia,Phillies"
moram001,Morandini,Mickey,L,R,PHI,2B,Mickey Morandini,2000,"N,Philadelphia,Phillies"
newhd001,Newhan,David,L,R,PHI,2B,David Newhan,2000,"N,Philadelphia,Phillies"
nickd001,Nickle,Doug,R,R,PHI,P,Doug Nickle,2000,"N,Philadelphia,Phillies"
padiv001,Padilla,Vicente,R,R,PHI,P,Vicente Padilla,2000,"N,Philadelphia,Phillies"
peret003,Perez,Tomas,B,R,PHI,SS,Tomas Perez,2000,"N,Philadelphia,Phillies"
persr001,Person,Robert,R,R,PHI,P,Robert Person,2000,"N,Philadelphia,Phillies"
polic001,Politte,Cliff,R,R,PHI,P,Cliff Politte,2000,"N,Philadelphia,Phillies"
print001,Prince,Tom,R,R,PHI,C,Tom Prince,2000,"N,Philadelphia,Phillies"
pritc001,Pritchett,Chris,L,R,PHI,1B,Chris Pritchett,2000,"N,Philadelphia,Phillies"
relad001,Relaford,Desi,B,R,PHI,SS,Desi Relaford,2000,"N,Philadelphia,Phillies"
reyec001,Reyes,Carlos,R,R,PHI,P,Carlos Reyes,2000,"N,Philadelphia,Phillies"
roles001,Rolen,Scott,R,R,PHI,3B,Scott Rolen,2000,"N,Philadelphia,Phillies"
rollj001,Rollins,Jimmy,B,R,PHI,SS,Jimmy Rollins,2000,"N,Philadelphia,Phillies"
schic002,Schilling,Curt,R,R,PHI,P,Curt Schilling,2000,"N,Philadelphia,Phillies"
schrs001,Schrenk,Steve,R,R,PHI,P,Steve Schrenk,2000,"N,Philadelphia,Phillies"
sefck001,Sefcik,Kevin,R,R,PHI,OF,Kevin Sefcik,2000,"N,Philadelphia,Phillies"
taylr001,Taylor,Reggie,L,R,PHI,OF,Reggie Taylor,2000,"N,Philadelphia,Phillies"
telea001,Telemaco,Amaury,R,R,PHI,P,Amaury Telemaco,2000,"N,Philadelphia,Phillies"
vosbe001,Vosberg,Ed,L,L,PHI,P,Ed Vosberg,2000,"N,Philadelphia,Phillies"
wardb001,Ward,Bryan,L,L,PHI,P,Bryan Ward,2000,"N,Philadelphia,Phillies"
wolfr001,Wolf,Randy,L,L,PHI,P,Randy Wolf,2000,"N,Philadelphia,Phillies"
armat002,Armas,Tony,R,R,MON,P,Tony Armas,2000,"N,Montreal,Expos"
barrm003,Barrett,Michael,R,R,MON,3B,Michael Barrett,2000,"N,Montreal,Expos"
batim001,Batista,Miguel,R,R,MON,P,Miguel Batista,2000,"N,Montreal,Expos"
bergp001,Bergeron,Peter,L,R,MON,OF,Peter Bergeron,2000,"N,Montreal,Expos"
blanm001,Blank,Matt,L,L,MON,P,Matt Blank,2000,"N,Montreal,Expos"
blumg001,Blum,Geoff,B,R,MON,3B,Geoff Blum,2000,"N,Montreal,Expos"
bradm001,Bradley,Milton,B,R,MON,OF,Milton Bradley,2000,"N,Montreal,Expos"
cabro001,Cabrera,Orlando,R,R,MON,SS,Orlando Cabrera,2000,"N,Montreal,Expos"
coqut001,Coquillette,Trace,R,R,MON,3B,Trace Coquillette,2000,"N,Montreal,Expos"
delat001,de la Rosa,Tomas,R,R,MON,SS,Tomas de la Rosa,2000,"N,Montreal,Expos"
downs001,Downs,Scott,L,L,MON,P,Scott Downs,2000,"N,Montreal,Expos"
forss001,Forster,Scott,R,L,MON,P,Scott Forster,2000,"N,Montreal,Expos"
guerv001,Guerrero,Vladimir,R,R,MON,OF,Vladimir Guerrero,2000,"N,Montreal,Expos"
guerw001,Guerrero,Wilton,B,R,MON,OF,Wilton Guerrero,2000,"N,Montreal,Expos"
hermd001,Hermanson,Dustin,R,R,MON,P,Dustin Hermanson,2000,"N,Montreal,Expos"
irabh001,Irabu,Hideki,R,R,MON,P,Hideki Irabu,2000,"N,Montreal,Expos"
johnm002,Johnson,Mike,L,R,MON,P,Mike Johnson,2000,"N,Montreal,Expos"
jonet004,Jones,Terry,B,R,MON,OF,Terry Jones,2000,"N,Montreal,Expos"
klins002,Kline,Steve,R,L,MON,P,Steve Kline,2000,"N,Montreal,Expos"
laray001,Lara,Yovanny,R,R,MON,P,Yovanny Lara,2000,"N,Montreal,Expos"
liraf001,Lira,Felipe,R,R,MON,P,Felipe Lira,2000,"N,Montreal,Expos"
moort001,Moore,Trey,L,L,MON,P,Trey Moore,2000,"N,Montreal,Expos"
morad001,Moraga,David,L,L,MON,P,David Moraga,2000,"N,Montreal,Expos"
mordm001,Mordecai,Mike,R,R,MON,3B,Mike Mordecai,2000,"N,Montreal,Expos"
motag001,Mota,Guillermo,R,R,MON,P,Guillermo Mota,2000,"N,Montreal,Expos"
nunnt001,Nunnari,Talmadge,L,L,MON,1B,Talmadge Nunnari,2000,"N,Montreal,Expos"
obric001,O'Brien,Charlie,R,R,MON,C,Charlie O'Brien,2000,"N,Montreal,Expos"
pavac001,Pavano,Carl,R,R,MON,P,Carl Pavano,2000,"N,Montreal,Expos"
poolj001,Poole,Jim,L,L,MON,P,Jim Poole,2000,"N,Montreal,Expos"
powej002,Powell,Jeremy,R,R,MON,P,Jeremy Powell,2000,"N,Montreal,Expos"
rigbb001,Rigby,Brad,R,R,MON,P,Brad Rigby,2000,"N,Montreal,Expos"
santj001,Santana,Julio,R,R,MON,P,Julio Santana,2000,"N,Montreal,Expos"
schnb001,Schneider,Brian,L,R,MON,C,Brian Schneider,2000,"N,Montreal,Expos"
seguf001,Seguignol,Fernando,B,R,MON,1B,Fernando Seguignol,2000,"N,Montreal,Expos"
skrmm001,Skrmetta,Matt,B,R,MON,P,Matt Skrmetta,2000,"N,Montreal,Expos"
spens003,Spencer,Sean,L,L,MON,P,Sean Spencer,2000,"N,Montreal,Expos"
stevl001,Stevens,Lee,L,L,MON,1B,Lee Stevens,2000,"N,Montreal,Expos"
stris001,Strickland,Scott,R,R,MON,P,Scott Strickland,2000,"N,Montreal,Expos"
telfa001,Telford,Anthony,R,R,MON,P,Anthony Telford,2000,"N,Montreal,Expos"
thurm002,Thurman,Mike,R,R,MON,P,Mike Thurman,2000,"N,Montreal,Expos"
traca001,Tracy,Andy,L,R,MON,3B,Andy Tracy,2000,"N,Montreal,Expos"
tuckt001,Tucker,T.J.,R,R,MON,P,T.J. Tucker,2000,"N,Montreal,Expos"
urbiu001,Urbina,Ugueth,R,R,MON,P,Ugueth Urbina,2000,"N,Montreal,Expos"
valey001,Valera,Yohanny,R,R,MON,C,Yohanny Valera,2000,"N,Montreal,Expos"
vazqj001,Vazquez,Javier,R,R,MON,P,Javier Vazquez,2000,"N,Montreal,Expos"
vidrj001,Vidro,Jose,B,R,MON,2B,Jose Vidro,2000,"N,Montreal,Expos"
websl001,Webster,Lenny,R,R,MON,C,Lenny Webster,2000,"N,Montreal,Expos"
whitr001,White,Rondell,R,R,MON,OF,Rondell White,2000,"N,Montreal,Expos"
widgc001,Widger,Chris,R,R,MON,C,Chris Widger,2000,"N,Montreal,Expos"
alomr001,Alomar,Roberto,B,R,CLE,2B,Roberto Alomar,2000,"A,Cleveland,Indians"
aloms001,Alomar,Sandy,R,R,CLE,C,Sandy Alomar,2000,"A,Cleveland,Indians"
berej002,Bere,Jason,R,R,CLE,P,Jason Bere,2000,"A,Cleveland,Indians"
branr001,Branyan,Russell,L,R,CLE,OF,Russell Branyan,2000,"A,Cleveland,Indians"
brewj001,Brewington,Jamie,R,R,CLE,P,Jamie Brewington,2000,"A,Cleveland,Indians"
browj003,Brower,Jim,R,R,CLE,P,Jim Brower,2000,"A,Cleveland,Indians"
burbd001,Burba,Dave,R,R,CLE,P,Dave Burba,2000,"A,Cleveland,Indians"
cabrj002,Cabrera,Jolbert,R,R,CLE,OF,Jolbert Cabrera,2000,"A,Cleveland,Indians"
cairc001,Cairncross,Cameron,L,L,CLE,P,Cameron Cairncross,2000,"A,Cleveland,Indians"
colob001,Colon,Bartolo,R,R,CLE,P,Bartolo Colon,2000,"A,Cleveland,Indians"
cordw001,Cordero,Wil,R,R,CLE,OF,Wil Cordero,2000,"A,Cleveland,Indians"
cruzj003,Cruz,Jacob,L,L,CLE,OF,Jacob Cruz,2000,"A,Cleveland,Indians"
davik001,Davis,Kane,R,R,CLE,P,Kane Davis,2000,"A,Cleveland,Indians"
depas001,DePaula,Sean,R,R,CLE,P,Sean DePaula,2000,"A,Cleveland,Indians"
diaze002,Diaz,Einar,R,R,CLE,C,Einar Diaz,2000,"A,Cleveland,Indians"
drewt001,Drew,Tim,R,R,CLE,P,Tim Drew,2000,"A,Cleveland,Indians"
finlc001,Finley,Chuck,L,L,CLE,P,Chuck Finley,2000,"A,Cleveland,Indians"
frymt001,Fryman,Travis,R,R,CLE,3B,Travis Fryman,2000,"A,Cleveland,Indians"
hanec001,Haney,Chris,L,L,CLE,P,Chris Haney,2000,"A,Cleveland,Indians"
justd001,Justice,David,L,L,CLE,OF,David Justice,2000,"A,Cleveland,Indians"
kamis001,Kamieniecki,Scott,R,R,CLE,P,Scott Kamieniecki,2000,"A,Cleveland,Indians"
karss001,Karsay,Steve,R,R,CLE,P,Steve Karsay,2000,"A,Cleveland,Indians"
leder001,Ledee,Ricky,L,L,CLE,OF,Ricky Ledee,2000,"A,Cleveland,Indians"
loftk001,Lofton,Kenny,L,L,CLE,OF,Kenny Lofton,2000,"A,Cleveland,Indians"
lorra001,Lorraine,Andrew,L,L,CLE,P,Andrew Lorraine,2000,"A,Cleveland,Indians"
martt003,Martin,Tom,L,L,CLE,P,Tom Martin,2000,"A,Cleveland,Indians"
martw001,Martinez,Willie,R,R,CLE,P,Willie Martinez,2000,"A,Cleveland,Indians"
mcdoj003,McDonald,John,R,R,CLE,SS,John McDonald,2000,"A,Cleveland,Indians"
mohlm001,Mohler,Mike,R,L,CLE,P,Mike Mohler,2000,"A,Cleveland,Indians"
nagyc001,Nagy,Charles,L,R,CLE,P,Charles Nagy,2000,"A,Cleveland,Indians"
navaj001,Navarro,Jaime,R,R,CLE,P,Jaime Navarro,2000,"A,Cleveland,Indians"
newma002,Newman,Alan,L,L,CLE,P,Alan Newman,2000,"A,Cleveland,Indians"
nichc002,Nichting,Chris,R,R,CLE,P,Chris Nichting,2000,"A,Cleveland,Indians"
perrc001,Perry,Chan,R,R,CLE,OF,Chan Perry,2000,"A,Cleveland,Indians"
ramia002,Ramirez,Alex,R,R,CLE,OF,Alex Ramirez,2000,"A,Cleveland,Indians"
ramim002,Ramirez,Manny,R,R,CLE,OF,Manny Ramirez,2000,"A,Cleveland,Indians"
reeds001,Reed,Steve,R,R,CLE,P,Steve Reed,2000,"A,Cleveland,Indians"
rigdp001,Rigdon,Paul,R,R,CLE,P,Paul Rigdon,2000,"A,Cleveland,Indians"
rincr001,Rincon,Ricardo,L,L,CLE,P,Ricardo Rincon,2000,"A,Cleveland,Indians"
robed001,Roberts,Dave,L,L,CLE,OF,Dave Roberts,2000,"A,Cleveland,Indians"
segud001,Segui,David,B,L,CLE,1B,David Segui,2000,"A,Cleveland,Indians"
selbb001,Selby,Bill,L,R,CLE,OF,Bill Selby,2000,"A,Cleveland,Indians"
sexsr001,Sexson,Richie,R,R,CLE,OF,Richie Sexson,2000,"A,Cleveland,Indians"
shuep001,Shuey,Paul,R,R,CLE,P,Paul Shuey,2000,"A,Cleveland,Indians"
speij001,Speier,Justin,R,R,CLE,P,Justin Speier,2000,"A,Cleveland,Indians"
thomj002,Thome,Jim,L,R,CLE,1B,Jim Thome,2000,"A,Cleveland,Indians"
vizqo001,Vizquel,Omar,B,R,CLE,SS,Omar Vizquel,2000,"A,Cleveland,Indians"
watsm001,Watson,Mark,R,L,CLE,P,Mark Watson,2000,"A,Cleveland,Indians"
whitm001,Whiten,Mark,B,R,CLE,OF,Mark Whiten,2000,"A,Cleveland,Indians"
wickb001,Wickman,Bob,R,R,CLE,P,Bob Wickman,2000,"A,Cleveland,Indians"
willb001,Williams,Brian,R,R,CLE,P,Brian Williams,2000,"A,Cleveland,Indians"
wilse001,Wilson,Enrique,B,R,CLE,3B,Enrique Wilson,2000,"A,Cleveland,Indians"
wittb001,Witt,Bobby,R,R,CLE,P,Bobby Witt,2000,"A,Cleveland,Indians"
woods001,Woodard,Steve,L,R,CLE,P,Steve Woodard,2000,"A,Cleveland,Indians"
wrigj002,Wright,Jaret,R,R,CLE,P,Jaret Wright,2000,"A,Cleveland,Indians"
alled001,Allen,Dusty,R,R,DET,1B,Dusty Allen,2000,"A,Detroit,Tigers"
alvag001,Alvarez,Gabe,R,R,DET,DH,Gabe Alvarez,2000,"A,Detroit,Tigers"
andem002,Anderson,Matt,R,R,DET,P,Matt Anderson,2000,"A,Detroit,Tigers"
ausmb001,Ausmus,Brad,R,R,DET,C,Brad Ausmus,2000,"A,Detroit,Tigers"
beckr002,Becker,Rich,L,L,DET,OF,Rich Becker,2000,"A,Detroit,Tigers"
berna001,Bernero,Adam,R,R,DET,P,Adam Bernero,2000,"A,Detroit,Tigers"
blaiw001,Blair,Willie,R,R,DET,P,Willie Blair,2000,"A,Detroit,Tigers"
borkd001,Borkowski,Dave,R,R,DET,P,Dave Borkowski,2000,"A,Detroit,Tigers"
brocd001,Brocail,Doug,L,R,DET,P,Doug Brocail,2000,"A,Detroit,Tigers"
cardj001,Cardona,Javier,R,R,DET,C,Javier Cardona,2000,"A,Detroit,Tigers"
clart002,Clark,Tony,B,R,DET,1B,Tony Clark,2000,"A,Detroit,Tigers"
cruzd001,Cruz,Deivi,R,R,DET,SS,Deivi Cruz,2000,"A,Detroit,Tigers"
cruzn001,Cruz,Nelson,R,R,DET,P,Nelson Cruz,2000,"A,Detroit,Tigers"
easld001,Easley,Damion,R,R,DET,2B,Damion Easley,2000,"A,Detroit,Tigers"
encaj001,Encarnacion,Juan,R,R,DET,OF,Juan Encarnacion,2000,"A,Detroit,Tigers"
fickr001,Fick,Robert,L,R,DET,1B,Robert Fick,2000,"A,Detroit,Tigers"
garck002,Garcia,Karim,L,L,DET,OF,Karim Garcia,2000,"A,Detroit,Tigers"
gonzj002,Gonzalez,Juan,R,R,DET,OF,Juan Gonzalez,2000,"A,Detroit,Tigers"
halts001,Halter,Shane,R,R,DET,3B,Shane Halter,2000,"A,Detroit,Tigers"
higgb001,Higginson,Bobby,L,R,DET,OF,Bobby Higginson,2000,"A,Detroit,Tigers"
hilje001,Hiljus,Erik,R,R,DET,P,Erik Hiljus,2000,"A,Detroit,Tigers"
jeffg001,Jefferies,Gregg,B,R,DET,1B,Gregg Jefferies,2000,"A,Detroit,Tigers"
johnm004,Johnson,Mark,R,R,DET,P,Mark Johnson,2000,"A,Detroit,Tigers"
jonet003,Jones,Todd,L,R,DET,P,Todd Jones,2000,"A,Detroit,Tigers"
kidam001,Kida,Masao,R,R,DET,P,Masao Kida,2000,"A,Detroit,Tigers"
lindr001,Lindsey,Rod,R,R,DET,OF,Rod Lindsey,2000,"A,Detroit,Tigers"
macij001,Macias,Jose,B,R,DET,2B,Jose Macias,2000,"A,Detroit,Tigers"
magew001,Magee,Wendell,R,R,DET,OF,Wendell Magee,2000,"A,Detroit,Tigers"
mcdia001,McDill,Allen,L,L,DET,P,Allen McDill,2000,"A,Detroit,Tigers"
mcmib001,McMillon,Billy,L,L,DET,DH,Billy McMillon,2000,"A,Detroit,Tigers"
mlicd001,Mlicki,Dave,R,R,DET,P,Dave Mlicki,2000,"A,Detroit,Tigers"
moehb001,Moehler,Brian,R,R,DET,P,Brian Moehler,2000,"A,Detroit,Tigers"
morrh001,Morris,Hal,L,L,DET,1B,Hal Morris,2000,"A,Detroit,Tigers"
munse001,Munson,Eric,L,R,DET,1B,Eric Munson,2000,"A,Detroit,Tigers"
nitkc001,Nitkowski,C.J.,L,L,DET,P,C.J. Nitkowski,2000,"A,Detroit,Tigers"
nomoh001,Nomo,Hideo,R,R,DET,P,Hideo Nomo,2000,"A,Detroit,Tigers"
palmd002,Palmer,Dean,R,R,DET,3B,Dean Palmer,2000,"A,Detroit,Tigers"
pattd001,Patterson,Danny,R,R,DET,P,Danny Patterson,2000,"A,Detroit,Tigers"
polol001,Polonia,Luis,L,L,DET,DH,Luis Polonia,2000,"A,Detroit,Tigers"
poolj001,Poole,Jim,L,L,DET,P,Jim Poole,2000,"A,Detroit,Tigers"
runys001,Runyan,Sean,L,L,DET,P,Sean Runyan,2000,"A,Detroit,Tigers"
spars001,Sparks,Steve,R,R,DET,P,Steve Sparks,2000,"A,Detroit,Tigers"
tolak001,Tolar,Kevin,R,L,DET,P,Kevin Tolar,2000,"A,Detroit,Tigers"
villb001,Villafuerte,Brandon,R,R,DET,P,Brandon Villafuerte,2000,"A,Detroit,Tigers"
weavj002,Weaver,Jeff,R,R,DET,P,Jeff Weaver,2000,"A,Detroit,Tigers"
alicl001,Alicea,Luis,B,R,TEX,2B,Luis Alicea,2000,"A,Texas,Rangers"
cataf001,Catalanotto,Frank,L,R,TEX,2B,Frank Catalanotto,2000,"A,Texas,Rangers"
clarm002,Clark,Mark,R,R,TEX,P,Mark Clark,2000,"A,Texas,Rangers"
clayr001,Clayton,Royce,R,R,TEX,SS,Royce Clayton,2000,"A,Texas,Rangers"
cordf002,Cordero,Francisco,R,R,TEX,P,Francisco Cordero,2000,"A,Texas,Rangers"
crabt001,Crabtree,Tim,R,R,TEX,P,Tim Crabtree,2000,"A,Texas,Rangers"
cubid001,Cubillan,Darwin,R,R,TEX,P,Darwin Cubillan,2000,"A,Texas,Rangers"
curtc001,Curtis,Chad,R,R,TEX,OF,Chad Curtis,2000,"A,Texas,Rangers"
david002,Davis,Doug,R,L,TEX,P,Doug Davis,2000,"A,Texas,Rangers"
drank001,Dransfeldt,Kelly,R,R,TEX,SS,Kelly Dransfeldt,2000,"A,Texas,Rangers"
evant001,Evans,Tom,R,R,TEX,3B,Tom Evans,2000,"A,Texas,Rangers"
glynr001,Glynn,Ryan,R,R,TEX,P,Ryan Glynn,2000,"A,Texas,Rangers"
greer001,Greer,Rusty,L,L,TEX,OF,Rusty Greer,2000,"A,Texas,Rangers"
grees002,Green,Scarborough,B,R,TEX,OF,Scarborough Green,2000,"A,Texas,Rangers"
haseb001,Haselman,Bill,R,R,TEX,C,Bill Haselman,2000,"A,Texas,Rangers"
hellr001,Helling,Rick,R,R,TEX,P,Rick Helling,2000,"A,Texas,Rangers"
johnj008,Johnson,Jonathan,R,R,TEX,P,Jonathan Johnson,2000,"A,Texas,Rangers"
kaplg001,Kapler,Gabe,R,R,TEX,OF,Gabe Kapler,2000,"A,Texas,Rangers"
knorr001,Knorr,Randy,R,R,TEX,C,Randy Knorr,2000,"A,Texas,Rangers"
kolbd001,Kolb,Danny,R,R,TEX,P,Danny Kolb,2000,"A,Texas,Rangers"
lambm001,Lamb,Mike,L,R,TEX,3B,Mike Lamb,2000,"A,Texas,Rangers"
leder001,Ledee,Ricky,L,L,TEX,OF,Ricky Ledee,2000,"A,Texas,Rangers"
loaie001,Loaiza,Esteban,R,R,TEX,P,Esteban Loaiza,2000,"A,Texas,Rangers"
martd002,Martinez,Dave,L,L,TEX,OF,Dave Martinez,2000,"A,Texas,Rangers"
mater001,Mateo,Ruben,R,R,TEX,OF,Ruben Mateo,2000,"A,Texas,Rangers"
mcdoj002,McDonald,Jason,B,R,TEX,OF,Jason McDonald,2000,"A,Texas,Rangers"
munom001,Munoz,Mike,L,L,TEX,P,Mike Munoz,2000,"A,Texas,Rangers"
olivd001,Oliver,Darren,R,L,TEX,P,Darren Oliver,2000,"A,Texas,Rangers"
palmr001,Palmeiro,Rafael,L,L,TEX,1B,Rafael Palmeiro,2000,"A,Texas,Rangers"
perim001,Perisho,Matt,L,L,TEX,P,Matt Perisho,2000,"A,Texas,Rangers"
rodri001,Rodriguez,Ivan,R,R,TEX,C,Ivan Rodriguez,2000,"A,Texas,Rangers"
rogek001,Rogers,Kenny,L,L,TEX,P,Kenny Rogers,2000,"A,Texas,Rangers"
segud001,Segui,David,B,L,TEX,DH,David Segui,2000,"A,Texas,Rangers"
shels001,Sheldon,Scott,R,R,TEX,SS,Scott Sheldon,2000,"A,Texas,Rangers"
sierr001,Sierra,Ruben,B,R,TEX,DH,Ruben Sierra,2000,"A,Texas,Rangers"
sikob001,Sikorski,Brian,R,R,TEX,P,Brian Sikorski,2000,"A,Texas,Rangers"
valdp001,Valdes,Pedro,L,L,TEX,OF,Pedro Valdes,2000,"A,Texas,Rangers"
venam002,Venafro,Mike,L,L,TEX,P,Mike Venafro,2000,"A,Texas,Rangers"
waszb001,Waszgis,B.J.,R,R,TEX,C,B.J. Waszgis,2000,"A,Texas,Rangers"
wettj001,Wetteland,John,R,R,TEX,P,John Wetteland,2000,"A,Texas,Rangers"
younm003,Young,Michael,R,R,TEX,2B,Michael Young,2000,"A,Texas,Rangers"
zimmj001,Zimmerman,Jeff,R,R,TEX,P,Jeff Zimmerman,2000,"A,Texas,Rangers"
alled001,Allen,Dusty,R,R,SDN,OF,Dusty Allen,2000,"N,San Diego,Padres"
almac001,Almanzar,Carlos,R,R,SDN,P,Carlos Almanzar,2000,"N,San Diego,Padres"
alvag001,Alvarez,Gabe,R,R,SDN,3B,Gabe Alvarez,2000,"N,San Diego,Padres"
boehb001,Boehringer,Brian,B,R,SDN,P,Brian Boehringer,2000,"N,San Diego,Padres"
boonb002,Boone,Bret,R,R,SDN,2B,Bret Boone,2000,"N,San Diego,Padres"
carlb001,Carlyle,Buddy,L,R,SDN,P,Buddy Carlyle,2000,"N,San Diego,Padres"
clemm001,Clement,Matt,R,R,SDN,P,Matt Clement,2000,"N,San Diego,Padres"
cunnw001,Cunnane,Will,R,R,SDN,P,Will Cunnane,2000,"N,San Diego,Padres"
darrm001,Darr,Mike,L,R,SDN,OF,Mike Darr,2000,"N,San Diego,Padres"
davet001,Davey,Tom,R,R,SDN,P,Tom Davey,2000,"N,San Diego,Padres"
davib003,Davis,Ben,B,R,SDN,C,Ben Davis,2000,"N,San Diego,Padres"
dehak001,DeHaan,Kory,L,R,SDN,OF,Kory DeHaan,2000,"N,San Diego,Padres"
eatoa001,Eaton,Adam,R,R,SDN,P,Adam Eaton,2000,"N,San Diego,Padres"
erdot001,Erdos,Todd,R,R,SDN,P,Todd Erdos,2000,"N,San Diego,Padres"
gomec001,Gomez,Chris,R,R,SDN,SS,Chris Gomez,2000,"N,San Diego,Padres"
gonzw001,Gonzalez,Wiki,R,R,SDN,C,Wiki Gonzalez,2000,"N,San Diego,Padres"
guzmd001,Guzman,Domingo,R,R,SDN,P,Domingo Guzman,2000,"N,San Diego,Padres"
gwynt001,Gwynn,Tony,L,L,SDN,OF,Tony Gwynn,2000,"N,San Diego,Padres"
hernc001,Hernandez,Carlos,R,R,SDN,C,Carlos Hernandez,2000,"N,San Diego,Padres"
hitcs001,Hitchcock,Sterling,L,L,SDN,P,Sterling Hitchcock,2000,"N,San Diego,Padres"
hofft001,Hoffman,Trevor,R,R,SDN,P,Trevor Hoffman,2000,"N,San Diego,Padres"
jackd003,Jackson,Damian,R,R,SDN,SS,Damian Jackson,2000,"N,San Diego,Padres"
klesr001,Klesko,Ryan,L,L,SDN,1B,Ryan Klesko,2000,"N,San Diego,Padres"
kolbb001,Kolb,Brandon,R,R,SDN,P,Brandon Kolb,2000,"N,San Diego,Padres"
larog001,LaRocca,Greg,R,R,SDN,3B,Greg LaRocca,2000,"N,San Diego,Padres"
loper001,Lopez,Rodrigo,R,R,SDN,P,Rodrigo Lopez,2000,"N,San Diego,Padres"
mabrj001,Mabry,John,L,R,SDN,OF,John Mabry,2000,"N,San Diego,Padres"
magad001,Magadan,Dave,L,R,SDN,3B,Dave Magadan,2000,"N,San Diego,Padres"
marta001,Martin,Al,L,L,SDN,OF,Al Martin,2000,"N,San Diego,Padres"
maurd001,Maurer,Dave,R,L,SDN,P,Dave Maurer,2000,"N,San Diego,Padres"
meadb001,Meadows,Brian,R,R,SDN,P,Brian Meadows,2000,"N,San Diego,Padres"
monts001,Montgomery,Steve,R,R,SDN,P,Steve Montgomery,2000,"N,San Diego,Padres"
myerr002,Myers,Rodney,R,R,SDN,P,Rodney Myers,2000,"N,San Diego,Padres"
nadyx001,Nady,Xavier,R,R,SDN,PH,Xavier Nady,2000,"N,San Diego,Padres"
nevip001,Nevin,Phil,R,R,SDN,3B,Phil Nevin,2000,"N,San Diego,Padres"
newhd001,Newhan,David,L,R,SDN,OF,David Newhan,2000,"N,San Diego,Padres"
nichk001,Nicholson,Kevin,B,R,SDN,SS,Kevin Nicholson,2000,"N,San Diego,Padres"
owene001,Owens,Eric,R,R,SDN,OF,Eric Owens,2000,"N,San Diego,Padres"
palav001,Palacios,Vicente,R,R,SDN,P,Vicente Palacios,2000,"N,San Diego,Padres"
relad001,Relaford,Desi,B,R,SDN,SS,Desi Relaford,2000,"N,San Diego,Padres"
reyec001,Reyes,Carlos,R,R,SDN,P,Carlos Reyes,2000,"N,San Diego,Padres"
river002,Rivera,Ruben,R,R,SDN,OF,Ruben Rivera,2000,"N,San Diego,Padres"
roskj001,Roskos,John,R,R,SDN,OF,John Roskos,2000,"N,San Diego,Padres"
serad001,Serafini,Dan,B,L,SDN,P,Dan Serafini,2000,"N,San Diego,Padres"
sloch001,Slocumb,Heathcliff,R,R,SDN,P,Heathcliff Slocumb,2000,"N,San Diego,Padres"
spens002,Spencer,Stan,R,R,SDN,P,Stan Spencer,2000,"N,San Diego,Padres"
sprae001,Sprague,Ed,R,R,SDN,1B,Ed Sprague,2000,"N,San Diego,Padres"
tollb001,Tollberg,Brian,R,R,SDN,P,Brian Tollberg,2000,"N,San Diego,Padres"
vitij001,Vitiello,Joe,R,R,SDN,1B,Joe Vitiello,2000,"N,San Diego,Padres"
walkk001,Walker,Kevin,L,L,SDN,P,Kevin Walker,2000,"N,San Diego,Padres"
walld002,Wall,Donne,R,R,SDN,P,Donne Wall,2000,"N,San Diego,Padres"
whism001,Whisenant,Matt,R,L,SDN,P,Matt Whisenant,2000,"N,San Diego,Padres"
whitm002,Whiteside,Matt,R,R,SDN,P,Matt Whiteside,2000,"N,San Diego,Padres"
willg002,Williams,George,B,R,SDN,C,George Williams,2000,"N,San Diego,Padres"
willw001,Williams,Woody,R,R,SDN,P,Woody Williams,2000,"N,San Diego,Padres"
witaj001,Witasick,Jay,R,R,SDN,P,Jay Witasick,2000,"N,San Diego,Padres"
andej002,Anderson,Jimmy,L,L,PIT,P,Jimmy Anderson,2000,"N,Pittsburgh,Pirates"
arrob001,Arroyo,Bronson,R,R,PIT,P,Bronson Arroyo,2000,"N,Pittsburgh,Pirates"
avenb001,Aven,Bruce,R,R,PIT,OF,Bruce Aven,2000,"N,Pittsburgh,Pirates"
benjm001,Benjamin,Mike,R,R,PIT,3B,Mike Benjamin,2000,"N,Pittsburgh,Pirates"
bensk001,Benson,Kris,R,R,PIT,P,Kris Benson,2000,"N,Pittsburgh,Pirates"
browa001,Brown,Adrian,B,R,PIT,OF,Adrian Brown,2000,"N,Pittsburgh,Pirates"
browe001,Brown,Emil,R,R,PIT,OF,Emil Brown,2000,"N,Pittsburgh,Pirates"
chrij002,Christiansen,Jason,R,L,PIT,P,Jason Christiansen,2000,"N,Pittsburgh,Pirates"
clonb001,Clontz,Brad,R,R,PIT,P,Brad Clontz,2000,"N,Pittsburgh,Pirates"
cordf001,Cordova,Francisco,R,R,PIT,P,Francisco Cordova,2000,"N,Pittsburgh,Pirates"
cordw001,Cordero,Wil,R,R,PIT,OF,Wil Cordero,2000,"N,Pittsburgh,Pirates"
cruzi001,Cruz,Ivan,L,L,PIT,1B,Ivan Cruz,2000,"N,Pittsburgh,Pirates"
garcm002,Garcia,Mike,R,R,PIT,P,Mike Garcia,2000,"N,Pittsburgh,Pirates"
gileb002,Giles,Brian,L,L,PIT,OF,Brian Giles,2000,"N,Pittsburgh,Pirates"
hermc001,Hermansen,Chad,R,R,PIT,OF,Chad Hermansen,2000,"N,Pittsburgh,Pirates"
herna001,Hernandez,Alex,L,L,PIT,1B,Alex Hernandez,2000,"N,Pittsburgh,Pirates"
hyzda001,Hyzdu,Adam,R,R,PIT,OF,Adam Hyzdu,2000,"N,Pittsburgh,Pirates"
kendj001,Kendall,Jason,R,R,PIT,C,Jason Kendall,2000,"N,Pittsburgh,Pirates"
loisr001,Loiselle,Rich,R,R,PIT,P,Rich Loiselle,2000,"N,Pittsburgh,Pirates"
manzj001,Manzanillo,Josias,R,R,PIT,P,Josias Manzanillo,2000,"N,Pittsburgh,Pirates"
mearp001,Meares,Pat,R,R,PIT,SS,Pat Meares,2000,"N,Pittsburgh,Pirates"
morrw001,Morris,Warren,L,R,PIT,2B,Warren Morris,2000,"N,Pittsburgh,Pirates"
nunea001,Nunez,Abraham,B,R,PIT,SS,Abraham Nunez,2000,"N,Pittsburgh,Pirates"
oconb001,O'Connor,Brian,L,L,PIT,P,Brian O'Connor,2000,"N,Pittsburgh,Pirates"
osikk001,Osik,Keith,R,R,PIT,C,Keith Osik,2000,"N,Pittsburgh,Pirates"
parrj002,Parra,Jose,R,R,PIT,P,Jose Parra,2000,"N,Pittsburgh,Pirates"
petec001,Peters,Chris,L,L,PIT,P,Chris Peters,2000,"N,Pittsburgh,Pirates"
ramia001,Ramirez,Aramis,R,R,PIT,3B,Aramis Ramirez,2000,"N,Pittsburgh,Pirates"
ramia002,Ramirez,Alex,R,R,PIT,OF,Alex Ramirez,2000,"N,Pittsburgh,Pirates"
redmt001,Redman,Tike,L,L,PIT,OF,Tike Redman,2000,"N,Pittsburgh,Pirates"
ritct001,Ritchie,Todd,R,R,PIT,P,Todd Ritchie,2000,"N,Pittsburgh,Pirates"
saues001,Sauerbeck,Scott,R,L,PIT,P,Scott Sauerbeck,2000,"N,Pittsburgh,Pirates"
schmj001,Schmidt,Jason,R,R,PIT,P,Jason Schmidt,2000,"N,Pittsburgh,Pirates"
serad001,Serafini,Dan,B,L,PIT,P,Dan Serafini,2000,"N,Pittsburgh,Pirates"
silvj001,Silva,Jose,R,R,PIT,P,Jose Silva,2000,"N,Pittsburgh,Pirates"
skrmm001,Skrmetta,Matt,B,R,PIT,P,Matt Skrmetta,2000,"N,Pittsburgh,Pirates"
smitb003,Smith,Brian,R,R,PIT,P,Brian Smith,2000,"N,Pittsburgh,Pirates"
sojol001,Sojo,Luis,R,R,PIT,3B,Luis Sojo,2000,"N,Pittsburgh,Pirates"
spars002,Sparks,Steve,R,R,PIT,P,Steve Sparks,2000,"N,Pittsburgh,Pirates"
vandj001,Vander Wal,John,L,L,PIT,OF,John Vander Wal,2000,"N,Pittsburgh,Pirates"
wallj001,Wallace,Jeff,L,L,PIT,P,Jeff Wallace,2000,"N,Pittsburgh,Pirates"
wehnj001,Wehner,John,R,R,PIT,3B,John Wehner,2000,"N,Pittsburgh,Pirates"
wilkm001,Wilkins,Marc,R,R,PIT,P,Marc Wilkins,2000,"N,Pittsburgh,Pirates"
willm005,Williams,Mike,R,R,PIT,P,Mike Williams,2000,"N,Pittsburgh,Pirates"
wilse001,Wilson,Enrique,B,R,PIT,3B,Enrique Wilson,2000,"N,Pittsburgh,Pirates"
younk001,Young,Kevin,R,R,PIT,1B,Kevin Young,2000,"N,Pittsburgh,Pirates"
amarr001,Amaral,Rich,R,R,BAL,OF,Rich Amaral,2000,"A,Baltimore,Orioles"
andeb001,Anderson,Brady,L,L,BAL,OF,Brady Anderson,2000,"A,Baltimore,Orioles"
bainh001,Baines,Harold,L,L,BAL,DH,Harold Baines,2000,"A,Baltimore,Orioles"
bellj002,Belle,Albert,R,R,BAL,OF,Albert Belle,2000,"A,Baltimore,Orioles"
bordm001,Bordick,Mike,R,R,BAL,SS,Mike Bordick,2000,"A,Baltimore,Orioles"
breal001,Brea,Leslie,R,R,BAL,P,Leslie Brea,2000,"A,Baltimore,Orioles"
casic001,Casimiro,Carlos,R,R,BAL,DH,Carlos Casimiro,2000,"A,Baltimore,Orioles"
clarw001,Clark,Will,L,L,BAL,1B,Will Clark,2000,"A,Baltimore,Orioles"
coffi001,Coffie,Ivanon,L,R,BAL,3B,Ivanon Coffie,2000,"A,Baltimore,Orioles"
conij001,Conine,Jeff,R,R,BAL,3B,Jeff Conine,2000,"A,Baltimore,Orioles"
deshd001,DeShields,Delino,L,R,BAL,2B,Delino DeShields,2000,"A,Baltimore,Orioles"
erics001,Erickson,Scott,R,R,BAL,P,Scott Erickson,2000,"A,Baltimore,Orioles"
fordb001,Fordyce,Brook,R,R,BAL,C,Brook Fordyce,2000,"A,Baltimore,Orioles"
garcj001,Garcia,Jesse,R,R,BAL,2B,Jesse Garcia,2000,"A,Baltimore,Orioles"
garck002,Garcia,Karim,L,L,BAL,DH,Karim Garcia,2000,"A,Baltimore,Orioles"
groob001,Groom,Buddy,L,L,BAL,P,Buddy Groom,2000,"A,Baltimore,Orioles"
hairj002,Hairston,Jerry,R,R,BAL,2B,Jerry Hairston,2000,"A,Baltimore,Orioles"
holmd001,Holmes,Darren,R,R,BAL,P,Darren Holmes,2000,"A,Baltimore,Orioles"
hubbt001,Hubbard,Trent,R,R,BAL,OF,Trent Hubbard,2000,"A,Baltimore,Orioles"
johnc002,Johnson,Charles,R,R,BAL,C,Charles Johnson,2000,"A,Baltimore,Orioles"
johnj007,Johnson,Jason,R,R,BAL,P,Jason Johnson,2000,"A,Baltimore,Orioles"
kingg001,Kingsale,Gene,B,R,BAL,OF,Gene Kingsale,2000,"A,Baltimore,Orioles"
kinkm001,Kinkade,Mike,R,R,BAL,DH,Mike Kinkade,2000,"A,Baltimore,Orioles"
kohlr001,Kohlmeier,Ryan,R,R,BAL,P,Ryan Kohlmeier,2000,"A,Baltimore,Orioles"
lewim001,Lewis,Mark,R,R,BAL,3B,Mark Lewis,2000,"A,Baltimore,Orioles"
lunaf001,Lunar,Fernando,R,R,BAL,C,Fernando Lunar,2000,"A,Baltimore,Orioles"
maduc001,Maduro,Calvin,R,R,BAL,P,Calvin Maduro,2000,"A,Baltimore,Orioles"
matol001,Matos,Luis,R,R,BAL,OF,Luis Matos,2000,"A,Baltimore,Orioles"
mcelc001,McElroy,Chuck,L,L,BAL,P,Chuck McElroy,2000,"A,Baltimore,Orioles"
mercj001,Mercedes,Jose,R,R,BAL,P,Jose Mercedes,2000,"A,Baltimore,Orioles"
milla001,Mills,Alan,R,R,BAL,P,Alan Mills,2000,"A,Baltimore,Orioles"
minor001,Minor,Ryan,R,R,BAL,3B,Ryan Minor,2000,"A,Baltimore,Orioles"
molig001,Molina,Gabe,R,R,BAL,P,Gabe Molina,2000,"A,Baltimore,Orioles"
moram002,Mora,Melvin,R,R,BAL,SS,Melvin Mora,2000,"A,Baltimore,Orioles"
moraw001,Morales,Willie,R,R,BAL,C,Willie Morales,2000,"A,Baltimore,Orioles"
mussm001,Mussina,Mike,L,R,BAL,P,Mike Mussina,2000,"A,Baltimore,Orioles"
myerg001,Myers,Greg,L,R,BAL,C,Greg Myers,2000,"A,Baltimore,Orioles"
parrj003,Parrish,John,L,L,BAL,P,John Parrish,2000,"A,Baltimore,Orioles"
ponss001,Ponson,Sidney,R,R,BAL,P,Sidney Ponson,2000,"A,Baltimore,Orioles"
rappp001,Rapp,Pat,R,R,BAL,P,Pat Rapp,2000,"A,Baltimore,Orioles"
reyea001,Reyes,Alberto,R,R,BAL,P,Alberto Reyes,2000,"A,Baltimore,Orioles"
richc001,Richard,Chris,L,L,BAL,1B,Chris Richard,2000,"A,Baltimore,Orioles"
ripkc001,Ripken,Cal,R,R,BAL,3B,Cal Ripken,2000,"A,Baltimore,Orioles"
rivel002,Rivera,Luis,R,R,BAL,P,Luis Rivera,2000,"A,Baltimore,Orioles"
ryanb001,Ryan,B.J.,L,L,BAL,P,B.J. Ryan,2000,"A,Baltimore,Orioles"
spurj001,Spurgeon,Jay,R,R,BAL,P,Jay Spurgeon,2000,"A,Baltimore,Orioles"
surhb001,Surhoff,B.J.,L,R,BAL,OF,B.J. Surhoff,2000,"A,Baltimore,Orioles"
timlm001,Timlin,Mike,R,R,BAL,P,Mike Timlin,2000,"A,Baltimore,Orioles"
tromm001,Trombley,Mike,R,R,BAL,P,Mike Trombley,2000,"A,Baltimore,Orioles"
worrt002,Worrell,Tim,R,R,BAL,P,Tim Worrell,2000,"A,Baltimore,Orioles"
andrc001,Andrews,Clayton,R,L,TOR,P,Clayton Andrews,2000,"A,Toronto,Blue Jays"
balej001,Bale,John,L,L,TOR,P,John Bale,2000,"A,Toronto,Blue Jays"
batit001,Batista,Tony,R,R,TOR,3B,Tony Batista,2000,"A,Toronto,Blue Jays"
borbp001,Borbon,Pedro,R,L,TOR,P,Pedro Borbon,2000,"A,Toronto,Blue Jays"
bushh001,Bush,Homer,R,R,TOR,2B,Homer Bush,2000,"A,Toronto,Blue Jays"
carpc002,Carpenter,Chris,R,R,TOR,P,Chris Carpenter,2000,"A,Toronto,Blue Jays"
casta001,Castillo,Alberto,R,R,TOR,C,Alberto Castillo,2000,"A,Toronto,Blue Jays"
castf001,Castillo,Frank,R,R,TOR,P,Frank Castillo,2000,"A,Toronto,Blue Jays"
cocop001,Coco,Pasqual,R,R,TOR,P,Pasqual Coco,2000,"A,Toronto,Blue Jays"
cordm001,Cordova,Marty,R,R,TOR,OF,Marty Cordova,2000,"A,Toronto,Blue Jays"
cruzj004,Cruz,Jose,B,R,TOR,OF,Jose Cruz,2000,"A,Toronto,Blue Jays"
cubid001,Cubillan,Darwin,R,R,TOR,P,Darwin Cubillan,2000,"A,Toronto,Blue Jays"
delgc001,Delgado,Carlos,L,R,TOR,1B,Carlos Delgado,2000,"A,Toronto,Blue Jays"
dewim001,DeWitt,Matt,R,R,TOR,P,Matt DeWitt,2000,"A,Toronto,Blue Jays"
duceb001,Ducey,Rob,L,R,TOR,OF,Rob Ducey,2000,"A,Toronto,Blue Jays"
escok001,Escobar,Kelvim,R,R,TOR,P,Kelvim Escobar,2000,"A,Toronto,Blue Jays"
estrl001,Estrella,Leo,R,R,TOR,P,Leo Estrella,2000,"A,Toronto,Blue Jays"
fletd001,Fletcher,Darrin,L,R,TOR,C,Darrin Fletcher,2000,"A,Toronto,Blue Jays"
frasj001,Frascatore,John,R,R,TOR,P,John Frascatore,2000,"A,Toronto,Blue Jays"
fullb001,Fullmer,Brad,L,R,TOR,DH,Brad Fullmer,2000,"A,Toronto,Blue Jays"
gonza001,Gonzalez,Alex,R,R,TOR,SS,Alex Gonzalez,2000,"A,Toronto,Blue Jays"
grebc001,Grebeck,Craig,R,R,TOR,2B,Craig Grebeck,2000,"A,Toronto,Blue Jays"
greec002,Greene,Charlie,R,R,TOR,C,Charlie Greene,2000,"A,Toronto,Blue Jays"
greet003,Greene,Todd,R,R,TOR,DH,Todd Greene,2000,"A,Toronto,Blue Jays"
gunde001,Gunderson,Eric,R,L,TOR,P,Eric Gunderson,2000,"A,Toronto,Blue Jays"
guthm001,Guthrie,Mark,R,L,TOR,P,Mark Guthrie,2000,"A,Toronto,Blue Jays"
hallr001,Halladay,Roy,R,R,TOR,P,Roy Halladay,2000,"A,Toronto,Blue Jays"
hamij002,Hamilton,Joey,R,R,TOR,P,Joey Hamilton,2000,"A,Toronto,Blue Jays"
kochb001,Koch,Billy,R,R,TOR,P,Billy Koch,2000,"A,Toronto,Blue Jays"
loaie001,Loaiza,Esteban,R,R,TOR,P,Esteban Loaiza,2000,"A,Toronto,Blue Jays"
martd002,Martinez,Dave,L,L,TOR,OF,Dave Martinez,2000,"A,Toronto,Blue Jays"
mondr002,Mondesi,Raul,R,R,TOR,OF,Raul Mondesi,2000,"A,Toronto,Blue Jays"
moram001,Morandini,Mickey,L,R,TOR,2B,Mickey Morandini,2000,"A,Toronto,Blue Jays"
mottc001,Mottola,Chad,R,R,TOR,OF,Chad Mottola,2000,"A,Toronto,Blue Jays"
munrp001,Munro,Peter,R,R,TOR,P,Peter Munro,2000,"A,Toronto,Blue Jays"
painl001,Painter,Lance,L,L,TOR,P,Lance Painter,2000,"A,Toronto,Blue Jays"
phelj001,Phelps,Josh,R,R,TOR,C,Josh Phelps,2000,"A,Toronto,Blue Jays"
quanp001,Quantrill,Paul,L,R,TOR,P,Paul Quantrill,2000,"A,Toronto,Blue Jays"
stews002,Stewart,Shannon,R,R,TOR,OF,Shannon Stewart,2000,"A,Toronto,Blue Jays"
thoma002,Thompson,Andy,R,R,TOR,OF,Andy Thompson,2000,"A,Toronto,Blue Jays"
tracs001,Trachsel,Steve,R,R,TOR,P,Steve Trachsel,2000,"A,Toronto,Blue Jays"
welld001,Wells,David,L,L,TOR,P,David Wells,2000,"A,Toronto,Blue Jays"
wellv001,Wells,Vernon,R,R,TOR,OF,Vernon Wells,2000,"A,Toronto,Blue Jays"
wised001,Wise,Dewayne,L,L,TOR,OF,Dewayne Wise,2000,"A,Toronto,Blue Jays"
woodc001,Woodward,Chris,R,R,TOR,SS,Chris Woodward,2000,"A,Toronto,Blue Jays"
andeb002,Anderson,Brian,L,L,ARI,P,Brian Anderson,2000,"N,Arizona,Diamondbacks"
barar001,Barajas,Rod,R,R,ARI,C,Rod Barajas,2000,"N,Arizona,Diamondbacks"
bautd001,Bautista,Danny,R,R,ARI,OF,Danny Bautista,2000,"N,Arizona,Diamondbacks"
bellj001,Bell,Jay,R,R,ARI,2B,Jay Bell,2000,"N,Arizona,Diamondbacks"
cabra001,Cabrera,Alex,R,R,ARI,1B,Alex Cabrera,2000,"N,Arizona,Diamondbacks"
colbg001,Colbrunn,Greg,R,R,ARI,1B,Greg Colbrunn,2000,"N,Arizona,Diamondbacks"
contj001,Conti,Jason,L,R,ARI,OF,Jason Conti,2000,"N,Arizona,Diamondbacks"
counc001,Counsell,Craig,L,R,ARI,2B,Craig Counsell,2000,"N,Arizona,Diamondbacks"
daalo001,Daal,Omar,L,L,ARI,P,Omar Daal,2000,"N,Arizona,Diamondbacks"
delld001,Dellucci,David,L,L,ARI,OF,David Dellucci,2000,"N,Arizona,Diamondbacks"
durae001,Durazo,Erubiel,L,L,ARI,1B,Erubiel Durazo,2000,"N,Arizona,Diamondbacks"
figun001,Figueroa,Nelson,B,R,ARI,P,Nelson Figueroa,2000,"N,Arizona,Diamondbacks"
finls001,Finley,Steve,L,L,ARI,OF,Steve Finley,2000,"N,Arizona,Diamondbacks"
fox-a001,Fox,Andy,L,R,ARI,3B,Andy Fox,2000,"N,Arizona,Diamondbacks"
friah001,Frias,Hanley,B,R,ARI,SS,Hanley Frias,2000,"N,Arizona,Diamondbacks"
gilkb001,Gilkey,Bernard,R,R,ARI,OF,Bernard Gilkey,2000,"N,Arizona,Diamondbacks"
gonzl001,Gonzalez,Luis,L,R,ARI,OF,Luis Gonzalez,2000,"N,Arizona,Diamondbacks"
guzmg001,Guzman,Geraldo,R,R,ARI,P,Geraldo Guzman,2000,"N,Arizona,Diamondbacks"
harrl001,Harris,Lenny,L,R,ARI,3B,Lenny Harris,2000,"N,Arizona,Diamondbacks"
holmd001,Holmes,Darren,R,R,ARI,P,Darren Holmes,2000,"N,Arizona,Diamondbacks"
johnr005,Johnson,Randy,R,L,ARI,P,Randy Johnson,2000,"N,Arizona,Diamondbacks"
kim-b001,Kim,Byung-Hyun,R,R,ARI,P,Byung-Hyun Kim,2000,"N,Arizona,Diamondbacks"
klasd001,Klassen,Danny,R,R,ARI,3B,Danny Klassen,2000,"N,Arizona,Diamondbacks"
lee-t002,Lee,Travis,L,L,ARI,OF,Travis Lee,2000,"N,Arizona,Diamondbacks"
mantm001,Mantei,Matt,R,R,ARI,P,Matt Mantei,2000,"N,Arizona,Diamondbacks"
miesm001,Mieske,Matt,R,R,ARI,OF,Matt Mieske,2000,"N,Arizona,Diamondbacks"
milld002,Miller,Damian,R,R,ARI,C,Damian Miller,2000,"N,Arizona,Diamondbacks"
morgm001,Morgan,Mike,R,R,ARI,P,Mike Morgan,2000,"N,Arizona,Diamondbacks"
padiv001,Padilla,Vicente,R,R,ARI,P,Vicente Padilla,2000,"N,Arizona,Diamondbacks"
plesd001,Plesac,Dan,L,L,ARI,P,Dan Plesac,2000,"N,Arizona,Diamondbacks"
reyna001,Reynoso,Armando,R,R,ARI,P,Armando Reynoso,2000,"N,Arizona,Diamondbacks"
ruffj001,Ruffin,Johnny,R,R,ARI,P,Johnny Ruffin,2000,"N,Arizona,Diamondbacks"
ryanr001,Ryan,Rob,L,L,ARI,OF,Rob Ryan,2000,"N,Arizona,Diamondbacks"
schic002,Schilling,Curt,R,R,ARI,P,Curt Schilling,2000,"N,Arizona,Diamondbacks"
sprir001,Springer,Russ,R,R,ARI,P,Russ Springer,2000,"N,Arizona,Diamondbacks"
stink001,Stinnett,Kelly,R,R,ARI,C,Kelly Stinnett,2000,"N,Arizona,Diamondbacks"
stott001,Stottlemyre,Todd,L,R,ARI,P,Todd Stottlemyre,2000,"N,Arizona,Diamondbacks"
swing001,Swindell,Greg,R,L,ARI,P,Greg Swindell,2000,"N,Arizona,Diamondbacks"
wardt001,Ward,Turner,B,R,ARI,OF,Turner Ward,2000,"N,Arizona,Diamondbacks"
willm003,Williams,Matt,R,R,ARI,3B,Matt Williams,2000,"N,Arizona,Diamondbacks"
womat001,Womack,Tony,L,R,ARI,SS,Tony Womack,2000,"N,Arizona,Diamondbacks"
abbok002,Abbott,Kurt,R,R,NYN,SS,Kurt Abbott,2000,"N,New York,Mets"
agbab001,Agbayani,Benny,R,R,NYN,OF,Benny Agbayani,2000,"N,New York,Mets"
alfoe001,Alfonzo,Edgardo,R,R,NYN,2B,Edgardo Alfonzo,2000,"N,New York,Mets"
belld001,Bell,Derek,R,R,NYN,OF,Derek Bell,2000,"N,New York,Mets"
benia001,Benitez,Armando,R,R,NYN,P,Armando Benitez,2000,"N,New York,Mets"
bordm001,Bordick,Mike,R,R,NYN,SS,Mike Bordick,2000,"N,New York,Mets"
camme001,Cammack,Eric,R,R,NYN,P,Eric Cammack,2000,"N,New York,Mets"
cookd001,Cook,Dennis,L,L,NYN,P,Dennis Cook,2000,"N,New York,Mets"
franj001,Franco,John,L,L,NYN,P,John Franco,2000,"N,New York,Mets"
franm001,Franco,Matt,L,R,NYN,1B,Matt Franco,2000,"N,New York,Mets"
hamid001,Hamilton,Darryl,L,R,NYN,OF,Darryl Hamilton,2000,"N,New York,Mets"
hampm001,Hampton,Mike,R,L,NYN,P,Mike Hampton,2000,"N,New York,Mets"
harrl001,Harris,Lenny,L,R,NYN,3B,Lenny Harris,2000,"N,New York,Mets"
hendr001,Henderson,Rickey,R,L,NYN,OF,Rickey Henderson,2000,"N,New York,Mets"
johnm001,Johnson,Mark,L,L,NYN,1B,Mark Johnson,2000,"N,New York,Mets"
joneb003,Jones,Bobby,R,R,NYN,P,Bobby Jones,2000,"N,New York,Mets"
joneb004,Jones,Bobby,R,L,NYN,P,Bobby Jones,2000,"N,New York,Mets"
kinkm001,Kinkade,Mike,R,R,NYN,OF,Mike Kinkade,2000,"N,New York,Mets"
lambd001,Lamb,David,B,R,NYN,3B,David Lamb,2000,"N,New York,Mets"
leita001,Leiter,Al,L,L,NYN,P,Al Leiter,2000,"N,New York,Mets"
mahop001,Mahomes,Pat,R,R,NYN,P,Pat Mahomes,2000,"N,New York,Mets"
mannj001,Mann,Jim,R,R,NYN,P,Jim Mann,2000,"N,New York,Mets"
mcewj001,McEwing,Joe,R,R,NYN,OF,Joe McEwing,2000,"N,New York,Mets"
mcgur001,McGuire,Ryan,L,L,NYN,OF,Ryan McGuire,2000,"N,New York,Mets"
moram002,Mora,Melvin,R,R,NYN,SS,Melvin Mora,2000,"N,New York,Mets"
nunnj001,Nunnally,Jon,L,R,NYN,OF,Jon Nunnally,2000,"N,New York,Mets"
ordor001,Ordonez,Rey,R,R,NYN,SS,Rey Ordonez,2000,"N,New York,Mets"
paytj001,Payton,Jay,R,R,NYN,OF,Jay Payton,2000,"N,New York,Mets"
peret004,Perez,Timo,L,L,NYN,OF,Timo Perez,2000,"N,New York,Mets"
piazm001,Piazza,Mike,R,R,NYN,C,Mike Piazza,2000,"N,New York,Mets"
pratt001,Pratt,Todd,R,R,NYN,C,Todd Pratt,2000,"N,New York,Mets"
pulsb001,Pulsipher,Bill,L,L,NYN,P,Bill Pulsipher,2000,"N,New York,Mets"
reedr002,Reed,Rick,R,R,NYN,P,Rick Reed,2000,"N,New York,Mets"
riggj001,Riggan,Jerrod,R,R,NYN,P,Jerrod Riggan,2000,"N,New York,Mets"
robeg001,Roberts,Grant,R,R,NYN,P,Grant Roberts,2000,"N,New York,Mets"
rodrr004,Rodriguez,Rich,L,L,NYN,P,Rich Rodriguez,2000,"N,New York,Mets"
ruscg001,Rusch,Glendon,L,L,NYN,P,Glendon Rusch,2000,"N,New York,Mets"
sprid001,Springer,Dennis,R,R,NYN,P,Dennis Springer,2000,"N,New York,Mets"
tocaj001,Toca,Jorge,R,R,NYN,1B,Jorge Toca,2000,"N,New York,Mets"
tramb001,Trammell,Bubba,R,R,NYN,OF,Bubba Trammell,2000,"N,New York,Mets"
tynej001,Tyner,Jason,L,L,NYN,OF,Jason Tyner,2000,"N,New York,Mets"
velaj001,Velandia,Jorge,R,R,NYN,2B,Jorge Velandia,2000,"N,New York,Mets"
ventr001,Ventura,Robin,L,R,NYN,3B,Robin Ventura,2000,"N,New York,Mets"
wendt001,Wendell,Turk,B,R,NYN,P,Turk Wendell,2000,"N,New York,Mets"
whitr002,White,Rick,R,R,NYN,P,Rick White,2000,"N,New York,Mets"
wilsv001,Wilson,Vance,R,R,NYN,C,Vance Wilson,2000,"N,New York,Mets"
zeilt001,Zeile,Todd,R,R,NYN,1B,Todd Zeile,2000,"N,New York,Mets"
aloum001,Alou,Moises,R,R,HOU,OF,Moises Alou,2000,"N,Houston,Astros"
bagwj001,Bagwell,Jeff,R,R,HOU,1B,Jeff Bagwell,2000,"N,Houston,Astros"
bakop001,Bako,Paul,L,R,HOU,C,Paul Bako,2000,"N,Houston,Astros"
barkg001,Barker,Glen,B,R,HOU,OF,Glen Barker,2000,"N,Houston,Astros"
berkl001,Berkman,Lance,B,L,HOU,OF,Lance Berkman,2000,"N,Houston,Astros"
biggc001,Biggio,Craig,R,R,HOU,2B,Craig Biggio,2000,"N,Houston,Astros"
bogat001,Bogar,Tim,R,R,HOU,SS,Tim Bogar,2000,"N,Houston,Astros"
cabrj001,Cabrera,Jose,R,R,HOU,P,Jose Cabrera,2000,"N,Houston,Astros"
camik001,Caminiti,Ken,B,R,HOU,3B,Ken Caminiti,2000,"N,Houston,Astros"
ceder001,Cedeno,Roger,B,R,HOU,OF,Roger Cedeno,2000,"N,Houston,Astros"
charf001,Charles,Frank,R,R,HOU,C,Frank Charles,2000,"N,Houston,Astros"
chavr001,Chavez,Raul,R,R,HOU,C,Raul Chavez,2000,"N,Houston,Astros"
cromt001,Cromer,Tripp,R,R,HOU,3B,Tripp Cromer,2000,"N,Houston,Astros"
doteo001,Dotel,Octavio,R,R,HOU,P,Octavio Dotel,2000,"N,Houston,Astros"
elars001,Elarton,Scott,R,R,HOU,P,Scott Elarton,2000,"N,Houston,Astros"
ensbm001,Ensberg,Morgan,R,R,HOU,3B,Morgan Ensberg,2000,"N,Houston,Astros"
euset001,Eusebio,Tony,R,R,HOU,C,Tony Eusebio,2000,"N,Houston,Astros"
franw001,Franklin,Wayne,L,L,HOU,P,Wayne Franklin,2000,"N,Houston,Astros"
gintk001,Ginter,Keith,R,R,HOU,2B,Keith Ginter,2000,"N,Houston,Astros"
goodd001,Gooden,Dwight,R,R,HOU,P,Dwight Gooden,2000,"N,Houston,Astros"
greej001,Green,Jason,R,R,HOU,P,Jason Green,2000,"N,Houston,Astros"
grosk002,Gross,Kip,R,R,HOU,P,Kip Gross,2000,"N,Houston,Astros"
henrd002,Henry,Doug,R,R,HOU,P,Doug Henry,2000,"N,Houston,Astros"
hidar001,Hidalgo,Richard,R,R,HOU,OF,Richard Hidalgo,2000,"N,Houston,Astros"
holtc001,Holt,Chris,R,R,HOU,P,Chris Holt,2000,"N,Houston,Astros"
johnr006,Johnson,Russ,R,R,HOU,SS,Russ Johnson,2000,"N,Houston,Astros"
limaj001,Lima,Jose,R,R,HOU,P,Jose Lima,2000,"N,Houston,Astros"
lines001,Linebrink,Scott,R,R,HOU,P,Scott Linebrink,2000,"N,Houston,Astros"
lugoj001,Lugo,Julio,R,R,HOU,SS,Julio Lugo,2000,"N,Houston,Astros"
maddm002,Maddux,Mike,L,R,HOU,P,Mike Maddux,2000,"N,Houston,Astros"
mcknt001,McKnight,Tony,R,R,HOU,P,Tony McKnight,2000,"N,Houston,Astros"
meacr001,Meacham,Rusty,R,R,HOU,P,Rusty Meacham,2000,"N,Houston,Astros"
melum001,Meluskey,Mitch,B,R,HOU,C,Mitch Meluskey,2000,"N,Houston,Astros"
miesm001,Mieske,Matt,R,R,HOU,OF,Matt Mieske,2000,"N,Houston,Astros"
millw001,Miller,Wade,R,R,HOU,P,Wade Miller,2000,"N,Houston,Astros"
perey001,Perez,Yorkis,L,L,HOU,P,Yorkis Perez,2000,"N,Houston,Astros"
poweb001,Powell,Brian,R,R,HOU,P,Brian Powell,2000,"N,Houston,Astros"
powej001,Powell,Jay,R,R,HOU,P,Jay Powell,2000,"N,Houston,Astros"
reyns001,Reynolds,Shane,R,R,HOU,P,Shane Reynolds,2000,"N,Houston,Astros"
slusj001,Slusarski,Joe,R,R,HOU,P,Joe Slusarski,2000,"N,Houston,Astros"
spieb001,Spiers,Bill,L,R,HOU,3B,Bill Spiers,2000,"N,Houston,Astros"
trubc001,Truby,Chris,R,R,HOU,3B,Chris Truby,2000,"N,Houston,Astros"
valdm001,Valdes,Marc,R,R,HOU,P,Marc Valdes,2000,"N,Houston,Astros"
wagnb001,Wagner,Billy,L,L,HOU,P,Billy Wagner,2000,"N,Houston,Astros"
wardd002,Ward,Daryle,L,L,HOU,OF,Daryle Ward,2000,"N,Houston,Astros"
zoske001,Zosky,Eddie,R,R,HOU,PH,Eddie Zosky,2000,"N,Houston,Astros"
allec001,Allen,Chad,R,R,MIN,OF,Chad Allen,2000,"A,Minnesota,Twins"
ardod001,Ardoin,Danny,R,R,MIN,C,Danny Ardoin,2000,"A,Minnesota,Twins"
barnj001,Barnes,John,R,R,MIN,OF,John Barnes,2000,"A,Minnesota,Twins"
bergs001,Bergman,Sean,R,R,MIN,P,Sean Bergman,2000,"A,Minnesota,Twins"
blakc001,Blake,Casey,R,R,MIN,3B,Casey Blake,2000,"A,Minnesota,Twins"
buchb002,Buchanan,Brian,R,R,MIN,OF,Brian Buchanan,2000,"A,Minnesota,Twins"
canij001,Canizaro,Jay,R,R,MIN,2B,Jay Canizaro,2000,"A,Minnesota,Twins"
carrh001,Carrasco,Hector,R,R,MIN,P,Hector Carrasco,2000,"A,Minnesota,Twins"
coomr001,Coomer,Ron,R,R,MIN,1B,Ron Coomer,2000,"A,Minnesota,Twins"
cresj001,Cressend,Jack,R,R,MIN,P,Jack Cressend,2000,"A,Minnesota,Twins"
cummm001,Cummings,Midre,L,R,MIN,OF,Midre Cummings,2000,"A,Minnesota,Twins"
guare001,Guardado,Eddie,R,L,MIN,P,Eddie Guardado,2000,"A,Minnesota,Twins"
guzmc001,Guzman,Cristian,B,R,MIN,SS,Cristian Guzman,2000,"A,Minnesota,Twins"
hawkl001,Hawkins,LaTroy,R,R,MIN,P,LaTroy Hawkins,2000,"A,Minnesota,Twins"
hockd001,Hocking,Denny,B,R,MIN,OF,Denny Hocking,2000,"A,Minnesota,Twins"
huntt001,Hunter,Torii,R,R,MIN,OF,Torii Hunter,2000,"A,Minnesota,Twins"
huskb001,Huskey,Butch,R,R,MIN,DH,Butch Huskey,2000,"A,Minnesota,Twins"
jensm001,Jensen,Marcus,B,R,MIN,C,Marcus Jensen,2000,"A,Minnesota,Twins"
jonej003,Jones,Jacque,L,L,MIN,OF,Jacque Jones,2000,"A,Minnesota,Twins"
kinnm002,Kinney,Matt,R,R,MIN,P,Matt Kinney,2000,"A,Minnesota,Twins"
koskc001,Koskie,Corey,L,R,MIN,3B,Corey Koskie,2000,"A,Minnesota,Twins"
lawtm002,Lawton,Matt,L,R,MIN,OF,Matt Lawton,2000,"A,Minnesota,Twins"
lecrm001,LeCroy,Matt,R,R,MIN,C,Matt LeCroy,2000,"A,Minnesota,Twins"
lincm001,Lincoln,Mike,R,R,MIN,P,Mike Lincoln,2000,"A,Minnesota,Twins"
maxwj001,Maxwell,Jason,R,R,MIN,2B,Jason Maxwell,2000,"A,Minnesota,Twins"
maysj001,Mays,Joe,B,R,MIN,P,Joe Mays,2000,"A,Minnesota,Twins"
miend001,Mientkiewicz,Doug,L,R,MIN,1B,Doug Mientkiewicz,2000,"A,Minnesota,Twins"
millt001,Miller,Travis,R,L,MIN,P,Travis Miller,2000,"A,Minnesota,Twins"
milte001,Milton,Eric,L,L,MIN,P,Eric Milton,2000,"A,Minnesota,Twins"
moelc001,Moeller,Chad,R,R,MIN,C,Chad Moeller,2000,"A,Minnesota,Twins"
motad001,Mota,Danny,R,R,MIN,P,Danny Mota,2000,"A,Minnesota,Twins"
ortid001,Ortiz,David,L,L,MIN,DH,David Ortiz,2000,"A,Minnesota,Twins"
piera001,Pierzynski,A.J.,L,R,MIN,C,A.J. Pierzynski,2000,"A,Minnesota,Twins"
radkb001,Radke,Brad,R,R,MIN,P,Brad Radke,2000,"A,Minnesota,Twins"
redmm002,Redman,Mark,L,L,MIN,P,Mark Redman,2000,"A,Minnesota,Twins"
rival001,Rivas,Luis,R,R,MIN,2B,Luis Rivas,2000,"A,Minnesota,Twins"
romej001,Romero,J.C.,B,L,MIN,P,J.C. Romero,2000,"A,Minnesota,Twins"
ryanj001,Ryan,Jason,B,R,MIN,P,Jason Ryan,2000,"A,Minnesota,Twins"
santj003,Santana,Johan,L,L,MIN,P,Johan Santana,2000,"A,Minnesota,Twins"
walkt002,Walker,Todd,L,R,MIN,2B,Todd Walker,2000,"A,Minnesota,Twins"
wellb002,Wells,Bob,R,R,MIN,P,Bob Wells,2000,"A,Minnesota,Twins"
