player_id,last,first,bats,throws,team_id,pos,player_name,year,team_name
benzj101,Benz,Joe,R,R,CHA,P,Joe Benz,1919,"A,Chicago,White Sox"
cicoe101,Cicotte,Eddie,B,R,CHA,P,Eddie Cicotte,1919,"A,Chicago,White Sox"
colle101,Collins,Eddie,L,R,CHA,2B,Eddie Collins,1919,"A,Chicago,White Sox"
colls101,Collins,Shano,R,R,CHA,OF,Shano Collins,1919,"A,Chicago,White Sox"
danfd101,Danforth,Dave,L,L,CHA,P,Dave Danforth,1919,"A,Chicago,White Sox"
faber101,Faber,Red,B,R,CHA,P,Red Faber,1919,"A,Chicago,White Sox"
felsh101,Felsch,Happy,R,R,CHA,OF,Happy Felsch,1919,"A,Chicago,White Sox"
gandc101,Gandil,Chick,R,R,CHA,1B,Chick Gandil,1919,"A,Chicago,White Sox"
jackj101,Jackson,Shoeless Joe,L,R,CHA,OF,Shoeless Joe Jackson,1919,"A,Chicago,White Sox"
jameb103,James,Bill,B,R,CHA,P,Bill James,1919,"A,Chicago,White Sox"
jenkj102,Jenkins,Joe,R,R,CHA,C,Joe Jenkins,1919,"A,Chicago,White Sox"
kerrd101,Kerr,Dickey,L,L,CHA,P,Dickey Kerr,1919,"A,Chicago,White Sox"
leibn101,Leibold,Nemo,L,R,CHA,OF,Nemo Leibold,1919,"A,Chicago,White Sox"
lowdg101,Lowdermilk,Grover,R,R,CHA,P,Grover Lowdermilk,1919,"A,Chicago,White Sox"
lynnb101,Lynn,Byrd,R,R,CHA,C,Byrd Lynn,1919,"A,Chicago,White Sox"
mayee101,Mayer,Erskine,R,R,CHA,P,Erskine Mayer,1919,"A,Chicago,White Sox"
mcclh103,McClellan,Hervey,R,R,CHA,3B,Hervey McClellan,1919,"A,Chicago,White Sox"
mcgut101,McGuire,Tom,R,R,CHA,P,Tom McGuire,1919,"A,Chicago,White Sox"
mcmuf101,McMullin,Fred,R,R,CHA,3B,Fred McMullin,1919,"A,Chicago,White Sox"
murpe102,Murphy,Eddie,L,R,CHA,OF,Eddie Murphy,1919,"A,Chicago,White Sox"
noyew101,Noyes,Win,R,R,CHA,P,Win Noyes,1919,"A,Chicago,White Sox"
ragap101,Ragan,Pat,R,R,CHA,P,Pat Ragan,1919,"A,Chicago,White Sox"
risbs101,Risberg,Swede,R,R,CHA,SS,Swede Risberg,1919,"A,Chicago,White Sox"
robec101,Robertson,Charlie,L,R,CHA,P,Charlie Robertson,1919,"A,Chicago,White Sox"
russr102,Russell,Reb,L,L,CHA,P,Reb Russell,1919,"A,Chicago,White Sox"
schar103,Schalk,Ray,R,R,CHA,C,Ray Schalk,1919,"A,Chicago,White Sox"
shelf101,Shellenback,Frank,R,R,CHA,P,Frank Shellenback,1919,"A,Chicago,White Sox"
sullj106,Sullivan,John,L,L,CHA,P,John Sullivan,1919,"A,Chicago,White Sox"
weavb101,Weaver,Buck,B,R,CHA,3B,Buck Weaver,1919,"A,Chicago,White Sox"
wilkr101,Wilkinson,Roy,R,R,CHA,P,Roy Wilkinson,1919,"A,Chicago,White Sox"
willl104,Williams,Lefty,R,L,CHA,P,Lefty Williams,1919,"A,Chicago,White Sox"
adamb106,Adams,Bert,B,R,PHI,C,Bert Adams,1919,"N,Philadelphia,Phillies"
amesr101,Ames,Red,B,R,PHI,P,Red Ames,1919,"N,Philadelphia,Phillies"
baird101,Baird,Doug,R,R,PHI,3B,Doug Baird,1919,"N,Philadelphia,Phillies"
bancd101,Bancroft,Dave,B,R,PHI,SS,Dave Bancroft,1919,"N,Philadelphia,Phillies"
blacl101,Blackburne,Lena,R,R,PHI,3B,Lena Blackburne,1919,"N,Philadelphia,Phillies"
cadyh101,Cady,Hick,R,R,PHI,C,Hick Cady,1919,"N,Philadelphia,Phillies"
calll101,Callahan,Leo,L,L,PHI,OF,Leo Callahan,1919,"N,Philadelphia,Phillies"
cantm101,Cantwell,Mike,L,L,PHI,P,Mike Cantwell,1919,"N,Philadelphia,Phillies"
cavaj101,Cavanaugh,John,R,R,PHI,3B,John Cavanaugh,1919,"N,Philadelphia,Phillies"
chenl101,Cheney,Larry,R,R,PHI,P,Larry Cheney,1919,"N,Philadelphia,Phillies"
clarn101,Clarke,Nig,L,R,PHI,C,Nig Clarke,1919,"N,Philadelphia,Phillies"
cravg101,Cravath,Gavvy,R,R,PHI,OF,Gavvy Cravath,1919,"N,Philadelphia,Phillies"
fairr102,Faircloth,Rags,R,R,PHI,P,Rags Faircloth,1919,"N,Philadelphia,Phillies"
hoggb102,Hogg,Brad,R,R,PHI,P,Brad Hogg,1919,"N,Philadelphia,Phillies"
jacoe101,Jacobs,Elmer,R,R,PHI,P,Elmer Jacobs,1919,"N,Philadelphia,Phillies"
lebob101,LeBourveau,Bevo,L,R,PHI,OF,Bevo LeBourveau,1919,"N,Philadelphia,Phillies"
ludef101,Luderus,Fred,L,R,PHI,1B,Fred Luderus,1919,"N,Philadelphia,Phillies"
meadl101,Meadows,Lee,L,R,PHI,P,Lee Meadows,1919,"N,Philadelphia,Phillies"
meusi101,Meusel,Irish,R,R,PHI,OF,Irish Meusel,1919,"N,Philadelphia,Phillies"
murrp101,Murray,Pat,R,L,PHI,P,Pat Murray,1919,"N,Philadelphia,Phillies"
oescj101,Oeschger,Joe,R,R,PHI,P,Joe Oeschger,1919,"N,Philadelphia,Phillies"
packg101,Packard,Gene,L,L,PHI,P,Gene Packard,1919,"N,Philadelphia,Phillies"
pasqm101,Pasquella,Mike,R,R,PHI,1B,Mike Pasquella,1919,"N,Philadelphia,Phillies"
paulg102,Paulette,Gene,R,R,PHI,2B,Gene Paulette,1919,"N,Philadelphia,Phillies"
pearh101,Pearce,Harry,R,R,PHI,2B,Harry Pearce,1919,"N,Philadelphia,Phillies"
prenm101,Prendergast,Mike,R,R,PHI,P,Mike Prendergast,1919,"N,Philadelphia,Phillies"
rayml101,Raymond,Lou,R,R,PHI,2B,Lou Raymond,1919,"N,Philadelphia,Phillies"
rixee101,Rixey,Eppa,R,L,PHI,P,Eppa Rixey,1919,"N,Philadelphia,Phillies"
sicke101,Sicking,Ed,R,R,PHI,SS,Ed Sicking,1919,"N,Philadelphia,Phillies"
smitg104,Smith,George,R,R,PHI,P,George Smith,1919,"N,Philadelphia,Phillies"
tragw101,Tragesser,Walt,R,R,PHI,C,Walt Tragesser,1919,"N,Philadelphia,Phillies"
walld101,Wallace,Doc,R,R,PHI,SS,Doc Wallace,1919,"N,Philadelphia,Phillies"
watsm102,Watson,Milt,R,R,PHI,P,Milt Watson,1919,"N,Philadelphia,Phillies"
weinl101,Weinert,Lefty,L,L,PHI,P,Lefty Weinert,1919,"N,Philadelphia,Phillies"
whitp102,Whitted,Possum,R,R,PHI,OF,Possum Whitted,1919,"N,Philadelphia,Phillies"
willc103,Williams,Cy,L,L,PHI,OF,Cy Williams,1919,"N,Philadelphia,Phillies"
woodf102,Woodward,Frank,R,R,PHI,P,Frank Woodward,1919,"N,Philadelphia,Phillies"
yeabb101,Yeabsley,Bert,R,R,PHI,PR,Bert Yeabsley,1919,"N,Philadelphia,Phillies"
bagbj101,Bagby,Jim,B,R,CLE,P,Jim Bagby,1919,"A,Cleveland,Indians"
caldr101,Caldwell,Ray,L,R,CLE,P,Ray Caldwell,1919,"A,Cleveland,Indians"
chapr101,Chapman,Ray,R,R,CLE,SS,Ray Chapman,1919,"A,Cleveland,Indians"
coumf101,Coumbe,Fritz,L,L,CLE,P,Fritz Coumbe,1919,"A,Cleveland,Indians"
coves101,Coveleski,Stan,R,R,CLE,P,Stan Coveleski,1919,"A,Cleveland,Indians"
engej101,Engel,Joe,R,L,CLE,P,Joe Engel,1919,"A,Cleveland,Indians"
enzmj101,Enzmann,Johnny,R,R,CLE,P,Johnny Enzmann,1919,"A,Cleveland,Indians"
evanj101,Evans,Joe,R,R,CLE,SS,Joe Evans,1919,"A,Cleveland,Indians"
faett101,Faeth,Tony,R,R,CLE,P,Tony Faeth,1919,"A,Cleveland,Indians"
gardl101,Gardner,Larry,L,R,CLE,3B,Larry Gardner,1919,"A,Cleveland,Indians"
granj104,Graney,Jack,L,L,CLE,OF,Jack Graney,1919,"A,Cleveland,Indians"
harrj103,Harris,Joe,R,R,CLE,1B,Joe Harris,1919,"A,Cleveland,Indians"
jamic101,Jamieson,Charlie,L,L,CLE,P,Charlie Jamieson,1919,"A,Cleveland,Indians"
jasph101,Jasper,Hi,R,R,CLE,P,Hi Jasper,1919,"A,Cleveland,Indians"
johnd107,Johnston,Doc,L,L,CLE,1B,Doc Johnston,1919,"A,Cleveland,Indians"
klepe101,Klepfer,Ed,R,R,CLE,P,Ed Klepfer,1919,"A,Cleveland,Indians"
lunth101,Lunte,Harry,R,R,CLE,SS,Harry Lunte,1919,"A,Cleveland,Indians"
mortg101,Morton,Guy,R,R,CLE,P,Guy Morton,1919,"A,Cleveland,Indians"
myere101,Myers,Elmer,R,R,CLE,P,Elmer Myers,1919,"A,Cleveland,Indians"
nunal101,Nunamaker,Les,R,R,CLE,C,Les Nunamaker,1919,"A,Cleveland,Indians"
oneis101,O'Neill,Steve,R,R,CLE,C,Steve O'Neill,1919,"A,Cleveland,Indians"
philt102,Phillips,Tom,R,R,CLE,P,Tom Phillips,1919,"A,Cleveland,Indians"
smite104,Smith,Elmer,L,R,CLE,OF,Elmer Smith,1919,"A,Cleveland,Indians"
speat101,Speaker,Tris,L,L,CLE,OF,Tris Speaker,1919,"A,Cleveland,Indians"
thomp101,Thomas,Pinch,L,R,CLE,C,Pinch Thomas,1919,"A,Cleveland,Indians"
uhleg101,Uhle,George,R,R,CLE,P,George Uhle,1919,"A,Cleveland,Indians"
wambb101,Wambsganss,Bill,R,R,CLE,2B,Bill Wambsganss,1919,"A,Cleveland,Indians"
woodj108,Wood,Smoky Joe,R,R,CLE,OF,Smoky Joe Wood,1919,"A,Cleveland,Indians"
ainse101,Ainsmith,Eddie,R,R,DET,C,Eddie Ainsmith,1919,"A,Detroit,Tigers"
ayerd101,Ayers,Doc,R,R,DET,P,Doc Ayers,1919,"A,Detroit,Tigers"
bolab101,Boland,Bernie,R,R,DET,P,Bernie Boland,1919,"A,Detroit,Tigers"
bushd102,Bush,Donie,B,R,DET,SS,Donie Bush,1919,"A,Detroit,Tigers"
cobbt101,Cobb,Ty,L,R,DET,OF,Ty Cobb,1919,"A,Detroit,Tigers"
cunng101,Cunningham,George,R,R,DET,P,George Cunningham,1919,"A,Detroit,Tigers"
daush101,Dauss,Hooks,R,R,DET,P,Hooks Dauss,1919,"A,Detroit,Tigers"
dowds101,Dowd,Snooks,R,R,DET,PR,Snooks Dowd,1919,"A,Detroit,Tigers"
dyerb101,Dyer,Ben,R,R,DET,3B,Ben Dyer,1919,"A,Detroit,Tigers"
ehmkh101,Ehmke,Howard,R,R,DET,P,Howard Ehmke,1919,"A,Detroit,Tigers"
ellib102,Ellison,Babe,R,R,DET,2B,Babe Ellison,1919,"A,Detroit,Tigers"
erice101,Erickson,Eric,R,R,DET,P,Eric Erickson,1919,"A,Detroit,Tigers"
flagi101,Flagstead,Ira,R,R,DET,OF,Ira Flagstead,1919,"A,Detroit,Tigers"
heilh101,Heilmann,Harry,R,R,DET,1B,Harry Heilmann,1919,"A,Detroit,Tigers"
jameb103,James,Bill,B,R,DET,P,Bill James,1919,"A,Detroit,Tigers"
joneb103,Jones,Bob,L,R,DET,3B,Bob Jones,1919,"A,Detroit,Tigers"
kallr101,Kallio,Rudy,R,R,DET,P,Rudy Kallio,1919,"A,Detroit,Tigers"
leond102,Leonard,Dutch,L,L,DET,P,Dutch Leonard,1919,"A,Detroit,Tigers"
loves101,Love,Slim,L,L,DET,P,Slim Love,1919,"A,Detroit,Tigers"
mitcw101,Mitchell,Willie,R,L,DET,P,Willie Mitchell,1919,"A,Detroit,Tigers"
shorc101,Shorten,Chick,L,L,DET,OF,Chick Shorten,1919,"A,Detroit,Tigers"
stano101,Stanage,Oscar,R,R,DET,C,Oscar Stanage,1919,"A,Detroit,Tigers"
veacb101,Veach,Bobby,L,R,DET,OF,Bobby Veach,1919,"A,Detroit,Tigers"
yella101,Yelle,Archie,R,R,DET,C,Archie Yelle,1919,"A,Detroit,Tigers"
younr103,Young,Ralph,B,R,DET,2B,Ralph Young,1919,"A,Detroit,Tigers"
bailg101,Bailey,Gene,R,R,BSN,OF,Gene Bailey,1919,"N,Boston,Braves"
blacl101,Blackburne,Lena,R,R,BSN,3B,Lena Blackburne,1919,"N,Boston,Braves"
boect101,Boeckel,Tony,R,R,BSN,3B,Tony Boeckel,1919,"N,Boston,Braves"
carrd103,Carroll,Dixie,L,R,BSN,OF,Dixie Carroll,1919,"N,Boston,Braves"
causr101,Causey,Red,R,R,BSN,P,Red Causey,1919,"N,Boston,Braves"
chenl101,Cheney,Larry,R,R,BSN,P,Larry Cheney,1919,"N,Boston,Braves"
chril103,Christenbury,Lloyd,L,R,BSN,OF,Lloyd Christenbury,1919,"N,Boston,Braves"
cruiw101,Cruise,Walton,L,R,BSN,OF,Walton Cruise,1919,"N,Boston,Braves"
demaa101,Demaree,Al,L,R,BSN,P,Al Demaree,1919,"N,Boston,Braves"
filld101,Fillingim,Dana,L,R,BSN,P,Dana Fillingim,1919,"N,Boston,Braves"
fordh101,Ford,Hod,R,R,BSN,SS,Hod Ford,1919,"N,Boston,Braves"
gowdh101,Gowdy,Hank,R,R,BSN,C,Hank Gowdy,1919,"N,Boston,Braves"
herzb101,Herzog,Buck,R,R,BSN,2B,Buck Herzog,1919,"N,Boston,Braves"
holkw101,Holke,Walter,B,L,BSN,1B,Walter Holke,1919,"N,Boston,Braves"
jameb102,James,Bill,R,R,BSN,P,Bill James,1919,"N,Boston,Braves"
keatr101,Keating,Ray,R,R,BSN,P,Ray Keating,1919,"N,Boston,Braves"
kellj102,Kelly,Joe,R,R,BSN,OF,Joe Kelly,1919,"N,Boston,Braves"
kingl101,King,Lee,R,R,BSN,PH,Lee King,1919,"N,Boston,Braves"
mannl101,Mann,Les,R,R,BSN,OF,Les Mann,1919,"N,Boston,Braves"
marar101,Maranville,Rabbit,R,R,BSN,SS,Rabbit Maranville,1919,"N,Boston,Braves"
mcquh101,McQuillan,Hugh,R,R,BSN,P,Hugh McQuillan,1919,"N,Boston,Braves"
millt101,Miller,Tom,L,R,BSN,PH,Tom Miller,1919,"N,Boston,Braves"
nehfa101,Nehf,Art,L,L,BSN,P,Art Nehf,1919,"N,Boston,Braves"
nortj102,Northrop,Jake,L,R,BSN,P,Jake Northrop,1919,"N,Boston,Braves"
nuttd101,Nutter,Dizzy,L,R,BSN,OF,Dizzy Nutter,1919,"N,Boston,Braves"
oescj101,Oeschger,Joe,R,R,BSN,P,Joe Oeschger,1919,"N,Boston,Braves"
oneim102,O'Neil,Mickey,R,R,BSN,C,Mickey O'Neil,1919,"N,Boston,Braves"
pickc103,Pick,Charlie,L,R,BSN,2B,Charlie Pick,1919,"N,Boston,Braves"
power101,Powell,Ray,L,R,BSN,OF,Ray Powell,1919,"N,Boston,Braves"
ragap101,Ragan,Pat,R,R,BSN,P,Pat Ragan,1919,"N,Boston,Braves"
rawlj101,Rawlings,Johnny,R,R,BSN,2B,Johnny Rawlings,1919,"N,Boston,Braves"
riggj101,Riggert,Joe,R,R,BSN,OF,Joe Riggert,1919,"N,Boston,Braves"
rudod101,Rudolph,Dick,R,R,BSN,P,Dick Rudolph,1919,"N,Boston,Braves"
scotj101,Scott,Jack,L,R,BSN,P,Jack Scott,1919,"N,Boston,Braves"
smitr108,Smith,Red,R,R,BSN,OF,Red Smith,1919,"N,Boston,Braves"
thorj101,Thorpe,Jim,R,R,BSN,OF,Jim Thorpe,1919,"N,Boston,Braves"
tragw101,Tragesser,Walt,R,R,BSN,C,Walt Tragesser,1919,"N,Boston,Braves"
whits104,White,Sam,L,R,BSN,C,Sam White,1919,"N,Boston,Braves"
wilsa102,Wilson,Art,R,R,BSN,C,Art Wilson,1919,"N,Boston,Braves"
adamw101,Adams,Willie,R,R,PHA,P,Willie Adams,1919,"A,Philadelphia,Athletics"
alleb104,Allen,Bob,R,R,PHA,OF,Bob Allen,1919,"A,Philadelphia,Athletics"
andew102,Anderson,Walter,L,L,PHA,P,Walter Anderson,1919,"A,Philadelphia,Athletics"
boond102,Boone,Dan,R,R,PHA,P,Dan Boone,1919,"A,Philadelphia,Athletics"
burng102,Burns,George,R,R,PHA,1B,George Burns,1919,"A,Philadelphia,Athletics"
burrd101,Burrus,Dick,L,L,PHA,1B,Dick Burrus,1919,"A,Philadelphia,Athletics"
dowds101,Dowd,Snooks,R,R,PHA,2B,Snooks Dowd,1919,"A,Philadelphia,Athletics"
dugaj101,Dugan,Joe,R,R,PHA,SS,Joe Dugan,1919,"A,Philadelphia,Athletics"
dykej101,Dykes,Jimmy,R,R,PHA,2B,Jimmy Dykes,1919,"A,Philadelphia,Athletics"
eckec101,Eckert,Charlie,R,R,PHA,P,Charlie Eckert,1919,"A,Philadelphia,Athletics"
ewola101,Ewoldt,Art,R,R,PHA,3B,Art Ewoldt,1919,"A,Philadelphia,Athletics"
gallc101,Galloway,Chick,R,R,PHA,SS,Chick Galloway,1919,"A,Philadelphia,Athletics"
gearb101,Geary,Bob,R,R,PHA,P,Bob Geary,1919,"A,Philadelphia,Athletics"
grevb101,Grevell,Bill,R,R,PHA,P,Bill Grevell,1919,"A,Philadelphia,Athletics"
grifi101,Griffin,Ivy,L,R,PHA,1B,Ivy Griffin,1919,"A,Philadelphia,Athletics"
grohl101,Groh,Lew,R,R,PHA,3B,Lew Groh,1919,"A,Philadelphia,Athletics"
grovr101,Grover,Roy,R,R,PHA,2B,Roy Grover,1919,"A,Philadelphia,Athletics"
hastb101,Hasty,Bob,R,R,PHA,P,Bob Hasty,1919,"A,Philadelphia,Athletics"
highc101,High,Charlie,L,R,PHA,OF,Charlie High,1919,"A,Philadelphia,Athletics"
johnj102,Johnson,Jing,R,R,PHA,P,Jing Johnson,1919,"A,Philadelphia,Athletics"
keefd101,Keefe,Dave,L,R,PHA,P,Dave Keefe,1919,"A,Philadelphia,Athletics"
kinnw101,Kinney,Walt,L,L,PHA,P,Walt Kinney,1919,"A,Philadelphia,Athletics"
kircm101,Kircher,Mike,B,R,PHA,P,Mike Kircher,1919,"A,Philadelphia,Athletics"
koppm101,Kopp,Merlin,B,R,PHA,OF,Merlin Kopp,1919,"A,Philadelphia,Athletics"
martp102,Martin,Pat,L,L,PHA,P,Pat Martin,1919,"A,Philadelphia,Athletics"
mcavw101,McAvoy,Wickey,R,R,PHA,C,Wickey McAvoy,1919,"A,Philadelphia,Athletics"
naylr101,Naylor,Rollie,R,R,PHA,P,Rollie Naylor,1919,"A,Philadelphia,Athletics"
noyew101,Noyes,Win,R,R,PHA,P,Win Noyes,1919,"A,Philadelphia,Athletics"
perkc101,Perkins,Cy,R,R,PHA,C,Cy Perkins,1919,"A,Philadelphia,Athletics"
perrs101,Perry,Scott,L,R,PHA,P,Scott Perry,1919,"A,Philadelphia,Athletics"
pierw101,Pierson,William,L,L,PHA,P,William Pierson,1919,"A,Philadelphia,Athletics"
rober103,Roberts,Ray,L,R,PHA,P,Ray Roberts,1919,"A,Philadelphia,Athletics"
roget101,Rogers,Tom,R,R,PHA,P,Tom Rogers,1919,"A,Philadelphia,Athletics"
rothb102,Roth,Braggo,R,R,PHA,OF,Braggo Roth,1919,"A,Philadelphia,Athletics"
seibs101,Seibold,Socks,R,R,PHA,P,Socks Seibold,1919,"A,Philadelphia,Athletics"
shanr101,Shannon,Red,B,R,PHA,2B,Red Shannon,1919,"A,Philadelphia,Athletics"
strua102,Strunk,Amos,L,L,PHA,OF,Amos Strunk,1919,"A,Philadelphia,Athletics"
styll101,Styles,Lena,R,R,PHA,C,Lena Styles,1919,"A,Philadelphia,Athletics"
thomf102,Thomas,Fred,R,R,PHA,3B,Fred Thomas,1919,"A,Philadelphia,Athletics"
thomh104,Thompson,Harry,L,L,PHA,P,Harry Thompson,1919,"A,Philadelphia,Athletics"
turnt105,Turner,Terry,R,R,PHA,SS,Terry Turner,1919,"A,Philadelphia,Athletics"
walkj103,Walker,Johnny,R,R,PHA,C,Johnny Walker,1919,"A,Philadelphia,Athletics"
walkt101,Walker,Tillie,R,R,PHA,OF,Tillie Walker,1919,"A,Philadelphia,Athletics"
watsm103,Watson,Mule,R,R,PHA,P,Mule Watson,1919,"A,Philadelphia,Athletics"
welcf101,Welch,Frank,R,R,PHA,OF,Frank Welch,1919,"A,Philadelphia,Athletics"
winga101,Wingo,Al,L,R,PHA,OF,Al Wingo,1919,"A,Philadelphia,Athletics"
wittw101,Witt,Whitey,L,R,PHA,OF,Whitey Witt,1919,"A,Philadelphia,Athletics"
yorkl101,York,Lefty,L,L,PHA,P,Lefty York,1919,"A,Philadelphia,Athletics"
zinnj101,Zinn,Jimmy,L,R,PHA,P,Jimmy Zinn,1919,"A,Philadelphia,Athletics"
adamb104,Adams,Babe,L,R,PIT,P,Babe Adams,1919,"N,Pittsburgh,Pirates"
barbw101,Barbare,Walter,R,R,PIT,3B,Walter Barbare,1919,"N,Pittsburgh,Pirates"
bigbc101,Bigbee,Carson,L,R,PIT,OF,Carson Bigbee,1919,"N,Pittsburgh,Pirates"
blacf101,Blackwell,Fred,L,R,PIT,C,Fred Blackwell,1919,"N,Pittsburgh,Pirates"
boect101,Boeckel,Tony,R,R,PIT,3B,Tony Boeckel,1919,"N,Pittsburgh,Pirates"
carem101,Carey,Max,B,R,PIT,OF,Max Carey,1919,"N,Pittsburgh,Pirates"
carlh101,Carlson,Hal,R,R,PIT,P,Hal Carlson,1919,"N,Pittsburgh,Pirates"
catoh101,Caton,Howdy,R,R,PIT,SS,Howdy Caton,1919,"N,Pittsburgh,Pirates"
coopw101,Cooper,Wilbur,R,L,PIT,P,Wilbur Cooper,1919,"N,Pittsburgh,Pirates"
cutsg101,Cutshaw,George,R,R,PIT,2B,George Cutshaw,1919,"N,Pittsburgh,Pirates"
evanb102,Evans,Bill,R,R,PIT,P,Bill Evans,1919,"N,Pittsburgh,Pirates"
grimc101,Grimm,Charlie,L,L,PIT,1B,Charlie Grimm,1919,"N,Pittsburgh,Pirates"
hamie101,Hamilton,Earl,L,L,PIT,P,Earl Hamilton,1919,"N,Pittsburgh,Pirates"
hillc102,Hill,Carmen,R,R,PIT,P,Carmen Hill,1919,"N,Pittsburgh,Pirates"
lee-c101,Lee,Cliff,R,R,PIT,C,Cliff Lee,1919,"N,Pittsburgh,Pirates"
mayee101,Mayer,Erskine,R,R,PIT,P,Erskine Mayer,1919,"N,Pittsburgh,Pirates"
millf102,Miller,Frank,R,R,PIT,P,Frank Miller,1919,"N,Pittsburgh,Pirates"
mollf101,Mollwitz,Fritz,R,R,PIT,1B,Fritz Mollwitz,1919,"N,Pittsburgh,Pirates"
nichf101,Nicholson,Fred,R,R,PIT,OF,Fred Nicholson,1919,"N,Pittsburgh,Pirates"
ponde101,Ponder,Elmer,R,R,PIT,P,Elmer Ponder,1919,"N,Pittsburgh,Pirates"
saiev101,Saier,Vic,L,R,PIT,1B,Vic Saier,1919,"N,Pittsburgh,Pirates"
schmw102,Schmidt,Walter,R,R,PIT,C,Walter Schmidt,1919,"N,Pittsburgh,Pirates"
soutb101,Southworth,Billy,L,R,PIT,OF,Billy Southworth,1919,"N,Pittsburgh,Pirates"
stenc101,Stengel,Casey,L,L,PIT,OF,Casey Stengel,1919,"N,Pittsburgh,Pirates"
sweej102,Sweeney,Jeff,R,R,PIT,C,Jeff Sweeney,1919,"N,Pittsburgh,Pirates"
terrz101,Terry,Zeb,R,R,PIT,SS,Zeb Terry,1919,"N,Pittsburgh,Pirates"
warnh102,Warner,Hooks,L,R,PIT,3B,Hooks Warner,1919,"N,Pittsburgh,Pirates"
whitp102,Whitted,Possum,R,R,PIT,1B,Possum Whitted,1919,"N,Pittsburgh,Pirates"
wisnj101,Wisner,Jack,R,R,PIT,P,Jack Wisner,1919,"N,Pittsburgh,Pirates"
zitzb101,Zitzmann,Billy,R,R,PIT,OF,Billy Zitzmann,1919,"N,Pittsburgh,Pirates"
alleh101,Allen,Horace,L,R,BRO,OF,Horace Allen,1919,"N,Brooklyn,Dodgers"
baird101,Baird,Doug,R,R,BRO,3B,Doug Baird,1919,"N,Brooklyn,Dodgers"
cadol101,Cadore,Leon,R,R,BRO,P,Leon Cadore,1919,"N,Brooklyn,Dodgers"
chenl101,Cheney,Larry,R,R,BRO,P,Larry Cheney,1919,"N,Brooklyn,Dodgers"
fitzt101,Fitzsimmons,Tom,R,R,BRO,3B,Tom Fitzsimmons,1919,"N,Brooklyn,Dodgers"
grift102,Griffith,Tommy,L,R,BRO,OF,Tommy Griffith,1919,"N,Brooklyn,Dodgers"
grimb101,Grimes,Burleigh,R,R,BRO,P,Burleigh Grimes,1919,"N,Brooklyn,Dodgers"
henil101,Henion,Lafayette,R,R,BRO,P,Lafayette Henion,1919,"N,Brooklyn,Dodgers"
hickj102,Hickman,Jim,R,R,BRO,OF,Jim Hickman,1919,"N,Brooklyn,Dodgers"
johnj107,Johnston,Jimmy,R,R,BRO,2B,Jimmy Johnston,1919,"N,Brooklyn,Dodgers"
kildp101,Kilduff,Pete,R,R,BRO,3B,Pete Kilduff,1919,"N,Brooklyn,Dodgers"
konee101,Konetchy,Ed,R,R,BRO,1B,Ed Konetchy,1919,"N,Brooklyn,Dodgers"
kruee101,Krueger,Ernie,R,R,BRO,C,Ernie Krueger,1919,"N,Brooklyn,Dodgers"
magel101,Magee,Lee,B,R,BRO,2B,Lee Magee,1919,"N,Brooklyn,Dodgers"
malol101,Malone,Lew,R,R,BRO,3B,Lew Malone,1919,"N,Brooklyn,Dodgers"
mamaa101,Mamaux,Al,R,R,BRO,P,Al Mamaux,1919,"N,Brooklyn,Dodgers"
marqr102,Marquard,Rube,B,L,BRO,P,Rube Marquard,1919,"N,Brooklyn,Dodgers"
millo103,Miller,Otto,R,R,BRO,C,Otto Miller,1919,"N,Brooklyn,Dodgers"
mitcc102,Mitchell,Clarence,L,L,BRO,P,Clarence Mitchell,1919,"N,Brooklyn,Dodgers"
myerh102,Myers,Hi,R,R,BRO,OF,Hi Myers,1919,"N,Brooklyn,Dodgers"
olsoi101,Olson,Ivy,R,R,BRO,SS,Ivy Olson,1919,"N,Brooklyn,Dodgers"
omaro101,O'Mara,Ollie,R,R,BRO,3B,Ollie O'Mara,1919,"N,Brooklyn,Dodgers"
pfefj101,Pfeffer,Jeff,R,R,BRO,P,Jeff Pfeffer,1919,"N,Brooklyn,Dodgers"
schmr101,Schmandt,Ray,R,R,BRO,2B,Ray Schmandt,1919,"N,Brooklyn,Dodgers"
smits102,Smith,Sherry,R,L,BRO,P,Sherry Smith,1919,"N,Brooklyn,Dodgers"
wardc102,Ward,Chuck,R,R,BRO,3B,Chuck Ward,1919,"N,Brooklyn,Dodgers"
wheam101,Wheat,Mack,R,R,BRO,C,Mack Wheat,1919,"N,Brooklyn,Dodgers"
wheaz101,Wheat,Zack,L,R,BRO,OF,Zack Wheat,1919,"N,Brooklyn,Dodgers"
austj101,Austin,Jimmy,B,R,SLA,3B,Jimmy Austin,1919,"A,St.Louis,Browns"
baynb101,Bayne,Bill,L,L,SLA,P,Bill Bayne,1919,"A,St.Louis,Browns"
billj103,Billings,Josh,R,R,SLA,C,Josh Billings,1919,"A,St.Louis,Browns"
bronh101,Bronkie,Herman,R,R,SLA,3B,Herman Bronkie,1919,"A,St.Louis,Browns"
collp101,Collins,Pat,R,R,SLA,C,Pat Collins,1919,"A,St.Louis,Browns"
daved101,Davenport,Dave,R,R,SLA,P,Dave Davenport,1919,"A,St.Louis,Browns"
demmr101,Demmitt,Ray,L,R,SLA,OF,Ray Demmitt,1919,"A,St.Louis,Browns"
gallb103,Gallia,Bert,R,R,SLA,P,Bert Gallia,1919,"A,St.Louis,Browns"
gedej101,Gedeon,Joe,R,R,SLA,2B,Joe Gedeon,1919,"A,St.Louis,Browns"
gerbw101,Gerber,Wally,R,R,SLA,SS,Wally Gerber,1919,"A,St.Louis,Browns"
haidh101,Haid,Hal,R,R,SLA,P,Hal Haid,1919,"A,St.Louis,Browns"
jacow101,Jacobson,Baby Doll,R,R,SLA,OF,Baby Doll Jacobson,1919,"A,St.Louis,Browns"
koobe101,Koob,Ernie,L,L,SLA,P,Ernie Koob,1919,"A,St.Louis,Browns"
leifl101,Leifield,Lefty,L,L,SLA,P,Lefty Leifield,1919,"A,St.Louis,Browns"
lowdg101,Lowdermilk,Grover,R,R,SLA,P,Grover Lowdermilk,1919,"A,St.Louis,Browns"
maper101,Mapel,Rolla,L,L,SLA,P,Rolla Mapel,1919,"A,St.Louis,Browns"
mayew101,Mayer,Wally,R,R,SLA,C,Wally Mayer,1919,"A,St.Louis,Browns"
robeg101,Robertson,Gene,L,R,SLA,SS,Gene Robertson,1919,"A,St.Louis,Browns"
roget101,Rogers,Tom,R,R,SLA,P,Tom Rogers,1919,"A,St.Louis,Browns"
schej102,Schepner,Joe,R,R,SLA,3B,Joe Schepner,1919,"A,St.Louis,Browns"
seveh101,Severeid,Hank,R,R,SLA,C,Hank Severeid,1919,"A,St.Louis,Browns"
shocu101,Shocker,Urban,R,R,SLA,P,Urban Shocker,1919,"A,St.Louis,Browns"
shovj101,Shovlin,John,R,R,SLA,2B,John Shovlin,1919,"A,St.Louis,Browns"
sislg101,Sisler,George,L,L,SLA,1B,George Sisler,1919,"A,St.Louis,Browns"
sloat101,Sloan,Tod,L,R,SLA,OF,Tod Sloan,1919,"A,St.Louis,Browns"
smite107,Smith,Earl,B,R,SLA,OF,Earl Smith,1919,"A,St.Louis,Browns"
sotha101,Sothoron,Allen,B,R,SLA,P,Allen Sothoron,1919,"A,St.Louis,Browns"
tobij101,Tobin,Jack,L,L,SLA,OF,Jack Tobin,1919,"A,St.Louis,Browns"
vange101,Vangilder,Elam,R,R,SLA,P,Elam Vangilder,1919,"A,St.Louis,Browns"
weilc101,Weilman,Carl,L,L,SLA,P,Carl Weilman,1919,"A,St.Louis,Browns"
willk101,Williams,Ken,L,R,SLA,OF,Ken Williams,1919,"A,St.Louis,Browns"
wrigr104,Wright,Rasty,R,R,SLA,P,Rasty Wright,1919,"A,St.Louis,Browns"
bakef102,Baker,Home Run,L,R,NYA,3B,Home Run Baker,1919,"A,New York,Yankees"
bodip101,Bodie,Ping,R,R,NYA,OF,Ping Bodie,1919,"A,New York,Yankees"
fewsc101,Fewster,Chick,R,R,NYA,OF,Chick Fewster,1919,"A,New York,Yankees"
gleif101,Gleich,Frank,L,R,NYA,OF,Frank Gleich,1919,"A,New York,Yankees"
halag101,Halas,George,B,R,NYA,OF,George Halas,1919,"A,New York,Yankees"
hannt101,Hannah,Truck,R,R,NYA,C,Truck Hannah,1919,"A,New York,Yankees"
hofmf101,Hofmann,Fred,R,R,NYA,C,Fred Hofmann,1919,"A,New York,Yankees"
kanef101,Kane,Frank,L,R,NYA,PH,Frank Kane,1919,"A,New York,Yankees"
lamab101,Lamar,Bill,L,R,NYA,OF,Bill Lamar,1919,"A,New York,Yankees"
lewid101,Lewis,Duffy,R,R,NYA,OF,Duffy Lewis,1919,"A,New York,Yankees"
maysc101,Mays,Carl,L,R,NYA,P,Carl Mays,1919,"A,New York,Yankees"
mcgrb101,McGraw,Bob,R,R,NYA,P,Bob McGraw,1919,"A,New York,Yankees"
mogrg101,Mogridge,George,L,L,NYA,P,George Mogridge,1919,"A,New York,Yankees"
nelsl102,Nelson,Luke,R,R,NYA,P,Luke Nelson,1919,"A,New York,Yankees"
odoul101,O'Doul,Lefty,L,L,NYA,P,Lefty O'Doul,1919,"A,New York,Yankees"
peckr101,Peckinpaugh,Roger,R,R,NYA,SS,Roger Peckinpaugh,1919,"A,New York,Yankees"
pippw101,Pipp,Wally,L,L,NYA,1B,Wally Pipp,1919,"A,New York,Yankees"
pratd101,Pratt,Del,R,R,NYA,2B,Del Pratt,1919,"A,New York,Yankees"
quinj102,Quinn,Jack,R,R,NYA,P,Jack Quinn,1919,"A,New York,Yankees"
ruelm101,Ruel,Muddy,R,R,NYA,C,Muddy Ruel,1919,"A,New York,Yankees"
russa101,Russell,Allen,B,R,NYA,P,Allen Russell,1919,"A,New York,Yankees"
schnp101,Schneider,Pete,R,R,NYA,P,Pete Schneider,1919,"A,New York,Yankees"
shawb102,Shawkey,Bob,R,R,NYA,P,Bob Shawkey,1919,"A,New York,Yankees"
shore101,Shore,Ernie,R,R,NYA,P,Ernie Shore,1919,"A,New York,Yankees"
smalw101,Smallwood,Walt,R,R,NYA,P,Walt Smallwood,1919,"A,New York,Yankees"
thorh101,Thormahlen,Hank,L,L,NYA,P,Hank Thormahlen,1919,"A,New York,Yankees"
vicks101,Vick,Sammy,R,R,NYA,OF,Sammy Vick,1919,"A,New York,Yankees"
walkc101,Walker,Curt,L,R,NYA,PH,Curt Walker,1919,"A,New York,Yankees"
warda101,Ward,Aaron,R,R,NYA,1B,Aaron Ward,1919,"A,New York,Yankees"
wicka101,Wickland,Al,L,L,NYA,OF,Al Wickland,1919,"A,New York,Yankees"
amesr101,Ames,Red,B,R,SLN,P,Red Ames,1919,"N,St.Louis,Cardinals"
baird101,Baird,Doug,R,R,SLN,3B,Doug Baird,1919,"N,St.Louis,Cardinals"
boldb101,Bolden,Bill,R,R,SLN,P,Bill Bolden,1919,"N,St.Louis,Cardinals"
clemv101,Clemons,Verne,R,R,SLN,C,Verne Clemons,1919,"N,St.Louis,Cardinals"
cruiw101,Cruise,Walton,L,R,SLN,OF,Walton Cruise,1919,"N,St.Louis,Cardinals"
dillp101,Dillhoefer,Pickles,R,R,SLN,C,Pickles Dillhoefer,1919,"N,St.Louis,Cardinals"
doakb101,Doak,Bill,R,R,SLN,P,Bill Doak,1919,"N,St.Louis,Cardinals"
fishs102,Fishburn,Sam,R,R,SLN,1B,Sam Fishburn,1919,"N,St.Louis,Cardinals"
fisht103,Fisher,Bob,R,R,SLN,2B,Bob Fisher,1919,"N,St.Louis,Cardinals"
goodm102,Goodwin,Marv,R,R,SLN,P,Marv Goodwin,1919,"N,St.Louis,Cardinals"
heatc101,Heathcote,Cliff,L,L,SLN,OF,Cliff Heathcote,1919,"N,St.Louis,Cardinals"
hornr101,Hornsby,Rogers,R,R,SLN,3B,Rogers Hornsby,1919,"N,St.Louis,Cardinals"
horso101,Horstmann,Oscar,R,R,SLN,P,Oscar Horstmann,1919,"N,St.Louis,Cardinals"
jacoe101,Jacobs,Elmer,R,R,SLN,P,Elmer Jacobs,1919,"N,St.Louis,Cardinals"
janvh101,Janvrin,Hal,R,R,SLN,2B,Hal Janvrin,1919,"N,St.Louis,Cardinals"
kimmw101,Kimmick,Wally,R,R,SLN,SS,Wally Kimmick,1919,"N,St.Louis,Cardinals"
koenw101,Koenigsmark,Will,R,R,SLN,P,Will Koenigsmark,1919,"N,St.Louis,Cardinals"
lavad101,Lavan,Doc,R,R,SLN,SS,Doc Lavan,1919,"N,St.Louis,Cardinals"
leslr101,Leslie,Roy,R,R,SLN,1B,Roy Leslie,1919,"N,St.Louis,Cardinals"
may-j102,May,Jakie,R,L,SLN,P,Jakie May,1919,"N,St.Louis,Cardinals"
mchea101,McHenry,Austin,R,R,SLN,OF,Austin McHenry,1919,"N,St.Louis,Cardinals"
meadl101,Meadows,Lee,L,R,SLN,P,Lee Meadows,1919,"N,St.Louis,Cardinals"
milld102,Miller,Dots,R,R,SLN,1B,Dots Miller,1919,"N,St.Louis,Cardinals"
mollf101,Mollwitz,Fritz,R,R,SLN,1B,Fritz Mollwitz,1919,"N,St.Louis,Cardinals"
parkr101,Parker,Roy,R,R,SLN,P,Roy Parker,1919,"N,St.Louis,Cardinals"
pasqm101,Pasquella,Mike,R,R,SLN,PH,Mike Pasquella,1919,"N,St.Louis,Cardinals"
paulg102,Paulette,Gene,R,R,SLN,1B,Gene Paulette,1919,"N,St.Louis,Cardinals"
reina102,Reinhart,Art,L,L,SLN,P,Art Reinhart,1919,"N,St.Louis,Cardinals"
schuf102,Schupp,Ferdie,R,L,SLN,P,Ferdie Schupp,1919,"N,St.Louis,Cardinals"
schuj101,Schultz,Joe,R,R,SLN,OF,Joe Schultz,1919,"N,St.Louis,Cardinals"
sherb101,Sherdel,Bill,L,L,SLN,P,Bill Sherdel,1919,"N,St.Louis,Cardinals"
shotb101,Shotton,Burt,L,R,SLN,OF,Burt Shotton,1919,"N,St.Louis,Cardinals"
smitj106,Smith,Jack,L,L,SLN,OF,Jack Smith,1919,"N,St.Louis,Cardinals"
snydf101,Snyder,Frank,R,R,SLN,C,Frank Snyder,1919,"N,St.Louis,Cardinals"
stocm101,Stock,Milt,R,R,SLN,2B,Milt Stock,1919,"N,St.Louis,Cardinals"
tuero101,Tuero,Oscar,R,R,SLN,P,Oscar Tuero,1919,"N,St.Louis,Cardinals"
woodf102,Woodward,Frank,R,R,SLN,P,Frank Woodward,1919,"N,St.Louis,Cardinals"
allen101,Allen,Nick,R,R,CIN,C,Nick Allen,1919,"N,Cincinnati,Reds"
bresr101,Bressler,Rube,R,L,CIN,OF,Rube Bressler,1919,"N,Cincinnati,Reds"
cuetm101,Cueto,Manuel,R,R,CIN,OF,Manuel Cueto,1919,"N,Cincinnati,Reds"
daubj101,Daubert,Jake,L,L,CIN,1B,Jake Daubert,1919,"N,Cincinnati,Reds"
duncp101,Duncan,Pat,R,R,CIN,OF,Pat Duncan,1919,"N,Cincinnati,Reds"
elleh101,Eller,Hod,R,R,CIN,P,Hod Eller,1919,"N,Cincinnati,Reds"
fishr101,Fisher,Ray,R,R,CIN,P,Ray Fisher,1919,"N,Cincinnati,Reds"
gerne101,Gerner,Ed,L,L,CIN,P,Ed Gerner,1919,"N,Cincinnati,Reds"
grohh101,Groh,Heinie,R,R,CIN,3B,Heinie Groh,1919,"N,Cincinnati,Reds"
kopfl101,Kopf,Larry,B,R,CIN,SS,Larry Kopf,1919,"N,Cincinnati,Reds"
luqud101,Luque,Dolf,R,R,CIN,P,Dolf Luque,1919,"N,Cincinnati,Reds"
mages101,Magee,Sherry,R,R,CIN,OF,Sherry Magee,1919,"N,Cincinnati,Reds"
mitcr101,Mitchell,Roy,R,R,CIN,P,Roy Mitchell,1919,"N,Cincinnati,Reds"
nealg101,Neale,Greasy,L,R,CIN,OF,Greasy Neale,1919,"N,Cincinnati,Reds"
rarib101,Rariden,Bill,R,R,CIN,C,Bill Rariden,1919,"N,Cincinnati,Reds"
rathm101,Rath,Morrie,L,R,CIN,2B,Morrie Rath,1919,"N,Cincinnati,Reds"
regam101,Regan,Mike,R,R,CIN,P,Mike Regan,1919,"N,Cincinnati,Reds"
rehgw101,Rehg,Wally,R,R,CIN,OF,Wally Rehg,1919,"N,Cincinnati,Reds"
ringj101,Ring,Jimmy,R,R,CIN,P,Jimmy Ring,1919,"N,Cincinnati,Reds"
rouse101,Roush,Edd,L,L,CIN,OF,Edd Roush,1919,"N,Cincinnati,Reds"
ruetd101,Ruether,Dutch,L,L,CIN,P,Dutch Ruether,1919,"N,Cincinnati,Reds"
salls101,Sallee,Slim,R,L,CIN,P,Slim Sallee,1919,"N,Cincinnati,Reds"
schrh101,Schreiber,Hank,R,R,CIN,3B,Hank Schreiber,1919,"N,Cincinnati,Reds"
see-c101,See,Charlie,L,R,CIN,OF,Charlie See,1919,"N,Cincinnati,Reds"
smitj107,Smith,Jimmy,B,R,CIN,3B,Jimmy Smith,1919,"N,Cincinnati,Reds"
wingi101,Wingo,Ivey,L,R,CIN,C,Ivey Wingo,1919,"N,Cincinnati,Reds"
zitzb101,Zitzmann,Billy,R,R,CIN,OF,Billy Zitzmann,1919,"N,Cincinnati,Reds"
alexg102,Alexander,Pete,R,R,CHN,P,Pete Alexander,1919,"N,Chicago,Cubs"
bails101,Bailey,Sweetbread,R,R,CHN,P,Sweetbread Bailey,1919,"N,Chicago,Cubs"
barbt101,Barber,Turner,L,R,CHN,OF,Turner Barber,1919,"N,Chicago,Cubs"
cartp101,Carter,Paul,L,R,CHN,P,Paul Carter,1919,"N,Chicago,Cubs"
dalyt102,Daly,Tom,R,R,CHN,C,Tom Daly,1919,"N,Chicago,Cubs"
dealc102,Deal,Charlie,R,R,CHN,3B,Charlie Deal,1919,"N,Chicago,Cubs"
dougp101,Douglas,Phil,R,R,CHN,P,Phil Douglas,1919,"N,Chicago,Cubs"
flacm101,Flack,Max,L,L,CHN,OF,Max Flack,1919,"N,Chicago,Cubs"
fribb101,Friberg,Bernie,R,R,CHN,OF,Bernie Friberg,1919,"N,Chicago,Cubs"
hendc101,Hendrix,Claude,R,R,CHN,P,Claude Hendrix,1919,"N,Chicago,Cubs"
herzb101,Herzog,Buck,R,R,CHN,2B,Buck Herzog,1919,"N,Chicago,Cubs"
hollc101,Hollocher,Charlie,L,R,CHN,SS,Charlie Hollocher,1919,"N,Chicago,Cubs"
kildp101,Kilduff,Pete,R,R,CHN,3B,Pete Kilduff,1919,"N,Chicago,Cubs"
killb101,Killefer,Bill,R,R,CHN,C,Bill Killefer,1919,"N,Chicago,Cubs"
learf102,Lear,Fred,R,R,CHN,1B,Fred Lear,1919,"N,Chicago,Cubs"
magel101,Magee,Lee,B,R,CHN,OF,Lee Magee,1919,"N,Chicago,Cubs"
mannl101,Mann,Les,R,R,CHN,OF,Les Mann,1919,"N,Chicago,Cubs"
marts102,Martin,Speed,R,R,CHN,P,Speed Martin,1919,"N,Chicago,Cubs"
mccab101,McCabe,Bill,B,R,CHN,OF,Bill McCabe,1919,"N,Chicago,Cubs"
merkf101,Merkle,Fred,R,R,CHN,1B,Fred Merkle,1919,"N,Chicago,Cubs"
newkj101,Newkirk,Joel,R,R,CHN,P,Joel Newkirk,1919,"N,Chicago,Cubs"
ofarb101,O'Farrell,Bob,R,R,CHN,C,Bob O'Farrell,1919,"N,Chicago,Cubs"
paskd101,Paskert,Dode,R,R,CHN,OF,Dode Paskert,1919,"N,Chicago,Cubs"
pickc103,Pick,Charlie,L,R,CHN,2B,Charlie Pick,1919,"N,Chicago,Cubs"
reilh101,Reilly,Hal,L,L,CHN,OF,Hal Reilly,1919,"N,Chicago,Cubs"
robed103,Robertson,Dave,L,L,CHN,OF,Dave Robertson,1919,"N,Chicago,Cubs"
tylel101,Tyler,Lefty,L,L,CHN,P,Lefty Tyler,1919,"N,Chicago,Cubs"
vaugh101,Vaughn,Hippo,B,L,CHN,P,Hippo Vaughn,1919,"N,Chicago,Cubs"
weavh101,Weaver,Harry,R,R,CHN,P,Harry Weaver,1919,"N,Chicago,Cubs"
barrj104,Barry,Jack,R,R,BOS,2B,Jack Barry,1919,"A,Boston,Red Sox"
bushj102,Bush,Bullet Joe,R,R,BOS,P,Bullet Joe Bush,1919,"A,Boston,Red Sox"
caldr101,Caldwell,Ray,L,R,BOS,P,Ray Caldwell,1919,"A,Boston,Red Sox"
dumog101,Dumont,George,R,R,BOS,P,George Dumont,1919,"A,Boston,Red Sox"
gaind101,Gainer,Del,R,R,BOS,1B,Del Gainer,1919,"A,Boston,Red Sox"
gilhf101,Gilhooley,Frank,L,R,BOS,OF,Frank Gilhooley,1919,"A,Boston,Red Sox"
hooph101,Hooper,Harry,L,R,BOS,OF,Harry Hooper,1919,"A,Boston,Red Sox"
hoytw101,Hoyt,Waite,R,R,BOS,P,Waite Hoyt,1919,"A,Boston,Red Sox"
jameb103,James,Bill,B,R,BOS,P,Bill James,1919,"A,Boston,Red Sox"
jones104,Jones,Sad Sam,R,R,BOS,P,Sad Sam Jones,1919,"A,Boston,Red Sox"
lamab101,Lamar,Bill,L,R,BOS,OF,Bill Lamar,1919,"A,Boston,Red Sox"
maysc101,Mays,Carl,L,R,BOS,P,Carl Mays,1919,"A,Boston,Red Sox"
mcgrb101,McGraw,Bob,R,R,BOS,P,Bob McGraw,1919,"A,Boston,Red Sox"
mcins101,McInnis,Stuffy,R,R,BOS,1B,Stuffy McInnis,1919,"A,Boston,Red Sox"
mcnam101,McNally,Mike,R,R,BOS,3B,Mike McNally,1919,"A,Boston,Red Sox"
mcnen101,McNeil,Norm,R,R,BOS,C,Norm McNeil,1919,"A,Boston,Red Sox"
mussp101,Musser,Paul,R,R,BOS,P,Paul Musser,1919,"A,Boston,Red Sox"
pennh101,Pennock,Herb,B,L,BOS,P,Herb Pennock,1919,"A,Boston,Red Sox"
rothb102,Roth,Braggo,R,R,BOS,OF,Braggo Roth,1919,"A,Boston,Red Sox"
russa101,Russell,Allen,B,R,BOS,P,Allen Russell,1919,"A,Boston,Red Sox"
ruthb101,Ruth,Babe,L,L,BOS,OF,Babe Ruth,1919,"A,Boston,Red Sox"
schaw101,Schang,Wally,B,R,BOS,C,Wally Schang,1919,"A,Boston,Red Sox"
scote101,Scott,Everett,R,R,BOS,SS,Everett Scott,1919,"A,Boston,Red Sox"
shanr101,Shannon,Red,B,R,BOS,2B,Red Shannon,1919,"A,Boston,Red Sox"
shead101,Shean,Dave,R,R,BOS,2B,Dave Shean,1919,"A,Boston,Red Sox"
strua102,Strunk,Amos,L,L,BOS,OF,Amos Strunk,1919,"A,Boston,Red Sox"
vitto101,Vitt,Ossie,R,R,BOS,3B,Ossie Vitt,1919,"A,Boston,Red Sox"
waltr102,Walters,Roxy,R,R,BOS,C,Roxy Walters,1919,"A,Boston,Red Sox"
wilhj101,Wilhoit,Joe,L,R,BOS,OF,Joe Wilhoit,1919,"A,Boston,Red Sox"
winng101,Winn,George,L,L,BOS,P,George Winn,1919,"A,Boston,Red Sox"
