player_id,last,first,bats,throws,team_id,pos,player_name,year,team_name
calvp101,Calvert,Paul,R,R,WS1,P,Paul Calvert,1949,"AL,Washington,Senators"
candm101,Candini,Milo,R,R,WS1,P,Milo Candini,1949,"AL,Washington,Senators"
chrim102,Christman,Mark,R,R,WS1,3B,Mark Christman,1949,"AL,Washington,Senators"
coang101,Coan,Gil,L,R,WS1,OF,Gil Coan,1949,"AL,Washington,Senators"
dents101,Dente,Sam,R,R,WS1,SS,Sam Dente,1949,"AL,Washington,Senators"
difaj101,Difani,Jay,R,R,WS1,2B,Jay Difani,1949,"AL,Washington,Senators"
dozib101,Dozier,Buzz,R,R,WS1,P,Buzz Dozier,1949,"AL,Washington,Senators"
earlj101,Early,Jake,L,R,WS1,C,Jake Early,1949,"AL,Washington,Senators"
evana101,Evans,Al,R,R,WS1,C,Al Evans,1949,"AL,Washington,Senators"
getta101,Gettel,Al,R,R,WS1,P,Al Gettel,1949,"AL,Washington,Senators"
gonzj102,Gonzalez,Julio,R,R,WS1,P,Julio Gonzalez,1949,"AL,Washington,Senators"
haefm101,Haefner,Mickey,L,L,WS1,P,Mickey Haefner,1949,"AL,Washington,Senators"
harrm101,Harris,Mickey,L,L,WS1,P,Mickey Harris,1949,"AL,Washington,Senators"
haynj101,Haynes,Joe,R,R,WS1,P,Joe Haynes,1949,"AL,Washington,Senators"
hittl101,Hittle,Lloyd,R,L,WS1,P,Lloyd Hittle,1949,"AL,Washington,Senators"
hudss101,Hudson,Sid,R,R,WS1,P,Sid Hudson,1949,"AL,Washington,Senators"
kellh103,Keller,Hal,L,R,WS1,PH,Hal Keller,1949,"AL,Washington,Senators"
kliee101,Klieman,Ed,R,R,WS1,P,Ed Klieman,1949,"AL,Washington,Senators"
kozaa101,Kozar,Al,R,R,WS1,2B,Al Kozar,1949,"AL,Washington,Senators"
lewib103,Lewis,Buddy,L,R,WS1,OF,Buddy Lewis,1949,"AL,Washington,Senators"
mastw101,Masterson,Walt,R,R,WS1,P,Walt Masterson,1949,"AL,Washington,Senators"
meles101,Mele,Sam,R,R,WS1,OF,Sam Mele,1949,"AL,Washington,Senators"
ortir101,Ortiz,Roberto,R,R,WS1,OF,Roberto Ortiz,1949,"AL,Washington,Senators"
pearj101,Pearce,Jim,R,R,WS1,P,Jim Pearce,1949,"AL,Washington,Senators"
reich101,Reich,Herman,R,L,WS1,PH,Herman Reich,1949,"AL,Washington,Senators"
robes102,Robertson,Sherry,L,R,WS1,2B,Sherry Robertson,1949,"AL,Washington,Senators"
robie101,Robinson,Eddie,L,R,WS1,1B,Eddie Robinson,1949,"AL,Washington,Senators"
scarr102,Scarborough,Ray,R,R,WS1,P,Ray Scarborough,1949,"AL,Washington,Senators"
simmj102,Simmons,John,R,R,WS1,OF,John Simmons,1949,"AL,Washington,Senators"
stewb101,Stewart,Bud,L,R,WS1,OF,Bud Stewart,1949,"AL,Washington,Senators"
suthd101,Sutherland,Dizzy,L,L,WS1,P,Dizzy Sutherland,1949,"AL,Washington,Senators"
thomf109,Thompson,Forrest,L,L,WS1,P,Forrest Thompson,1949,"AL,Washington,Senators"
vollc101,Vollmer,Clyde,R,R,WS1,OF,Clyde Vollmer,1949,"AL,Washington,Senators"
weigr101,Weigel,Ralph,R,R,WS1,C,Ralph Weigel,1949,"AL,Washington,Senators"
weikd101,Weik,Dick,R,R,WS1,P,Dick Weik,1949,"AL,Washington,Senators"
weltd101,Welteroth,Dick,R,R,WS1,P,Dick Welteroth,1949,"AL,Washington,Senators"
yoste101,Yost,Eddie,R,R,WS1,3B,Eddie Yost,1949,"AL,Washington,Senators"
baueh101,Bauer,Hank,R,R,NYA,OF,Hank Bauer,1949,"AL,New York,Yankees"
berry101,Berra,Yogi,L,R,NYA,C,Yogi Berra,1949,"AL,New York,Yankees"
browb105,Brown,Bobby,L,R,NYA,3B,Bobby Brown,1949,"AL,New York,Yankees"
buxtr101,Buxton,Ralph,R,R,NYA,P,Ralph Buxton,1949,"AL,New York,Yankees"
byrnt101,Byrne,Tommy,L,L,NYA,P,Tommy Byrne,1949,"AL,New York,Yankees"
caseh101,Casey,Hugh,R,R,NYA,P,Hugh Casey,1949,"AL,New York,Yankees"
colej106,Coleman,Jerry,R,R,NYA,2B,Jerry Coleman,1949,"AL,New York,Yankees"
collj101,Collins,Joe,L,L,NYA,1B,Joe Collins,1949,"AL,New York,Yankees"
delsj101,Delsing,Jim,L,R,NYA,OF,Jim Delsing,1949,"AL,New York,Yankees"
dimaj101,DiMaggio,Joe,R,R,NYA,OF,Joe DiMaggio,1949,"AL,New York,Yankees"
henrt101,Henrich,Tommy,L,L,NYA,OF,Tommy Henrich,1949,"AL,New York,Yankees"
hillf101,Hiller,Frank,R,R,NYA,P,Frank Hiller,1949,"AL,New York,Yankees"
hoodw102,Hood,Wally,R,R,NYA,P,Wally Hood,1949,"AL,New York,Yankees"
houkr101,Houk,Ralph,R,R,NYA,C,Ralph Houk,1949,"AL,New York,Yankees"
johnb108,Johnson,Billy,R,R,NYA,3B,Billy Johnson,1949,"AL,New York,Yankees"
kellc101,Keller,Charlie,L,R,NYA,OF,Charlie Keller,1949,"AL,New York,Yankees"
kryhd101,Kryhoski,Dick,L,L,NYA,1B,Dick Kryhoski,1949,"AL,New York,Yankees"
lindj101,Lindell,Johnny,R,R,NYA,OF,Johnny Lindell,1949,"AL,New York,Yankees"
lopae101,Lopat,Eddie,L,L,NYA,P,Eddie Lopat,1949,"AL,New York,Yankees"
mapec101,Mapes,Cliff,L,R,NYA,OF,Cliff Mapes,1949,"AL,New York,Yankees"
marsc101,Marshall,Cuddles,R,R,NYA,P,Cuddles Marshall,1949,"AL,New York,Yankees"
mizej101,Mize,Johnny,L,R,NYA,1B,Johnny Mize,1949,"AL,New York,Yankees"
molef101,Mole,Fenton,L,L,NYA,1B,Fenton Mole,1949,"AL,New York,Yankees"
niarg101,Niarhos,Gus,R,R,NYA,C,Gus Niarhos,1949,"AL,New York,Yankees"
pagej101,Page,Joe,L,L,NYA,P,Joe Page,1949,"AL,New York,Yankees"
philj101,Phillips,Jack,R,R,NYA,1B,Jack Phillips,1949,"AL,New York,Yankees"
pilld101,Pillette,Duane,R,R,NYA,P,Duane Pillette,1949,"AL,New York,Yankees"
portb102,Porterfield,Bob,R,R,NYA,P,Bob Porterfield,1949,"AL,New York,Yankees"
rascv101,Raschi,Vic,R,R,NYA,P,Vic Raschi,1949,"AL,New York,Yankees"
reyna102,Reynolds,Allie,R,R,NYA,P,Allie Reynolds,1949,"AL,New York,Yankees"
rizzp101,Rizzuto,Phil,R,R,NYA,SS,Phil Rizzuto,1949,"AL,New York,Yankees"
sanff101,Sanford,Fred,B,R,NYA,P,Fred Sanford,1949,"AL,New York,Yankees"
sheas101,Shea,Spec,R,R,NYA,P,Spec Shea,1949,"AL,New York,Yankees"
silvc101,Silvera,Charlie,R,R,NYA,C,Charlie Silvera,1949,"AL,New York,Yankees"
stirs101,Stirnweiss,Snuffy,R,R,NYA,2B,Snuffy Stirnweiss,1949,"AL,New York,Yankees"
witem101,Witek,Mickey,R,R,NYA,PH,Mickey Witek,1949,"AL,New York,Yankees"
woodg101,Woodling,Gene,L,R,NYA,OF,Gene Woodling,1949,"AL,New York,Yankees"
behrh101,Behrman,Hank,R,R,NY1,P,Hank Behrman,1949,"NL,New York,Giants"
bowmr101,Bowman,Roger,R,L,NY1,P,Roger Bowman,1949,"NL,New York,Giants"
coopw102,Cooper,Walker,R,R,NY1,C,Walker Cooper,1949,"NL,New York,Giants"
culld101,Culler,Dick,R,R,NY1,SS,Dick Culler,1949,"NL,New York,Giants"
franh101,Franks,Herman,L,R,NY1,C,Herman Franks,1949,"NL,New York,Giants"
galaa101,Galan,Augie,B,R,NY1,1B,Augie Galan,1949,"NL,New York,Giants"
gords101,Gordon,Sid,R,R,NY1,3B,Sid Gordon,1949,"NL,New York,Giants"
haasb102,Haas,Bert,R,R,NY1,1B,Bert Haas,1949,"NL,New York,Giants"
hansa101,Hansen,Andy,R,R,NY1,P,Andy Hansen,1949,"NL,New York,Giants"
hartc102,Hartung,Clint,R,R,NY1,P,Clint Hartung,1949,"NL,New York,Giants"
hausg101,Hausmann,George,R,R,NY1,2B,George Hausmann,1949,"NL,New York,Giants"
higbk101,Higbe,Kirby,R,R,NY1,P,Kirby Higbe,1949,"NL,New York,Giants"
hofmb101,Hofman,Bobby,R,R,NY1,2B,Bobby Hofman,1949,"NL,New York,Giants"
irvim101,Irvin,Monte,R,R,NY1,OF,Monte Irvin,1949,"NL,New York,Giants"
jansl101,Jansen,Larry,R,R,NY1,P,Larry Jansen,1949,"NL,New York,Giants"
jones103,Jones,Sheldon,R,R,NY1,P,Sheldon Jones,1949,"NL,New York,Giants"
kennm101,Kennedy,Monty,R,L,NY1,P,Monty Kennedy,1949,"NL,New York,Giants"
kerrb101,Kerr,Buddy,R,R,NY1,SS,Buddy Kerr,1949,"NL,New York,Giants"
kosld101,Koslo,Dave,L,L,NY1,P,Dave Koslo,1949,"NL,New York,Giants"
lafaj101,Lafata,Joe,L,L,NY1,1B,Joe Lafata,1949,"NL,New York,Giants"
livim101,Livingston,Mickey,R,R,NY1,C,Mickey Livingston,1949,"NL,New York,Giants"
lockw101,Lockman,Whitey,L,R,NY1,OF,Whitey Lockman,1949,"NL,New York,Giants"
lohrj101,Lohrke,Jack,R,R,NY1,2B,Jack Lohrke,1949,"NL,New York,Giants"
marsw101,Marshall,Willard,L,R,NY1,OF,Willard Marshall,1949,"NL,New York,Giants"
milnp101,Milne,Pete,L,R,NY1,OF,Pete Milne,1949,"NL,New York,Giants"
mizej101,Mize,Johnny,L,R,NY1,1B,Johnny Mize,1949,"NL,New York,Giants"
mueld101,Mueller,Don,L,R,NY1,OF,Don Mueller,1949,"NL,New York,Giants"
muelr101,Mueller,Ray,R,R,NY1,C,Ray Mueller,1949,"NL,New York,Giants"
poatr101,Poat,Ray,R,R,NY1,P,Ray Poat,1949,"NL,New York,Giants"
rhawr101,Rhawn,Bobby,R,R,NY1,2B,Bobby Rhawn,1949,"NL,New York,Giants"
rignb101,Rigney,Bill,R,R,NY1,SS,Bill Rigney,1949,"NL,New York,Giants"
rufer101,Rufer,Rudy,R,R,NY1,SS,Rudy Rufer,1949,"NL,New York,Giants"
thomb105,Thomson,Bobby,R,R,NY1,OF,Bobby Thomson,1949,"NL,New York,Giants"
thomh103,Thompson,Hank,L,R,NY1,2B,Hank Thompson,1949,"NL,New York,Giants"
tomaa101,Tomasic,Andy,R,R,NY1,P,Andy Tomasic,1949,"NL,New York,Giants"
webbr101,Webb,Red,L,R,NY1,P,Red Webb,1949,"NL,New York,Giants"
westw101,Westrum,Wes,R,R,NY1,C,Wes Westrum,1949,"NL,New York,Giants"
willd102,Williams,Davey,R,R,NY1,2B,Davey Williams,1949,"NL,New York,Giants"
yvars101,Yvars,Sal,R,R,NY1,C,Sal Yvars,1949,"NL,New York,Giants"
zabaa101,Zabala,Adrian,L,L,NY1,P,Adrian Zabala,1949,"NL,New York,Giants"
adamb103,Adams,Bobby,R,R,CIN,2B,Bobby Adams,1949,"NL,Cincinnati,Reds"
baumf101,Baumholtz,Frank,L,L,CIN,OF,Frank Baumholtz,1949,"NL,Cincinnati,Reds"
blace102,Blackwell,Ewell,R,R,CIN,P,Ewell Blackwell,1949,"NL,Cincinnati,Reds"
blooj101,Bloodworth,Jimmy,R,R,CIN,2B,Jimmy Bloodworth,1949,"NL,Cincinnati,Reds"
burkk101,Burkhart,Ken,R,R,CIN,P,Ken Burkhart,1949,"NL,Cincinnati,Reds"
coopw102,Cooper,Walker,R,R,CIN,C,Walker Cooper,1949,"NL,Cincinnati,Reds"
corbc101,Corbitt,Claude,R,R,CIN,SS,Claude Corbitt,1949,"NL,Cincinnati,Reds"
cresw101,Cress,Walker,R,R,CIN,P,Walker Cress,1949,"NL,Cincinnati,Reds"
dobej101,Dobernic,Jess,R,R,CIN,P,Jess Dobernic,1949,"NL,Cincinnati,Reds"
eraue101,Erautt,Eddie,R,R,CIN,P,Eddie Erautt,1949,"NL,Cincinnati,Reds"
fanof101,Fanovich,Frank,L,L,CIN,P,Frank Fanovich,1949,"NL,Cincinnati,Reds"
fox-h101,Fox,Howie,R,R,CIN,P,Howie Fox,1949,"NL,Cincinnati,Reds"
gumbh101,Gumbert,Harry,R,R,CIN,P,Harry Gumbert,1949,"NL,Cincinnati,Reds"
hattg101,Hatton,Grady,L,R,CIN,3B,Grady Hatton,1949,"NL,Cincinnati,Reds"
howed101,Howell,Dixie,L,R,CIN,P,Dixie Howell,1949,"NL,Cincinnati,Reds"
howed102,Howell,Dixie,R,R,CIN,C,Dixie Howell,1949,"NL,Cincinnati,Reds"
klust101,Kluszewski,Ted,L,L,CIN,1B,Ted Kluszewski,1949,"NL,Cincinnati,Reds"
kresc101,Kress,Chuck,L,L,CIN,1B,Chuck Kress,1949,"NL,Cincinnati,Reds"
litwd101,Litwhiler,Danny,R,R,CIN,OF,Danny Litwhiler,1949,"NL,Cincinnati,Reds"
liveb101,Lively,Buddy,R,R,CIN,P,Buddy Lively,1949,"NL,Cincinnati,Reds"
lowrp101,Lowrey,Peanuts,R,R,CIN,OF,Peanuts Lowrey,1949,"NL,Cincinnati,Reds"
meeks101,Meeks,Sammy,R,R,CIN,2B,Sammy Meeks,1949,"NL,Cincinnati,Reds"
merrl102,Merriman,Lloyd,L,L,CIN,OF,Lloyd Merriman,1949,"NL,Cincinnati,Reds"
muelr101,Mueller,Ray,R,R,CIN,C,Ray Mueller,1949,"NL,Cincinnati,Reds"
perkh101,Perkowski,Harry,L,L,CIN,P,Harry Perkowski,1949,"NL,Cincinnati,Reds"
petek101,Peterson,Kent,R,L,CIN,P,Kent Peterson,1949,"NL,Cincinnati,Reds"
postw101,Post,Wally,R,R,CIN,OF,Wally Post,1949,"NL,Cincinnati,Reds"
pramj101,Pramesa,Johnny,R,R,CIN,C,Johnny Pramesa,1949,"NL,Cincinnati,Reds"
raffk101,Raffensberger,Ken,R,L,CIN,P,Ken Raffensberger,1949,"NL,Cincinnati,Reds"
saueh101,Sauer,Hank,R,R,CIN,OF,Hank Sauer,1949,"NL,Cincinnati,Reds"
stalv101,Stallcup,Virgil,R,R,CIN,SS,Virgil Stallcup,1949,"NL,Cincinnati,Reds"
vandj101,Vander Meer,Johnny,B,L,CIN,P,Johnny Vander Meer,1949,"NL,Cincinnati,Reds"
walkh102,Walker,Harry,L,R,CIN,OF,Harry Walker,1949,"NL,Cincinnati,Reds"
wehmh101,Wehmeier,Herm,R,R,CIN,P,Herm Wehmeier,1949,"NL,Cincinnati,Reds"
wyroj101,Wyrostek,Johnny,L,R,CIN,OF,Johnny Wyrostek,1949,"NL,Cincinnati,Reds"
aberc101,Aberson,Cliff,R,R,CHN,OF,Cliff Aberson,1949,"NL,Chicago,Cubs"
adkid103,Adkins,Dewey,R,R,CHN,P,Dewey Adkins,1949,"NL,Chicago,Cubs"
baumf101,Baumholtz,Frank,L,L,CHN,OF,Frank Baumholtz,1949,"NL,Chicago,Cubs"
burgs101,Burgess,Smoky,L,R,CHN,C,Smoky Burgess,1949,"NL,Chicago,Cubs"
cavap101,Cavarretta,Phil,L,L,CHN,1B,Phil Cavarretta,1949,"NL,Chicago,Cubs"
chipb101,Chipman,Bob,L,L,CHN,P,Bob Chipman,1949,"NL,Chicago,Cubs"
coopm101,Cooper,Mort,R,R,CHN,P,Mort Cooper,1949,"NL,Chicago,Cubs"
dobej101,Dobernic,Jess,R,R,CHN,P,Jess Dobernic,1949,"NL,Chicago,Cubs"
dubim101,Dubiel,Monk,R,R,CHN,P,Monk Dubiel,1949,"NL,Chicago,Cubs"
edwah101,Edwards,Hank,L,L,CHN,OF,Hank Edwards,1949,"NL,Chicago,Cubs"
gustf101,Gustine,Frankie,R,R,CHN,3B,Frankie Gustine,1949,"NL,Chicago,Cubs"
hackw102,Hacker,Warren,R,R,CHN,P,Warren Hacker,1949,"NL,Chicago,Cubs"
hamnr101,Hamner,Ralph,R,R,CHN,P,Ralph Hamner,1949,"NL,Chicago,Cubs"
jeffh101,Jeffcoat,Hal,R,R,CHN,OF,Hal Jeffcoat,1949,"NL,Chicago,Cubs"
kirbj102,Kirby,Jim,R,R,CHN,PH,Jim Kirby,1949,"NL,Chicago,Cubs"
kushe101,Kush,Emil,R,R,CHN,P,Emil Kush,1949,"NL,Chicago,Cubs"
laded101,Lade,Doyle,R,R,CHN,P,Doyle Lade,1949,"NL,Chicago,Cubs"
leond103,Leonard,Dutch,R,R,CHN,P,Dutch Leonard,1949,"NL,Chicago,Cubs"
lowrp101,Lowrey,Peanuts,R,R,CHN,OF,Peanuts Lowrey,1949,"NL,Chicago,Cubs"
maddc101,Maddern,Clarence,R,R,CHN,1B,Clarence Maddern,1949,"NL,Chicago,Cubs"
maucg101,Mauch,Gene,R,R,CHN,2B,Gene Mauch,1949,"NL,Chicago,Cubs"
mclic101,McLish,Cal,B,R,CHN,P,Cal McLish,1949,"NL,Chicago,Cubs"
muncb101,Muncrief,Bob,R,R,CHN,P,Bob Muncrief,1949,"NL,Chicago,Cubs"
novor101,Novotney,Rube,R,R,CHN,C,Rube Novotney,1949,"NL,Chicago,Cubs"
owenm101,Owen,Mickey,R,R,CHN,C,Mickey Owen,1949,"NL,Chicago,Cubs"
pafka101,Pafko,Andy,R,R,CHN,OF,Andy Pafko,1949,"NL,Chicago,Cubs"
ramab101,Ramazzotti,Bob,R,R,CHN,3B,Bob Ramazzotti,1949,"NL,Chicago,Cubs"
reich101,Reich,Herman,R,L,CHN,1B,Herman Reich,1949,"NL,Chicago,Cubs"
rushb101,Rush,Bob,R,R,CHN,P,Bob Rush,1949,"NL,Chicago,Cubs"
saueh101,Sauer,Hank,R,R,CHN,OF,Hank Sauer,1949,"NL,Chicago,Cubs"
scheb101,Scheffing,Bob,R,R,CHN,C,Bob Scheffing,1949,"NL,Chicago,Cubs"
scheh103,Schenz,Hank,R,R,CHN,3B,Hank Schenz,1949,"NL,Chicago,Cubs"
schmj101,Schmitz,Johnny,R,L,CHN,P,Johnny Schmitz,1949,"NL,Chicago,Cubs"
sereb101,Serena,Bill,R,R,CHN,3B,Bill Serena,1949,"NL,Chicago,Cubs"
sloal101,Sloat,Lefty,R,L,CHN,P,Lefty Sloat,1949,"NL,Chicago,Cubs"
smalr101,Smalley,Roy,R,R,CHN,SS,Roy Smalley,1949,"NL,Chicago,Cubs"
terww101,Terwilliger,Wayne,R,R,CHN,2B,Wayne Terwilliger,1949,"NL,Chicago,Cubs"
verbe101,Verban,Emil,R,R,CHN,2B,Emil Verban,1949,"NL,Chicago,Cubs"
walkh102,Walker,Harry,L,R,CHN,OF,Harry Walker,1949,"NL,Chicago,Cubs"
walkr101,Walker,Rube,L,R,CHN,C,Rube Walker,1949,"NL,Chicago,Cubs"
battm101,Batts,Matt,R,R,BOS,C,Matt Batts,1949,"AL,Boston,Red Sox"
combm101,Combs,Merl,L,R,BOS,3B,Merl Combs,1949,"AL,Boston,Red Sox"
dimad101,DiMaggio,Dom,R,R,BOS,OF,Dom DiMaggio,1949,"AL,Boston,Red Sox"
dobsj101,Dobson,Joe,R,R,BOS,P,Joe Dobson,1949,"AL,Boston,Red Sox"
doerb101,Doerr,Bobby,R,R,BOS,2B,Bobby Doerr,1949,"AL,Boston,Red Sox"
dorif101,Dorish,Fritz,R,R,BOS,P,Fritz Dorish,1949,"AL,Boston,Red Sox"
dropw101,Dropo,Walt,R,R,BOS,1B,Walt Dropo,1949,"AL,Boston,Red Sox"
ferrd101,Ferriss,Dave,L,R,BOS,P,Dave Ferriss,1949,"AL,Boston,Red Sox"
galed101,Galehouse,Denny,R,R,BOS,P,Denny Galehouse,1949,"AL,Boston,Red Sox"
goodb101,Goodman,Billy,L,R,BOS,1B,Billy Goodman,1949,"AL,Boston,Red Sox"
harrm101,Harris,Mickey,L,L,BOS,P,Mickey Harris,1949,"AL,Boston,Red Sox"
hitcb101,Hitchcock,Billy,R,R,BOS,1B,Billy Hitchcock,1949,"AL,Boston,Red Sox"
hught102,Hughson,Tex,R,R,BOS,P,Tex Hughson,1949,"AL,Boston,Red Sox"
johne105,Johnson,Earl,L,L,BOS,P,Earl Johnson,1949,"AL,Boston,Red Sox"
kinde101,Kinder,Ellis,R,R,BOS,P,Ellis Kinder,1949,"AL,Boston,Red Sox"
kramj101,Kramer,Jack,R,R,BOS,P,Jack Kramer,1949,"AL,Boston,Red Sox"
martb101,Martin,Babe,R,R,BOS,C,Babe Martin,1949,"AL,Boston,Red Sox"
mastw101,Masterson,Walt,R,R,BOS,P,Walt Masterson,1949,"AL,Boston,Red Sox"
mccaw102,McCall,Windy,L,L,BOS,P,Windy McCall,1949,"AL,Boston,Red Sox"
mcdem102,McDermott,Mickey,L,L,BOS,P,Mickey McDermott,1949,"AL,Boston,Red Sox"
meles101,Mele,Sam,R,R,BOS,OF,Sam Mele,1949,"AL,Boston,Red Sox"
obrit103,O'Brien,Tommy,R,R,BOS,OF,Tommy O'Brien,1949,"AL,Boston,Red Sox"
parnm101,Parnell,Mel,L,L,BOS,P,Mel Parnell,1949,"AL,Boston,Red Sox"
peskj101,Pesky,Johnny,L,R,BOS,3B,Johnny Pesky,1949,"AL,Boston,Red Sox"
quinf104,Quinn,Frank,R,R,BOS,P,Frank Quinn,1949,"AL,Boston,Red Sox"
robij101,Robinson,Jack,R,R,BOS,P,Jack Robinson,1949,"AL,Boston,Red Sox"
spens101,Spence,Stan,L,L,BOS,OF,Stan Spence,1949,"AL,Boston,Red Sox"
stepv101,Stephens,Vern,R,R,BOS,SS,Vern Stephens,1949,"AL,Boston,Red Sox"
stobc101,Stobbs,Chuck,L,L,BOS,P,Chuck Stobbs,1949,"AL,Boston,Red Sox"
stril101,Stringer,Lou,R,R,BOS,2B,Lou Stringer,1949,"AL,Boston,Red Sox"
tebbb101,Tebbetts,Birdie,R,R,BOS,C,Birdie Tebbetts,1949,"AL,Boston,Red Sox"
willt103,Williams,Ted,L,R,BOS,OF,Ted Williams,1949,"AL,Boston,Red Sox"
wittj101,Wittig,Johnnie,R,R,BOS,P,Johnnie Wittig,1949,"AL,Boston,Red Sox"
wrigt101,Wright,Tom,L,R,BOS,PH,Tom Wright,1949,"AL,Boston,Red Sox"
zaria101,Zarilla,Al,L,R,BOS,OF,Al Zarilla,1949,"AL,Boston,Red Sox"
bakeb101,Baker,Bill,R,R,SLN,C,Bill Baker,1949,"NL,St.Louis,Cardinals"
bilks101,Bilko,Steve,R,R,SLN,1B,Steve Bilko,1949,"NL,St.Louis,Cardinals"
boyec101,Boyer,Cloyd,R,R,SLN,P,Cloyd Boyer,1949,"NL,St.Louis,Cardinals"
braza101,Brazle,Al,L,L,SLN,P,Al Brazle,1949,"NL,St.Louis,Cardinals"
brech101,Brecheen,Harry,L,L,SLN,P,Harry Brecheen,1949,"NL,St.Louis,Cardinals"
derrr101,Derry,Russ,L,R,SLN,PH,Russ Derry,1949,"NL,St.Louis,Cardinals"
dierc101,Diering,Chuck,R,R,SLN,OF,Chuck Diering,1949,"NL,St.Louis,Cardinals"
dusae101,Dusak,Erv,R,R,SLN,PR,Erv Dusak,1949,"NL,St.Louis,Cardinals"
garaj101,Garagiola,Joe,L,R,SLN,C,Joe Garagiola,1949,"NL,St.Louis,Cardinals"
glavt101,Glaviano,Tommy,R,R,SLN,3B,Tommy Glaviano,1949,"NL,St.Louis,Cardinals"
hearj102,Hearn,Jim,R,R,SLN,P,Jim Hearn,1949,"NL,St.Louis,Cardinals"
hemus101,Hemus,Solly,L,R,SLN,2B,Solly Hemus,1949,"NL,St.Louis,Cardinals"
howeb101,Howerton,Bill,L,R,SLN,OF,Bill Howerton,1949,"NL,St.Louis,Cardinals"
johnk101,Johnson,Ken,L,L,SLN,P,Ken Johnson,1949,"NL,St.Louis,Cardinals"
jonen101,Jones,Nippy,R,R,SLN,1B,Nippy Jones,1949,"NL,St.Louis,Cardinals"
kazae101,Kazak,Eddie,R,R,SLN,3B,Eddie Kazak,1949,"NL,St.Louis,Cardinals"
kleil101,Klein,Lou,R,R,SLN,SS,Lou Klein,1949,"NL,St.Louis,Cardinals"
kriek101,Krieger,Kurt,R,R,SLN,P,Kurt Krieger,1949,"NL,St.Louis,Cardinals"
kurow101,Kurowski,Whitey,R,R,SLN,3B,Whitey Kurowski,1949,"NL,St.Louis,Cardinals"
lanim101,Lanier,Max,R,L,SLN,P,Max Lanier,1949,"NL,St.Louis,Cardinals"
marim101,Marion,Marty,R,R,SLN,SS,Marty Marion,1949,"NL,St.Louis,Cardinals"
martf101,Martin,Fred,R,R,SLN,P,Fred Martin,1949,"NL,St.Louis,Cardinals"
mungr101,Munger,Red,R,R,SLN,P,Red Munger,1949,"NL,St.Louis,Cardinals"
musis101,Musial,Stan,L,L,SLN,OF,Stan Musial,1949,"NL,St.Louis,Cardinals"
nelsr103,Nelson,Rocky,L,L,SLN,1B,Rocky Nelson,1949,"NL,St.Louis,Cardinals"
nortr101,Northey,Ron,L,R,SLN,OF,Ron Northey,1949,"NL,St.Louis,Cardinals"
pollh101,Pollet,Howie,L,L,SLN,P,Howie Pollet,1949,"NL,St.Louis,Cardinals"
reedb101,Reeder,Bill,R,R,SLN,P,Bill Reeder,1949,"NL,St.Louis,Cardinals"
riced101,Rice,Del,R,R,SLN,C,Del Rice,1949,"NL,St.Louis,Cardinals"
riceh102,Rice,Hal,L,R,SLN,OF,Hal Rice,1949,"NL,St.Louis,Cardinals"
sauee101,Sauer,Ed,R,R,SLN,OF,Ed Sauer,1949,"NL,St.Louis,Cardinals"
schor101,Schoendienst,Red,B,R,SLN,2B,Red Schoendienst,1949,"NL,St.Louis,Cardinals"
slaue101,Slaughter,Enos,L,R,SLN,OF,Enos Slaughter,1949,"NL,St.Louis,Cardinals"
stalg103,Staley,Gerry,R,R,SLN,P,Gerry Staley,1949,"NL,St.Louis,Cardinals"
wilbd101,Wilber,Del,R,R,SLN,C,Del Wilber,1949,"NL,St.Louis,Cardinals"
wilkt101,Wilks,Ted,R,R,SLN,P,Ted Wilks,1949,"NL,St.Louis,Cardinals"
yochr101,Yochim,Ray,R,R,SLN,P,Ray Yochim,1949,"NL,St.Louis,Cardinals"
astrj101,Astroth,Joe,R,R,PHA,C,Joe Astroth,1949,"AL,Philadelphia,Athletics"
biash101,Biasatti,Hank,L,L,PHA,1B,Hank Biasatti,1949,"AL,Philadelphia,Athletics"
brisl101,Brissie,Lou,L,L,PHA,P,Lou Brissie,1949,"AL,Philadelphia,Athletics"
chaps101,Chapman,Sam,R,R,PHA,OF,Sam Chapman,1949,"AL,Philadelphia,Athletics"
colej101,Coleman,Joe,R,R,PHA,P,Joe Coleman,1949,"AL,Philadelphia,Athletics"
davit101,Davis,Tod,R,R,PHA,SS,Tod Davis,1949,"AL,Philadelphia,Athletics"
estab101,Estalella,Bobby,R,R,PHA,OF,Bobby Estalella,1949,"AL,Philadelphia,Athletics"
fainf101,Fain,Ferris,L,L,PHA,1B,Ferris Fain,1949,"AL,Philadelphia,Athletics"
fowld101,Fowler,Dick,R,R,PHA,P,Dick Fowler,1949,"AL,Philadelphia,Athletics"
fox-n101,Fox,Nellie,L,R,PHA,2B,Nellie Fox,1949,"AL,Philadelphia,Athletics"
galaa101,Galan,Augie,B,R,PHA,OF,Augie Galan,1949,"AL,Philadelphia,Athletics"
guerm102,Guerra,Mike,R,R,PHA,C,Mike Guerra,1949,"AL,Philadelphia,Athletics"
harrb104,Harris,Bubba,R,R,PHA,P,Bubba Harris,1949,"AL,Philadelphia,Athletics"
hausc101,Hausmann,Clem,R,R,PHA,P,Clem Hausmann,1949,"AL,Philadelphia,Athletics"
joose101,Joost,Eddie,R,R,PHA,SS,Eddie Joost,1949,"AL,Philadelphia,Athletics"
kella103,Kellner,Alex,R,L,PHA,P,Alex Kellner,1949,"AL,Philadelphia,Athletics"
majeh101,Majeski,Hank,R,R,PHA,3B,Hank Majeski,1949,"AL,Philadelphia,Athletics"
marcp101,Marchildon,Phil,R,R,PHA,P,Phil Marchildon,1949,"AL,Philadelphia,Athletics"
mccab106,McCahan,Bill,R,R,PHA,P,Bill McCahan,1949,"AL,Philadelphia,Athletics"
mosew101,Moses,Wally,L,L,PHA,OF,Wally Moses,1949,"AL,Philadelphia,Athletics"
rosab101,Rosar,Buddy,R,R,PHA,C,Buddy Rosar,1949,"AL,Philadelphia,Athletics"
schec101,Scheib,Carl,R,R,PHA,P,Carl Scheib,1949,"AL,Philadelphia,Athletics"
shanb102,Shantz,Bobby,R,L,PHA,P,Bobby Shantz,1949,"AL,Philadelphia,Athletics"
sudep101,Suder,Pete,R,R,PHA,2B,Pete Suder,1949,"AL,Philadelphia,Athletics"
valoe101,Valo,Elmer,L,R,PHA,OF,Elmer Valo,1949,"AL,Philadelphia,Athletics"
whitd106,White,Don,R,R,PHA,OF,Don White,1949,"AL,Philadelphia,Athletics"
wilsj104,Wilson,Jim,R,R,PHA,P,Jim Wilson,1949,"AL,Philadelphia,Athletics"
wrigt102,Wright,Taffy,L,R,PHA,OF,Taffy Wright,1949,"AL,Philadelphia,Athletics"
basgm101,Basgall,Monty,R,R,PIT,2B,Monty Basgall,1949,"NL,Pittsburgh,Pirates"
beart101,Beard,Ted,L,L,PIT,OF,Ted Beard,1949,"NL,Pittsburgh,Pirates"
bocke101,Bockman,Eddie,R,R,PIT,3B,Eddie Bockman,1949,"NL,Pittsburgh,Pirates"
bonht101,Bonham,Tiny,R,R,PIT,P,Tiny Bonham,1949,"NL,Pittsburgh,Pirates"
caseh101,Casey,Hugh,R,R,PIT,P,Hugh Casey,1949,"NL,Pittsburgh,Pirates"
cassj101,Cassini,Jack,R,R,PIT,PR,Jack Cassini,1949,"NL,Pittsburgh,Pirates"
castp102,Castiglione,Pete,R,R,PIT,3B,Pete Castiglione,1949,"NL,Pittsburgh,Pirates"
chamc102,Chambers,Cliff,L,L,PIT,P,Cliff Chambers,1949,"NL,Pittsburgh,Pirates"
chesb101,Chesnes,Bob,B,R,PIT,P,Bob Chesnes,1949,"NL,Pittsburgh,Pirates"
dickm101,Dickson,Murry,R,R,PIT,P,Murry Dickson,1949,"NL,Pittsburgh,Pirates"
fitze101,Fitz Gerald,Ed,R,R,PIT,C,Ed Fitz Gerald,1949,"NL,Pittsburgh,Pirates"
fleml101,Fleming,Les,L,L,PIT,1B,Les Fleming,1949,"NL,Pittsburgh,Pirates"
gregh102,Gregg,Hal,R,R,PIT,P,Hal Gregg,1949,"NL,Pittsburgh,Pirates"
gumbh101,Gumbert,Harry,R,R,PIT,P,Harry Gumbert,1949,"NL,Pittsburgh,Pirates"
higbk101,Higbe,Kirby,R,R,PIT,P,Kirby Higbe,1949,"NL,Pittsburgh,Pirates"
hoppj102,Hopp,Johnny,L,L,PIT,1B,Johnny Hopp,1949,"NL,Pittsburgh,Pirates"
judnw101,Judnich,Wally,L,L,PIT,OF,Wally Judnich,1949,"NL,Pittsburgh,Pirates"
kiner101,Kiner,Ralph,R,R,PIT,OF,Ralph Kiner,1949,"NL,Pittsburgh,Pirates"
lombv101,Lombardi,Vic,L,L,PIT,P,Vic Lombardi,1949,"NL,Pittsburgh,Pirates"
masip101,Masi,Phil,R,R,PIT,C,Phil Masi,1949,"NL,Pittsburgh,Pirates"
mccuc101,McCullough,Clyde,R,R,PIT,C,Clyde McCullough,1949,"NL,Pittsburgh,Pirates"
muncb101,Muncrief,Bob,R,R,PIT,P,Bob Muncrief,1949,"NL,Pittsburgh,Pirates"
murtd101,Murtaugh,Danny,R,R,PIT,2B,Danny Murtaugh,1949,"NL,Pittsburgh,Pirates"
philj101,Phillips,Jack,R,R,PIT,1B,Jack Phillips,1949,"NL,Pittsburgh,Pirates"
poatr101,Poat,Ray,R,R,PIT,P,Ray Poat,1949,"NL,Pittsburgh,Pirates"
rackm101,Rackley,Marv,L,L,PIT,OF,Marv Rackley,1949,"NL,Pittsburgh,Pirates"
restd101,Restelli,Dino,R,R,PIT,OF,Dino Restelli,1949,"NL,Pittsburgh,Pirates"
rhawr101,Rhawn,Bobby,R,R,PIT,3B,Bobby Rhawn,1949,"NL,Pittsburgh,Pirates"
ridde101,Riddle,Elmer,R,R,PIT,P,Elmer Riddle,1949,"NL,Pittsburgh,Pirates"
rojes101,Rojek,Stan,R,R,PIT,SS,Stan Rojek,1949,"NL,Pittsburgh,Pirates"
safft101,Saffell,Tom,L,R,PIT,OF,Tom Saffell,1949,"NL,Pittsburgh,Pirates"
sewer101,Sewell,Rip,L,R,PIT,P,Rip Sewell,1949,"NL,Pittsburgh,Pirates"
steve101,Stevens,Ed,L,L,PIT,1B,Ed Stevens,1949,"NL,Pittsburgh,Pirates"
walkd101,Walker,Dixie,L,R,PIT,OF,Dixie Walker,1949,"NL,Pittsburgh,Pirates"
walsj107,Walsh,Junior,R,R,PIT,P,Junior Walsh,1949,"NL,Pittsburgh,Pirates"
werlb101,Werle,Bill,L,L,PIT,P,Bill Werle,1949,"NL,Pittsburgh,Pirates"
westw102,Westlake,Wally,R,R,PIT,OF,Wally Westlake,1949,"NL,Pittsburgh,Pirates"
abrac101,Abrams,Cal,L,L,BRO,OF,Cal Abrams,1949,"NL,Brooklyn,Dodgers"
bantj101,Banta,Jack,L,R,BRO,P,Jack Banta,1949,"NL,Brooklyn,Dodgers"
barnr103,Barney,Rex,R,R,BRO,P,Rex Barney,1949,"NL,Brooklyn,Dodgers"
branr103,Branca,Ralph,R,R,BRO,P,Ralph Branca,1949,"NL,Brooklyn,Dodgers"
browt103,Brown,Tommy,R,R,BRO,OF,Tommy Brown,1949,"NL,Brooklyn,Dodgers"
campr102,Campanella,Roy,R,R,BRO,C,Roy Campanella,1949,"NL,Brooklyn,Dodgers"
connc101,Connors,Chuck,L,L,BRO,PH,Chuck Connors,1949,"NL,Brooklyn,Dodgers"
cox-b101,Cox,Billy,R,R,BRO,3B,Billy Cox,1949,"NL,Brooklyn,Dodgers"
edwab101,Edwards,Bruce,R,R,BRO,C,Bruce Edwards,1949,"NL,Brooklyn,Dodgers"
erskc101,Erskine,Carl,R,R,BRO,P,Carl Erskine,1949,"NL,Brooklyn,Dodgers"
furic101,Furillo,Carl,R,R,BRO,OF,Carl Furillo,1949,"NL,Brooklyn,Dodgers"
hattj101,Hatten,Joe,R,L,BRO,P,Joe Hatten,1949,"NL,Brooklyn,Dodgers"
hermg101,Hermanski,Gene,L,R,BRO,OF,Gene Hermanski,1949,"NL,Brooklyn,Dodgers"
hodgg101,Hodges,Gil,R,R,BRO,1B,Gil Hodges,1949,"NL,Brooklyn,Dodgers"
hoppj102,Hopp,Johnny,L,L,BRO,OF,Johnny Hopp,1949,"NL,Brooklyn,Dodgers"
jorgs101,Jorgensen,Spider,L,R,BRO,3B,Spider Jorgensen,1949,"NL,Brooklyn,Dodgers"
martm101,Martin,Morrie,L,L,BRO,P,Morrie Martin,1949,"NL,Brooklyn,Dodgers"
mccom101,McCormick,Mike,R,R,BRO,OF,Mike McCormick,1949,"NL,Brooklyn,Dodgers"
mcglp101,McGlothin,Pat,L,R,BRO,P,Pat McGlothin,1949,"NL,Brooklyn,Dodgers"
mikse101,Miksis,Eddie,R,R,BRO,3B,Eddie Miksis,1949,"NL,Brooklyn,Dodgers"
minnp101,Minner,Paul,L,L,BRO,P,Paul Minner,1949,"NL,Brooklyn,Dodgers"
newcd101,Newcombe,Don,L,R,BRO,P,Don Newcombe,1949,"NL,Brooklyn,Dodgers"
olmol101,Olmo,Luis,R,R,BRO,OF,Luis Olmo,1949,"NL,Brooklyn,Dodgers"
palie101,Palica,Erv,R,R,BRO,P,Erv Palica,1949,"NL,Brooklyn,Dodgers"
podbb101,Podbielan,Bud,R,R,BRO,P,Bud Podbielan,1949,"NL,Brooklyn,Dodgers"
rackm101,Rackley,Marv,L,L,BRO,OF,Marv Rackley,1949,"NL,Brooklyn,Dodgers"
ramab101,Ramazzotti,Bob,R,R,BRO,3B,Bob Ramazzotti,1949,"NL,Brooklyn,Dodgers"
reesp101,Reese,Pee Wee,R,R,BRO,SS,Pee Wee Reese,1949,"NL,Brooklyn,Dodgers"
robij103,Robinson,Jackie,R,R,BRO,2B,Jackie Robinson,1949,"NL,Brooklyn,Dodgers"
roe-p101,Roe,Preacher,R,L,BRO,P,Preacher Roe,1949,"NL,Brooklyn,Dodgers"
shubg101,Shuba,George,L,R,BRO,PH,George Shuba,1949,"NL,Brooklyn,Dodgers"
snidd101,Snider,Duke,L,R,BRO,OF,Duke Snider,1949,"NL,Brooklyn,Dodgers"
vancj101,Van Cuyk,Johnny,L,L,BRO,P,Johnny Van Cuyk,1949,"NL,Brooklyn,Dodgers"
whitd103,Whitman,Dick,L,R,BRO,OF,Dick Whitman,1949,"NL,Brooklyn,Dodgers"
albre101,Albrecht,Ed,R,R,SLA,P,Ed Albrecht,1949,"AL,St.Louis,Browns"
andea101,Anderson,Andy,R,R,SLA,SS,Andy Anderson,1949,"AL,St.Louis,Browns"
arfth101,Arft,Hank,L,L,SLA,PH,Hank Arft,1949,"AL,St.Louis,Browns"
bilbj101,Bilbrey,Jim,R,R,SLA,P,Jim Bilbrey,1949,"AL,St.Louis,Browns"
dillb102,Dillinger,Bob,R,R,SLA,3B,Bob Dillinger,1949,"AL,St.Louis,Browns"
drewk101,Drews,Karl,R,R,SLA,P,Karl Drews,1949,"AL,St.Louis,Browns"
eldeg101,Elder,George,L,R,SLA,OF,George Elder,1949,"AL,St.Louis,Browns"
embrr101,Embree,Red,R,R,SLA,P,Red Embree,1949,"AL,St.Louis,Browns"
fannc101,Fannin,Cliff,L,R,SLA,P,Cliff Fannin,1949,"AL,St.Louis,Browns"
ferrt101,Ferrick,Tom,R,R,SLA,P,Tom Ferrick,1949,"AL,St.Louis,Browns"
frieo101,Friend,Owen,R,R,SLA,2B,Owen Friend,1949,"AL,St.Louis,Browns"
garvn102,Garver,Ned,R,R,SLA,P,Ned Garver,1949,"AL,St.Louis,Browns"
grahj101,Graham,Jack,L,L,SLA,1B,Jack Graham,1949,"AL,St.Louis,Browns"
kennb103,Kennedy,Bill,L,L,SLA,P,Bill Kennedy,1949,"AL,St.Louis,Browns"
kokod101,Kokos,Dick,L,L,SLA,OF,Dick Kokos,1949,"AL,St.Louis,Browns"
lehnp101,Lehner,Paul,L,L,SLA,OF,Paul Lehner,1949,"AL,St.Louis,Browns"
lolls101,Lollar,Sherm,R,R,SLA,C,Sherm Lollar,1949,"AL,St.Louis,Browns"
mallb102,Malloy,Bob,R,R,SLA,P,Bob Malloy,1949,"AL,St.Louis,Browns"
medli101,Medlinger,Irv,L,L,SLA,P,Irv Medlinger,1949,"AL,St.Louis,Browns"
mossl101,Moss,Les,R,R,SLA,C,Les Moss,1949,"AL,St.Louis,Browns"
napla101,Naples,Al,R,R,SLA,SS,Al Naples,1949,"AL,St.Louis,Browns"
ostrj101,Ostrowski,Joe,L,L,SLA,P,Joe Ostrowski,1949,"AL,St.Louis,Browns"
packf101,Pack,Frankie,L,R,SLA,PH,Frankie Pack,1949,"AL,St.Louis,Browns"
papaa101,Papai,Al,R,R,SLA,P,Al Papai,1949,"AL,St.Louis,Browns"
pelle101,Pellagrini,Eddie,R,R,SLA,SS,Eddie Pellagrini,1949,"AL,St.Louis,Browns"
platw101,Platt,Whitey,R,R,SLA,OF,Whitey Platt,1949,"AL,St.Louis,Browns"
pridj101,Priddy,Jerry,R,R,SLA,2B,Jerry Priddy,1949,"AL,St.Louis,Browns"
raner101,Raney,Ribs,R,R,SLA,P,Ribs Raney,1949,"AL,St.Louis,Browns"
savab101,Savage,Bob,R,R,SLA,P,Bob Savage,1949,"AL,St.Louis,Browns"
shorr101,Shore,Ray,R,R,SLA,P,Ray Shore,1949,"AL,St.Louis,Browns"
sievr101,Sievers,Roy,R,R,SLA,OF,Roy Sievers,1949,"AL,St.Louis,Browns"
spens101,Spence,Stan,L,L,SLA,OF,Stan Spence,1949,"AL,St.Louis,Browns"
stard102,Starr,Dick,R,R,SLA,P,Dick Starr,1949,"AL,St.Louis,Browns"
sullj104,Sullivan,John,R,R,SLA,SS,John Sullivan,1949,"AL,St.Louis,Browns"
winer101,Winegarner,Ralph,R,R,SLA,P,Ralph Winegarner,1949,"AL,St.Louis,Browns"
woodk101,Wood,Ken,R,R,SLA,OF,Ken Wood,1949,"AL,St.Louis,Browns"
zaria101,Zarilla,Al,L,R,SLA,OF,Al Zarilla,1949,"AL,St.Louis,Browns"
adamh101,Adams,Herb,L,L,CHA,OF,Herb Adams,1949,"AL,Chicago,White Sox"
appll101,Appling,Luke,R,R,CHA,SS,Luke Appling,1949,"AL,Chicago,White Sox"
bakef103,Baker,Floyd,L,R,CHA,3B,Floyd Baker,1949,"AL,Chicago,White Sox"
baumj102,Baumer,Jim,R,R,CHA,SS,Jim Baumer,1949,"AL,Chicago,White Sox"
boweb101,Bowers,Billy,L,R,CHA,OF,Billy Bowers,1949,"AL,Chicago,White Sox"
bradf102,Bradley,Fred,R,R,CHA,P,Fred Bradley,1949,"AL,Chicago,White Sox"
brunj101,Bruner,Jack,L,L,CHA,P,Jack Bruner,1949,"AL,Chicago,White Sox"
cainb101,Cain,Bob,L,L,CHA,P,Bob Cain,1949,"AL,Chicago,White Sox"
carra101,Carrasquel,Alex,R,R,CHA,P,Alex Carrasquel,1949,"AL,Chicago,White Sox"
evanb103,Evans,Bill,R,R,CHA,P,Bill Evans,1949,"AL,Chicago,White Sox"
getta101,Gettel,Al,R,R,CHA,P,Al Gettel,1949,"AL,Chicago,White Sox"
goldg101,Goldsberry,Gordon,L,L,CHA,1B,Gordon Goldsberry,1949,"AL,Chicago,White Sox"
grote101,Groth,Ernest,R,R,CHA,P,Ernest Groth,1949,"AL,Chicago,White Sox"
grovo101,Grove,Orval,R,R,CHA,P,Orval Grove,1949,"AL,Chicago,White Sox"
gumpr101,Gumpert,Randy,R,R,CHA,P,Randy Gumpert,1949,"AL,Chicago,White Sox"
haefm101,Haefner,Mickey,L,L,CHA,P,Mickey Haefner,1949,"AL,Chicago,White Sox"
hancf101,Hancock,Fred,R,R,CHA,SS,Fred Hancock,1949,"AL,Chicago,White Sox"
higdb101,Higdon,Bill,L,R,CHA,OF,Bill Higdon,1949,"AL,Chicago,White Sox"
judsh101,Judson,Howie,R,R,CHA,P,Howie Judson,1949,"AL,Chicago,White Sox"
kliee101,Klieman,Ed,R,R,CHA,P,Ed Klieman,1949,"AL,Chicago,White Sox"
kolld101,Kolloway,Don,R,R,CHA,3B,Don Kolloway,1949,"AL,Chicago,White Sox"
kresc101,Kress,Chuck,L,L,CHA,1B,Chuck Kress,1949,"AL,Chicago,White Sox"
krsnr101,Krsnich,Rocky,R,R,CHA,3B,Rocky Krsnich,1949,"AL,Chicago,White Sox"
kuzab101,Kuzava,Bob,B,L,CHA,P,Bob Kuzava,1949,"AL,Chicago,White Sox"
laned101,Lane,Dick,R,R,CHA,OF,Dick Lane,1949,"AL,Chicago,White Sox"
maloe101,Malone,Eddie,R,R,CHA,C,Eddie Malone,1949,"AL,Chicago,White Sox"
metkg101,Metkovich,George,L,L,CHA,OF,George Metkovich,1949,"AL,Chicago,White Sox"
michc101,Michaels,Cass,R,R,CHA,2B,Cass Michaels,1949,"AL,Chicago,White Sox"
ostrj102,Ostrowski,Johnny,R,R,CHA,OF,Johnny Ostrowski,1949,"AL,Chicago,White Sox"
phild102,Philley,Dave,B,R,CHA,OF,Dave Philley,1949,"AL,Chicago,White Sox"
pierb101,Pierce,Billy,L,L,CHA,P,Billy Pierce,1949,"AL,Chicago,White Sox"
pierm101,Pieretti,Marino,R,R,CHA,P,Marino Pieretti,1949,"AL,Chicago,White Sox"
rappe101,Rapp,Earl,L,R,CHA,OF,Earl Rapp,1949,"AL,Chicago,White Sox"
rhawr101,Rhawn,Bobby,R,R,CHA,3B,Bobby Rhawn,1949,"AL,Chicago,White Sox"
scalj102,Scala,Jerry,L,R,CHA,OF,Jerry Scala,1949,"AL,Chicago,White Sox"
seerp101,Seerey,Pat,R,R,CHA,OF,Pat Seerey,1949,"AL,Chicago,White Sox"
shouc101,Shoun,Clyde,L,L,CHA,P,Clyde Shoun,1949,"AL,Chicago,White Sox"
soucb101,Souchock,Bud,R,R,CHA,OF,Bud Souchock,1949,"AL,Chicago,White Sox"
surkm101,Surkont,Max,R,R,CHA,P,Max Surkont,1949,"AL,Chicago,White Sox"
tiptj101,Tipton,Joe,R,R,CHA,C,Joe Tipton,1949,"AL,Chicago,White Sox"
wheed101,Wheeler,Don,R,R,CHA,C,Don Wheeler,1949,"AL,Chicago,White Sox"
wighb101,Wight,Bill,L,L,CHA,P,Bill Wight,1949,"AL,Chicago,White Sox"
yankg101,Yankowski,George,R,R,CHA,C,George Yankowski,1949,"AL,Chicago,White Sox"
zerng101,Zernial,Gus,R,R,CHA,OF,Gus Zernial,1949,"AL,Chicago,White Sox"
ashbr101,Ashburn,Richie,L,R,PHI,OF,Richie Ashburn,1949,"NL,Philadelphia,Phillies"
bickc101,Bicknell,Charlie,R,R,PHI,P,Charlie Bicknell,1949,"NL,Philadelphia,Phillies"
blatb101,Blattner,Buddy,R,R,PHI,2B,Buddy Blattner,1949,"NL,Philadelphia,Phillies"
blatj101,Blatnik,Johnny,R,R,PHI,OF,Johnny Blatnik,1949,"NL,Philadelphia,Phillies"
boroh101,Borowy,Hank,R,R,PHI,P,Hank Borowy,1949,"NL,Philadelphia,Phillies"
cabap101,Caballero,Putsy,R,R,PHI,2B,Putsy Caballero,1949,"NL,Philadelphia,Phillies"
donnb101,Donnelly,Blix,R,R,PHI,P,Blix Donnelly,1949,"NL,Philadelphia,Phillies"
ennid101,Ennis,Del,R,R,PHI,OF,Del Ennis,1949,"NL,Philadelphia,Phillies"
glynb101,Glynn,Bill,L,L,PHI,1B,Bill Glynn,1949,"NL,Philadelphia,Phillies"
golim101,Goliat,Mike,R,R,PHI,2B,Mike Goliat,1949,"NL,Philadelphia,Phillies"
haasb102,Haas,Bert,R,R,PHI,PH,Bert Haas,1949,"NL,Philadelphia,Phillies"
hamng102,Hamner,Granny,R,R,PHI,SS,Granny Hamner,1949,"NL,Philadelphia,Phillies"
heink101,Heintzelman,Ken,R,L,PHI,P,Ken Heintzelman,1949,"NL,Philadelphia,Phillies"
holls101,Hollmig,Stan,R,R,PHI,OF,Stan Hollmig,1949,"NL,Philadelphia,Phillies"
jonew101,Jones,Willie,R,R,PHI,3B,Willie Jones,1949,"NL,Philadelphia,Phillies"
konsj101,Konstanty,Jim,R,R,PHI,P,Jim Konstanty,1949,"NL,Philadelphia,Phillies"
lopas101,Lopata,Stan,R,R,PHI,C,Stan Lopata,1949,"NL,Philadelphia,Phillies"
mayoj101,Mayo,Jackie,L,R,PHI,OF,Jackie Mayo,1949,"NL,Philadelphia,Phillies"
meyer101,Meyer,Russ,B,R,PHI,P,Russ Meyer,1949,"NL,Philadelphia,Phillies"
millb103,Miller,Bob,R,R,PHI,P,Bob Miller,1949,"NL,Philadelphia,Phillies"
mille104,Miller,Eddie,R,R,PHI,2B,Eddie Miller,1949,"NL,Philadelphia,Phillies"
nichb101,Nicholson,Bill,L,R,PHI,OF,Bill Nicholson,1949,"NL,Philadelphia,Phillies"
rober102,Roberts,Robin,B,R,PHI,P,Robin Roberts,1949,"NL,Philadelphia,Phillies"
rowes101,Rowe,Schoolboy,R,R,PHI,P,Schoolboy Rowe,1949,"NL,Philadelphia,Phillies"
sanie101,Sanicki,Ed,R,R,PHI,OF,Ed Sanicki,1949,"NL,Philadelphia,Phillies"
semia101,Seminick,Andy,R,R,PHI,C,Andy Seminick,1949,"NL,Philadelphia,Phillies"
silvk101,Silvestri,Ken,B,R,PHI,2B,Ken Silvestri,1949,"NL,Philadelphia,Phillies"
simmc101,Simmons,Curt,L,L,PHI,P,Curt Simmons,1949,"NL,Philadelphia,Phillies"
sisld101,Sisler,Dick,L,R,PHI,1B,Dick Sisler,1949,"NL,Philadelphia,Phillies"
thomj101,Thompson,Jocko,L,L,PHI,P,Jocko Thompson,1949,"NL,Philadelphia,Phillies"
trink101,Trinkle,Ken,R,R,PHI,P,Ken Trinkle,1949,"NL,Philadelphia,Phillies"
wagnh102,Wagner,Hal,L,R,PHI,C,Hal Wagner,1949,"NL,Philadelphia,Phillies"
waite101,Waitkus,Eddie,L,L,PHI,1B,Eddie Waitkus,1949,"NL,Philadelphia,Phillies"
avilb101,Avila,Bobby,R,R,CLE,2B,Bobby Avila,1949,"AL,Cleveland,Indians"
bearg102,Bearden,Gene,L,L,CLE,P,Gene Bearden,1949,"AL,Cleveland,Indians"
benta101,Benton,Al,R,R,CLE,P,Al Benton,1949,"AL,Cleveland,Indians"
beraj101,Berardino,Johnny,R,R,CLE,3B,Johnny Berardino,1949,"AL,Cleveland,Indians"
boonr101,Boone,Ray,R,R,CLE,SS,Ray Boone,1949,"AL,Cleveland,Indians"
boudl101,Boudreau,Lou,R,R,CLE,SS,Lou Boudreau,1949,"AL,Cleveland,Indians"
clara102,Clark,Allie,R,R,CLE,OF,Allie Clark,1949,"AL,Cleveland,Indians"
dobyl101,Doby,Larry,L,R,CLE,OF,Larry Doby,1949,"AL,Cleveland,Indians"
eastl101,Easter,Luke,L,R,CLE,OF,Luke Easter,1949,"AL,Cleveland,Indians"
edwah101,Edwards,Hank,L,L,CLE,OF,Hank Edwards,1949,"AL,Cleveland,Indians"
fellb101,Feller,Bob,R,R,CLE,P,Bob Feller,1949,"AL,Cleveland,Indians"
garcm101,Garcia,Mike,R,R,CLE,P,Mike Garcia,1949,"AL,Cleveland,Indians"
gordj101,Gordon,Joe,R,R,CLE,2B,Joe Gordon,1949,"AL,Cleveland,Indians"
groms101,Gromek,Steve,B,R,CLE,P,Steve Gromek,1949,"AL,Cleveland,Indians"
hegaj101,Hegan,Jim,R,R,CLE,C,Jim Hegan,1949,"AL,Cleveland,Indians"
keltk101,Keltner,Ken,R,R,CLE,3B,Ken Keltner,1949,"AL,Cleveland,Indians"
kennb104,Kennedy,Bob,R,R,CLE,OF,Bob Kennedy,1949,"AL,Cleveland,Indians"
lemob101,Lemon,Bob,L,R,CLE,P,Bob Lemon,1949,"AL,Cleveland,Indians"
marsf101,Marsh,Fred,R,R,CLE,PR,Fred Marsh,1949,"AL,Cleveland,Indians"
minom101,Minoso,Minnie,R,R,CLE,OF,Minnie Minoso,1949,"AL,Cleveland,Indians"
mitcd101,Mitchell,Dale,L,L,CLE,OF,Dale Mitchell,1949,"AL,Cleveland,Indians"
nielm101,Nielsen,Milt,L,L,CLE,OF,Milt Nielsen,1949,"AL,Cleveland,Indians"
paigs101,Paige,Satchel,R,R,CLE,P,Satchel Paige,1949,"AL,Cleveland,Indians"
papif101,Papish,Frank,R,L,CLE,P,Frank Papish,1949,"AL,Cleveland,Indians"
peckh101,Peck,Hal,L,L,CLE,OF,Hal Peck,1949,"AL,Cleveland,Indians"
reich101,Reich,Herman,R,L,CLE,OF,Herman Reich,1949,"AL,Cleveland,Indians"
rosea101,Rosen,Al,R,R,CLE,3B,Al Rosen,1949,"AL,Cleveland,Indians"
tresm101,Tresh,Mike,R,R,CLE,C,Mike Tresh,1949,"AL,Cleveland,Indians"
tuckt102,Tucker,Thurman,L,R,CLE,OF,Thurman Tucker,1949,"AL,Cleveland,Indians"
vernm101,Vernon,Mickey,L,L,CLE,1B,Mickey Vernon,1949,"AL,Cleveland,Indians"
wynne101,Wynn,Early,B,R,CLE,P,Early Wynn,1949,"AL,Cleveland,Indians"
zolds101,Zoldak,Sam,L,L,CLE,P,Sam Zoldak,1949,"AL,Cleveland,Indians"
berrn101,Berry,Neil,R,R,DET,2B,Neil Berry,1949,"AL,Detroit,Tigers"
campp101,Campbell,Paul,L,L,DET,1B,Paul Campbell,1949,"AL,Detroit,Tigers"
everh101,Evers,Hoot,R,R,DET,OF,Hoot Evers,1949,"AL,Detroit,Tigers"
grayt101,Gray,Ted,B,L,DET,P,Ted Gray,1949,"AL,Detroit,Tigers"
grism101,Grissom,Marv,R,R,DET,P,Marv Grissom,1949,"AL,Detroit,Tigers"
grotj102,Groth,Johnny,R,R,DET,OF,Johnny Groth,1949,"AL,Detroit,Tigers"
houta101,Houtteman,Art,R,R,DET,P,Art Houtteman,1949,"AL,Detroit,Tigers"
hutcf101,Hutchinson,Fred,L,R,DET,P,Fred Hutchinson,1949,"AL,Detroit,Tigers"
kellg102,Kell,George,R,R,DET,3B,George Kell,1949,"AL,Detroit,Tigers"
kolld101,Kolloway,Don,R,R,DET,2B,Don Kolloway,1949,"AL,Detroit,Tigers"
kretl101,Kretlow,Lou,R,R,DET,P,Lou Kretlow,1949,"AL,Detroit,Tigers"
lakee101,Lake,Eddie,R,R,DET,SS,Eddie Lake,1949,"AL,Detroit,Tigers"
lipoj101,Lipon,Johnny,R,R,DET,SS,Johnny Lipon,1949,"AL,Detroit,Tigers"
lundd102,Lund,Don,R,R,DET,PH,Don Lund,1949,"AL,Detroit,Tigers"
mavib101,Mavis,Bob,L,R,DET,PR,Bob Mavis,1949,"AL,Detroit,Tigers"
mullp101,Mullin,Pat,L,R,DET,OF,Pat Mullin,1949,"AL,Detroit,Tigers"
newhh101,Newhouser,Hal,L,L,DET,P,Hal Newhouser,1949,"AL,Detroit,Tigers"
outlj101,Outlaw,Jimmy,R,R,DET,PH,Jimmy Outlaw,1949,"AL,Detroit,Tigers"
overs101,Overmire,Stubby,R,L,DET,P,Stubby Overmire,1949,"AL,Detroit,Tigers"
rappe101,Rapp,Earl,L,R,DET,PH,Earl Rapp,1949,"AL,Detroit,Tigers"
riebh101,Riebe,Hank,R,R,DET,C,Hank Riebe,1949,"AL,Detroit,Tigers"
robia101,Robinson,Aaron,L,R,DET,C,Aaron Robinson,1949,"AL,Detroit,Tigers"
rogos101,Rogovin,Saul,R,R,DET,P,Saul Rogovin,1949,"AL,Detroit,Tigers"
stuam101,Stuart,Marlin,L,R,DET,P,Marlin Stuart,1949,"AL,Detroit,Tigers"
swifb102,Swift,Bob,R,R,DET,C,Bob Swift,1949,"AL,Detroit,Tigers"
troud101,Trout,Dizzy,R,R,DET,P,Dizzy Trout,1949,"AL,Detroit,Tigers"
trucv101,Trucks,Virgil,R,R,DET,P,Virgil Trucks,1949,"AL,Detroit,Tigers"
vicos101,Vico,Sam,L,R,DET,1B,Sam Vico,1949,"AL,Detroit,Tigers"
waked101,Wakefield,Dick,L,R,DET,OF,Dick Wakefield,1949,"AL,Detroit,Tigers"
wertv101,Wertz,Vic,L,R,DET,OF,Vic Wertz,1949,"AL,Detroit,Tigers"
whith101,White,Hal,R,R,DET,P,Hal White,1949,"AL,Detroit,Tigers"
antoj103,Antonelli,Johnny,L,L,BSN,P,Johnny Antonelli,1949,"NL,Boston,Braves"
barrr101,Barrett,Red,R,R,BSN,P,Red Barrett,1949,"NL,Boston,Braves"
beazj101,Beazley,Johnny,R,R,BSN,P,Johnny Beazley,1949,"NL,Boston,Braves"
bickv101,Bickford,Vern,R,R,BSN,P,Vern Bickford,1949,"NL,Boston,Braves"
conac101,Conatser,Clint,R,R,BSN,OF,Clint Conatser,1949,"NL,Boston,Braves"
crand102,Crandall,Del,R,R,BSN,C,Del Crandall,1949,"NL,Boston,Braves"
darka101,Dark,Al,R,R,BSN,SS,Al Dark,1949,"NL,Boston,Braves"
ellib103,Elliott,Bob,R,R,BSN,3B,Bob Elliott,1949,"NL,Boston,Braves"
ellig102,Elliott,Glenn,B,L,BSN,P,Glenn Elliott,1949,"NL,Boston,Braves"
flete101,Fletcher,Elbie,L,L,BSN,1B,Elbie Fletcher,1949,"NL,Boston,Braves"
hallb103,Hall,Bob,R,R,BSN,P,Bob Hall,1949,"NL,Boston,Braves"
heatj101,Heath,Jeff,L,R,BSN,OF,Jeff Heath,1949,"NL,Boston,Braves"
hogub101,Hogue,Bobby,R,R,BSN,P,Bobby Hogue,1949,"NL,Boston,Braves"
holmt101,Holmes,Tommy,L,L,BSN,OF,Tommy Holmes,1949,"NL,Boston,Braves"
kuczs101,Kuczek,Steve,R,R,BSN,PH,Steve Kuczek,1949,"NL,Boston,Braves"
lakea101,Lakeman,Al,R,R,BSN,1B,Al Lakeman,1949,"NL,Boston,Braves"
livim101,Livingston,Mickey,R,R,BSN,C,Mickey Livingston,1949,"NL,Boston,Braves"
masip101,Masi,Phil,R,R,BSN,C,Phil Masi,1949,"NL,Boston,Braves"
pottn102,Potter,Nels,L,R,BSN,P,Nels Potter,1949,"NL,Boston,Braves"
reisp101,Reiser,Pete,L,R,BSN,OF,Pete Reiser,1949,"NL,Boston,Braves"
rickm101,Rickert,Marv,L,R,BSN,OF,Marv Rickert,1949,"NL,Boston,Braves"
russj102,Russell,Jim,B,R,BSN,OF,Jim Russell,1949,"NL,Boston,Braves"
ryanc102,Ryan,Connie,R,R,BSN,3B,Connie Ryan,1949,"NL,Boston,Braves"
sainj101,Sain,Johnny,R,R,BSN,P,Johnny Sain,1949,"NL,Boston,Braves"
salkb101,Salkeld,Bill,L,R,BSN,C,Bill Salkeld,1949,"NL,Boston,Braves"
sandr102,Sanders,Ray,L,R,BSN,1B,Ray Sanders,1949,"NL,Boston,Braves"
sauee101,Sauer,Ed,R,R,BSN,OF,Ed Sauer,1949,"NL,Boston,Braves"
shouc101,Shoun,Clyde,L,L,BSN,P,Clyde Shoun,1949,"NL,Boston,Braves"
sists101,Sisti,Sibby,R,R,BSN,OF,Sibby Sisti,1949,"NL,Boston,Braves"
spahw101,Spahn,Warren,L,L,BSN,P,Warren Spahn,1949,"NL,Boston,Braves"
stane101,Stanky,Eddie,R,R,BSN,2B,Eddie Stanky,1949,"NL,Boston,Braves"
thomd102,Thompson,Don,L,L,BSN,OF,Don Thompson,1949,"NL,Boston,Braves"
torge101,Torgeson,Earl,L,L,BSN,1B,Earl Torgeson,1949,"NL,Boston,Braves"
voisb101,Voiselle,Bill,R,R,BSN,P,Bill Voiselle,1949,"NL,Boston,Braves"
