player_id,last,first,bats,throws,team_id,pos,player_name,year,team_name
alexg101,Alexander,Gary,R,R,CLE,C,Gary Alexander,1979,"A,Cleveland,Indians"
alstd101,Alston,Dell,L,R,CLE,OF,Dell Alston,1979,"A,Cleveland,Indians"
andel001,Andersen,Larry,R,R,CLE,P,Larry Andersen,1979,"A,Cleveland,Indians"
barkl001,Barker,Len,R,R,CLE,P,Len Barker,1979,"A,Cleveland,Indians"
bondb101,Bonds,Bobby,R,R,CLE,OF,Bobby Bonds,1979,"A,Cleveland,Indians"
cagew101,Cage,Wayne,L,L,CLE,DH,Wayne Cage,1979,"A,Cleveland,Indians"
clydd101,Clyde,David,L,L,CLE,P,David Clyde,1979,"A,Cleveland,Indians"
cox-t101,Cox,Ted,R,R,CLE,3B,Ted Cox,1979,"A,Cleveland,Indians"
cruzv101,Cruz,Victor,R,R,CLE,P,Victor Cruz,1979,"A,Cleveland,Indians"
dadep101,Dade,Paul,R,R,CLE,OF,Paul Dade,1979,"A,Cleveland,Indians"
diazb001,Diaz,Bo,R,R,CLE,C,Bo Diaz,1979,"A,Cleveland,Indians"
garlw101,Garland,Wayne,R,R,CLE,P,Wayne Garland,1979,"A,Cleveland,Indians"
hargm001,Hargrove,Mike,L,L,CLE,OF,Mike Hargrove,1979,"A,Cleveland,Indians"
harrt001,Harrah,Toby,R,R,CLE,3B,Toby Harrah,1979,"A,Cleveland,Indians"
hassr001,Hassey,Ron,L,R,CLE,C,Ron Hassey,1979,"A,Cleveland,Indians"
hoodd101,Hood,Don,L,L,CLE,P,Don Hood,1979,"A,Cleveland,Indians"
johnc001,Johnson,Cliff,R,R,CLE,DH,Cliff Johnson,1979,"A,Cleveland,Indians"
kuipd001,Kuiper,Duane,L,R,CLE,2B,Duane Kuiper,1979,"A,Cleveland,Indians"
mannr001,Manning,Rick,L,R,CLE,OF,Rick Manning,1979,"A,Cleveland,Indians"
mongs001,Monge,Sid,B,L,CLE,P,Sid Monge,1979,"A,Cleveland,Indians"
norrj101,Norris,Jim,L,L,CLE,OF,Jim Norris,1979,"A,Cleveland,Indians"
paxtm101,Paxton,Mike,R,R,CLE,P,Mike Paxton,1979,"A,Cleveland,Indians"
pruir101,Pruitt,Ron,R,R,CLE,OF,Ron Pruitt,1979,"A,Cleveland,Indians"
reusp101,Reuschel,Paul,R,R,CLE,P,Paul Reuschel,1979,"A,Cleveland,Indians"
rosed101,Rosello,Dave,R,R,CLE,2B,Dave Rosello,1979,"A,Cleveland,Indians"
speeh101,Speed,Horace,R,R,CLE,OF,Horace Speed,1979,"A,Cleveland,Indians"
spild001,Spillner,Dan,R,R,CLE,P,Dan Spillner,1979,"A,Cleveland,Indians"
thora001,Thornton,Andre,R,R,CLE,1B,Andre Thornton,1979,"A,Cleveland,Indians"
veryt001,Veryzer,Tom,R,R,CLE,SS,Tom Veryzer,1979,"A,Cleveland,Indians"
waitr001,Waits,Rick,L,L,CLE,P,Rick Waits,1979,"A,Cleveland,Indians"
wihts101,Wihtol,Sandy,R,R,CLE,P,Sandy Wihtol,1979,"A,Cleveland,Indians"
wilke102,Wilkins,Eric,R,R,CLE,P,Eric Wilkins,1979,"A,Cleveland,Indians"
wiser101,Wise,Rick,R,R,CLE,P,Rick Wise,1979,"A,Cleveland,Indians"
alexd001,Alexander,Doyle,R,R,TEX,P,Doyle Alexander,1979,"A,Texas,Rangers"
allab101,Allard,Brian,R,R,TEX,P,Brian Allard,1979,"A,Texas,Rangers"
babcb101,Babcock,Bob,R,R,TEX,P,Bob Babcock,1979,"A,Texas,Rangers"
bellb001,Bell,Buddy,R,R,TEX,3B,Buddy Bell,1979,"A,Texas,Rangers"
blanl101,Blanks,Larvell,R,R,TEX,SS,Larvell Blanks,1979,"A,Texas,Rangers"
campb101,Campaneris,Bert,R,R,TEX,SS,Bert Campaneris,1979,"A,Texas,Rangers"
chald101,Chalk,Dave,R,R,TEX,SS,Dave Chalk,1979,"A,Texas,Rangers"
comes001,Comer,Steve,B,R,TEX,P,Steve Comer,1979,"A,Texas,Rangers"
darwd001,Darwin,Danny,R,R,TEX,P,Danny Darwin,1979,"A,Texas,Rangers"
ellid101,Ellis,Dock,B,R,TEX,P,Dock Ellis,1979,"A,Texas,Rangers"
ellij101,Ellis,John,R,R,TEX,DH,John Ellis,1979,"A,Texas,Rangers"
farme101,Farmer,Ed,R,R,TEX,P,Ed Farmer,1979,"A,Texas,Rangers"
gambo001,Gamble,Oscar,L,R,TEX,DH,Oscar Gamble,1979,"A,Texas,Rangers"
gleaj001,Gleaton,Jerry,L,L,TEX,P,Jerry Gleaton,1979,"A,Texas,Rangers"
grayg101,Gray,Gary,R,R,TEX,DH,Gary Gray,1979,"A,Texas,Rangers"
grubj001,Grubb,Johnny,L,R,TEX,OF,Johnny Grubb,1979,"A,Texas,Rangers"
hollg101,Holle,Gary,R,L,TEX,1B,Gary Holle,1979,"A,Texas,Rangers"
jenkf101,Jenkins,Fergie,R,R,TEX,P,Fergie Jenkins,1979,"A,Texas,Rangers"
johnj001,Johnson,John Henry,L,L,TEX,P,John Henry Johnson,1979,"A,Texas,Rangers"
jorgm001,Jorgensen,Mike,L,L,TEX,1B,Mike Jorgensen,1979,"A,Texas,Rangers"
kernj001,Kern,Jim,R,R,TEX,P,Jim Kern,1979,"A,Texas,Rangers"
lyles101,Lyle,Sparky,L,L,TEX,P,Sparky Lyle,1979,"A,Texas,Rangers"
mahlg101,Mahlberg,Greg,R,R,TEX,C,Greg Mahlberg,1979,"A,Texas,Rangers"
matlj101,Matlack,Jon,L,L,TEX,P,Jon Matlack,1979,"A,Texas,Rangers"
mccal101,McCall,Larry,L,R,TEX,P,Larry McCall,1979,"A,Texas,Rangers"
medid101,Medich,Doc,R,R,TEX,P,Doc Medich,1979,"A,Texas,Rangers"
montw101,Montanez,Willie,L,L,TEX,1B,Willie Montanez,1979,"A,Texas,Rangers"
normn001,Norman,Nelson,B,R,TEX,SS,Nelson Norman,1979,"A,Texas,Rangers"
oliva001,Oliver,Al,L,L,TEX,OF,Al Oliver,1979,"A,Texas,Rangers"
putnp001,Putnam,Pat,L,R,TEX,1B,Pat Putnam,1979,"A,Texas,Rangers"
rajsd101,Rajsich,Dave,L,L,TEX,P,Dave Rajsich,1979,"A,Texas,Rangers"
rivem001,Rivers,Mickey,L,L,TEX,OF,Mickey Rivers,1979,"A,Texas,Rangers"
robed102,Roberts,Dave,R,R,TEX,C,Dave Roberts,1979,"A,Texas,Rangers"
sampb001,Sample,Billy,R,R,TEX,OF,Billy Sample,1979,"A,Texas,Rangers"
sodee101,Soderholm,Eric,R,R,TEX,3B,Eric Soderholm,1979,"A,Texas,Rangers"
sundj001,Sundberg,Jim,R,R,TEX,C,Jim Sundberg,1979,"A,Texas,Rangers"
washl101,Washington,LaRue,R,R,TEX,OF,LaRue Washington,1979,"A,Texas,Rangers"
willb101,Wills,Bump,B,R,TEX,2B,Bump Wills,1979,"A,Texas,Rangers"
ziskr101,Zisk,Richie,R,R,TEX,OF,Richie Zisk,1979,"A,Texas,Rangers"
arrof001,Arroyo,Fernando,R,R,DET,P,Fernando Arroyo,1979,"A,Detroit,Tigers"
bakes101,Baker,Steve,R,R,DET,P,Steve Baker,1979,"A,Detroit,Tigers"
billj101,Billingham,Jack,R,R,DET,P,Jack Billingham,1979,"A,Detroit,Tigers"
broot001,Brookens,Tom,R,R,DET,3B,Tom Brookens,1979,"A,Detroit,Tigers"
burns101,Burnside,Sheldon,R,L,DET,P,Sheldon Burnside,1979,"A,Detroit,Tigers"
chrim101,Chris,Mike,L,L,DET,P,Mike Chris,1979,"A,Detroit,Tigers"
corct001,Corcoran,Tim,L,L,DET,OF,Tim Corcoran,1979,"A,Detroit,Tigers"
fidrm101,Fidrych,Mark,R,R,DET,P,Mark Fidrych,1979,"A,Detroit,Tigers"
gibsk001,Gibson,Kirk,L,L,DET,OF,Kirk Gibson,1979,"A,Detroit,Tigers"
gonzd101,Gonzales,Dan,L,R,DET,OF,Dan Gonzales,1979,"A,Detroit,Tigers"
greea101,Greene,Al,L,R,DET,DH,Al Greene,1979,"A,Detroit,Tigers"
hillj101,Hiller,John,R,L,DET,P,John Hiller,1979,"A,Detroit,Tigers"
jonel001,Jones,Lynn,R,R,DET,OF,Lynn Jones,1979,"A,Detroit,Tigers"
kemps001,Kemp,Steve,L,L,DET,OF,Steve Kemp,1979,"A,Detroit,Tigers"
leflr101,LeFlore,Ron,R,R,DET,OF,Ron LeFlore,1979,"A,Detroit,Tigers"
lopea001,Lopez,Aurelio,R,R,DET,P,Aurelio Lopez,1979,"A,Detroit,Tigers"
machd101,Machemer,Dave,R,R,DET,2B,Dave Machemer,1979,"A,Detroit,Tigers"
mankp101,Mankowski,Phil,L,R,DET,3B,Phil Mankowski,1979,"A,Detroit,Tigers"
may-m001,May,Milt,L,R,DET,C,Milt May,1979,"A,Detroit,Tigers"
moraj101,Morales,Jerry,R,R,DET,OF,Jerry Morales,1979,"A,Detroit,Tigers"
morrj001,Morris,Jack,R,R,DET,P,Jack Morris,1979,"A,Detroit,Tigers"
parrl001,Parrish,Lance,R,R,DET,C,Lance Parrish,1979,"A,Detroit,Tigers"
peter001,Peters,Rick,B,R,DET,3B,Rick Peters,1979,"A,Detroit,Tigers"
petrd001,Petry,Dan,R,R,DET,P,Dan Petry,1979,"A,Detroit,Tigers"
putme101,Putman,Ed,R,R,DET,C,Ed Putman,1979,"A,Detroit,Tigers"
robbb101,Robbins,Bruce,L,L,DET,P,Bruce Robbins,1979,"A,Detroit,Tigers"
rodra101,Rodriguez,Aurelio,R,R,DET,3B,Aurelio Rodriguez,1979,"A,Detroit,Tigers"
rozed001,Rozema,Dave,R,R,DET,P,Dave Rozema,1979,"A,Detroit,Tigers"
staur001,Staub,Rusty,L,R,DET,DH,Rusty Staub,1979,"A,Detroit,Tigers"
stegd001,Stegman,Dave,R,R,DET,OF,Dave Stegman,1979,"A,Detroit,Tigers"
summc001,Summers,Champ,L,R,DET,OF,Champ Summers,1979,"A,Detroit,Tigers"
taylb101,Taylor,Bruce,R,R,DET,P,Bruce Taylor,1979,"A,Detroit,Tigers"
thomj001,Thompson,Jason,L,L,DET,1B,Jason Thompson,1979,"A,Detroit,Tigers"
tobid001,Tobik,Dave,R,R,DET,P,Dave Tobik,1979,"A,Detroit,Tigers"
trama001,Trammell,Alan,R,R,DET,SS,Alan Trammell,1979,"A,Detroit,Tigers"
undep101,Underwood,Pat,L,L,DET,P,Pat Underwood,1979,"A,Detroit,Tigers"
wagnm001,Wagner,Mark,R,R,DET,SS,Mark Wagner,1979,"A,Detroit,Tigers"
whitl001,Whitaker,Lou,L,R,DET,2B,Lou Whitaker,1979,"A,Detroit,Tigers"
wilcm001,Wilcox,Milt,R,R,DET,P,Milt Wilcox,1979,"A,Detroit,Tigers"
wockj001,Wockenfuss,John,R,R,DET,1B,John Wockenfuss,1979,"A,Detroit,Tigers"
younk101,Young,Kip,R,R,DET,P,Kip Young,1979,"A,Detroit,Tigers"
banna001,Bannister,Alan,R,R,CHA,2B,Alan Bannister,1979,"A,Chicago,White Sox"
barrf101,Barrios,Francisco,R,R,CHA,P,Francisco Barrios,1979,"A,Chicago,White Sox"
baumr101,Baumgarten,Ross,L,L,CHA,P,Ross Baumgarten,1979,"A,Chicago,White Sox"
bellk101,Bell,Kevin,R,R,CHA,3B,Kevin Bell,1979,"A,Chicago,White Sox"
boslt001,Bosley,Thad,L,L,CHA,OF,Thad Bosley,1979,"A,Chicago,White Sox"
burnb001,Burns,Britt,L,L,CHA,P,Britt Burns,1979,"A,Chicago,White Sox"
chaph101,Chappas,Harry,B,R,CHA,SS,Harry Chappas,1979,"A,Chicago,White Sox"
colbm101,Colbern,Mike,R,R,CHA,C,Mike Colbern,1979,"A,Chicago,White Sox"
dotsr001,Dotson,Richard,R,R,CHA,P,Richard Dotson,1979,"A,Chicago,White Sox"
essem101,Esser,Mark,R,L,CHA,P,Mark Esser,1979,"A,Chicago,White Sox"
farme101,Farmer,Ed,R,R,CHA,P,Ed Farmer,1979,"A,Chicago,White Sox"
folem001,Foley,Marv,L,R,CHA,C,Marv Foley,1979,"A,Chicago,White Sox"
garrr101,Garr,Ralph,L,R,CHA,OF,Ralph Garr,1979,"A,Chicago,White Sox"
gatej101,Gates,Joe,L,R,CHA,2B,Joe Gates,1979,"A,Chicago,White Sox"
hintr101,Hinton,Rich,L,L,CHA,P,Rich Hinton,1979,"A,Chicago,White Sox"
hoffg002,Hoffman,Guy,L,L,CHA,P,Guy Hoffman,1979,"A,Chicago,White Sox"
howaf101,Howard,Fred,R,R,CHA,P,Fred Howard,1979,"A,Chicago,White Sox"
hoytl001,Hoyt,LaMarr,R,R,CHA,P,LaMarr Hoyt,1979,"A,Chicago,White Sox"
johnl101,Johnson,Lamar,R,R,CHA,1B,Lamar Johnson,1979,"A,Chicago,White Sox"
kessd101,Kessinger,Don,B,R,CHA,SS,Don Kessinger,1979,"A,Chicago,White Sox"
kravk101,Kravec,Ken,L,L,CHA,P,Ken Kravec,1979,"A,Chicago,White Sox"
kucej101,Kucek,Jack,R,R,CHA,P,Jack Kucek,1979,"A,Chicago,White Sox"
kuntr001,Kuntz,Rusty,R,R,CHA,OF,Rusty Kuntz,1979,"A,Chicago,White Sox"
lagrl101,LaGrow,Lerrin,R,R,CHA,P,Lerrin LaGrow,1979,"A,Chicago,White Sox"
lemoc001,Lemon,Chet,R,R,CHA,OF,Chet Lemon,1979,"A,Chicago,White Sox"
may-m001,May,Milt,L,R,CHA,C,Milt May,1979,"A,Chicago,White Sox"
moorj101,Moore,Junior,R,R,CHA,OF,Junior Moore,1979,"A,Chicago,White Sox"
morrj002,Morrison,Jim,R,R,CHA,2B,Jim Morrison,1979,"A,Chicago,White Sox"
nahob001,Nahorodny,Bill,R,R,CHA,C,Bill Nahorodny,1979,"A,Chicago,White Sox"
nordw101,Nordhagen,Wayne,R,R,CHA,DH,Wayne Nordhagen,1979,"A,Chicago,White Sox"
ortaj001,Orta,Jorge,L,R,CHA,DH,Jorge Orta,1979,"A,Chicago,White Sox"
prolm101,Proly,Mike,R,R,CHA,P,Mike Proly,1979,"A,Chicago,White Sox"
pryog001,Pryor,Greg,R,R,CHA,SS,Greg Pryor,1979,"A,Chicago,White Sox"
robid101,Robinson,Dewey,R,R,CHA,P,Dewey Robinson,1979,"A,Chicago,White Sox"
rondg101,Rondon,Gil,R,R,CHA,P,Gil Rondon,1979,"A,Chicago,White Sox"
scarr101,Scarbery,Randy,B,R,CHA,P,Randy Scarbery,1979,"A,Chicago,White Sox"
schur101,Schueler,Ron,R,R,CHA,P,Ron Schueler,1979,"A,Chicago,White Sox"
sodee101,Soderholm,Eric,R,R,CHA,3B,Eric Soderholm,1979,"A,Chicago,White Sox"
squim001,Squires,Mike,L,L,CHA,1B,Mike Squires,1979,"A,Chicago,White Sox"
torrp101,Torrealba,Pablo,L,L,CHA,P,Pablo Torrealba,1979,"A,Chicago,White Sox"
torrr101,Torres,Rusty,B,R,CHA,OF,Rusty Torres,1979,"A,Chicago,White Sox"
trous001,Trout,Steve,L,L,CHA,P,Steve Trout,1979,"A,Chicago,White Sox"
washc001,Washington,Claudell,L,L,CHA,OF,Claudell Washington,1979,"A,Chicago,White Sox"
wortr101,Wortham,Rich,R,L,CHA,P,Rich Wortham,1979,"A,Chicago,White Sox"
auguj001,Augustine,Jerry,L,L,MIL,P,Jerry Augustine,1979,"A,Milwaukee,Brewers"
bands101,Bando,Sal,R,R,MIL,3B,Sal Bando,1979,"A,Milwaukee,Brewers"
boitd101,Boitano,Dan,R,R,MIL,P,Dan Boitano,1979,"A,Milwaukee,Brewers"
caldm001,Caldwell,Mike,R,L,MIL,P,Mike Caldwell,1979,"A,Milwaukee,Brewers"
castb101,Castro,Bill,R,R,MIL,P,Bill Castro,1979,"A,Milwaukee,Brewers"
clevr101,Cleveland,Reggie,R,R,MIL,P,Reggie Cleveland,1979,"A,Milwaukee,Brewers"
coopc001,Cooper,Cecil,L,L,MIL,1B,Cecil Cooper,1979,"A,Milwaukee,Brewers"
david101,Davis,Dick,R,R,MIL,DH,Dick Davis,1979,"A,Milwaukee,Brewers"
fossr101,Fosse,Ray,R,R,MIL,C,Ray Fosse,1979,"A,Milwaukee,Brewers"
galab101,Galasso,Bob,L,R,MIL,P,Bob Galasso,1979,"A,Milwaukee,Brewers"
gantj001,Gantner,Jim,L,R,MIL,3B,Jim Gantner,1979,"A,Milwaukee,Brewers"
haasm001,Haas,Moose,R,R,MIL,P,Moose Haas,1979,"A,Milwaukee,Brewers"
hisll101,Hisle,Larry,R,R,MIL,DH,Larry Hisle,1979,"A,Milwaukee,Brewers"
lezcs001,Lezcano,Sixto,R,R,MIL,OF,Sixto Lezcano,1979,"A,Milwaukee,Brewers"
martb001,Martinez,Buck,R,R,MIL,C,Buck Martinez,1979,"A,Milwaukee,Brewers"
mcclb001,McClure,Bob,R,L,MIL,P,Bob McClure,1979,"A,Milwaukee,Brewers"
mitcp101,Mitchell,Paul,R,R,MIL,P,Paul Mitchell,1979,"A,Milwaukee,Brewers"
molip001,Molitor,Paul,R,R,MIL,2B,Paul Molitor,1979,"A,Milwaukee,Brewers"
moned101,Money,Don,R,R,MIL,DH,Don Money,1979,"A,Milwaukee,Brewers"
moorc001,Moore,Charlie,R,R,MIL,C,Charlie Moore,1979,"A,Milwaukee,Brewers"
nordt101,Nordbrook,Tim,R,R,MIL,SS,Tim Nordbrook,1979,"A,Milwaukee,Brewers"
oglib001,Oglivie,Ben,L,L,MIL,OF,Ben Oglivie,1979,"A,Milwaukee,Brewers"
rautl101,Rautzhan,Lance,R,L,MIL,P,Lance Rautzhan,1979,"A,Milwaukee,Brewers"
repla101,Replogle,Andy,R,R,MIL,P,Andy Replogle,1979,"A,Milwaukee,Brewers"
sakal001,Sakata,Lenn,R,R,MIL,2B,Lenn Sakata,1979,"A,Milwaukee,Brewers"
slatj001,Slaton,Jim,R,R,MIL,P,Jim Slaton,1979,"A,Milwaukee,Brewers"
sorel001,Sorensen,Lary,R,R,MIL,P,Lary Sorensen,1979,"A,Milwaukee,Brewers"
thomg001,Thomas,Gorman,R,R,MIL,OF,Gorman Thomas,1979,"A,Milwaukee,Brewers"
travb101,Travers,Bill,L,L,MIL,P,Bill Travers,1979,"A,Milwaukee,Brewers"
wohlj001,Wohlford,Jim,R,R,MIL,OF,Jim Wohlford,1979,"A,Milwaukee,Brewers"
younr001,Yount,Robin,R,R,MIL,SS,Robin Yount,1979,"A,Milwaukee,Brewers"
atkib101,Atkinson,Bill,L,R,MON,P,Bill Atkinson,1979,"N,Montreal,Expos"
bahns101,Bahnsen,Stan,R,R,MON,P,Stan Bahnsen,1979,"N,Montreal,Expos"
bassr101,Bass,Randy,L,R,MON,1B,Randy Bass,1979,"N,Montreal,Expos"
bernt001,Bernazard,Tony,B,R,MON,2B,Tony Bernazard,1979,"N,Montreal,Expos"
cartg001,Carter,Gary,R,R,MON,C,Gary Carter,1979,"N,Montreal,Expos"
cashd101,Cash,Dave,R,R,MON,2B,Dave Cash,1979,"N,Montreal,Expos"
cromw101,Cromartie,Warren,L,L,MON,OF,Warren Cromartie,1979,"N,Montreal,Expos"
dawsa001,Dawson,Andre,R,R,MON,OF,Andre Dawson,1979,"N,Montreal,Expos"
dyerd101,Dyer,Duffy,R,R,MON,C,Duffy Dyer,1979,"N,Montreal,Expos"
frymw101,Fryman,Woodie,R,L,MON,P,Woodie Fryman,1979,"N,Montreal,Expos"
grimr101,Grimsley,Ross,L,L,MON,P,Ross Grimsley,1979,"N,Montreal,Expos"
gullb001,Gullickson,Bill,R,R,MON,P,Bill Gullickson,1979,"N,Montreal,Expos"
huttt101,Hutton,Tom,L,L,MON,1B,Tom Hutton,1979,"N,Montreal,Expos"
jameb001,James,Bob,R,R,MON,P,Bob James,1979,"N,Montreal,Expos"
lee-b101,Lee,Bill,L,L,MON,P,Bill Lee,1979,"N,Montreal,Expos"
machk101,Macha,Ken,R,R,MON,3B,Ken Macha,1979,"N,Montreal,Expos"
masoj101,Mason,Jim,L,R,MON,SS,Jim Mason,1979,"N,Montreal,Expos"
may-r101,May,Rudy,L,L,MON,P,Rudy May,1979,"N,Montreal,Expos"
murrd001,Murray,Dale,R,R,MON,P,Dale Murray,1979,"N,Montreal,Expos"
palmd001,Palmer,David,R,R,MON,P,David Palmer,1979,"N,Montreal,Expos"
parrl002,Parrish,Larry,R,R,MON,3B,Larry Parrish,1979,"N,Montreal,Expos"
peret001,Perez,Tony,R,R,MON,1B,Tony Perez,1979,"N,Montreal,Expos"
raint001,Raines,Tim,B,R,MON,PR,Tim Raines,1979,"N,Montreal,Expos"
roges001,Rogers,Steve,R,R,MON,P,Steve Rogers,1979,"N,Montreal,Expos"
sands001,Sanderson,Scott,R,R,MON,P,Scott Sanderson,1979,"N,Montreal,Expos"
schad001,Schatzeder,Dan,L,L,MON,P,Dan Schatzeder,1979,"N,Montreal,Expos"
scotr101,Scott,Rodney,B,R,MON,2B,Rodney Scott,1979,"N,Montreal,Expos"
solat101,Solaita,Tony,L,L,MON,1B,Tony Solaita,1979,"N,Montreal,Expos"
sosae101,Sosa,Elias,R,R,MON,P,Elias Sosa,1979,"N,Montreal,Expos"
speic001,Speier,Chris,R,R,MON,SS,Chris Speier,1979,"N,Montreal,Expos"
staur001,Staub,Rusty,L,R,MON,1B,Rusty Staub,1979,"N,Montreal,Expos"
tamaj101,Tamargo,John,B,R,MON,C,John Tamargo,1979,"N,Montreal,Expos"
valee001,Valentine,Ellis,R,R,MON,OF,Ellis Valentine,1979,"N,Montreal,Expos"
whitj001,White,Jerry,B,R,MON,OF,Jerry White,1979,"N,Montreal,Expos"
andem101,Anderson,Mike,R,R,PHI,OF,Mike Anderson,1979,"N,Philadelphia,Phillies"
avilr101,Aviles,Ramon,R,R,PHI,2B,Ramon Aviles,1979,"N,Philadelphia,Phillies"
birdd101,Bird,Doug,R,R,PHI,P,Doug Bird,1979,"N,Philadelphia,Phillies"
boonb001,Boone,Bob,R,R,PHI,C,Bob Boone,1979,"N,Philadelphia,Phillies"
bowal001,Bowa,Larry,B,R,PHI,SS,Larry Bowa,1979,"N,Philadelphia,Phillies"
brusw001,Brusstar,Warren,R,R,PHI,P,Warren Brusstar,1979,"N,Philadelphia,Phillies"
cardj101,Cardenal,Jose,R,R,PHI,OF,Jose Cardenal,1979,"N,Philadelphia,Phillies"
carls001,Carlton,Steve,L,L,PHI,P,Steve Carlton,1979,"N,Philadelphia,Phillies"
chril101,Christenson,Larry,R,R,PHI,P,Larry Christenson,1979,"N,Philadelphia,Phillies"
eastr101,Eastwick,Rawly,R,R,PHI,P,Rawly Eastwick,1979,"N,Philadelphia,Phillies"
espin101,Espinosa,Nino,R,R,PHI,P,Nino Espinosa,1979,"N,Philadelphia,Phillies"
grosg001,Gross,Greg,L,L,PHI,OF,Greg Gross,1979,"N,Philadelphia,Phillies"
harrb101,Harrelson,Bud,B,R,PHI,2B,Bud Harrelson,1979,"N,Philadelphia,Phillies"
kaatj101,Kaat,Jim,L,L,PHI,P,Jim Kaat,1979,"N,Philadelphia,Phillies"
kucej101,Kucek,Jack,R,R,PHI,P,Jack Kucek,1979,"N,Philadelphia,Phillies"
larsd101,Larson,Dan,R,R,PHI,P,Dan Larson,1979,"N,Philadelphia,Phillies"
lercr001,Lerch,Randy,L,L,PHI,P,Randy Lerch,1979,"N,Philadelphia,Phillies"
lonbj101,Lonborg,Jim,R,R,PHI,P,Jim Lonborg,1979,"N,Philadelphia,Phillies"
luzig001,Luzinski,Greg,R,R,PHI,OF,Greg Luzinski,1979,"N,Philadelphia,Phillies"
mackp101,Mackanin,Pete,R,R,PHI,2B,Pete Mackanin,1979,"N,Philadelphia,Phillies"
maddg001,Maddox,Garry,R,R,PHI,OF,Garry Maddox,1979,"N,Philadelphia,Phillies"
mcbrb101,McBride,Bake,L,R,PHI,OF,Bake McBride,1979,"N,Philadelphia,Phillies"
mccat101,McCarver,Tim,L,R,PHI,C,Tim McCarver,1979,"N,Philadelphia,Phillies"
mcgrt001,McGraw,Tug,R,L,PHI,P,Tug McGraw,1979,"N,Philadelphia,Phillies"
meolr101,Meoli,Rudy,L,R,PHI,SS,Rudy Meoli,1979,"N,Philadelphia,Phillies"
morek001,Moreland,Keith,R,R,PHI,C,Keith Moreland,1979,"N,Philadelphia,Phillies"
noled001,Noles,Dickie,R,R,PHI,P,Dickie Noles,1979,"N,Philadelphia,Phillies"
poffj101,Poff,John,L,L,PHI,OF,John Poff,1979,"N,Philadelphia,Phillies"
raded101,Rader,Dave,L,R,PHI,C,Dave Rader,1979,"N,Philadelphia,Phillies"
reedr001,Reed,Ron,R,R,PHI,P,Ron Reed,1979,"N,Philadelphia,Phillies"
rosep001,Rose,Pete,B,R,PHI,1B,Pete Rose,1979,"N,Philadelphia,Phillies"
ruthd001,Ruthven,Dick,R,R,PHI,P,Dick Ruthven,1979,"N,Philadelphia,Phillies"
sauck101,Saucier,Kevin,L,L,PHI,P,Kevin Saucier,1979,"N,Philadelphia,Phillies"
schmm001,Schmidt,Mike,R,R,PHI,3B,Mike Schmidt,1979,"N,Philadelphia,Phillies"
smitl002,Smith,Lonnie,R,R,PHI,OF,Lonnie Smith,1979,"N,Philadelphia,Phillies"
trilm001,Trillo,Manny,R,R,PHI,2B,Manny Trillo,1979,"N,Philadelphia,Phillies"
unsed101,Unser,Del,L,L,PHI,OF,Del Unser,1979,"N,Philadelphia,Phillies"
vukoj101,Vukovich,John,R,R,PHI,3B,John Vukovich,1979,"N,Philadelphia,Phillies"
ayalb001,Ayala,Benny,R,R,BAL,OF,Benny Ayala,1979,"A,Baltimore,Orioles"
belam101,Belanger,Mark,R,R,BAL,SS,Mark Belanger,1979,"A,Baltimore,Orioles"
bumba001,Bumbry,Al,L,R,BAL,OF,Al Bumbry,1979,"A,Baltimore,Orioles"
chist101,Chism,Tom,L,L,BAL,1B,Tom Chism,1979,"A,Baltimore,Orioles"
corem101,Corey,Mark,R,R,BAL,OF,Mark Corey,1979,"A,Baltimore,Orioles"
crowt101,Crowley,Terry,L,L,BAL,DH,Terry Crowley,1979,"A,Baltimore,Orioles"
dauer001,Dauer,Rich,R,R,BAL,2B,Rich Dauer,1979,"A,Baltimore,Orioles"
decid001,DeCinces,Doug,R,R,BAL,3B,Doug DeCinces,1979,"A,Baltimore,Orioles"
dempr001,Dempsey,Rick,R,R,BAL,C,Rick Dempsey,1979,"A,Baltimore,Orioles"
flanm001,Flanagan,Mike,L,L,BAL,P,Mike Flanagan,1979,"A,Baltimore,Orioles"
flinj101,Flinn,John,R,R,BAL,P,John Flinn,1979,"A,Baltimore,Orioles"
fordd101,Ford,Dave,R,R,BAL,P,Dave Ford,1979,"A,Baltimore,Orioles"
garck001,Garcia,Kiko,R,R,BAL,SS,Kiko Garcia,1979,"A,Baltimore,Orioles"
harll101,Harlow,Larry,L,L,BAL,OF,Larry Harlow,1979,"A,Baltimore,Orioles"
hende103,Hendricks,Elrod,L,R,BAL,C,Elrod Hendricks,1979,"A,Baltimore,Orioles"
kellp101,Kelly,Pat,L,L,BAL,OF,Pat Kelly,1979,"A,Baltimore,Orioles"
krenw001,Krenchicki,Wayne,L,R,BAL,3B,Wayne Krenchicki,1979,"A,Baltimore,Orioles"
lowej001,Lowenstein,John,L,R,BAL,OF,John Lowenstein,1979,"A,Baltimore,Orioles"
martd001,Martinez,Dennis,R,R,BAL,P,Dennis Martinez,1979,"A,Baltimore,Orioles"
martt001,Martinez,Tippy,L,L,BAL,P,Tippy Martinez,1979,"A,Baltimore,Orioles"
may-l101,May,Lee,R,R,BAL,DH,Lee May,1979,"A,Baltimore,Orioles"
mcgrs001,McGregor,Scott,B,L,BAL,P,Scott McGregor,1979,"A,Baltimore,Orioles"
molib101,Molinaro,Bob,L,R,BAL,OF,Bob Molinaro,1979,"A,Baltimore,Orioles"
murre001,Murray,Eddie,B,R,BAL,1B,Eddie Murray,1979,"A,Baltimore,Orioles"
palmj001,Palmer,Jim,R,R,BAL,P,Jim Palmer,1979,"A,Baltimore,Orioles"
rinej101,Rineer,Jeff,L,L,BAL,P,Jeff Rineer,1979,"A,Baltimore,Orioles"
roeng001,Roenicke,Gary,R,R,BAL,OF,Gary Roenicke,1979,"A,Baltimore,Orioles"
singk001,Singleton,Ken,B,R,BAL,OF,Ken Singleton,1979,"A,Baltimore,Orioles"
skagd101,Skaggs,Dave,R,R,BAL,C,Dave Skaggs,1979,"A,Baltimore,Orioles"
smitb101,Smith,Billy,B,R,BAL,2B,Billy Smith,1979,"A,Baltimore,Orioles"
stand101,Stanhouse,Don,R,R,BAL,P,Don Stanhouse,1979,"A,Baltimore,Orioles"
stews001,Stewart,Sammy,R,R,BAL,P,Sammy Stewart,1979,"A,Baltimore,Orioles"
stodt001,Stoddard,Tim,R,R,BAL,P,Tim Stoddard,1979,"A,Baltimore,Orioles"
stons101,Stone,Steve,R,R,BAL,P,Steve Stone,1979,"A,Baltimore,Orioles"
almob001,Almon,Bill,R,R,SDN,2B,Bill Almon,1979,"N,San Diego,Padres"
bevak001,Bevacqua,Kurt,R,R,SDN,3B,Kurt Bevacqua,1979,"N,San Diego,Padres"
brigd101,Briggs,Dan,L,L,SDN,1B,Dan Briggs,1979,"N,San Diego,Padres"
dacqj101,D'Acquisto,John,R,R,SDN,P,John D'Acquisto,1979,"N,San Diego,Padres"
dadep101,Dade,Paul,R,R,SDN,3B,Paul Dade,1979,"N,San Diego,Padres"
eichj001,Eichelberger,Juan,R,R,SDN,P,Juan Eichelberger,1979,"N,San Diego,Padres"
evanb101,Evans,Barry,R,R,SDN,3B,Barry Evans,1979,"N,San Diego,Padres"
faheb101,Fahey,Bill,L,R,SDN,C,Bill Fahey,1979,"N,San Diego,Padres"
fingr001,Fingers,Rollie,R,R,SDN,P,Rollie Fingers,1979,"N,San Diego,Padres"
flant001,Flannery,Tim,L,R,SDN,2B,Tim Flannery,1979,"N,San Diego,Padres"
gonzf101,Gonzalez,Fernando,R,R,SDN,2B,Fernando Gonzalez,1979,"N,San Diego,Padres"
greeb101,Greer,Brian,R,R,SDN,OF,Brian Greer,1979,"N,San Diego,Padres"
hargm001,Hargrove,Mike,L,L,SDN,1B,Mike Hargrove,1979,"N,San Diego,Padres"
johnj002,Johnstone,Jay,L,R,SDN,OF,Jay Johnstone,1979,"N,San Diego,Padres"
joner101,Jones,Randy,R,L,SDN,P,Randy Jones,1979,"N,San Diego,Padres"
kendf101,Kendall,Fred,R,R,SDN,C,Fred Kendall,1979,"N,San Diego,Padres"
kinnd101,Kinney,Dennis,L,L,SDN,P,Dennis Kinney,1979,"N,San Diego,Padres"
lee-m101,Lee,Mark,R,R,SDN,P,Mark Lee,1979,"N,San Diego,Padres"
lolim101,Lolich,Mickey,B,L,SDN,P,Mickey Lolich,1979,"N,San Diego,Padres"
muras001,Mura,Steve,R,R,SDN,P,Steve Mura,1979,"N,San Diego,Padres"
owchb001,Owchinko,Bob,L,L,SDN,P,Bob Owchinko,1979,"N,San Diego,Padres"
perkb001,Perkins,Broderick,L,L,SDN,1B,Broderick Perkins,1979,"N,San Diego,Padres"
perls101,Perlozzo,Sam,R,R,SDN,2B,Sam Perlozzo,1979,"N,San Diego,Padres"
perrg101,Perry,Gaylord,R,R,SDN,P,Gaylord Perry,1979,"N,San Diego,Padres"
rasme101,Rasmussen,Eric,R,R,SDN,P,Eric Rasmussen,1979,"N,San Diego,Padres"
reynd101,Reynolds,Don,R,R,SDN,OF,Don Reynolds,1979,"N,San Diego,Padres"
richg001,Richards,Gene,L,L,SDN,OF,Gene Richards,1979,"N,San Diego,Padres"
shirb001,Shirley,Bob,R,L,SDN,P,Bob Shirley,1979,"N,San Diego,Padres"
smito001,Smith,Ozzie,B,R,SDN,SS,Ozzie Smith,1979,"N,San Diego,Padres"
tellt001,Tellmann,Tom,R,R,SDN,P,Tom Tellmann,1979,"N,San Diego,Padres"
tenag101,Tenace,Gene,R,R,SDN,C,Gene Tenace,1979,"N,San Diego,Padres"
tolab101,Tolan,Bobby,L,L,SDN,1B,Bobby Tolan,1979,"N,San Diego,Padres"
turnj101,Turner,Jerry,L,L,SDN,OF,Jerry Turner,1979,"N,San Diego,Padres"
wilhj102,Wilhelm,Jim,R,R,SDN,OF,Jim Wilhelm,1979,"N,San Diego,Padres"
winfd001,Winfield,Dave,R,R,SDN,OF,Dave Winfield,1979,"N,San Diego,Padres"
alexm101,Alexander,Matt,B,R,PIT,OF,Matt Alexander,1979,"N,Pittsburgh,Pirates"
berrd001,Berra,Dale,R,R,PIT,3B,Dale Berra,1979,"N,Pittsburgh,Pirates"
bibbj001,Bibby,Jim,R,R,PIT,P,Jim Bibby,1979,"N,Pittsburgh,Pirates"
blylb001,Blyleven,Bert,R,R,PIT,P,Bert Blyleven,1979,"N,Pittsburgh,Pirates"
boyld101,Boyland,Doe,L,L,PIT,PH,Doe Boyland,1979,"N,Pittsburgh,Pirates"
candj001,Candelaria,John,L,L,PIT,P,John Candelaria,1979,"N,Pittsburgh,Pirates"
colej102,Coleman,Joe,R,R,PIT,P,Joe Coleman,1979,"N,Pittsburgh,Pirates"
easlm001,Easler,Mike,L,R,PIT,OF,Mike Easler,1979,"N,Pittsburgh,Pirates"
ellid101,Ellis,Dock,B,R,PIT,P,Dock Ellis,1979,"N,Pittsburgh,Pirates"
folit001,Foli,Tim,R,R,PIT,SS,Tim Foli,1979,"N,Pittsburgh,Pirates"
garnp001,Garner,Phil,R,R,PIT,2B,Phil Garner,1979,"N,Pittsburgh,Pirates"
hargg101,Hargis,Gary,R,R,PIT,PR,Gary Hargis,1979,"N,Pittsburgh,Pirates"
jackg101,Jackson,Grant,B,L,PIT,P,Grant Jackson,1979,"N,Pittsburgh,Pirates"
kisob001,Kison,Bruce,R,R,PIT,P,Bruce Kison,1979,"N,Pittsburgh,Pirates"
lacyl001,Lacy,Lee,R,R,PIT,OF,Lee Lacy,1979,"N,Pittsburgh,Pirates"
loisa101,Lois,Alberto,R,R,PIT,PR,Alberto Lois,1979,"N,Pittsburgh,Pirates"
madlb001,Madlock,Bill,R,R,PIT,3B,Bill Madlock,1979,"N,Pittsburgh,Pirates"
milnj101,Milner,John,L,L,PIT,OF,John Milner,1979,"N,Pittsburgh,Pirates"
moreo001,Moreno,Omar,L,L,PIT,OF,Omar Moreno,1979,"N,Pittsburgh,Pirates"
nicos001,Nicosia,Steve,R,R,PIT,C,Steve Nicosia,1979,"N,Pittsburgh,Pirates"
ott-e101,Ott,Ed,L,R,PIT,C,Ed Ott,1979,"N,Pittsburgh,Pirates"
parkd001,Parker,Dave,L,R,PIT,OF,Dave Parker,1979,"N,Pittsburgh,Pirates"
rhodr001,Rhoden,Rick,R,R,PIT,P,Rick Rhoden,1979,"N,Pittsburgh,Pirates"
robed101,Roberts,Dave,L,L,PIT,P,Dave Roberts,1979,"N,Pittsburgh,Pirates"
robib101,Robinson,Bill,R,R,PIT,OF,Bill Robinson,1979,"N,Pittsburgh,Pirates"
robid001,Robinson,Don,R,R,PIT,P,Don Robinson,1979,"N,Pittsburgh,Pirates"
romoe101,Romo,Enrique,R,R,PIT,P,Enrique Romo,1979,"N,Pittsburgh,Pirates"
rookj101,Rooker,Jim,R,L,PIT,P,Jim Rooker,1979,"N,Pittsburgh,Pirates"
sangm101,Sanguillen,Manny,R,R,PIT,C,Manny Sanguillen,1979,"N,Pittsburgh,Pirates"
starw101,Stargell,Willie,L,L,PIT,1B,Willie Stargell,1979,"N,Pittsburgh,Pirates"
stenr101,Stennett,Rennie,R,R,PIT,2B,Rennie Stennett,1979,"N,Pittsburgh,Pirates"
tavef101,Taveras,Frank,R,R,PIT,SS,Frank Taveras,1979,"N,Pittsburgh,Pirates"
tekuk001,Tekulve,Kent,R,R,PIT,P,Kent Tekulve,1979,"N,Pittsburgh,Pirates"
white001,Whitson,Ed,R,R,PIT,P,Ed Whitson,1979,"N,Pittsburgh,Pirates"
allen001,Allen,Neil,R,R,NYN,P,Neil Allen,1979,"N,New York,Mets"
berej001,Berenguer,Juan,R,R,NYN,P,Juan Berenguer,1979,"N,New York,Mets"
bernd101,Bernard,Dwight,R,R,NYN,P,Dwight Bernard,1979,"N,New York,Mets"
boisb101,Boisclair,Bruce,L,L,NYN,OF,Bruce Boisclair,1979,"N,New York,Mets"
burrr001,Burris,Ray,R,R,NYN,P,Ray Burris,1979,"N,New York,Mets"
cardj101,Cardenal,Jose,R,R,NYN,OF,Jose Cardenal,1979,"N,New York,Mets"
chapk001,Chapman,Kelvin,R,R,NYN,2B,Kelvin Chapman,1979,"N,New York,Mets"
ellid101,Ellis,Dock,B,R,NYN,P,Dock Ellis,1979,"N,New York,Mets"
falcp001,Falcone,Pete,L,L,NYN,P,Pete Falcone,1979,"N,New York,Mets"
ferrs101,Ferrer,Sergio,B,R,NYN,3B,Sergio Ferrer,1979,"N,New York,Mets"
florg101,Flores,Gil,R,R,NYN,OF,Gil Flores,1979,"N,New York,Mets"
flynd001,Flynn,Doug,R,R,NYN,2B,Doug Flynn,1979,"N,New York,Mets"
folit001,Foli,Tim,R,R,NYN,SS,Tim Foli,1979,"N,New York,Mets"
glyne001,Glynn,Ed,R,L,NYN,P,Ed Glynn,1979,"N,New York,Mets"
hassa001,Hassler,Andy,L,L,NYN,P,Andy Hassler,1979,"N,New York,Mets"
haust101,Hausman,Tom,R,R,NYN,P,Tom Hausman,1979,"N,New York,Mets"
hebnr001,Hebner,Richie,L,R,NYN,3B,Richie Hebner,1979,"N,New York,Mets"
hends001,Henderson,Steve,R,R,NYN,OF,Steve Henderson,1979,"N,New York,Mets"
hodgr001,Hodges,Ron,L,R,NYN,C,Ron Hodges,1979,"N,New York,Mets"
jackr003,Jackson,Roy Lee,R,R,NYN,P,Roy Lee Jackson,1979,"N,New York,Mets"
kobek101,Kobel,Kevin,R,L,NYN,P,Kevin Kobel,1979,"N,New York,Mets"
krane101,Kranepool,Ed,L,L,NYN,1B,Ed Kranepool,1979,"N,New York,Mets"
locks101,Lockwood,Skip,R,R,NYN,P,Skip Lockwood,1979,"N,New York,Mets"
madde101,Maddox,Elliott,R,R,NYN,OF,Elliott Maddox,1979,"N,New York,Mets"
mazzl001,Mazzilli,Lee,B,R,NYN,OF,Lee Mazzilli,1979,"N,New York,Mets"
montw101,Montanez,Willie,L,L,NYN,1B,Willie Montanez,1979,"N,New York,Mets"
murrd001,Murray,Dale,R,R,NYN,P,Dale Murray,1979,"N,New York,Mets"
normd101,Norman,Dan,R,R,NYN,OF,Dan Norman,1979,"N,New York,Mets"
orosj001,Orosco,Jesse,R,L,NYN,P,Jesse Orosco,1979,"N,New York,Mets"
pacej001,Pacella,John,R,R,NYN,P,John Pacella,1979,"N,New York,Mets"
rearj001,Reardon,Jeff,R,R,NYN,P,Jeff Reardon,1979,"N,New York,Mets"
scotm001,Scott,Mike,R,R,NYN,P,Mike Scott,1979,"N,New York,Mets"
steaj001,Stearns,John,R,R,NYN,C,John Stearns,1979,"N,New York,Mets"
swanc001,Swan,Craig,R,R,NYN,P,Craig Swan,1979,"N,New York,Mets"
tavef101,Taveras,Frank,R,R,NYN,SS,Frank Taveras,1979,"N,New York,Mets"
treva001,Trevino,Alex,R,R,NYN,C,Alex Trevino,1979,"N,New York,Mets"
twitw101,Twitchell,Wayne,R,R,NYN,P,Wayne Twitchell,1979,"N,New York,Mets"
younj001,Youngblood,Joel,R,R,NYN,OF,Joel Youngblood,1979,"N,New York,Mets"
zachp001,Zachry,Pat,R,R,NYN,P,Pat Zachry,1979,"N,New York,Mets"
aingd101,Ainge,Danny,R,R,TOR,2B,Danny Ainge,1979,"A,Toronto,Blue Jays"
bailb001,Bailor,Bob,R,R,TOR,OF,Bob Bailor,1979,"A,Toronto,Blue Jays"
boser101,Bosetti,Rick,R,R,TOR,OF,Rick Bosetti,1979,"A,Toronto,Blue Jays"
browb001,Brown,Bobby,B,R,TOR,OF,Bobby Brown,1979,"A,Toronto,Blue Jays"
buskt101,Buskey,Tom,R,R,TOR,P,Tom Buskey,1979,"A,Toronto,Blue Jays"
cannj101,Cannon,Joe,L,R,TOR,OF,Joe Cannon,1979,"A,Toronto,Blue Jays"
cartr101,Carty,Rico,R,R,TOR,DH,Rico Carty,1979,"A,Toronto,Blue Jays"
ceror001,Cerone,Rick,R,R,TOR,C,Rick Cerone,1979,"A,Toronto,Blue Jays"
clanj001,Clancy,Jim,R,R,TOR,P,Jim Clancy,1979,"A,Toronto,Blue Jays"
davib101,Davis,Bob,R,R,TOR,C,Bob Davis,1979,"A,Toronto,Blue Jays"
edgeb102,Edge,Butch,R,R,TOR,P,Butch Edge,1979,"A,Toronto,Blue Jays"
freid101,Freisleben,Dave,R,R,TOR,P,Dave Freisleben,1979,"A,Toronto,Blue Jays"
garvj101,Garvin,Jerry,L,L,TOR,P,Jerry Garvin,1979,"A,Toronto,Blue Jays"
gomel101,Gomez,Luis,R,R,TOR,3B,Luis Gomez,1979,"A,Toronto,Blue Jays"
grifa001,Griffin,Alfredo,B,R,TOR,SS,Alfredo Griffin,1979,"A,Toronto,Blue Jays"
grils101,Grilli,Steve,R,R,TOR,P,Steve Grilli,1979,"A,Toronto,Blue Jays"
hernp101,Hernandez,Pedro,R,R,TOR,DH,Pedro Hernandez,1979,"A,Toronto,Blue Jays"
hower001,Howell,Roy,L,R,TOR,3B,Roy Howell,1979,"A,Toronto,Blue Jays"
huffp001,Huffman,Phil,R,R,TOR,P,Phil Huffman,1979,"A,Toronto,Blue Jays"
jeffj101,Jefferson,Jesse,R,R,TOR,P,Jesse Jefferson,1979,"A,Toronto,Blue Jays"
johnt102,Johnson,Tim,L,R,TOR,2B,Tim Johnson,1979,"A,Toronto,Blue Jays"
kusic101,Kusick,Craig,R,R,TOR,1B,Craig Kusick,1979,"A,Toronto,Blue Jays"
lemad101,Lemanczyk,Dave,R,R,TOR,P,Dave Lemanczyk,1979,"A,Toronto,Blue Jays"
lemom101,Lemongello,Mark,R,R,TOR,P,Mark Lemongello,1979,"A,Toronto,Blue Jays"
luebs101,Luebber,Steve,R,R,TOR,P,Steve Luebber,1979,"A,Toronto,Blue Jays"
maybj101,Mayberry,John,L,L,TOR,1B,John Mayberry,1979,"A,Toronto,Blue Jays"
mckad101,McKay,Dave,B,R,TOR,2B,Dave McKay,1979,"A,Toronto,Blue Jays"
milld101,Miller,Dyar,R,R,TOR,P,Dyar Miller,1979,"A,Toronto,Blue Jays"
moorb101,Moore,Balor,L,L,TOR,P,Balor Moore,1979,"A,Toronto,Blue Jays"
murpt101,Murphy,Tom,R,R,TOR,P,Tom Murphy,1979,"A,Toronto,Blue Jays"
robeb101,Robertson,Bob,R,R,TOR,1B,Bob Robertson,1979,"A,Toronto,Blue Jays"
solat101,Solaita,Tony,L,L,TOR,DH,Tony Solaita,1979,"A,Toronto,Blue Jays"
stied001,Stieb,Dave,R,R,TOR,P,Dave Stieb,1979,"A,Toronto,Blue Jays"
toddj101,Todd,Jackson,R,R,TOR,P,Jackson Todd,1979,"A,Toronto,Blue Jays"
undet001,Underwood,Tom,R,L,TOR,P,Tom Underwood,1979,"A,Toronto,Blue Jays"
veleo101,Velez,Otto,R,R,TOR,OF,Otto Velez,1979,"A,Toronto,Blue Jays"
wilbt101,Wilborn,Ted,B,R,TOR,OF,Ted Wilborn,1979,"A,Toronto,Blue Jays"
willm101,Willis,Mike,L,L,TOR,P,Mike Willis,1979,"A,Toronto,Blue Jays"
wooda001,Woods,Al,L,L,TOR,OF,Al Woods,1979,"A,Toronto,Blue Jays"
aased001,Aase,Don,R,R,CAL,P,Don Aase,1979,"A,California,Angels"
aikew001,Aikens,Willie,L,R,CAL,1B,Willie Aikens,1979,"A,California,Angels"
andej001,Anderson,Jim,R,R,CAL,SS,Jim Anderson,1979,"A,California,Angels"
barlm101,Barlow,Mike,L,R,CAL,P,Mike Barlow,1979,"A,California,Angels"
barrj101,Barr,Jim,R,R,CAL,P,Jim Barr,1979,"A,California,Angels"
bayld001,Baylor,Don,R,R,CAL,OF,Don Baylor,1979,"A,California,Angels"
bottr101,Botting,Ralph,L,L,CAL,P,Ralph Botting,1979,"A,California,Angels"
campb101,Campaneris,Bert,R,R,CAL,SS,Bert Campaneris,1979,"A,California,Angels"
carer001,Carew,Rod,L,R,CAL,1B,Rod Carew,1979,"A,California,Angels"
clarb002,Clark,Bobby,R,R,CAL,OF,Bobby Clark,1979,"A,California,Angels"
cleam001,Clear,Mark,R,R,CAL,P,Mark Clear,1979,"A,California,Angels"
daviw102,Davis,Willie,L,L,CAL,OF,Willie Davis,1979,"A,California,Angels"
donot101,Donohue,Tom,R,R,CAL,C,Tom Donohue,1979,"A,California,Angels"
downb001,Downing,Brian,R,R,CAL,C,Brian Downing,1979,"A,California,Angels"
eddys101,Eddy,Steve,R,R,CAL,P,Steve Eddy,1979,"A,California,Angels"
ferrb101,Ferris,Bob,R,R,CAL,P,Bob Ferris,1979,"A,California,Angels"
fordd001,Ford,Dan,R,R,CAL,OF,Dan Ford,1979,"A,California,Angels"
frosd101,Frost,Dave,R,R,CAL,P,Dave Frost,1979,"A,California,Angels"
garrr101,Garr,Ralph,L,R,CAL,DH,Ralph Garr,1979,"A,California,Angels"
gricb001,Grich,Bobby,R,R,CAL,2B,Bobby Grich,1979,"A,California,Angels"
hampi101,Hampton,Ike,B,R,CAL,1B,Ike Hampton,1979,"A,California,Angels"
harll101,Harlow,Larry,L,L,CAL,OF,Larry Harlow,1979,"A,California,Angels"
harpb001,Harper,Brian,R,R,CAL,DH,Brian Harper,1979,"A,California,Angels"
harrj101,Harris,John,L,L,CAL,1B,John Harris,1979,"A,California,Angels"
humpt101,Humphrey,Terry,R,R,CAL,C,Terry Humphrey,1979,"A,California,Angels"
knapc101,Knapp,Chris,R,R,CAL,P,Chris Knapp,1979,"A,California,Angels"
lansc001,Lansford,Carney,R,R,CAL,3B,Carney Lansford,1979,"A,California,Angels"
larod101,LaRoche,Dave,L,L,CAL,P,Dave LaRoche,1979,"A,California,Angels"
milld101,Miller,Dyar,R,R,CAL,P,Dyar Miller,1979,"A,California,Angels"
millr001,Miller,Rick,L,L,CAL,OF,Rick Miller,1979,"A,California,Angels"
montj101,Montague,John,R,R,CAL,P,John Montague,1979,"A,California,Angels"
mullr001,Mulliniks,Rance,L,R,CAL,SS,Rance Mulliniks,1979,"A,California,Angels"
ramio101,Ramirez,Orlando,R,R,CAL,SS,Orlando Ramirez,1979,"A,California,Angels"
rettm101,Rettenmund,Merv,R,R,CAL,DH,Merv Rettenmund,1979,"A,California,Angels"
rudij101,Rudi,Joe,R,R,CAL,OF,Joe Rudi,1979,"A,California,Angels"
ryann001,Ryan,Nolan,R,R,CAL,P,Nolan Ryan,1979,"A,California,Angels"
schud002,Schuler,Dave,R,L,CAL,P,Dave Schuler,1979,"A,California,Angels"
tanaf001,Tanana,Frank,L,L,CAL,P,Frank Tanana,1979,"A,California,Angels"
thond001,Thon,Dickie,R,R,CAL,2B,Dickie Thon,1979,"A,California,Angels"
alouj101,Alou,Jesus,R,R,HOU,OF,Jesus Alou,1979,"N,Houston,Astros"
anduj001,Andujar,Joaquin,B,R,HOU,P,Joaquin Andujar,1979,"N,Houston,Astros"
ashba001,Ashby,Alan,B,R,HOU,C,Alan Ashby,1979,"N,Houston,Astros"
baldr102,Baldwin,Reggie,R,R,HOU,C,Reggie Baldwin,1979,"N,Houston,Astros"
bergd001,Bergman,Dave,L,L,HOU,1B,Dave Bergman,1979,"N,Houston,Astros"
bochb002,Bochy,Bruce,R,R,HOU,C,Bruce Bochy,1979,"N,Houston,Astros"
cabee001,Cabell,Enos,R,R,HOU,3B,Enos Cabell,1979,"N,Houston,Astros"
cedec001,Cedeno,Cesar,R,R,HOU,1B,Cesar Cedeno,1979,"N,Houston,Astros"
cruzj001,Cruz,Jose,L,L,HOU,OF,Jose Cruz,1979,"N,Houston,Astros"
dixot101,Dixon,Tom,R,R,HOU,P,Tom Dixon,1979,"N,Houston,Astros"
forsk001,Forsch,Ken,R,R,HOU,P,Ken Forsch,1979,"N,Houston,Astros"
gonzj101,Gonzalez,Julio,R,R,HOU,2B,Julio Gonzalez,1979,"N,Houston,Astros"
heepd001,Heep,Danny,L,L,HOU,OF,Danny Heep,1979,"N,Houston,Astros"
howea001,Howe,Art,R,R,HOU,2B,Art Howe,1979,"N,Houston,Astros"
knica001,Knicely,Alan,R,R,HOU,C,Alan Knicely,1979,"N,Houston,Astros"
lacof001,LaCorte,Frank,R,R,HOU,P,Frank LaCorte,1979,"N,Houston,Astros"
laddp001,Ladd,Pete,R,R,HOU,P,Pete Ladd,1979,"N,Houston,Astros"
landr001,Landestoy,Rafael,B,R,HOU,2B,Rafael Landestoy,1979,"N,Houston,Astros"
leonj001,Leonard,Jeffrey,R,R,HOU,OF,Jeffrey Leonard,1979,"N,Houston,Astros"
mclab101,McLaughlin,Bo,R,R,HOU,P,Bo McLaughlin,1979,"N,Houston,Astros"
mendm102,Mendoza,Mike,R,R,HOU,P,Mike Mendoza,1979,"N,Houston,Astros"
niekj001,Niekro,Joe,R,R,HOU,P,Joe Niekro,1979,"N,Houston,Astros"
niemr001,Niemann,Randy,L,L,HOU,P,Randy Niemann,1979,"N,Houston,Astros"
pladg101,Pladson,Gordie,R,R,HOU,P,Gordie Pladson,1979,"N,Houston,Astros"
puhlt001,Puhl,Terry,L,R,HOU,OF,Terry Puhl,1979,"N,Houston,Astros"
pujol001,Pujols,Luis,R,R,HOU,C,Luis Pujols,1979,"N,Houston,Astros"
reync001,Reynolds,Craig,L,R,HOU,SS,Craig Reynolds,1979,"N,Houston,Astros"
riccf101,Riccelli,Frank,L,L,HOU,P,Frank Riccelli,1979,"N,Houston,Astros"
richj101,Richard,J.R.,R,R,HOU,P,J.R. Richard,1979,"N,Houston,Astros"
robeb001,Roberge,Bert,R,R,HOU,P,Bert Roberge,1979,"N,Houston,Astros"
ruhlv001,Ruhle,Vern,R,R,HOU,P,Vern Ruhle,1979,"N,Houston,Astros"
sambj001,Sambito,Joe,L,L,HOU,P,Joe Sambito,1979,"N,Houston,Astros"
sextj101,Sexton,Jimmy,R,R,HOU,SS,Jimmy Sexton,1979,"N,Houston,Astros"
sprob101,Sprowl,Bobby,L,L,HOU,P,Bobby Sprowl,1979,"N,Houston,Astros"
throg101,Throop,George,R,R,HOU,P,George Throop,1979,"N,Houston,Astros"
walld001,Walling,Denny,L,R,HOU,OF,Denny Walling,1979,"N,Houston,Astros"
watsb001,Watson,Bob,R,R,HOU,1B,Bob Watson,1979,"N,Houston,Astros"
wiedt101,Wiedenbauer,Tom,R,R,HOU,OF,Tom Wiedenbauer,1979,"N,Houston,Astros"
willr101,Williams,Rick,R,R,HOU,P,Rick Williams,1979,"N,Houston,Astros"
wilsg104,Wilson,Gary,R,R,HOU,P,Gary Wilson,1979,"N,Houston,Astros"
adamg101,Adams,Glenn,L,R,MIN,DH,Glenn Adams,1979,"A,Minnesota,Twins"
bacsm101,Bacsik,Mike,R,R,MIN,P,Mike Bacsik,1979,"A,Minnesota,Twins"
borgg101,Borgmann,Glenn,R,R,MIN,C,Glenn Borgmann,1979,"A,Minnesota,Twins"
bretk101,Brett,Ken,L,L,MIN,P,Ken Brett,1979,"A,Minnesota,Twins"
castj001,Castino,John,R,R,MIN,3B,John Castino,1979,"A,Minnesota,Twins"
cubbm101,Cubbage,Mike,L,R,MIN,3B,Mike Cubbage,1979,"A,Minnesota,Twins"
edwad101,Edwards,Dave,R,R,MIN,OF,Dave Edwards,1979,"A,Minnesota,Twins"
ericr101,Erickson,Roger,R,R,MIN,P,Roger Erickson,1979,"A,Minnesota,Twins"
feltt101,Felton,Terry,R,R,MIN,P,Terry Felton,1979,"A,Minnesota,Twins"
goltd101,Goltz,Dave,R,R,MIN,P,Dave Goltz,1979,"A,Minnesota,Twins"
goodd101,Goodwin,Danny,L,R,MIN,DH,Danny Goodwin,1979,"A,Minnesota,Twins"
grahd101,Graham,Dan,L,R,MIN,DH,Dan Graham,1979,"A,Minnesota,Twins"
hartp001,Hartzell,Paul,R,R,MIN,P,Paul Hartzell,1979,"A,Minnesota,Twins"
hollj102,Holly,Jeff,L,L,MIN,P,Jeff Holly,1979,"A,Minnesota,Twins"
jackd101,Jackson,Darrell,B,L,MIN,P,Darrell Jackson,1979,"A,Minnesota,Twins"
jackr002,Jackson,Ron,R,R,MIN,1B,Ron Jackson,1979,"A,Minnesota,Twins"
koosj001,Koosman,Jerry,R,L,MIN,P,Jerry Koosman,1979,"A,Minnesota,Twins"
kusic101,Kusick,Craig,R,R,MIN,DH,Craig Kusick,1979,"A,Minnesota,Twins"
landk001,Landreaux,Ken,L,R,MIN,OF,Ken Landreaux,1979,"A,Minnesota,Twins"
marsm101,Marshall,Mike,R,R,MIN,P,Mike Marshall,1979,"A,Minnesota,Twins"
moraj001,Morales,Jose,R,R,MIN,DH,Jose Morales,1979,"A,Minnesota,Twins"
norww101,Norwood,Willie,R,R,MIN,OF,Willie Norwood,1979,"A,Minnesota,Twins"
poweh101,Powell,Hosken,L,L,MIN,OF,Hosken Powell,1979,"A,Minnesota,Twins"
randb101,Randall,Bob,R,R,MIN,2B,Bob Randall,1979,"A,Minnesota,Twins"
redfp101,Redfern,Pete,R,R,MIN,P,Pete Redfern,1979,"A,Minnesota,Twins"
riveb101,Rivera,Bombo,R,R,MIN,OF,Bombo Rivera,1979,"A,Minnesota,Twins"
serug101,Serum,Gary,R,R,MIN,P,Gary Serum,1979,"A,Minnesota,Twins"
smalr001,Smalley,Roy,B,R,MIN,SS,Roy Smalley,1979,"A,Minnesota,Twins"
sofir101,Sofield,Rick,L,R,MIN,OF,Rick Sofield,1979,"A,Minnesota,Twins"
stank101,Stanfield,Kevin,L,L,MIN,P,Kevin Stanfield,1979,"A,Minnesota,Twins"
thorp101,Thormodsgard,Paul,R,R,MIN,P,Paul Thormodsgard,1979,"A,Minnesota,Twins"
vegaj101,Vega,Jesus,R,R,MIN,DH,Jesus Vega,1979,"A,Minnesota,Twins"
wardg001,Ward,Gary,R,R,MIN,OF,Gary Ward,1979,"A,Minnesota,Twins"
wilfr001,Wilfong,Rob,L,R,MIN,2B,Rob Wilfong,1979,"A,Minnesota,Twins"
wyneb001,Wynegar,Butch,B,R,MIN,C,Butch Wynegar,1979,"A,Minnesota,Twins"
zahng001,Zahn,Geoff,L,L,MIN,P,Geoff Zahn,1979,"A,Minnesota,Twins"
abbog001,Abbott,Glenn,R,R,SEA,P,Glenn Abbott,1979,"A,Seattle,Mariners"
bannf001,Bannister,Floyd,L,L,SEA,P,Floyd Bannister,1979,"A,Seattle,Mariners"
beamc101,Beamon,Charlie,L,L,SEA,1B,Charlie Beamon,1979,"A,Seattle,Mariners"
bernj101,Bernhardt,Juan,R,R,SEA,PH,Juan Bernhardt,1979,"A,Seattle,Mariners"
bochb001,Bochte,Bruce,L,L,SEA,1B,Bruce Bochte,1979,"A,Seattle,Mariners"
branr102,Branch,Roy,R,R,SEA,P,Roy Branch,1979,"A,Seattle,Mariners"
cox-l101,Cox,Larry,R,R,SEA,C,Larry Cox,1979,"A,Seattle,Mariners"
crair001,Craig,Rod,B,R,SEA,OF,Rod Craig,1979,"A,Seattle,Mariners"
cruzj002,Cruz,Julio,B,R,SEA,2B,Julio Cruz,1979,"A,Seattle,Mariners"
deckj101,Decker,Joe,R,R,SEA,P,Joe Decker,1979,"A,Seattle,Mariners"
dresr101,Dressler,Rob,R,R,SEA,P,Rob Dressler,1979,"A,Seattle,Mariners"
halej101,Hale,John,L,R,SEA,OF,John Hale,1979,"A,Seattle,Mariners"
hintr101,Hinton,Rich,L,L,SEA,P,Rich Hinton,1979,"A,Seattle,Mariners"
honer001,Honeycutt,Rick,L,L,SEA,P,Rick Honeycutt,1979,"A,Seattle,Mariners"
hortw101,Horton,Willie,R,R,SEA,DH,Willie Horton,1979,"A,Seattle,Mariners"
joneo001,Jones,Odell,R,R,SEA,P,Odell Jones,1979,"A,Seattle,Mariners"
joner002,Jones,Ruppert,L,L,SEA,OF,Ruppert Jones,1979,"A,Seattle,Mariners"
lewij001,Lewis,Jim,R,R,SEA,P,Jim Lewis,1979,"A,Seattle,Mariners"
mclab102,McLaughlin,Byron,R,R,SEA,P,Byron McLaughlin,1979,"A,Seattle,Mariners"
mendm101,Mendoza,Mario,R,R,SEA,SS,Mario Mendoza,1979,"A,Seattle,Mariners"
meyed001,Meyer,Dan,L,R,SEA,3B,Dan Meyer,1979,"A,Seattle,Mariners"
milbl001,Milbourne,Larry,B,R,SEA,SS,Larry Milbourne,1979,"A,Seattle,Mariners"
mitcp101,Mitchell,Paul,R,R,SEA,P,Paul Mitchell,1979,"A,Seattle,Mariners"
montj101,Montague,John,R,R,SEA,P,John Montague,1979,"A,Seattle,Mariners"
pacit001,Paciorek,Tom,R,R,SEA,OF,Tom Paciorek,1979,"A,Seattle,Mariners"
parrm101,Parrott,Mike,R,R,SEA,P,Mike Parrott,1979,"A,Seattle,Mariners"
rawls001,Rawley,Shane,R,L,SEA,P,Shane Rawley,1979,"A,Seattle,Mariners"
robel001,Roberts,Leon,R,R,SEA,OF,Leon Roberts,1979,"A,Seattle,Mariners"
simpj101,Simpson,Joe,L,L,SEA,OF,Joe Simpson,1979,"A,Seattle,Mariners"
steib001,Stein,Bill,R,R,SEA,3B,Bill Stein,1979,"A,Seattle,Mariners"
steir101,Stein,Randy,R,R,SEA,P,Randy Stein,1979,"A,Seattle,Mariners"
stinb101,Stinson,Bob,B,R,SEA,C,Bob Stinson,1979,"A,Seattle,Mariners"
twitw101,Twitchell,Wayne,R,R,SEA,P,Wayne Twitchell,1979,"A,Seattle,Mariners"
valeb102,Valentine,Bobby,R,R,SEA,SS,Bobby Valentine,1979,"A,Seattle,Mariners"
vasqr101,Vasquez,Rafael,R,R,SEA,P,Rafael Vasquez,1979,"A,Seattle,Mariners"
andrr101,Andrews,Rob,R,R,SFN,2B,Rob Andrews,1979,"N,San Francisco,Giants"
bluev001,Blue,Vida,B,L,SFN,P,Vida Blue,1979,"N,San Francisco,Giants"
borbp101,Borbon,Pedro,R,R,SFN,P,Pedro Borbon,1979,"N,San Francisco,Giants"
clarj001,Clark,Jack,R,R,SFN,OF,Jack Clark,1979,"N,San Francisco,Giants"
colej102,Coleman,Joe,R,R,SFN,P,Joe Coleman,1979,"N,San Francisco,Giants"
cruzh101,Cruz,Hector,R,R,SFN,OF,Hector Cruz,1979,"N,San Francisco,Giants"
curtj001,Curtis,John,L,L,SFN,P,John Curtis,1979,"N,San Francisco,Giants"
evand001,Evans,Darrell,L,R,SFN,3B,Darrell Evans,1979,"N,San Francisco,Giants"
grift101,Griffin,Tom,R,R,SFN,P,Tom Griffin,1979,"N,San Francisco,Giants"
halie101,Halicki,Ed,R,R,SFN,P,Ed Halicki,1979,"N,San Francisco,Giants"
hernl001,Herndon,Larry,R,R,SFN,OF,Larry Herndon,1979,"N,San Francisco,Giants"
hillm001,Hill,Marc,R,R,SFN,C,Marc Hill,1979,"N,San Francisco,Giants"
holla001,Holland,Al,R,L,SFN,P,Al Holland,1979,"N,San Francisco,Giants"
iviem101,Ivie,Mike,R,R,SFN,1B,Mike Ivie,1979,"N,San Francisco,Giants"
johng101,Johnston,Greg,L,L,SFN,OF,Greg Johnston,1979,"N,San Francisco,Giants"
kearb001,Kearney,Bob,R,R,SFN,C,Bob Kearney,1979,"N,San Francisco,Giants"
knepb001,Knepper,Bob,L,L,SFN,P,Bob Knepper,1979,"N,San Francisco,Giants"
laveg001,Lavelle,Gary,B,L,SFN,P,Gary Lavelle,1979,"N,San Francisco,Giants"
lemaj001,LeMaster,Johnnie,R,R,SFN,SS,Johnnie LeMaster,1979,"N,San Francisco,Giants"
littd101,Littlejohn,Dennis,R,R,SFN,C,Dennis Littlejohn,1979,"N,San Francisco,Giants"
madlb001,Madlock,Bill,R,R,SFN,2B,Bill Madlock,1979,"N,San Francisco,Giants"
mccow101,McCovey,Willie,L,L,SFN,1B,Willie McCovey,1979,"N,San Francisco,Giants"
metzr101,Metzger,Roger,B,R,SFN,SS,Roger Metzger,1979,"N,San Francisco,Giants"
mintg001,Minton,Greg,B,R,SFN,P,Greg Minton,1979,"N,San Francisco,Giants"
moffr101,Moffitt,Randy,R,R,SFN,P,Randy Moffitt,1979,"N,San Francisco,Giants"
montj001,Montefusco,John,R,R,SFN,P,John Montefusco,1979,"N,San Francisco,Giants"
nastp101,Nastu,Phil,L,L,SFN,P,Phil Nastu,1979,"N,San Francisco,Giants"
nortb101,North,Bill,B,R,SFN,OF,Bill North,1979,"N,San Francisco,Giants"
plane103,Plank,Ed,R,R,SFN,P,Ed Plank,1979,"N,San Francisco,Giants"
robed101,Roberts,Dave,L,L,SFN,P,Dave Roberts,1979,"N,San Francisco,Giants"
sadem101,Sadek,Mike,R,R,SFN,C,Mike Sadek,1979,"N,San Francisco,Giants"
straj101,Strain,Joe,R,R,SFN,2B,Joe Strain,1979,"N,San Francisco,Giants"
tamaj101,Tamargo,John,B,R,SFN,C,John Tamargo,1979,"N,San Francisco,Giants"
venam001,Venable,Max,L,R,SFN,OF,Max Venable,1979,"N,San Francisco,Giants"
white001,Whitson,Ed,R,R,SFN,P,Ed Whitson,1979,"N,San Francisco,Giants"
whitt001,Whitfield,Terry,L,R,SFN,OF,Terry Whitfield,1979,"N,San Francisco,Giants"
brocl102,Brock,Lou,L,L,SLN,OF,Lou Brock,1979,"N,St. Louis,Cardinals"
brunt101,Bruno,Tom,R,R,SLN,P,Tom Bruno,1979,"N,St. Louis,Cardinals"
carbb101,Carbo,Bernie,L,R,SLN,OF,Bernie Carbo,1979,"N,St. Louis,Cardinals"
dennj001,Denny,John,R,R,SLN,P,John Denny,1979,"N,St. Louis,Cardinals"
dimmm101,Dimmel,Mike,R,R,SLN,OF,Mike Dimmel,1979,"N,St. Louis,Cardinals"
forsb001,Forsch,Bob,R,R,SLN,P,Bob Forsch,1979,"N,St. Louis,Cardinals"
frazg001,Frazier,George,R,R,SLN,P,George Frazier,1979,"N,St. Louis,Cardinals"
freer101,Freed,Roger,R,R,SLN,1B,Roger Freed,1979,"N,St. Louis,Cardinals"
fulgj101,Fulgham,John,R,R,SLN,P,John Fulgham,1979,"N,St. Louis,Cardinals"
griet101,Grieve,Tom,R,R,SLN,OF,Tom Grieve,1979,"N,St. Louis,Cardinals"
hendg001,Hendrick,George,R,R,SLN,OF,George Hendrick,1979,"N,St. Louis,Cardinals"
hernk001,Hernandez,Keith,L,L,SLN,1B,Keith Hernandez,1979,"N,St. Louis,Cardinals"
herrt001,Herr,Tom,B,R,SLN,2B,Tom Herr,1979,"N,St. Louis,Cardinals"
iorgd001,Iorg,Dane,L,R,SLN,OF,Dane Iorg,1979,"N,St. Louis,Cardinals"
kennt001,Kennedy,Terry,L,R,SLN,C,Terry Kennedy,1979,"N,St. Louis,Cardinals"
knowd101,Knowles,Darold,L,L,SLN,P,Darold Knowles,1979,"N,St. Louis,Cardinals"
lentj101,Lentine,Jim,R,R,SLN,OF,Jim Lentine,1979,"N,St. Louis,Cardinals"
littm101,Littell,Mark,L,R,SLN,P,Mark Littell,1979,"N,St. Louis,Cardinals"
marts101,Martinez,Silvio,R,R,SLN,P,Silvio Martinez,1979,"N,St. Louis,Cardinals"
mcenw101,McEnaney,Will,L,L,SLN,P,Will McEnaney,1979,"N,St. Louis,Cardinals"
mumpj001,Mumphrey,Jerry,B,R,SLN,OF,Jerry Mumphrey,1979,"N,St. Louis,Cardinals"
oberk001,Oberkfell,Ken,L,R,SLN,2B,Ken Oberkfell,1979,"N,St. Louis,Cardinals"
obrid102,O'Brien,Dan,R,R,SLN,P,Dan O'Brien,1979,"N,St. Louis,Cardinals"
philm101,Phillips,Mike,L,R,SLN,SS,Mike Phillips,1979,"N,St. Louis,Cardinals"
reitk101,Reitz,Ken,R,R,SLN,3B,Ken Reitz,1979,"N,St. Louis,Cardinals"
schub104,Schultz,Buddy,R,L,SLN,P,Buddy Schultz,1979,"N,St. Louis,Cardinals"
scott001,Scott,Tony,B,R,SLN,OF,Tony Scott,1979,"N,St. Louis,Cardinals"
seamk101,Seaman,Kim,L,L,SLN,P,Kim Seaman,1979,"N,St. Louis,Cardinals"
simmt001,Simmons,Ted,B,R,SLN,C,Ted Simmons,1979,"N,St. Louis,Cardinals"
smitk101,Smith,Keith,R,R,SLN,OF,Keith Smith,1979,"N,St. Louis,Cardinals"
swiss101,Swisher,Steve,R,R,SLN,C,Steve Swisher,1979,"N,St. Louis,Cardinals"
sykeb101,Sykes,Bob,B,L,SLN,P,Bob Sykes,1979,"N,St. Louis,Cardinals"
tempg001,Templeton,Garry,B,R,SLN,SS,Garry Templeton,1979,"N,St. Louis,Cardinals"
thomr001,Thomas,Roy,R,R,SLN,P,Roy Thomas,1979,"N,St. Louis,Cardinals"
tysom101,Tyson,Mike,R,R,SLN,2B,Mike Tyson,1979,"N,St. Louis,Cardinals"
urrej101,Urrea,John,R,R,SLN,P,John Urrea,1979,"N,St. Louis,Cardinals"
vuckp001,Vuckovich,Pete,R,R,SLN,P,Pete Vuckovich,1979,"N,St. Louis,Cardinals"
baked002,Baker,Dusty,R,R,LAN,OF,Dusty Baker,1979,"N,Los Angeles,Dodgers"
beckj001,Beckwith,Joe,L,R,LAN,P,Joe Beckwith,1979,"N,Los Angeles,Dodgers"
bretk101,Brett,Ken,L,L,LAN,P,Ken Brett,1979,"N,Los Angeles,Dodgers"
castr001,Castillo,Bobby,R,R,LAN,P,Bobby Castillo,1979,"N,Los Angeles,Dodgers"
cey-r001,Cey,Ron,R,R,LAN,3B,Ron Cey,1979,"N,Los Angeles,Dodgers"
davav101,Davalillo,Vic,L,L,LAN,OF,Vic Davalillo,1979,"N,Los Angeles,Dodgers"
fergj101,Ferguson,Joe,R,R,LAN,C,Joe Ferguson,1979,"N,Los Angeles,Dodgers"
forst001,Forster,Terry,L,L,LAN,P,Terry Forster,1979,"N,Los Angeles,Dodgers"
garvs001,Garvey,Steve,R,R,LAN,1B,Steve Garvey,1979,"N,Los Angeles,Dodgers"
guerp001,Guerrero,Pedro,R,R,LAN,OF,Pedro Guerrero,1979,"N,Los Angeles,Dodgers"
hanng101,Hannahs,Gerry,L,L,LAN,P,Gerry Hannahs,1979,"N,Los Angeles,Dodgers"
hatcm001,Hatcher,Mickey,R,R,LAN,OF,Mickey Hatcher,1979,"N,Los Angeles,Dodgers"
hootb001,Hooton,Burt,R,R,LAN,P,Burt Hooton,1979,"N,Los Angeles,Dodgers"
hougc001,Hough,Charlie,R,R,LAN,P,Charlie Hough,1979,"N,Los Angeles,Dodgers"
joshv101,Joshua,Von,L,L,LAN,OF,Von Joshua,1979,"N,Los Angeles,Dodgers"
lagrl101,LaGrow,Lerrin,R,R,LAN,P,Lerrin LaGrow,1979,"N,Los Angeles,Dodgers"
lewad101,Lewallyn,Dennis,R,R,LAN,P,Dennis Lewallyn,1979,"N,Los Angeles,Dodgers"
loped001,Lopes,Davey,R,R,LAN,2B,Davey Lopes,1979,"N,Los Angeles,Dodgers"
martt102,Martinez,Ted,R,R,LAN,3B,Ted Martinez,1979,"N,Los Angeles,Dodgers"
messa101,Messersmith,Andy,R,R,LAN,P,Andy Messersmith,1979,"N,Los Angeles,Dodgers"
mondr001,Monday,Rick,L,L,LAN,OF,Rick Monday,1979,"N,Los Angeles,Dodgers"
motam101,Mota,Manny,R,R,LAN,OF,Manny Mota,1979,"N,Los Angeles,Dodgers"
oatej101,Oates,Johnny,L,R,LAN,C,Johnny Oates,1979,"N,Los Angeles,Dodgers"
pattd101,Patterson,Dave,R,R,LAN,P,Dave Patterson,1979,"N,Los Angeles,Dodgers"
rau-d101,Rau,Doug,L,L,LAN,P,Doug Rau,1979,"N,Los Angeles,Dodgers"
rautl101,Rautzhan,Lance,R,L,LAN,P,Lance Rautzhan,1979,"N,Los Angeles,Dodgers"
reusj001,Reuss,Jerry,L,L,LAN,P,Jerry Reuss,1979,"N,Los Angeles,Dodgers"
russb001,Russell,Bill,R,R,LAN,SS,Bill Russell,1979,"N,Los Angeles,Dodgers"
smitr101,Smith,Reggie,B,R,LAN,OF,Reggie Smith,1979,"N,Los Angeles,Dodgers"
sutcr001,Sutcliffe,Rick,L,R,LAN,P,Rick Sutcliffe,1979,"N,Los Angeles,Dodgers"
suttd001,Sutton,Don,R,R,LAN,P,Don Sutton,1979,"N,Los Angeles,Dodgers"
thomd001,Thomas,Derrel,B,R,LAN,OF,Derrel Thomas,1979,"N,Los Angeles,Dodgers"
thomg101,Thomasson,Gary,L,L,LAN,OF,Gary Thomasson,1979,"N,Los Angeles,Dodgers"
welcb001,Welch,Bob,R,R,LAN,P,Bob Welch,1979,"N,Los Angeles,Dodgers"
yeags001,Yeager,Steve,R,R,LAN,C,Steve Yeager,1979,"N,Los Angeles,Dodgers"
biitl101,Biittner,Larry,L,L,CHN,OF,Larry Biittner,1979,"N,Chicago,Cubs"
blact101,Blackwell,Tim,B,R,CHN,C,Tim Blackwell,1979,"N,Chicago,Cubs"
buckb001,Buckner,Bill,L,L,CHN,1B,Bill Buckner,1979,"N,Chicago,Cubs"
burrr001,Burris,Ray,R,R,CHN,P,Ray Burris,1979,"N,Chicago,Cubs"
capid101,Capilla,Doug,L,L,CHN,P,Doug Capilla,1979,"N,Chicago,Cubs"
caudb001,Caudill,Bill,R,R,CHN,P,Bill Caudill,1979,"N,Chicago,Cubs"
cling101,Clines,Gene,R,R,CHN,PH,Gene Clines,1979,"N,Chicago,Cubs"
davis102,Davis,Steve,R,R,CHN,2B,Steve Davis,1979,"N,Chicago,Cubs"
dejei001,De Jesus,Ivan,R,R,CHN,SS,Ivan De Jesus,1979,"N,Chicago,Cubs"
dills101,Dillard,Steve,R,R,CHN,2B,Steve Dillard,1979,"N,Chicago,Cubs"
dilom001,Dilone,Miguel,B,R,CHN,OF,Miguel Dilone,1979,"N,Chicago,Cubs"
footb101,Foote,Barry,R,R,CHN,C,Barry Foote,1979,"N,Chicago,Cubs"
geisd001,Geisel,Dave,L,L,CHN,P,Dave Geisel,1979,"N,Chicago,Cubs"
hendk101,Henderson,Ken,B,R,CHN,OF,Ken Henderson,1979,"N,Chicago,Cubs"
hernw001,Hernandez,Guillermo,L,L,CHN,P,Guillermo Hernandez,1979,"N,Chicago,Cubs"
holtk101,Holtzman,Ken,R,L,CHN,P,Ken Holtzman,1979,"N,Chicago,Cubs"
kellm101,Kelleher,Mick,R,R,CHN,3B,Mick Kelleher,1979,"N,Chicago,Cubs"
kimmb101,Kimm,Bruce,R,R,CHN,C,Bruce Kimm,1979,"N,Chicago,Cubs"
kingd001,Kingman,Dave,R,R,CHN,OF,Dave Kingman,1979,"N,Chicago,Cubs"
krukm001,Krukow,Mike,R,R,CHN,P,Mike Krukow,1979,"N,Chicago,Cubs"
lampd001,Lamp,Dennis,R,R,CHN,P,Dennis Lamp,1979,"N,Chicago,Cubs"
macks101,Macko,Steve,L,R,CHN,2B,Steve Macko,1979,"N,Chicago,Cubs"
martj001,Martin,Jerry,R,R,CHN,OF,Jerry Martin,1979,"N,Chicago,Cubs"
mcgll101,McGlothen,Lynn,L,R,CHN,P,Lynn McGlothen,1979,"N,Chicago,Cubs"
mejis101,Mejias,Sam,R,R,CHN,OF,Sam Mejias,1979,"N,Chicago,Cubs"
moord001,Moore,Donnie,L,R,CHN,P,Donnie Moore,1979,"N,Chicago,Cubs"
murcb101,Murcer,Bobby,L,R,CHN,OF,Bobby Murcer,1979,"N,Chicago,Cubs"
ontis101,Ontiveros,Steve,B,R,CHN,3B,Steve Ontiveros,1979,"N,Chicago,Cubs"
pagek101,Pagel,Karl,L,L,CHN,PH,Karl Pagel,1979,"N,Chicago,Cubs"
reusr001,Reuschel,Rick,R,R,CHN,P,Rick Reuschel,1979,"N,Chicago,Cubs"
rileg001,Riley,George,L,L,CHN,P,George Riley,1979,"N,Chicago,Cubs"
seibk101,Seibert,Kurt,B,R,CHN,2B,Kurt Seibert,1979,"N,Chicago,Cubs"
sizet101,Sizemore,Ted,R,R,CHN,2B,Ted Sizemore,1979,"N,Chicago,Cubs"
suttb001,Sutter,Bruce,R,R,CHN,P,Bruce Sutter,1979,"N,Chicago,Cubs"
thoms001,Thompson,Scot,L,L,CHN,OF,Scot Thompson,1979,"N,Chicago,Cubs"
tidrd001,Tidrow,Dick,R,R,CHN,P,Dick Tidrow,1979,"N,Chicago,Cubs"
vailm001,Vail,Mike,R,R,CHN,OF,Mike Vail,1979,"N,Chicago,Cubs"
auerr101,Auerbach,Rick,R,R,CIN,3B,Rick Auerbach,1979,"N,Cincinnati,Reds"
baird001,Bair,Doug,R,R,CIN,P,Doug Bair,1979,"N,Cincinnati,Reds"
bencj101,Bench,Johnny,R,R,CIN,C,Johnny Bench,1979,"N,Cincinnati,Reds"
blaip101,Blair,Paul,R,R,CIN,OF,Paul Blair,1979,"N,Cincinnati,Reds"
bonhb101,Bonham,Bill,R,R,CIN,P,Bill Bonham,1979,"N,Cincinnati,Reds"
borbp101,Borbon,Pedro,R,R,CIN,P,Pedro Borbon,1979,"N,Cincinnati,Reds"
capid101,Capilla,Doug,L,L,CIN,P,Doug Capilla,1979,"N,Cincinnati,Reds"
colld001,Collins,Dave,B,L,CIN,OF,Dave Collins,1979,"N,Cincinnati,Reds"
concd001,Concepcion,Dave,R,R,CIN,SS,Dave Concepcion,1979,"N,Cincinnati,Reds"
corrv101,Correll,Vic,R,R,CIN,C,Vic Correll,1979,"N,Cincinnati,Reds"
cruzh101,Cruz,Hector,R,R,CIN,OF,Hector Cruz,1979,"N,Cincinnati,Reds"
defra101,DeFreites,Arturo,R,R,CIN,1B,Arturo DeFreites,1979,"N,Cincinnati,Reds"
dried001,Driessen,Dan,L,R,CIN,1B,Dan Driessen,1979,"N,Cincinnati,Reds"
fostg001,Foster,George,R,R,CIN,OF,George Foster,1979,"N,Cincinnati,Reds"
geroc101,Geronimo,Cesar,L,L,CIN,OF,Cesar Geronimo,1979,"N,Cincinnati,Reds"
grifk001,Griffey,Ken,L,L,CIN,OF,Ken Griffey,1979,"N,Cincinnati,Reds"
hendk101,Henderson,Ken,B,R,CIN,OF,Ken Henderson,1979,"N,Cincinnati,Reds"
humet001,Hume,Tom,R,R,CIN,P,Tom Hume,1979,"N,Cincinnati,Reds"
kennj101,Kennedy,Junior,R,R,CIN,2B,Junior Kennedy,1979,"N,Cincinnati,Reds"
knigr001,Knight,Ray,R,R,CIN,3B,Ray Knight,1979,"N,Cincinnati,Reds"
lacom001,LaCoss,Mike,R,R,CIN,P,Mike LaCoss,1979,"N,Cincinnati,Reds"
leibc001,Leibrandt,Charlie,R,L,CIN,P,Charlie Leibrandt,1979,"N,Cincinnati,Reds"
mejis101,Mejias,Sam,R,R,CIN,OF,Sam Mejias,1979,"N,Cincinnati,Reds"
morgj001,Morgan,Joe,L,R,CIN,2B,Joe Morgan,1979,"N,Cincinnati,Reds"
moskp101,Moskau,Paul,R,R,CIN,P,Paul Moskau,1979,"N,Cincinnati,Reds"
normf101,Norman,Fred,B,L,CIN,P,Fred Norman,1979,"N,Cincinnati,Reds"
oestr001,Oester,Ron,B,R,CIN,SS,Ron Oester,1979,"N,Cincinnati,Reds"
pastf001,Pastore,Frank,R,R,CIN,P,Frank Pastore,1979,"N,Cincinnati,Reds"
santr101,Santo Domingo,Rafael,B,R,CIN,PH,Rafael Santo Domingo,1979,"N,Cincinnati,Reds"
sarmm101,Sarmiento,Manny,R,R,CIN,P,Manny Sarmiento,1979,"N,Cincinnati,Reds"
seavt001,Seaver,Tom,R,R,CIN,P,Tom Seaver,1979,"N,Cincinnati,Reds"
sotom001,Soto,Mario,R,R,CIN,P,Mario Soto,1979,"N,Cincinnati,Reds"
spilh001,Spilman,Harry,L,R,CIN,1B,Harry Spilman,1979,"N,Cincinnati,Reds"
summc001,Summers,Champ,L,R,CIN,OF,Champ Summers,1979,"N,Cincinnati,Reds"
tomld001,Tomlin,Dave,L,L,CIN,P,Dave Tomlin,1979,"N,Cincinnati,Reds"
alleg001,Allenson,Gary,R,R,BOS,C,Gary Allenson,1979,"A,Boston,Red Sox"
brohj101,Brohamer,Jack,L,R,BOS,2B,Jack Brohamer,1979,"A,Boston,Red Sox"
burgt001,Burgmeier,Tom,L,L,BOS,P,Tom Burgmeier,1979,"A,Boston,Red Sox"
burlr001,Burleson,Rick,R,R,BOS,SS,Rick Burleson,1979,"A,Boston,Red Sox"
campb001,Campbell,Bill,R,R,BOS,P,Bill Campbell,1979,"A,Boston,Red Sox"
dragd101,Drago,Dick,R,R,BOS,P,Dick Drago,1979,"A,Boston,Red Sox"
dufff101,Duffy,Frank,R,R,BOS,2B,Frank Duffy,1979,"A,Boston,Red Sox"
dwyej001,Dwyer,Jim,L,L,BOS,1B,Jim Dwyer,1979,"A,Boston,Red Sox"
ecked001,Eckersley,Dennis,R,R,BOS,P,Dennis Eckersley,1979,"A,Boston,Red Sox"
evand002,Evans,Dwight,R,R,BOS,OF,Dwight Evans,1979,"A,Boston,Red Sox"
fincj101,Finch,Joel,R,R,BOS,P,Joel Finch,1979,"A,Boston,Red Sox"
fiskc001,Fisk,Carlton,R,R,BOS,DH,Carlton Fisk,1979,"A,Boston,Red Sox"
hassa001,Hassler,Andy,L,L,BOS,P,Andy Hassler,1979,"A,Boston,Red Sox"
hobsb101,Hobson,Butch,R,R,BOS,3B,Butch Hobson,1979,"A,Boston,Red Sox"
lynnf001,Lynn,Fred,L,L,BOS,OF,Fred Lynn,1979,"A,Boston,Red Sox"
montb101,Montgomery,Bob,R,R,BOS,C,Bob Montgomery,1979,"A,Boston,Red Sox"
oberm001,O'Berry,Mike,R,R,BOS,C,Mike O'Berry,1979,"A,Boston,Red Sox"
papis101,Papi,Stan,R,R,BOS,2B,Stan Papi,1979,"A,Boston,Red Sox"
poqut101,Poquette,Tom,L,R,BOS,OF,Tom Poquette,1979,"A,Boston,Red Sox"
rainc001,Rainey,Chuck,R,R,BOS,P,Chuck Rainey,1979,"A,Boston,Red Sox"
remmw101,Remmerswaal,Win,R,R,BOS,P,Win Remmerswaal,1979,"A,Boston,Red Sox"
remyj001,Remy,Jerry,L,R,BOS,2B,Jerry Remy,1979,"A,Boston,Red Sox"
renks101,Renko,Steve,R,R,BOS,P,Steve Renko,1979,"A,Boston,Red Sox"
ricej001,Rice,Jim,R,R,BOS,OF,Jim Rice,1979,"A,Boston,Red Sox"
ripla101,Ripley,Allen,R,R,BOS,P,Allen Ripley,1979,"A,Boston,Red Sox"
scotg102,Scott,George,R,R,BOS,1B,George Scott,1979,"A,Boston,Red Sox"
sizet101,Sizemore,Ted,R,R,BOS,2B,Ted Sizemore,1979,"A,Boston,Red Sox"
stanb001,Stanley,Bob,R,R,BOS,P,Bob Stanley,1979,"A,Boston,Red Sox"
torrm001,Torrez,Mike,R,R,BOS,P,Mike Torrez,1979,"A,Boston,Red Sox"
tudoj001,Tudor,John,L,L,BOS,P,John Tudor,1979,"A,Boston,Red Sox"
watsb001,Watson,Bob,R,R,BOS,1B,Bob Watson,1979,"A,Boston,Red Sox"
wolfl101,Wolfe,Larry,R,R,BOS,2B,Larry Wolfe,1979,"A,Boston,Red Sox"
wrigj103,Wright,Jim,R,R,BOS,P,Jim Wright,1979,"A,Boston,Red Sox"
yastc101,Yastrzemski,Carl,L,R,BOS,DH,Carl Yastrzemski,1979,"A,Boston,Red Sox"
armat001,Armas,Tony,R,R,OAK,OF,Tony Armas,1979,"A,Oakland,Athletics"
bryad102,Bryant,Derek,R,R,OAK,OF,Derek Bryant,1979,"A,Oakland,Athletics"
burkg101,Burke,Glenn,R,R,OAK,OF,Glenn Burke,1979,"A,Oakland,Athletics"
chald101,Chalk,Dave,R,R,OAK,2B,Dave Chalk,1979,"A,Oakland,Athletics"
dilom001,Dilone,Miguel,B,R,OAK,OF,Miguel Dilone,1979,"A,Oakland,Athletics"
edwam101,Edwards,Mike,R,R,OAK,2B,Mike Edwards,1979,"A,Oakland,Athletics"
essij001,Essian,Jim,R,R,OAK,C,Jim Essian,1979,"A,Oakland,Athletics"
grosw001,Gross,Wayne,L,R,OAK,3B,Wayne Gross,1979,"A,Oakland,Athletics"
guerm101,Guerrero,Mario,R,R,OAK,SS,Mario Guerrero,1979,"A,Oakland,Athletics"
hamid101,Hamilton,Dave,L,L,OAK,P,Dave Hamilton,1979,"A,Oakland,Athletics"
heatm001,Heath,Mike,R,R,OAK,OF,Mike Heath,1979,"A,Oakland,Athletics"
heavd101,Heaverlo,Dave,R,R,OAK,P,Dave Heaverlo,1979,"A,Oakland,Athletics"
hendr001,Henderson,Rickey,R,L,OAK,OF,Rickey Henderson,1979,"A,Oakland,Athletics"
johnj001,Johnson,John Henry,L,L,OAK,P,John Henry Johnson,1979,"A,Oakland,Athletics"
keoum001,Keough,Matt,R,R,OAK,P,Matt Keough,1979,"A,Oakland,Athletics"
kingb101,Kingman,Brian,R,R,OAK,P,Brian Kingman,1979,"A,Oakland,Athletics"
klutm101,Klutts,Mickey,R,R,OAK,SS,Mickey Klutts,1979,"A,Oakland,Athletics"
laceb001,Lacey,Bob,R,L,OAK,P,Bob Lacey,1979,"A,Oakland,Athletics"
langr001,Langford,Rick,R,R,OAK,P,Rick Langford,1979,"A,Oakland,Athletics"
mccas001,McCatty,Steve,R,R,OAK,P,Steve McCatty,1979,"A,Oakland,Athletics"
minec101,Minetto,Craig,L,L,OAK,P,Craig Minetto,1979,"A,Oakland,Athletics"
morgm001,Morgan,Mike,R,R,OAK,P,Mike Morgan,1979,"A,Oakland,Athletics"
murpd002,Murphy,Dwayne,L,R,OAK,OF,Dwayne Murphy,1979,"A,Oakland,Athletics"
murrl101,Murray,Larry,B,R,OAK,OF,Larry Murray,1979,"A,Oakland,Athletics"
newmj001,Newman,Jeff,R,R,OAK,C,Jeff Newman,1979,"A,Oakland,Athletics"
norrm101,Norris,Mike,R,R,OAK,P,Mike Norris,1979,"A,Oakland,Athletics"
pagem001,Page,Mitchell,L,R,OAK,DH,Mitchell Page,1979,"A,Oakland,Athletics"
piccr001,Picciolo,Rob,R,R,OAK,SS,Rob Picciolo,1979,"A,Oakland,Athletics"
ramim101,Ramirez,Milt,R,R,OAK,3B,Milt Ramirez,1979,"A,Oakland,Athletics"
reved101,Revering,Dave,L,R,OAK,1B,Dave Revering,1979,"A,Oakland,Athletics"
toddj102,Todd,Jim,L,R,OAK,P,Jim Todd,1979,"A,Oakland,Athletics"
wallj101,Wallis,Joe,B,R,OAK,OF,Joe Wallis,1979,"A,Oakland,Athletics"
wirta101,Wirth,Alan,R,R,OAK,P,Alan Wirth,1979,"A,Oakland,Athletics"
asseb101,Asselstine,Brian,L,R,ATL,OF,Brian Asselstine,1979,"N,Atlanta,Braves"
bealb101,Beall,Bob,B,L,ATL,1B,Bob Beall,1979,"N,Atlanta,Braves"
beneb001,Benedict,Bruce,R,R,ATL,C,Bruce Benedict,1979,"N,Atlanta,Braves"
boggt001,Boggs,Tommy,R,R,ATL,P,Tommy Boggs,1979,"N,Atlanta,Braves"
bonnb001,Bonnell,Barry,R,R,ATL,OF,Barry Bonnell,1979,"N,Atlanta,Braves"
bradl101,Bradford,Larry,R,L,ATL,P,Larry Bradford,1979,"N,Atlanta,Braves"
brizt001,Brizzolara,Tony,R,R,ATL,P,Tony Brizzolara,1979,"N,Atlanta,Braves"
burrj001,Burroughs,Jeff,R,R,ATL,OF,Jeff Burroughs,1979,"N,Atlanta,Braves"
chand101,Chaney,Darrel,B,R,ATL,SS,Darrel Chaney,1979,"N,Atlanta,Braves"
devia101,Devine,Adrian,R,R,ATL,P,Adrian Devine,1979,"N,Atlanta,Braves"
eastj001,Easterly,Jamie,L,L,ATL,P,Jamie Easterly,1979,"N,Atlanta,Braves"
friap101,Frias,Pepe,R,R,ATL,SS,Pepe Frias,1979,"N,Atlanta,Braves"
garbg001,Garber,Gene,R,R,ATL,P,Gene Garber,1979,"N,Atlanta,Braves"
hannp101,Hanna,Preston,R,R,ATL,P,Preston Hanna,1979,"N,Atlanta,Braves"
hornb001,Horner,Bob,R,R,ATL,3B,Bob Horner,1979,"N,Atlanta,Braves"
hubbg001,Hubbard,Glenn,R,R,ATL,2B,Glenn Hubbard,1979,"N,Atlanta,Braves"
lacof001,LaCorte,Frank,R,R,ATL,P,Frank LaCorte,1979,"N,Atlanta,Braves"
lum-m101,Lum,Mike,L,L,ATL,1B,Mike Lum,1979,"N,Atlanta,Braves"
machm101,Macha,Mike,R,R,ATL,3B,Mike Macha,1979,"N,Atlanta,Braves"
mahlm001,Mahler,Mickey,B,L,ATL,P,Mickey Mahler,1979,"N,Atlanta,Braves"
mahlr001,Mahler,Rick,R,R,ATL,P,Rick Mahler,1979,"N,Atlanta,Braves"
mattg001,Matthews,Gary,R,R,ATL,OF,Gary Matthews,1979,"N,Atlanta,Braves"
matur101,Matula,Rick,R,R,ATL,P,Rick Matula,1979,"N,Atlanta,Braves"
mclab101,McLaughlin,Bo,R,R,ATL,P,Bo McLaughlin,1979,"N,Atlanta,Braves"
mclaj001,McLaughlin,Joey,R,R,ATL,P,Joey McLaughlin,1979,"N,Atlanta,Braves"
mcwil001,McWilliams,Larry,L,L,ATL,P,Larry McWilliams,1979,"N,Atlanta,Braves"
mille001,Miller,Eddie,B,R,ATL,OF,Eddie Miller,1979,"N,Atlanta,Braves"
murpd001,Murphy,Dale,R,R,ATL,1B,Dale Murphy,1979,"N,Atlanta,Braves"
niekp001,Niekro,Phil,R,R,ATL,P,Phil Niekro,1979,"N,Atlanta,Braves"
nolaj001,Nolan,Joe,L,R,ATL,C,Joe Nolan,1979,"N,Atlanta,Braves"
offir101,Office,Rowland,L,L,ATL,OF,Rowland Office,1979,"N,Atlanta,Braves"
pocob001,Pocoroba,Biff,B,R,ATL,C,Biff Pocoroba,1979,"N,Atlanta,Braves"
roysj001,Royster,Jerry,R,R,ATL,3B,Jerry Royster,1979,"N,Atlanta,Braves"
skokc101,Skok,Craig,R,L,ATL,P,Craig Skok,1979,"N,Atlanta,Braves"
soloe101,Solomon,Eddie,R,R,ATL,P,Eddie Solomon,1979,"N,Atlanta,Braves"
spikc101,Spikes,Charlie,R,R,ATL,OF,Charlie Spikes,1979,"N,Atlanta,Braves"
wessj101,Wessinger,Jim,R,R,ATL,2B,Jim Wessinger,1979,"N,Atlanta,Braves"
whisl101,Whisenton,Larry,L,L,ATL,OF,Larry Whisenton,1979,"N,Atlanta,Braves"
ander101,Anderson,Rick,R,R,NYA,P,Rick Anderson,1979,"A,New York,Yankees"
beatj001,Beattie,Jim,R,R,NYA,P,Jim Beattie,1979,"A,New York,Yankees"
benij001,Beniquez,Juan,R,R,NYA,OF,Juan Beniquez,1979,"A,New York,Yankees"
blaip101,Blair,Paul,R,R,NYA,OF,Paul Blair,1979,"A,New York,Yankees"
browb001,Brown,Bobby,B,R,NYA,OF,Bobby Brown,1979,"A,New York,Yankees"
burrr001,Burris,Ray,R,R,NYA,P,Ray Burris,1979,"A,New York,Yankees"
chamc001,Chambliss,Chris,L,R,NYA,1B,Chris Chambliss,1979,"A,New York,Yankees"
clayk101,Clay,Ken,R,R,NYA,P,Ken Clay,1979,"A,New York,Yankees"
davir001,Davis,Ron,R,R,NYA,P,Ron Davis,1979,"A,New York,Yankees"
dentb001,Dent,Bucky,R,R,NYA,SS,Bucky Dent,1979,"A,New York,Yankees"
doylb101,Doyle,Brian,L,R,NYA,2B,Brian Doyle,1979,"A,New York,Yankees"
figue101,Figueroa,Ed,R,R,NYA,P,Ed Figueroa,1979,"A,New York,Yankees"
gambo001,Gamble,Oscar,L,R,NYA,OF,Oscar Gamble,1979,"A,New York,Yankees"
garcd001,Garcia,Damaso,R,R,NYA,SS,Damaso Garcia,1979,"A,New York,Yankees"
gossr001,Gossage,Rich,R,R,NYA,P,Rich Gossage,1979,"A,New York,Yankees"
grifm001,Griffin,Mike,R,R,NYA,P,Mike Griffin,1979,"A,New York,Yankees"
guidr001,Guidry,Ron,L,L,NYA,P,Ron Guidry,1979,"A,New York,Yankees"
guldb001,Gulden,Brad,L,R,NYA,C,Brad Gulden,1979,"A,New York,Yankees"
hoodd101,Hood,Don,L,L,NYA,P,Don Hood,1979,"A,New York,Yankees"
huntj101,Hunter,Catfish,R,R,NYA,P,Catfish Hunter,1979,"A,New York,Yankees"
jackr001,Jackson,Reggie,L,L,NYA,OF,Reggie Jackson,1979,"A,New York,Yankees"
johnc001,Johnson,Cliff,R,R,NYA,DH,Cliff Johnson,1979,"A,New York,Yankees"
johnj002,Johnstone,Jay,L,R,NYA,OF,Jay Johnstone,1979,"A,New York,Yankees"
johnt001,John,Tommy,R,L,NYA,P,Tommy John,1979,"A,New York,Yankees"
joned105,Jones,Darryl,R,R,NYA,DH,Darryl Jones,1979,"A,New York,Yankees"
kaatj101,Kaat,Jim,L,L,NYA,P,Jim Kaat,1979,"A,New York,Yankees"
kammb101,Kammeyer,Bob,R,R,NYA,P,Bob Kammeyer,1979,"A,New York,Yankees"
mirap001,Mirabella,Paul,L,L,NYA,P,Paul Mirabella,1979,"A,New York,Yankees"
munst101,Munson,Thurman,R,R,NYA,C,Thurman Munson,1979,"A,New York,Yankees"
murcb101,Murcer,Bobby,L,R,NYA,OF,Bobby Murcer,1979,"A,New York,Yankees"
narrj001,Narron,Jerry,L,R,NYA,C,Jerry Narron,1979,"A,New York,Yankees"
nettg001,Nettles,Graig,L,R,NYA,3B,Graig Nettles,1979,"A,New York,Yankees"
pinil001,Piniella,Lou,R,R,NYA,OF,Lou Piniella,1979,"A,New York,Yankees"
randl101,Randle,Lenny,B,R,NYA,OF,Lenny Randle,1979,"A,New York,Yankees"
randw001,Randolph,Willie,R,R,NYA,2B,Willie Randolph,1979,"A,New York,Yankees"
righd001,Righetti,Dave,L,L,NYA,P,Dave Righetti,1979,"A,New York,Yankees"
rivem001,Rivers,Mickey,L,L,NYA,OF,Mickey Rivers,1979,"A,New York,Yankees"
robib102,Robinson,Bruce,L,R,NYA,C,Bruce Robinson,1979,"A,New York,Yankees"
scotg102,Scott,George,R,R,NYA,DH,George Scott,1979,"A,New York,Yankees"
slagr101,Slagle,Roger,R,R,NYA,P,Roger Slagle,1979,"A,New York,Yankees"
spenj101,Spencer,Jim,L,L,NYA,DH,Jim Spencer,1979,"A,New York,Yankees"
stair101,Staiger,Roy,R,R,NYA,3B,Roy Staiger,1979,"A,New York,Yankees"
stanf101,Stanley,Fred,R,R,NYA,SS,Fred Stanley,1979,"A,New York,Yankees"
tianl101,Tiant,Luis,R,R,NYA,P,Luis Tiant,1979,"A,New York,Yankees"
tidrd001,Tidrow,Dick,R,R,NYA,P,Dick Tidrow,1979,"A,New York,Yankees"
wertd101,Werth,Dennis,R,R,NYA,1B,Dennis Werth,1979,"A,New York,Yankees"
whitr101,White,Roy,B,R,NYA,DH,Roy White,1979,"A,New York,Yankees"
barrg101,Barranca,German,L,R,KCA,2B,German Barranca,1979,"A,Kansas City,Royals"
braus001,Braun,Steve,L,R,KCA,OF,Steve Braun,1979,"A,Kansas City,Royals"
bretg001,Brett,George,L,R,KCA,3B,George Brett,1979,"A,Kansas City,Royals"
busbs101,Busby,Steve,R,R,KCA,P,Steve Busby,1979,"A,Kansas City,Royals"
chamc101,Chamberlain,Craig,R,R,KCA,P,Craig Chamberlain,1979,"A,Kansas City,Royals"
chrig101,Christenson,Gary,L,L,KCA,P,Gary Christenson,1979,"A,Kansas City,Royals"
cowea001,Cowens,Al,R,R,KCA,OF,Al Cowens,1979,"A,Kansas City,Royals"
cruzt001,Cruz,Todd,R,R,KCA,SS,Todd Cruz,1979,"A,Kansas City,Royals"
eatoc101,Eaton,Craig,R,R,KCA,P,Craig Eaton,1979,"A,Kansas City,Royals"
galer001,Gale,Rich,R,R,KCA,P,Rich Gale,1979,"A,Kansas City,Royals"
gaudj101,Gaudet,Jim,R,R,KCA,C,Jim Gaudet,1979,"A,Kansas City,Royals"
gural001,Gura,Larry,B,L,KCA,P,Larry Gura,1979,"A,Kansas City,Royals"
hraba101,Hrabosky,Al,R,L,KCA,P,Al Hrabosky,1979,"A,Kansas City,Royals"
hurdc001,Hurdle,Clint,L,R,KCA,OF,Clint Hurdle,1979,"A,Kansas City,Royals"
lacop101,LaCock,Pete,L,L,KCA,1B,Pete LaCock,1979,"A,Kansas City,Royals"
leond001,Leonard,Dennis,R,R,KCA,P,Dennis Leonard,1979,"A,Kansas City,Royals"
martr001,Martin,Renie,R,R,KCA,P,Renie Martin,1979,"A,Kansas City,Royals"
mcrah001,McRae,Hal,R,R,KCA,DH,Hal McRae,1979,"A,Kansas City,Royals"
mings101,Mingori,Steve,L,L,KCA,P,Steve Mingori,1979,"A,Kansas City,Royals"
nettj101,Nettles,Jim,L,L,KCA,OF,Jim Nettles,1979,"A,Kansas City,Royals"
otisa001,Otis,Amos,R,R,KCA,OF,Amos Otis,1979,"A,Kansas City,Royals"
pascb101,Paschall,Bill,R,R,KCA,P,Bill Paschall,1979,"A,Kansas City,Royals"
patef101,Patek,Freddie,R,R,KCA,SS,Freddie Patek,1979,"A,Kansas City,Royals"
pattm101,Pattin,Marty,R,R,KCA,P,Marty Pattin,1979,"A,Kansas City,Royals"
poqut101,Poquette,Tom,L,R,KCA,OF,Tom Poquette,1979,"A,Kansas City,Royals"
portd001,Porter,Darrell,L,R,KCA,C,Darrell Porter,1979,"A,Kansas City,Royals"
quirj001,Quirk,Jamie,L,R,KCA,C,Jamie Quirk,1979,"A,Kansas City,Royals"
quisd001,Quisenberry,Dan,R,R,KCA,P,Dan Quisenberry,1979,"A,Kansas City,Royals"
rodre102,Rodriguez,Eduardo,R,R,KCA,P,Eduardo Rodriguez,1979,"A,Kansas City,Royals"
scotg102,Scott,George,R,R,KCA,1B,George Scott,1979,"A,Kansas City,Royals"
splip001,Splittorff,Paul,L,L,KCA,P,Paul Splittorff,1979,"A,Kansas City,Royals"
terrj101,Terrell,Jerry,R,R,KCA,3B,Jerry Terrell,1979,"A,Kansas City,Royals"
throg101,Throop,George,R,R,KCA,P,George Throop,1979,"A,Kansas City,Royals"
washu001,Washington,U L,B,R,KCA,SS,U L Washington,1979,"A,Kansas City,Royals"
wathj001,Wathan,John,R,R,KCA,1B,John Wathan,1979,"A,Kansas City,Royals"
whitf001,White,Frank,R,R,KCA,2B,Frank White,1979,"A,Kansas City,Royals"
wilsw001,Wilson,Willie,B,R,KCA,OF,Willie Wilson,1979,"A,Kansas City,Royals"
zdebj101,Zdeb,Joe,R,R,KCA,OF,Joe Zdeb,1979,"A,Kansas City,Royals"
