player_id,last,first,bats,throws,team_id,pos,player_name,year,team_name
agual001,Aguayo,Luis,R,R,PHI,3B,Luis Aguayo,1984,"N,Philadelphia,Phillies"
andel001,Andersen,Larry,R,R,PHI,P,Larry Andersen,1984,"N,Philadelphia,Phillies"
bystm001,Bystrom,Marty,R,R,PHI,P,Marty Bystrom,1984,"N,Philadelphia,Phillies"
campb001,Campbell,Bill,R,R,PHI,P,Bill Campbell,1984,"N,Philadelphia,Phillies"
carls001,Carlton,Steve,L,L,PHI,P,Steve Carlton,1984,"N,Philadelphia,Phillies"
carmd001,Carman,Don,L,L,PHI,P,Don Carman,1984,"N,Philadelphia,Phillies"
corct001,Corcoran,Tim,L,L,PHI,1B,Tim Corcoran,1984,"N,Philadelphia,Phillies"
dejei001,De Jesus,Ivan,R,R,PHI,SS,Ivan De Jesus,1984,"N,Philadelphia,Phillies"
dennj001,Denny,John,R,R,PHI,P,John Denny,1984,"N,Philadelphia,Phillies"
diazb001,Diaz,Bo,R,R,PHI,C,Bo Diaz,1984,"N,Philadelphia,Phillies"
fires001,Fireovid,Steve,B,R,PHI,P,Steve Fireovid,1984,"N,Philadelphia,Phillies"
garck001,Garcia,Kiko,R,R,PHI,SS,Kiko Garcia,1984,"N,Philadelphia,Phillies"
grosg001,Gross,Greg,L,L,PHI,OF,Greg Gross,1984,"N,Philadelphia,Phillies"
grosk001,Gross,Kevin,R,R,PHI,P,Kevin Gross,1984,"N,Philadelphia,Phillies"
hayev001,Hayes,Von,L,R,PHI,OF,Von Hayes,1984,"N,Philadelphia,Phillies"
holla001,Holland,Al,R,L,PHI,P,Al Holland,1984,"N,Philadelphia,Phillies"
hudsc001,Hudson,Charles,B,R,PHI,P,Charles Hudson,1984,"N,Philadelphia,Phillies"
jelts001,Jeltz,Steve,B,R,PHI,SS,Steve Jeltz,1984,"N,Philadelphia,Phillies"
kernj001,Kern,Jim,R,R,PHI,P,Jim Kern,1984,"N,Philadelphia,Phillies"
koosj001,Koosman,Jerry,R,L,PHI,P,Jerry Koosman,1984,"N,Philadelphia,Phillies"
lavam001,LaValliere,Mike,L,R,PHI,C,Mike LaValliere,1984,"N,Philadelphia,Phillies"
lefej001,Lefebvre,Joe,L,R,PHI,OF,Joe Lefebvre,1984,"N,Philadelphia,Phillies"
lezcs001,Lezcano,Sixto,R,R,PHI,OF,Sixto Lezcano,1984,"N,Philadelphia,Phillies"
maddg001,Maddox,Garry,R,R,PHI,OF,Garry Maddox,1984,"N,Philadelphia,Phillies"
martr001,Martin,Renie,R,R,PHI,P,Renie Martin,1984,"N,Philadelphia,Phillies"
matul001,Matuszek,Len,L,R,PHI,1B,Len Matuszek,1984,"N,Philadelphia,Phillies"
mcgrt001,McGraw,Tug,R,L,PHI,P,Tug McGraw,1984,"N,Philadelphia,Phillies"
melef001,Melendez,Francisco,L,L,PHI,1B,Francisco Melendez,1984,"N,Philadelphia,Phillies"
oliva001,Oliver,Al,L,L,PHI,1B,Al Oliver,1984,"N,Philadelphia,Phillies"
rawls001,Rawley,Shane,R,L,PHI,P,Shane Rawley,1984,"N,Philadelphia,Phillies"
russj002,Russell,John,R,R,PHI,OF,John Russell,1984,"N,Philadelphia,Phillies"
samuj001,Samuel,Juan,R,R,PHI,2B,Juan Samuel,1984,"N,Philadelphia,Phillies"
schmm001,Schmidt,Mike,R,R,PHI,3B,Mike Schmidt,1984,"N,Philadelphia,Phillies"
schur001,Schu,Rick,R,R,PHI,3B,Rick Schu,1984,"N,Philadelphia,Phillies"
stonj001,Stone,Jeff,L,R,PHI,OF,Jeff Stone,1984,"N,Philadelphia,Phillies"
virgo001,Virgil,Ozzie,R,R,PHI,C,Ozzie Virgil,1984,"N,Philadelphia,Phillies"
wehrd001,Wehrmeister,Dave,R,R,PHI,P,Dave Wehrmeister,1984,"N,Philadelphia,Phillies"
wilsg001,Wilson,Glenn,R,R,PHI,OF,Glenn Wilson,1984,"N,Philadelphia,Phillies"
wockj001,Wockenfuss,John,R,R,PHI,1B,John Wockenfuss,1984,"N,Philadelphia,Phillies"
bargg001,Bargar,Greg,R,R,MON,P,Greg Bargar,1984,"N,Montreal,Expos"
breif001,Breining,Fred,R,R,MON,P,Fred Breining,1984,"N,Montreal,Expos"
butes001,Butera,Sal,R,R,MON,C,Sal Butera,1984,"N,Montreal,Expos"
cartg001,Carter,Gary,R,R,MON,C,Gary Carter,1984,"N,Montreal,Expos"
dawsa001,Dawson,Andre,R,R,MON,OF,Andre Dawson,1984,"N,Montreal,Expos"
dilom001,Dilone,Miguel,B,R,MON,OF,Miguel Dilone,1984,"N,Montreal,Expos"
dried001,Driessen,Dan,L,R,MON,1B,Dan Driessen,1984,"N,Montreal,Expos"
flynd001,Flynn,Doug,R,R,MON,2B,Doug Flynn,1984,"N,Montreal,Expos"
frant001,Francona,Terry,L,L,MON,1B,Terry Francona,1984,"N,Montreal,Expos"
fuenm001,Fuentes,Mike,R,R,MON,OF,Mike Fuentes,1984,"N,Montreal,Expos"
gonzr001,Gonzales,Rene,R,R,MON,SS,Rene Gonzales,1984,"N,Montreal,Expos"
grapr001,Grapenthin,Rick,R,R,MON,P,Rick Grapenthin,1984,"N,Montreal,Expos"
gullb001,Gullickson,Bill,R,R,MON,P,Bill Gullickson,1984,"N,Montreal,Expos"
harrg001,Harris,Greg,B,R,MON,P,Greg Harris,1984,"N,Montreal,Expos"
heskj001,Hesketh,Joe,L,L,MON,P,Joe Hesketh,1984,"N,Montreal,Expos"
jameb001,James,Bob,R,R,MON,P,Bob James,1984,"N,Montreal,Expos"
johnr002,Johnson,Ron,R,R,MON,1B,Ron Johnson,1984,"N,Montreal,Expos"
johnr003,Johnson,Roy,L,L,MON,OF,Roy Johnson,1984,"N,Montreal,Expos"
johnw001,Johnson,Wallace,B,R,MON,1B,Wallace Johnson,1984,"N,Montreal,Expos"
lawlt001,Lawless,Tom,R,R,MON,2B,Tom Lawless,1984,"N,Montreal,Expos"
lea-c001,Lea,Charlie,R,R,MON,P,Charlie Lea,1984,"N,Montreal,Expos"
littb001,Little,Bryan,B,R,MON,2B,Bryan Little,1984,"N,Montreal,Expos"
lucag001,Lucas,Gary,L,L,MON,P,Gary Lucas,1984,"N,Montreal,Expos"
mcgaa001,McGaffigan,Andy,R,R,MON,P,Andy McGaffigan,1984,"N,Montreal,Expos"
palmd001,Palmer,David,R,R,MON,P,David Palmer,1984,"N,Montreal,Expos"
raint001,Raines,Tim,B,R,MON,OF,Tim Raines,1984,"N,Montreal,Expos"
ramor001,Ramos,Bobby,R,R,MON,C,Bobby Ramos,1984,"N,Montreal,Expos"
ramsm001,Ramsey,Mike,B,R,MON,SS,Mike Ramsey,1984,"N,Montreal,Expos"
rearj001,Reardon,Jeff,R,R,MON,P,Jeff Reardon,1984,"N,Montreal,Expos"
roges001,Rogers,Steve,R,R,MON,P,Steve Rogers,1984,"N,Montreal,Expos"
rosep001,Rose,Pete,B,R,MON,1B,Pete Rose,1984,"N,Montreal,Expos"
salaa001,Salazar,Angel,R,R,MON,SS,Angel Salazar,1984,"N,Montreal,Expos"
schad001,Schatzeder,Dan,L,L,MON,P,Dan Schatzeder,1984,"N,Montreal,Expos"
scott001,Scott,Tony,B,R,MON,OF,Tony Scott,1984,"N,Montreal,Expos"
shinr001,Shines,Razor,B,R,MON,1B,Razor Shines,1984,"N,Montreal,Expos"
smitb001,Smith,Bryn,R,R,MON,P,Bryn Smith,1984,"N,Montreal,Expos"
speic001,Speier,Chris,R,R,MON,SS,Chris Speier,1984,"N,Montreal,Expos"
stclr001,St. Claire,Randy,R,R,MON,P,Randy St. Claire,1984,"N,Montreal,Expos"
stenm001,Stenhouse,Mike,L,R,MON,OF,Mike Stenhouse,1984,"N,Montreal,Expos"
thomd001,Thomas,Derrel,B,R,MON,SS,Derrel Thomas,1984,"N,Montreal,Expos"
venam001,Venable,Max,L,R,MON,OF,Max Venable,1984,"N,Montreal,Expos"
wallt001,Wallach,Tim,R,R,MON,3B,Tim Wallach,1984,"N,Montreal,Expos"
wohlj001,Wohlford,Jim,R,R,MON,OF,Jim Wohlford,1984,"N,Montreal,Expos"
auguj001,Augustine,Jerry,L,L,MIL,P,Jerry Augustine,1984,"A,Milwaukee,Brewers"
beena001,Beene,Andy,R,R,MIL,P,Andy Beene,1984,"A,Milwaukee,Brewers"
broum001,Brouhard,Mark,R,R,MIL,OF,Mark Brouhard,1984,"A,Milwaukee,Brewers"
caldm001,Caldwell,Mike,R,L,MIL,P,Mike Caldwell,1984,"A,Milwaukee,Brewers"
candt001,Candiotti,Tom,R,R,MIL,P,Tom Candiotti,1984,"A,Milwaukee,Brewers"
clarb002,Clark,Bobby,R,R,MIL,OF,Bobby Clark,1984,"A,Milwaukee,Brewers"
cocaj001,Cocanower,Jaime,R,R,MIL,P,Jaime Cocanower,1984,"A,Milwaukee,Brewers"
coopc001,Cooper,Cecil,L,L,MIL,1B,Cecil Cooper,1984,"A,Milwaukee,Brewers"
fingr001,Fingers,Rollie,R,R,MIL,P,Rollie Fingers,1984,"A,Milwaukee,Brewers"
gantj001,Gantner,Jim,L,R,MIL,2B,Jim Gantner,1984,"A,Milwaukee,Brewers"
gibsb001,Gibson,Bob,R,R,MIL,P,Bob Gibson,1984,"A,Milwaukee,Brewers"
haasm001,Haas,Moose,R,R,MIL,P,Moose Haas,1984,"A,Milwaukee,Brewers"
hartp001,Hartzell,Paul,R,R,MIL,P,Paul Hartzell,1984,"A,Milwaukee,Brewers"
hower001,Howell,Roy,L,R,MIL,3B,Roy Howell,1984,"A,Milwaukee,Brewers"
jamed001,James,Dion,L,L,MIL,OF,Dion James,1984,"A,Milwaukee,Brewers"
kernj001,Kern,Jim,R,R,MIL,P,Jim Kern,1984,"A,Milwaukee,Brewers"
laddp001,Ladd,Pete,R,R,MIL,P,Pete Ladd,1984,"A,Milwaukee,Brewers"
lazoj001,Lazorko,Jack,R,R,MIL,P,Jack Lazorko,1984,"A,Milwaukee,Brewers"
lomad001,Loman,Doug,L,L,MIL,OF,Doug Loman,1984,"A,Milwaukee,Brewers"
lozaw001,Lozado,Willie,R,R,MIL,3B,Willie Lozado,1984,"A,Milwaukee,Brewers"
mannr001,Manning,Rick,L,R,MIL,OF,Rick Manning,1984,"A,Milwaukee,Brewers"
mcclb001,McClure,Bob,R,L,MIL,P,Bob McClure,1984,"A,Milwaukee,Brewers"
molip001,Molitor,Paul,R,R,MIL,3B,Paul Molitor,1984,"A,Milwaukee,Brewers"
moorc001,Moore,Charlie,R,R,MIL,OF,Charlie Moore,1984,"A,Milwaukee,Brewers"
oglib001,Oglivie,Ben,L,L,MIL,OF,Ben Oglivie,1984,"A,Milwaukee,Brewers"
portc001,Porter,Chuck,R,R,MIL,P,Chuck Porter,1984,"A,Milwaukee,Brewers"
readr001,Ready,Randy,R,R,MIL,3B,Randy Ready,1984,"A,Milwaukee,Brewers"
romee001,Romero,Ed,R,R,MIL,3B,Ed Romero,1984,"A,Milwaukee,Brewers"
schrb001,Schroeder,Bill,R,R,MIL,C,Bill Schroeder,1984,"A,Milwaukee,Brewers"
searr001,Searage,Ray,L,L,MIL,P,Ray Searage,1984,"A,Milwaukee,Brewers"
simmt001,Simmons,Ted,B,R,MIL,DH,Ted Simmons,1984,"A,Milwaukee,Brewers"
sundj001,Sundberg,Jim,R,R,MIL,C,Jim Sundberg,1984,"A,Milwaukee,Brewers"
suttd001,Sutton,Don,R,R,MIL,P,Don Sutton,1984,"A,Milwaukee,Brewers"
tellt001,Tellmann,Tom,R,R,MIL,P,Tom Tellmann,1984,"A,Milwaukee,Brewers"
waitr001,Waits,Rick,L,L,MIL,P,Rick Waits,1984,"A,Milwaukee,Brewers"
younr001,Yount,Robin,R,R,MIL,SS,Robin Yount,1984,"A,Milwaukee,Brewers"
agosj001,Agosto,Juan,L,L,CHA,P,Juan Agosto,1984,"A,Chicago,White Sox"
bainh001,Baines,Harold,L,L,CHA,OF,Harold Baines,1984,"A,Chicago,White Sox"
bannf001,Bannister,Floyd,L,L,CHA,P,Floyd Bannister,1984,"A,Chicago,White Sox"
baros001,Barojas,Salome,R,R,CHA,P,Salome Barojas,1984,"A,Chicago,White Sox"
bostd001,Boston,Daryl,L,L,CHA,OF,Daryl Boston,1984,"A,Chicago,White Sox"
brent001,Brennan,Tom,R,R,CHA,P,Tom Brennan,1984,"A,Chicago,White Sox"
burnb001,Burns,Britt,L,L,CHA,P,Britt Burns,1984,"A,Chicago,White Sox"
chris001,Christmas,Steve,L,R,CHA,C,Steve Christmas,1984,"A,Chicago,White Sox"
cruzj002,Cruz,Julio,B,R,CHA,2B,Julio Cruz,1984,"A,Chicago,White Sox"
dotsr001,Dotson,Richard,R,R,CHA,P,Richard Dotson,1984,"A,Chicago,White Sox"
dybzj001,Dybzinski,Jerry,R,R,CHA,SS,Jerry Dybzinski,1984,"A,Chicago,White Sox"
fallb001,Fallon,Bob,L,L,CHA,P,Bob Fallon,1984,"A,Chicago,White Sox"
fiskc001,Fisk,Carlton,R,R,CHA,C,Carlton Fisk,1984,"A,Chicago,White Sox"
flets001,Fletcher,Scott,R,R,CHA,SS,Scott Fletcher,1984,"A,Chicago,White Sox"
gleaj001,Gleaton,Jerry,L,L,CHA,P,Jerry Gleaton,1984,"A,Chicago,White Sox"
hairj001,Hairston,Jerry,B,R,CHA,OF,Jerry Hairston,1984,"A,Chicago,White Sox"
hillm001,Hill,Marc,R,R,CHA,C,Marc Hill,1984,"A,Chicago,White Sox"
hoytl001,Hoyt,LaMarr,R,R,CHA,P,LaMarr Hoyt,1984,"A,Chicago,White Sox"
hulet001,Hulett,Tim,R,R,CHA,3B,Tim Hulett,1984,"A,Chicago,White Sox"
jonea001,Jones,Al,R,R,CHA,P,Al Jones,1984,"A,Chicago,White Sox"
kittr001,Kittle,Ron,R,R,CHA,OF,Ron Kittle,1984,"A,Chicago,White Sox"
law-r001,Law,Rudy,L,L,CHA,OF,Rudy Law,1984,"A,Chicago,White Sox"
law-v001,Law,Vance,R,R,CHA,3B,Vance Law,1984,"A,Chicago,White Sox"
luzig001,Luzinski,Greg,R,R,CHA,DH,Greg Luzinski,1984,"A,Chicago,White Sox"
nelsg001,Nelson,Gene,R,R,CHA,P,Gene Nelson,1984,"A,Chicago,White Sox"
niemr001,Niemann,Randy,L,L,CHA,P,Randy Niemann,1984,"A,Chicago,White Sox"
omalt001,O'Malley,Tom,L,R,CHA,3B,Tom O'Malley,1984,"A,Chicago,White Sox"
pacit001,Paciorek,Tom,R,R,CHA,1B,Tom Paciorek,1984,"A,Chicago,White Sox"
parsc001,Parsons,Casey,L,R,CHA,PH,Casey Parsons,1984,"A,Chicago,White Sox"
quirj001,Quirk,Jamie,L,R,CHA,3B,Jamie Quirk,1984,"A,Chicago,White Sox"
reedr001,Reed,Ron,R,R,CHA,P,Ron Reed,1984,"A,Chicago,White Sox"
robeb001,Roberge,Bert,R,R,CHA,P,Bert Roberge,1984,"A,Chicago,White Sox"
seavt001,Seaver,Tom,R,R,CHA,P,Tom Seaver,1984,"A,Chicago,White Sox"
siwyj001,Siwy,Jim,R,R,CHA,P,Jim Siwy,1984,"A,Chicago,White Sox"
skinj001,Skinner,Joel,R,R,CHA,C,Joel Skinner,1984,"A,Chicago,White Sox"
smalr001,Smalley,Roy,B,R,CHA,3B,Roy Smalley,1984,"A,Chicago,White Sox"
spild001,Spillner,Dan,R,R,CHA,P,Dan Spillner,1984,"A,Chicago,White Sox"
squim001,Squires,Mike,L,L,CHA,1B,Mike Squires,1984,"A,Chicago,White Sox"
stegd001,Stegman,Dave,R,R,CHA,OF,Dave Stegman,1984,"A,Chicago,White Sox"
walkg001,Walker,Greg,L,R,CHA,1B,Greg Walker,1984,"A,Chicago,White Sox"
andej001,Anderson,Jim,R,R,TEX,SS,Jim Anderson,1984,"A,Texas,Rangers"
banna001,Bannister,Alan,R,R,TEX,2B,Alan Bannister,1984,"A,Texas,Rangers"
bellb001,Bell,Buddy,R,R,TEX,3B,Buddy Bell,1984,"A,Texas,Rangers"
bibbj001,Bibby,Jim,R,R,TEX,P,Jim Bibby,1984,"A,Texas,Rangers"
buckk001,Buckley,Kevin,R,R,TEX,DH,Kevin Buckley,1984,"A,Texas,Rangers"
darwd001,Darwin,Danny,R,R,TEX,P,Danny Darwin,1984,"A,Texas,Rangers"
dunbt001,Dunbar,Tom,L,L,TEX,OF,Tom Dunbar,1984,"A,Texas,Rangers"
folem001,Foley,Marv,L,R,TEX,C,Marv Foley,1984,"A,Texas,Rangers"
henkt001,Henke,Tom,R,R,TEX,P,Tom Henke,1984,"A,Texas,Rangers"
henrd001,Henry,Dwayne,R,R,TEX,P,Dwayne Henry,1984,"A,Texas,Rangers"
hostd001,Hostetler,Dave,R,R,TEX,1B,Dave Hostetler,1984,"A,Texas,Rangers"
hougc001,Hough,Charlie,R,R,TEX,P,Charlie Hough,1984,"A,Texas,Rangers"
joneb001,Jones,Bob,L,L,TEX,OF,Bob Jones,1984,"A,Texas,Rangers"
joneo001,Jones,Odell,R,R,TEX,P,Odell Jones,1984,"A,Texas,Rangers"
kunkj001,Kunkel,Jeff,R,R,TEX,SS,Jeff Kunkel,1984,"A,Texas,Rangers"
masom001,Mason,Mike,L,L,TEX,P,Mike Mason,1984,"A,Texas,Rangers"
mclaj001,McLaughlin,Joey,R,R,TEX,P,Joey McLaughlin,1984,"A,Texas,Rangers"
noled001,Noles,Dickie,R,R,TEX,P,Dickie Noles,1984,"A,Texas,Rangers"
obrip001,O'Brien,Pete,L,L,TEX,1B,Pete O'Brien,1984,"A,Texas,Rangers"
parrl002,Parrish,Larry,R,R,TEX,OF,Larry Parrish,1984,"A,Texas,Rangers"
richm001,Richardt,Mike,R,R,TEX,2B,Mike Richardt,1984,"A,Texas,Rangers"
rivem001,Rivers,Mickey,L,L,TEX,DH,Mickey Rivers,1984,"A,Texas,Rangers"
sampb001,Sample,Billy,R,R,TEX,OF,Billy Sample,1984,"A,Texas,Rangers"
schmd001,Schmidt,Dave J.,R,R,TEX,P,Dave J. Schmidt,1984,"A,Texas,Rangers"
scotd001,Scott,Donnie,B,R,TEX,C,Donnie Scott,1984,"A,Texas,Rangers"
steib001,Stein,Bill,R,R,TEX,2B,Bill Stein,1984,"A,Texas,Rangers"
stewd001,Stewart,Dave,R,R,TEX,P,Dave Stewart,1984,"A,Texas,Rangers"
tanaf001,Tanana,Frank,L,L,TEX,P,Frank Tanana,1984,"A,Texas,Rangers"
tobid001,Tobik,Dave,R,R,TEX,P,Dave Tobik,1984,"A,Texas,Rangers"
tollw001,Tolleson,Wayne,B,R,TEX,2B,Wayne Tolleson,1984,"A,Texas,Rangers"
wardg001,Ward,Gary,R,R,TEX,OF,Gary Ward,1984,"A,Texas,Rangers"
wilkc001,Wilkerson,Curt,B,R,TEX,SS,Curt Wilkerson,1984,"A,Texas,Rangers"
wrigg001,Wright,George,B,R,TEX,OF,George Wright,1984,"A,Texas,Rangers"
wrigr001,Wright,Ricky,L,L,TEX,P,Ricky Wright,1984,"A,Texas,Rangers"
yoste001,Yost,Ned,R,R,TEX,C,Ned Yost,1984,"A,Texas,Rangers"
abbog001,Abbott,Glenn,R,R,DET,P,Glenn Abbott,1984,"A,Detroit,Tigers"
aller001,Allen,Rod,R,R,DET,DH,Rod Allen,1984,"A,Detroit,Tigers"
baird001,Bair,Doug,R,R,DET,P,Doug Bair,1984,"A,Detroit,Tigers"
baked001,Baker,Doug,B,R,DET,SS,Doug Baker,1984,"A,Detroit,Tigers"
berej001,Berenguer,Juan,R,R,DET,P,Juan Berenguer,1984,"A,Detroit,Tigers"
bergd001,Bergman,Dave,L,L,DET,1B,Dave Bergman,1984,"A,Detroit,Tigers"
broot001,Brookens,Tom,R,R,DET,3B,Tom Brookens,1984,"A,Detroit,Tigers"
castm001,Castillo,Marty,R,R,DET,C,Marty Castillo,1984,"A,Detroit,Tigers"
earls001,Earl,Scott,R,R,DET,2B,Scott Earl,1984,"A,Detroit,Tigers"
evand001,Evans,Darrell,L,R,DET,DH,Darrell Evans,1984,"A,Detroit,Tigers"
garbb001,Garbey,Barbaro,R,R,DET,1B,Barbaro Garbey,1984,"A,Detroit,Tigers"
gibsk001,Gibson,Kirk,L,L,DET,OF,Kirk Gibson,1984,"A,Detroit,Tigers"
grubj001,Grubb,Johnny,L,R,DET,OF,Johnny Grubb,1984,"A,Detroit,Tigers"
hernl001,Herndon,Larry,R,R,DET,OF,Larry Herndon,1984,"A,Detroit,Tigers"
hernw001,Hernandez,Guillermo,L,L,DET,P,Guillermo Hernandez,1984,"A,Detroit,Tigers"
johnh001,Johnson,Howard,B,R,DET,3B,Howard Johnson,1984,"A,Detroit,Tigers"
joner002,Jones,Ruppert,L,L,DET,OF,Ruppert Jones,1984,"A,Detroit,Tigers"
kuntr001,Kuntz,Rusty,R,R,DET,OF,Rusty Kuntz,1984,"A,Detroit,Tigers"
lagam001,Laga,Mike,L,L,DET,1B,Mike Laga,1984,"A,Detroit,Tigers"
lemoc001,Lemon,Chet,R,R,DET,OF,Chet Lemon,1984,"A,Detroit,Tigers"
lopea001,Lopez,Aurelio,R,R,DET,P,Aurelio Lopez,1984,"A,Detroit,Tigers"
lowrd001,Lowry,Dwight,L,R,DET,C,Dwight Lowry,1984,"A,Detroit,Tigers"
masor001,Mason,Roger,R,R,DET,P,Roger Mason,1984,"A,Detroit,Tigers"
mongs001,Monge,Sid,B,L,DET,P,Sid Monge,1984,"A,Detroit,Tigers"
morrj001,Morris,Jack,R,R,DET,P,Jack Morris,1984,"A,Detroit,Tigers"
onear001,O'Neal,Randy,R,R,DET,P,Randy O'Neal,1984,"A,Detroit,Tigers"
parrl001,Parrish,Lance,R,R,DET,C,Lance Parrish,1984,"A,Detroit,Tigers"
petrd001,Petry,Dan,R,R,DET,P,Dan Petry,1984,"A,Detroit,Tigers"
rozed001,Rozema,Dave,R,R,DET,P,Dave Rozema,1984,"A,Detroit,Tigers"
scheb001,Scherrer,Bill,L,L,DET,P,Bill Scherrer,1984,"A,Detroit,Tigers"
simmn001,Simmons,Nelson,B,R,DET,OF,Nelson Simmons,1984,"A,Detroit,Tigers"
trama001,Trammell,Alan,R,R,DET,SS,Alan Trammell,1984,"A,Detroit,Tigers"
whitl001,Whitaker,Lou,L,R,DET,2B,Lou Whitaker,1984,"A,Detroit,Tigers"
wilcm001,Wilcox,Milt,R,R,DET,P,Milt Wilcox,1984,"A,Detroit,Tigers"
willc001,Willis,Carl,L,R,DET,P,Carl Willis,1984,"A,Detroit,Tigers"
aponl001,Aponte,Luis,R,R,CLE,P,Luis Aponte,1984,"A,Cleveland,Indians"
bandc001,Bando,Chris,B,R,CLE,C,Chris Bando,1984,"A,Cleveland,Indians"
barkj001,Barkley,Jeff,B,R,CLE,P,Jeff Barkley,1984,"A,Cleveland,Indians"
beher001,Behenna,Rick,R,R,CLE,P,Rick Behenna,1984,"A,Cleveland,Indians"
bernt001,Bernazard,Tony,B,R,CLE,2B,Tony Bernazard,1984,"A,Cleveland,Indians"
blylb001,Blyleven,Bert,R,R,CLE,P,Bert Blyleven,1984,"A,Cleveland,Indians"
butlb001,Butler,Brett,L,L,CLE,OF,Brett Butler,1984,"A,Cleveland,Indians"
camae001,Camacho,Ernie,R,R,CLE,P,Ernie Camacho,1984,"A,Cleveland,Indians"
cartj001,Carter,Joe,R,R,CLE,OF,Joe Carter,1984,"A,Cleveland,Indians"
castc001,Castillo,Carmelo,R,R,CLE,OF,Carmelo Castillo,1984,"A,Cleveland,Indians"
comes001,Comer,Steve,B,R,CLE,P,Steve Comer,1984,"A,Cleveland,Indians"
eastj001,Easterly,Jamie,L,L,CLE,P,Jamie Easterly,1984,"A,Cleveland,Indians"
farrs001,Farr,Steve,R,R,CLE,P,Steve Farr,1984,"A,Cleveland,Indians"
fiscm001,Fischlin,Mike,R,R,CLE,2B,Mike Fischlin,1984,"A,Cleveland,Indians"
franj002,Franco,Julio,R,R,CLE,SS,Julio Franco,1984,"A,Cleveland,Indians"
frazg001,Frazier,George,R,R,CLE,P,George Frazier,1984,"A,Cleveland,Indians"
hallm001,Hall,Mel,L,L,CLE,OF,Mel Hall,1984,"A,Cleveland,Indians"
hargm001,Hargrove,Mike,L,L,CLE,1B,Mike Hargrove,1984,"A,Cleveland,Indians"
hassr001,Hassey,Ron,L,R,CLE,C,Ron Hassey,1984,"A,Cleveland,Indians"
heatn001,Heaton,Neal,L,L,CLE,P,Neal Heaton,1984,"A,Cleveland,Indians"
jacob001,Jacoby,Brook,R,R,CLE,3B,Brook Jacoby,1984,"A,Cleveland,Indians"
jeffm001,Jeffcoat,Mike,L,L,CLE,P,Mike Jeffcoat,1984,"A,Cleveland,Indians"
moroj001,Moronko,Jeff,R,R,CLE,3B,Jeff Moronko,1984,"A,Cleveland,Indians"
nixoo001,Nixon,Otis,B,R,CLE,OF,Otis Nixon,1984,"A,Cleveland,Indians"
noboj001,Noboa,Junior,R,R,CLE,2B,Junior Noboa,1984,"A,Cleveland,Indians"
perkb001,Perkins,Broderick,L,L,CLE,DH,Broderick Perkins,1984,"A,Cleveland,Indians"
quirj001,Quirk,Jamie,L,R,CLE,C,Jamie Quirk,1984,"A,Cleveland,Indians"
rhomk001,Rhomberg,Kevin,R,R,CLE,OF,Kevin Rhomberg,1984,"A,Cleveland,Indians"
romaj001,Roman,Jose,R,R,CLE,P,Jose Roman,1984,"A,Cleveland,Indians"
romer001,Romero,Ramon,L,L,CLE,P,Ramon Romero,1984,"A,Cleveland,Indians"
schud001,Schulze,Don,R,R,CLE,P,Don Schulze,1984,"A,Cleveland,Indians"
smitr001,Smith,Roy,R,R,CLE,P,Roy Smith,1984,"A,Cleveland,Indians"
spild001,Spillner,Dan,R,R,CLE,P,Dan Spillner,1984,"A,Cleveland,Indians"
sutcr001,Sutcliffe,Rick,L,R,CLE,P,Rick Sutcliffe,1984,"A,Cleveland,Indians"
tablp001,Tabler,Pat,R,R,CLE,1B,Pat Tabler,1984,"A,Cleveland,Indians"
thora001,Thornton,Andre,R,R,CLE,DH,Andre Thornton,1984,"A,Cleveland,Indians"
ujduj001,Ujdur,Jerry,R,R,CLE,P,Jerry Ujdur,1984,"A,Cleveland,Indians"
vukog001,Vukovich,George,L,R,CLE,OF,George Vukovich,1984,"A,Cleveland,Indians"
waddt001,Waddell,Tom,R,R,CLE,P,Tom Waddell,1984,"A,Cleveland,Indians"
willj001,Willard,Jerry,L,R,CLE,C,Jerry Willard,1984,"A,Cleveland,Indians"
bellr001,Belliard,Rafael,R,R,PIT,SS,Rafael Belliard,1984,"N,Pittsburgh,Pirates"
berrd001,Berra,Dale,R,R,PIT,SS,Dale Berra,1984,"N,Pittsburgh,Pirates"
bielm001,Bielecki,Mike,R,R,PIT,P,Mike Bielecki,1984,"N,Pittsburgh,Pirates"
candj001,Candelaria,John,L,L,PIT,P,John Candelaria,1984,"N,Pittsburgh,Pirates"
delej001,DeLeon,Jose,R,R,PIT,P,Jose DeLeon,1984,"N,Pittsburgh,Pirates"
distb001,Distefano,Benny,L,L,PIT,OF,Benny Distefano,1984,"N,Pittsburgh,Pirates"
frobd001,Frobel,Doug,L,R,PIT,OF,Doug Frobel,1984,"N,Pittsburgh,Pirates"
gonzd001,Gonzalez,Denny,R,R,PIT,3B,Denny Gonzalez,1984,"N,Pittsburgh,Pirates"
greec001,Green,Chris,L,L,PIT,P,Chris Green,1984,"N,Pittsburgh,Pirates"
guanc001,Guante,Cecilio,R,R,PIT,P,Cecilio Guante,1984,"N,Pittsburgh,Pirates"
harpb001,Harper,Brian,R,R,PIT,OF,Brian Harper,1984,"N,Pittsburgh,Pirates"
krawr001,Krawczyk,Ray,R,R,PIT,P,Ray Krawczyk,1984,"N,Pittsburgh,Pirates"
lacyl001,Lacy,Lee,R,R,PIT,OF,Lee Lacy,1984,"N,Pittsburgh,Pirates"
madlb001,Madlock,Bill,R,R,PIT,3B,Bill Madlock,1984,"N,Pittsburgh,Pirates"
may-m001,May,Milt,L,R,PIT,C,Milt May,1984,"N,Pittsburgh,Pirates"
mazzl001,Mazzilli,Lee,B,R,PIT,OF,Lee Mazzilli,1984,"N,Pittsburgh,Pirates"
mcwil001,McWilliams,Larry,L,L,PIT,P,Larry McWilliams,1984,"N,Pittsburgh,Pirates"
morrj002,Morrison,Jim,R,R,PIT,3B,Jim Morrison,1984,"N,Pittsburgh,Pirates"
orsuj001,Orsulak,Joe,L,L,PIT,OF,Joe Orsulak,1984,"N,Pittsburgh,Pirates"
otisa001,Otis,Amos,R,R,PIT,OF,Amos Otis,1984,"N,Pittsburgh,Pirates"
pagem001,Page,Mitchell,L,R,PIT,PH,Mitchell Page,1984,"N,Pittsburgh,Pirates"
penat001,Pena,Tony,R,R,PIT,C,Tony Pena,1984,"N,Pittsburgh,Pirates"
pulia001,Pulido,Alfonso,L,L,PIT,P,Alfonso Pulido,1984,"N,Pittsburgh,Pirates"
ray-j001,Ray,Johnny,B,R,PIT,2B,Johnny Ray,1984,"N,Pittsburgh,Pirates"
rhodr001,Rhoden,Rick,R,R,PIT,P,Rick Rhoden,1984,"N,Pittsburgh,Pirates"
robid001,Robinson,Don,R,R,PIT,P,Don Robinson,1984,"N,Pittsburgh,Pirates"
scurr001,Scurry,Rod,L,L,PIT,P,Rod Scurry,1984,"N,Pittsburgh,Pirates"
tekuk001,Tekulve,Kent,R,R,PIT,P,Kent Tekulve,1984,"N,Pittsburgh,Pirates"
thomj001,Thompson,Jason,L,L,PIT,1B,Jason Thompson,1984,"N,Pittsburgh,Pirates"
tudoj001,Tudor,John,L,L,PIT,P,John Tudor,1984,"N,Pittsburgh,Pirates"
tunnl001,Tunnell,Lee,R,R,PIT,P,Lee Tunnell,1984,"N,Pittsburgh,Pirates"
varge001,Vargas,Eddie,R,R,PIT,1B,Eddie Vargas,1984,"N,Pittsburgh,Pirates"
walkb001,Walk,Bob,R,R,PIT,P,Bob Walk,1984,"N,Pittsburgh,Pirates"
winnj001,Winn,Jim,R,R,PIT,P,Jim Winn,1984,"N,Pittsburgh,Pirates"
wotur001,Wotus,Ron,R,R,PIT,SS,Ron Wotus,1984,"N,Pittsburgh,Pirates"
wynnm001,Wynne,Marvell,L,L,PIT,OF,Marvell Wynne,1984,"N,Pittsburgh,Pirates"
zaskj001,Zaske,Jeff,R,R,PIT,P,Jeff Zaske,1984,"N,Pittsburgh,Pirates"
bevak001,Bevacqua,Kurt,R,R,SDN,1B,Kurt Bevacqua,1984,"N,San Diego,Padres"
bochb002,Bochy,Bruce,R,R,SDN,C,Bruce Bochy,1984,"N,San Diego,Padres"
bookg001,Booker,Greg,R,R,SDN,P,Greg Booker,1984,"N,San Diego,Padres"
browb001,Brown,Bobby,B,R,SDN,OF,Bobby Brown,1984,"N,San Diego,Padres"
chiff001,Chiffer,Floyd,R,R,SDN,P,Floyd Chiffer,1984,"N,San Diego,Padres"
delel001,DeLeon,Luis,R,R,SDN,P,Luis DeLeon,1984,"N,San Diego,Padres"
dravd001,Dravecky,Dave,R,L,SDN,P,Dave Dravecky,1984,"N,San Diego,Padres"
flant001,Flannery,Tim,L,R,SDN,2B,Tim Flannery,1984,"N,San Diego,Padres"
garvs001,Garvey,Steve,R,R,SDN,1B,Steve Garvey,1984,"N,San Diego,Padres"
gossr001,Gossage,Rich,R,R,SDN,P,Rich Gossage,1984,"N,San Diego,Padres"
gwosd001,Gwosdz,Doug,R,R,SDN,C,Doug Gwosdz,1984,"N,San Diego,Padres"
gwynt001,Gwynn,Tony,L,L,SDN,OF,Tony Gwynn,1984,"N,San Diego,Padres"
harrg001,Harris,Greg,B,R,SDN,P,Greg Harris,1984,"N,San Diego,Padres"
hawka001,Hawkins,Andy,R,R,SDN,P,Andy Hawkins,1984,"N,San Diego,Padres"
kennt001,Kennedy,Terry,L,R,SDN,C,Terry Kennedy,1984,"N,San Diego,Padres"
leffc001,Lefferts,Craig,L,L,SDN,P,Craig Lefferts,1984,"N,San Diego,Padres"
lollt001,Lollar,Tim,L,L,SDN,P,Tim Lollar,1984,"N,San Diego,Padres"
martc001,Martinez,Carmelo,R,R,SDN,OF,Carmelo Martinez,1984,"N,San Diego,Padres"
mcrek001,McReynolds,Kevin,R,R,SDN,OF,Kevin McReynolds,1984,"N,San Diego,Padres"
mille001,Miller,Eddie,B,R,SDN,OF,Eddie Miller,1984,"N,San Diego,Padres"
mongs001,Monge,Sid,B,L,SDN,P,Sid Monge,1984,"N,San Diego,Padres"
nettg001,Nettles,Graig,L,R,SDN,3B,Graig Nettles,1984,"N,San Diego,Padres"
ramim001,Ramirez,Mario,R,R,SDN,SS,Mario Ramirez,1984,"N,San Diego,Padres"
roenr001,Roenicke,Ron,B,L,SDN,OF,Ron Roenicke,1984,"N,San Diego,Padres"
salal001,Salazar,Luis,R,R,SDN,3B,Luis Salazar,1984,"N,San Diego,Padres"
showe001,Show,Eric,R,R,SDN,P,Eric Show,1984,"N,San Diego,Padres"
summc001,Summers,Champ,L,R,SDN,1B,Champ Summers,1984,"N,San Diego,Padres"
tempg001,Templeton,Garry,B,R,SDN,SS,Garry Templeton,1984,"N,San Diego,Padres"
thurm001,Thurmond,Mark,L,L,SDN,P,Mark Thurmond,1984,"N,San Diego,Padres"
white001,Whitson,Ed,R,R,SDN,P,Ed Whitson,1984,"N,San Diego,Padres"
wigga001,Wiggins,Alan,B,R,SDN,2B,Alan Wiggins,1984,"N,San Diego,Padres"
ayalb001,Ayala,Benny,R,R,BAL,DH,Benny Ayala,1984,"A,Baltimore,Orioles"
boddm001,Boddicker,Mike,R,R,BAL,P,Mike Boddicker,1984,"A,Baltimore,Orioles"
browm001,Brown,Mark,B,R,BAL,P,Mark Brown,1984,"A,Baltimore,Orioles"
bumba001,Bumbry,Al,L,R,BAL,OF,Al Bumbry,1984,"A,Baltimore,Orioles"
cruzt001,Cruz,Todd,R,R,BAL,3B,Todd Cruz,1984,"A,Baltimore,Orioles"
dauer001,Dauer,Rich,R,R,BAL,2B,Rich Dauer,1984,"A,Baltimore,Orioles"
davis001,Davis,Storm,R,R,BAL,P,Storm Davis,1984,"A,Baltimore,Orioles"
dempr001,Dempsey,Rick,R,R,BAL,C,Rick Dempsey,1984,"A,Baltimore,Orioles"
dixok001,Dixon,Ken,B,R,BAL,P,Ken Dixon,1984,"A,Baltimore,Orioles"
dwyej001,Dwyer,Jim,L,L,BAL,OF,Jim Dwyer,1984,"A,Baltimore,Orioles"
flanm001,Flanagan,Mike,L,L,BAL,P,Mike Flanagan,1984,"A,Baltimore,Orioles"
fordd001,Ford,Dan,R,R,BAL,OF,Dan Ford,1984,"A,Baltimore,Orioles"
grosw001,Gross,Wayne,L,R,BAL,3B,Wayne Gross,1984,"A,Baltimore,Orioles"
jackr002,Jackson,Ron,R,R,BAL,3B,Ron Jackson,1984,"A,Baltimore,Orioles"
lowej001,Lowenstein,John,L,R,BAL,OF,John Lowenstein,1984,"A,Baltimore,Orioles"
martd001,Martinez,Dennis,R,R,BAL,P,Dennis Martinez,1984,"A,Baltimore,Orioles"
martt001,Martinez,Tippy,L,L,BAL,P,Tippy Martinez,1984,"A,Baltimore,Orioles"
mcgrs001,McGregor,Scott,B,L,BAL,P,Scott McGregor,1984,"A,Baltimore,Orioles"
murre001,Murray,Eddie,B,R,BAL,1B,Eddie Murray,1984,"A,Baltimore,Orioles"
nolaj001,Nolan,Joe,L,R,BAL,DH,Joe Nolan,1984,"A,Baltimore,Orioles"
pacej001,Pacella,John,R,R,BAL,P,John Pacella,1984,"A,Baltimore,Orioles"
palmj001,Palmer,Jim,R,R,BAL,P,Jim Palmer,1984,"A,Baltimore,Orioles"
rayff001,Rayford,Floyd,R,R,BAL,C,Floyd Rayford,1984,"A,Baltimore,Orioles"
ripkc001,Ripken,Cal,R,R,BAL,SS,Cal Ripken,1984,"A,Baltimore,Orioles"
rodrv001,Rodriguez,Vic,R,R,BAL,2B,Vic Rodriguez,1984,"A,Baltimore,Orioles"
roeng001,Roenicke,Gary,R,R,BAL,OF,Gary Roenicke,1984,"A,Baltimore,Orioles"
sakal001,Sakata,Lenn,R,R,BAL,2B,Lenn Sakata,1984,"A,Baltimore,Orioles"
sanco001,Sanchez,Orlando,L,R,BAL,C,Orlando Sanchez,1984,"A,Baltimore,Orioles"
sheel001,Sheets,Larry,L,R,BAL,OF,Larry Sheets,1984,"A,Baltimore,Orioles"
shelj001,Shelby,John,B,R,BAL,OF,John Shelby,1984,"A,Baltimore,Orioles"
singk001,Singleton,Ken,B,R,BAL,DH,Ken Singleton,1984,"A,Baltimore,Orioles"
sneln001,Snell,Nate,R,R,BAL,P,Nate Snell,1984,"A,Baltimore,Orioles"
stews001,Stewart,Sammy,R,R,BAL,P,Sammy Stewart,1984,"A,Baltimore,Orioles"
swagb001,Swaggerty,Bill,R,R,BAL,P,Bill Swaggerty,1984,"A,Baltimore,Orioles"
trabj001,Traber,Jim,L,L,BAL,DH,Jim Traber,1984,"A,Baltimore,Orioles"
undet001,Underwood,Tom,R,L,BAL,P,Tom Underwood,1984,"A,Baltimore,Orioles"
younm002,Young,Mike,B,R,BAL,OF,Mike Young,1984,"A,Baltimore,Orioles"
ackej001,Acker,Jim,R,R,TOR,P,Jim Acker,1984,"A,Toronto,Blue Jays"
aikew001,Aikens,Willie,L,R,TOR,DH,Willie Aikens,1984,"A,Toronto,Blue Jays"
alexd001,Alexander,Doyle,R,R,TOR,P,Doyle Alexander,1984,"A,Toronto,Blue Jays"
barfj001,Barfield,Jesse,R,R,TOR,OF,Jesse Barfield,1984,"A,Toronto,Blue Jays"
bellg001,Bell,George,R,R,TOR,OF,George Bell,1984,"A,Toronto,Blue Jays"
clanj001,Clancy,Jim,R,R,TOR,P,Jim Clancy,1984,"A,Toronto,Blue Jays"
clarb001,Clark,Bryan,L,L,TOR,P,Bryan Clark,1984,"A,Toronto,Blue Jays"
colld001,Collins,Dave,B,L,TOR,OF,Dave Collins,1984,"A,Toronto,Blue Jays"
fernt001,Fernandez,Tony,B,R,TOR,SS,Tony Fernandez,1984,"A,Toronto,Blue Jays"
garcd001,Garcia,Damaso,R,R,TOR,2B,Damaso Garcia,1984,"A,Toronto,Blue Jays"
gottj001,Gott,Jim,R,R,TOR,P,Jim Gott,1984,"A,Toronto,Blue Jays"
grifa001,Griffin,Alfredo,B,R,TOR,SS,Alfredo Griffin,1984,"A,Toronto,Blue Jays"
grubk001,Gruber,Kelly,R,R,TOR,3B,Kelly Gruber,1984,"A,Toronto,Blue Jays"
hernt001,Hernandez,Toby,R,R,TOR,C,Toby Hernandez,1984,"A,Toronto,Blue Jays"
iorgg001,Iorg,Garth,R,R,TOR,3B,Garth Iorg,1984,"A,Toronto,Blue Jays"
jackr003,Jackson,Roy Lee,R,R,TOR,P,Roy Lee Jackson,1984,"A,Toronto,Blue Jays"
johnc001,Johnson,Cliff,R,R,TOR,DH,Cliff Johnson,1984,"A,Toronto,Blue Jays"
key-j001,Key,Jimmy,R,L,TOR,P,Jimmy Key,1984,"A,Toronto,Blue Jays"
lampd001,Lamp,Dennis,R,R,TOR,P,Dennis Lamp,1984,"A,Toronto,Blue Jays"
leacr001,Leach,Rick,L,L,TOR,OF,Rick Leach,1984,"A,Toronto,Blue Jays"
leall001,Leal,Luis,R,R,TOR,P,Luis Leal,1984,"A,Toronto,Blue Jays"
manrf001,Manrique,Fred,R,R,TOR,2B,Fred Manrique,1984,"A,Toronto,Blue Jays"
martb001,Martinez,Buck,R,R,TOR,C,Buck Martinez,1984,"A,Toronto,Blue Jays"
mclaj001,McLaughlin,Joey,R,R,TOR,P,Joey McLaughlin,1984,"A,Toronto,Blue Jays"
mosel001,Moseby,Lloyd,L,R,TOR,OF,Lloyd Moseby,1984,"A,Toronto,Blue Jays"
mullr001,Mulliniks,Rance,L,R,TOR,3B,Rance Mulliniks,1984,"A,Toronto,Blue Jays"
mussr001,Musselman,Ron,R,R,TOR,P,Ron Musselman,1984,"A,Toronto,Blue Jays"
petrg001,Petralli,Geno,L,R,TOR,C,Geno Petralli,1984,"A,Toronto,Blue Jays"
shepr001,Shepherd,Ron,R,R,TOR,OF,Ron Shepherd,1984,"A,Toronto,Blue Jays"
stied001,Stieb,Dave,R,R,TOR,P,Dave Stieb,1984,"A,Toronto,Blue Jays"
upshw001,Upshaw,Willie,L,L,TOR,1B,Willie Upshaw,1984,"A,Toronto,Blue Jays"
websm001,Webster,Mitch,B,L,TOR,OF,Mitch Webster,1984,"A,Toronto,Blue Jays"
white002,Whitt,Ernie,L,R,TOR,C,Ernie Whitt,1984,"A,Toronto,Blue Jays"
backw001,Backman,Wally,B,R,NYN,2B,Wally Backman,1984,"N,New York,Mets"
beanb001,Beane,Billy,R,R,NYN,OF,Billy Beane,1984,"N,New York,Mets"
bereb001,Berenyi,Bruce,R,R,NYN,P,Bruce Berenyi,1984,"N,New York,Mets"
brooh001,Brooks,Hubie,R,R,NYN,3B,Hubie Brooks,1984,"N,New York,Mets"
chapk001,Chapman,Kelvin,R,R,NYN,2B,Kelvin Chapman,1984,"N,New York,Mets"
chrij001,Christensen,John,R,R,NYN,OF,John Christensen,1984,"N,New York,Mets"
darlr001,Darling,Ron,R,R,NYN,P,Ron Darling,1984,"N,New York,Mets"
ferns001,Fernandez,Sid,L,L,NYN,P,Sid Fernandez,1984,"N,New York,Mets"
fitzm001,Fitzgerald,Mike,R,R,NYN,C,Mike Fitzgerald,1984,"N,New York,Mets"
fostg001,Foster,George,R,R,NYN,OF,George Foster,1984,"N,New York,Mets"
gaffb001,Gaff,Brent,R,R,NYN,P,Brent Gaff,1984,"N,New York,Mets"
gardr001,Gardenhire,Ron,R,R,NYN,SS,Ron Gardenhire,1984,"N,New York,Mets"
gardw001,Gardner,Wes,R,R,NYN,P,Wes Gardner,1984,"N,New York,Mets"
gibbj001,Gibbons,John,R,R,NYN,C,John Gibbons,1984,"N,New York,Mets"
goodd001,Gooden,Dwight,R,R,NYN,P,Dwight Gooden,1984,"N,New York,Mets"
gormt001,Gorman,Tom,L,L,NYN,P,Tom Gorman,1984,"N,New York,Mets"
heepd001,Heep,Danny,L,L,NYN,OF,Danny Heep,1984,"N,New York,Mets"
hernk001,Hernandez,Keith,L,L,NYN,1B,Keith Hernandez,1984,"N,New York,Mets"
hodgr001,Hodges,Ron,L,R,NYN,C,Ron Hodges,1984,"N,New York,Mets"
joner001,Jones,Ross,R,R,NYN,SS,Ross Jones,1984,"N,New York,Mets"
knigr001,Knight,Ray,R,R,NYN,3B,Ray Knight,1984,"N,New York,Mets"
leart001,Leary,Tim,R,R,NYN,P,Tim Leary,1984,"N,New York,Mets"
lynce001,Lynch,Ed,R,R,NYN,P,Ed Lynch,1984,"N,New York,Mets"
martj001,Martin,Jerry,R,R,NYN,OF,Jerry Martin,1984,"N,New York,Mets"
mitck001,Mitchell,Kevin,R,R,NYN,3B,Kevin Mitchell,1984,"N,New York,Mets"
oquej001,Oquendo,Jose,B,R,NYN,SS,Jose Oquendo,1984,"N,New York,Mets"
orosj001,Orosco,Jesse,R,L,NYN,P,Jesse Orosco,1984,"N,New York,Mets"
ortij001,Ortiz,Junior,R,R,NYN,C,Junior Ortiz,1984,"N,New York,Mets"
santr001,Santana,Rafael,R,R,NYN,SS,Rafael Santana,1984,"N,New York,Mets"
schic001,Schiraldi,Calvin,R,R,NYN,P,Calvin Schiraldi,1984,"N,New York,Mets"
siskd001,Sisk,Doug,R,R,NYN,P,Doug Sisk,1984,"N,New York,Mets"
staur001,Staub,Rusty,L,R,NYN,1B,Rusty Staub,1984,"N,New York,Mets"
steaj001,Stearns,John,R,R,NYN,C,John Stearns,1984,"N,New York,Mets"
strad001,Strawberry,Darryl,L,L,NYN,OF,Darryl Strawberry,1984,"N,New York,Mets"
swanc001,Swan,Craig,R,R,NYN,P,Craig Swan,1984,"N,New York,Mets"
terrw001,Terrell,Walt,L,R,NYN,P,Walt Terrell,1984,"N,New York,Mets"
tidrd001,Tidrow,Dick,R,R,NYN,P,Dick Tidrow,1984,"N,New York,Mets"
torrm001,Torrez,Mike,R,R,NYN,P,Mike Torrez,1984,"N,New York,Mets"
wilsm001,Wilson,Mookie,B,R,NYN,OF,Mookie Wilson,1984,"N,New York,Mets"
winnh001,Winningham,Herm,L,R,NYN,OF,Herm Winningham,1984,"N,New York,Mets"
browd001,Brown,Darrell,B,R,MIN,OF,Darrell Brown,1984,"A,Minnesota,Twins"
brunt001,Brunansky,Tom,R,R,MIN,OF,Tom Brunansky,1984,"A,Minnesota,Twins"
bushr001,Bush,Randy,L,L,MIN,DH,Randy Bush,1984,"A,Minnesota,Twins"
butcj001,Butcher,John,R,R,MIN,P,John Butcher,1984,"A,Minnesota,Twins"
castj001,Castino,John,R,R,MIN,3B,John Castino,1984,"A,Minnesota,Twins"
castr001,Castillo,Bobby,R,R,MIN,P,Bobby Castillo,1984,"A,Minnesota,Twins"
comsk001,Comstock,Keith,L,L,MIN,P,Keith Comstock,1984,"A,Minnesota,Twins"
davia001,David,Andre,L,L,MIN,OF,Andre David,1984,"A,Minnesota,Twins"
davir001,Davis,Ron,R,R,MIN,P,Ron Davis,1984,"A,Minnesota,Twins"
eisej001,Eisenreich,Jim,L,L,MIN,DH,Jim Eisenreich,1984,"A,Minnesota,Twins"
engld001,Engle,Dave,R,R,MIN,C,Dave Engle,1984,"A,Minnesota,Twins"
espia001,Espinoza,Alvaro,R,R,MIN,SS,Alvaro Espinoza,1984,"A,Minnesota,Twins"
faedl001,Faedo,Lenny,R,R,MIN,SS,Lenny Faedo,1984,"A,Minnesota,Twins"
filsp001,Filson,Pete,B,L,MIN,P,Pete Filson,1984,"A,Minnesota,Twins"
gaetg001,Gaetti,Gary,R,R,MIN,3B,Gary Gaetti,1984,"A,Minnesota,Twins"
gagng001,Gagne,Greg,R,R,MIN,PH,Greg Gagne,1984,"A,Minnesota,Twins"
hartm001,Hart,Mike,L,L,MIN,OF,Mike Hart,1984,"A,Minnesota,Twins"
hatcm001,Hatcher,Mickey,R,R,MIN,OF,Mickey Hatcher,1984,"A,Minnesota,Twins"
hodge001,Hodge,Ed,L,L,MIN,P,Ed Hodge,1984,"A,Minnesota,Twins"
hrbek001,Hrbek,Kent,L,R,MIN,1B,Kent Hrbek,1984,"A,Minnesota,Twins"
jimeh001,Jimenez,Houston,R,R,MIN,SS,Houston Jimenez,1984,"A,Minnesota,Twins"
laudt001,Laudner,Tim,R,R,MIN,C,Tim Laudner,1984,"A,Minnesota,Twins"
lysar001,Lysander,Rick,R,R,MIN,P,Rick Lysander,1984,"A,Minnesota,Twins"
meied001,Meier,Dave,R,R,MIN,OF,Dave Meier,1984,"A,Minnesota,Twins"
oconj001,O'Connor,Jack,L,L,MIN,P,Jack O'Connor,1984,"A,Minnesota,Twins"
pashl001,Pashnick,Larry,R,R,MIN,P,Larry Pashnick,1984,"A,Minnesota,Twins"
puckk001,Puckett,Kirby,R,R,MIN,OF,Kirby Puckett,1984,"A,Minnesota,Twins"
putnp001,Putnam,Pat,L,R,MIN,DH,Pat Putnam,1984,"A,Minnesota,Twins"
reedj001,Reed,Jeff,L,R,MIN,C,Jeff Reed,1984,"A,Minnesota,Twins"
schrk001,Schrom,Ken,R,R,MIN,P,Ken Schrom,1984,"A,Minnesota,Twins"
smitm002,Smithson,Mike,R,R,MIN,P,Mike Smithson,1984,"A,Minnesota,Twins"
speic001,Speier,Chris,R,R,MIN,SS,Chris Speier,1984,"A,Minnesota,Twins"
teuft001,Teufel,Tim,R,R,MIN,2B,Tim Teufel,1984,"A,Minnesota,Twins"
violf001,Viola,Frank,L,L,MIN,P,Frank Viola,1984,"A,Minnesota,Twins"
waltm001,Walters,Mike,R,R,MIN,P,Mike Walters,1984,"A,Minnesota,Twins"
wardc001,Wardle,Curt,L,L,MIN,P,Curt Wardle,1984,"A,Minnesota,Twins"
washr001,Washington,Ron,R,R,MIN,SS,Ron Washington,1984,"A,Minnesota,Twins"
whitl003,Whitehouse,Len,L,L,MIN,P,Len Whitehouse,1984,"A,Minnesota,Twins"
willa001,Williams,Albert,R,R,MIN,P,Albert Williams,1984,"A,Minnesota,Twins"
ashba001,Ashby,Alan,B,R,HOU,C,Alan Ashby,1984,"N,Houston,Astros"
bailm001,Bailey,Mark,B,R,HOU,C,Mark Bailey,1984,"N,Houston,Astros"
banna001,Bannister,Alan,R,R,HOU,SS,Alan Bannister,1984,"N,Houston,Astros"
bassk001,Bass,Kevin,B,R,HOU,OF,Kevin Bass,1984,"N,Houston,Astros"
cabee001,Cabell,Enos,R,R,HOU,1B,Enos Cabell,1984,"N,Houston,Astros"
calhj001,Calhoun,Jeff,L,L,HOU,P,Jeff Calhoun,1984,"N,Houston,Astros"
cruzj001,Cruz,Jose,L,L,HOU,OF,Jose Cruz,1984,"N,Houston,Astros"
davig001,Davis,Glenn,R,R,HOU,1B,Glenn Davis,1984,"N,Houston,Astros"
dawlb001,Dawley,Bill,R,R,HOU,P,Bill Dawley,1984,"N,Houston,Astros"
dipif001,DiPino,Frank,L,L,HOU,P,Frank DiPino,1984,"N,Houston,Astros"
dorab001,Doran,Bill,B,R,HOU,2B,Bill Doran,1984,"N,Houston,Astros"
garnp001,Garner,Phil,R,R,HOU,3B,Phil Garner,1984,"N,Houston,Astros"
knepb001,Knepper,Bob,L,L,HOU,P,Bob Knepper,1984,"N,Houston,Astros"
knigr001,Knight,Ray,R,R,HOU,3B,Ray Knight,1984,"N,Houston,Astros"
lacom001,LaCoss,Mike,R,R,HOU,P,Mike LaCoss,1984,"N,Houston,Astros"
maddm001,Madden,Mike,L,L,HOU,P,Mike Madden,1984,"N,Houston,Astros"
mumpj001,Mumphrey,Jerry,B,R,HOU,OF,Jerry Mumphrey,1984,"N,Houston,Astros"
niekj001,Niekro,Joe,R,R,HOU,P,Joe Niekro,1984,"N,Houston,Astros"
pankj001,Pankovits,Jim,R,R,HOU,2B,Jim Pankovits,1984,"N,Houston,Astros"
penab001,Pena,Bert,R,R,HOU,SS,Bert Pena,1984,"N,Houston,Astros"
puhlt001,Puhl,Terry,L,R,HOU,OF,Terry Puhl,1984,"N,Houston,Astros"
reync001,Reynolds,Craig,L,R,HOU,SS,Craig Reynolds,1984,"N,Houston,Astros"
richm001,Richardt,Mike,R,R,HOU,PH,Mike Richardt,1984,"N,Houston,Astros"
rossm001,Ross,Mark,R,R,HOU,P,Mark Ross,1984,"N,Houston,Astros"
ruhlv001,Ruhle,Vern,R,R,HOU,P,Vern Ruhle,1984,"N,Houston,Astros"
ryann001,Ryan,Nolan,R,R,HOU,P,Nolan Ryan,1984,"N,Houston,Astros"
sambj001,Sambito,Joe,L,L,HOU,P,Joe Sambito,1984,"N,Houston,Astros"
scotm001,Scott,Mike,R,R,HOU,P,Mike Scott,1984,"N,Houston,Astros"
scott001,Scott,Tony,B,R,HOU,OF,Tony Scott,1984,"N,Houston,Astros"
smitd001,Smith,Dave,R,R,HOU,P,Dave Smith,1984,"N,Houston,Astros"
solaj001,Solano,Julio,R,R,HOU,P,Julio Solano,1984,"N,Houston,Astros"
spilh001,Spilman,Harry,L,R,HOU,1B,Harry Spilman,1984,"N,Houston,Astros"
thond001,Thon,Dickie,R,R,HOU,SS,Dickie Thon,1984,"N,Houston,Astros"
tolmt001,Tolman,Tim,R,R,HOU,OF,Tim Tolman,1984,"N,Houston,Astros"
walld001,Walling,Denny,L,R,HOU,3B,Denny Walling,1984,"N,Houston,Astros"
wiegt001,Wieghaus,Tom,R,R,HOU,C,Tom Wieghaus,1984,"N,Houston,Astros"
aased001,Aase,Don,R,R,CAL,P,Don Aase,1984,"A,California,Angels"
benij001,Beniquez,Juan,R,R,CAL,OF,Juan Beniquez,1984,"A,California,Angels"
boonb001,Boone,Bob,R,R,CAL,C,Bob Boone,1984,"A,California,Angels"
browm002,Brown,Mike,R,R,CAL,OF,Mike Brown,1984,"A,California,Angels"
brows001,Brown,Steve,R,R,CAL,P,Steve Brown,1984,"A,California,Angels"
burlr001,Burleson,Rick,R,R,CAL,PH,Rick Burleson,1984,"A,California,Angels"
carer001,Carew,Rod,L,R,CAL,1B,Rod Carew,1984,"A,California,Angels"
clibs001,Cliburn,Stew,R,R,CAL,P,Stew Cliburn,1984,"A,California,Angels"
corbd001,Corbett,Doug,R,R,CAL,P,Doug Corbett,1984,"A,California,Angels"
curtj001,Curtis,John,L,L,CAL,P,John Curtis,1984,"A,California,Angels"
decid001,DeCinces,Doug,R,R,CAL,3B,Doug DeCinces,1984,"A,California,Angels"
downb001,Downing,Brian,R,R,CAL,OF,Brian Downing,1984,"A,California,Angels"
forsk001,Forsch,Ken,R,R,CAL,P,Ken Forsch,1984,"A,California,Angels"
gricb001,Grich,Bobby,R,R,CAL,2B,Bobby Grich,1984,"A,California,Angels"
jackr001,Jackson,Reggie,L,L,CAL,DH,Reggie Jackson,1984,"A,California,Angels"
jackr002,Jackson,Ron,R,R,CAL,1B,Ron Jackson,1984,"A,California,Angels"
johnt001,John,Tommy,R,L,CAL,P,Tommy John,1984,"A,California,Angels"
kaufc001,Kaufman,Curt,R,R,CAL,P,Curt Kaufman,1984,"A,California,Angels"
kisob001,Kison,Bruce,R,R,CAL,P,Bruce Kison,1984,"A,California,Angels"
lacof001,LaCorte,Frank,R,R,CAL,P,Frank LaCorte,1984,"A,California,Angels"
lynnf001,Lynn,Fred,L,L,CAL,OF,Fred Lynn,1984,"A,California,Angels"
milld001,Miller,Darrell,R,R,CAL,1B,Darrell Miller,1984,"A,California,Angels"
narrj001,Narron,Jerry,L,R,CAL,C,Jerry Narron,1984,"A,California,Angels"
pettg001,Pettis,Gary,B,R,CAL,OF,Gary Pettis,1984,"A,California,Angels"
piccr001,Picciolo,Rob,R,R,CAL,SS,Rob Picciolo,1984,"A,California,Angels"
romar001,Romanick,Ron,R,R,CAL,P,Ron Romanick,1984,"A,California,Angels"
sancl001,Sanchez,Luis,R,R,CAL,P,Luis Sanchez,1984,"A,California,Angels"
schod001,Schofield,Dick,R,R,CAL,SS,Dick Schofield,1984,"A,California,Angels"
scond001,Sconiers,Daryl,L,L,CAL,1B,Daryl Sconiers,1984,"A,California,Angels"
slatj001,Slaton,Jim,R,R,CAL,P,Jim Slaton,1984,"A,California,Angels"
smitd002,Smith,Dave,R,R,CAL,P,Dave Smith,1984,"A,California,Angels"
steir001,Steirer,Rick,R,R,CAL,P,Rick Steirer,1984,"A,California,Angels"
swanc001,Swan,Craig,R,R,CAL,P,Craig Swan,1984,"A,California,Angels"
thomd001,Thomas,Derrel,B,R,CAL,OF,Derrel Thomas,1984,"A,California,Angels"
wilfr001,Wilfong,Rob,L,R,CAL,2B,Rob Wilfong,1984,"A,California,Angels"
wittm001,Witt,Mike,R,R,CAL,P,Mike Witt,1984,"A,California,Angels"
zahng001,Zahn,Geoff,L,L,CAL,P,Geoff Zahn,1984,"A,California,Angels"
amele001,Amelung,Ed,L,L,LAN,OF,Ed Amelung,1984,"N,Los Angeles,Dodgers"
anded001,Anderson,Dave,R,R,LAN,SS,Dave Anderson,1984,"N,Los Angeles,Dodgers"
bailb001,Bailor,Bob,R,R,LAN,2B,Bob Bailor,1984,"N,Los Angeles,Dodgers"
breas001,Bream,Sid,L,L,LAN,1B,Sid Bream,1984,"N,Los Angeles,Dodgers"
brewt001,Brewer,Tony,R,R,LAN,OF,Tony Brewer,1984,"N,Los Angeles,Dodgers"
brocg001,Brock,Greg,L,R,LAN,1B,Greg Brock,1984,"N,Los Angeles,Dodgers"
diazc001,Diaz,Carlos,R,L,LAN,P,Carlos Diaz,1984,"N,Los Angeles,Dodgers"
fimpj001,Fimple,Jack,R,R,LAN,C,Jack Fimple,1984,"N,Los Angeles,Dodgers"
guerp001,Guerrero,Pedro,R,R,LAN,3B,Pedro Guerrero,1984,"N,Los Angeles,Dodgers"
herso001,Hershiser,Orel,R,R,LAN,P,Orel Hershiser,1984,"N,Los Angeles,Dodgers"
honer001,Honeycutt,Rick,L,L,LAN,P,Rick Honeycutt,1984,"N,Los Angeles,Dodgers"
hootb001,Hooton,Burt,R,R,LAN,P,Burt Hooton,1984,"N,Los Angeles,Dodgers"
howek001,Howell,Ken,R,R,LAN,P,Ken Howell,1984,"N,Los Angeles,Dodgers"
landk001,Landreaux,Ken,L,R,LAN,OF,Ken Landreaux,1984,"N,Los Angeles,Dodgers"
landr001,Landestoy,Rafael,B,R,LAN,2B,Rafael Landestoy,1984,"N,Los Angeles,Dodgers"
maldc001,Maldonado,Candy,R,R,LAN,OF,Candy Maldonado,1984,"N,Los Angeles,Dodgers"
marsm001,Marshall,Mike,R,R,LAN,OF,Mike Marshall,1984,"N,Los Angeles,Dodgers"
milll001,Miller,Lemmie,R,R,LAN,OF,Lemmie Miller,1984,"N,Los Angeles,Dodgers"
mondr001,Monday,Rick,L,L,LAN,1B,Rick Monday,1984,"N,Los Angeles,Dodgers"
moraj001,Morales,Jose,R,R,LAN,PH,Jose Morales,1984,"N,Los Angeles,Dodgers"
niedt001,Niedenfuer,Tom,R,R,LAN,P,Tom Niedenfuer,1984,"N,Los Angeles,Dodgers"
penaa001,Pena,Alejandro,R,R,LAN,P,Alejandro Pena,1984,"N,Los Angeles,Dodgers"
reusj001,Reuss,Jerry,L,L,LAN,P,Jerry Reuss,1984,"N,Los Angeles,Dodgers"
reyeg001,Reyes,Gil,R,R,LAN,C,Gil Reyes,1984,"N,Los Angeles,Dodgers"
reynr001,Reynolds,R.J.,B,R,LAN,OF,R.J. Reynolds,1984,"N,Los Angeles,Dodgers"
riveg001,Rivera,German,R,R,LAN,3B,German Rivera,1984,"N,Los Angeles,Dodgers"
rodar001,Rodas,Rich,L,L,LAN,P,Rich Rodas,1984,"N,Los Angeles,Dodgers"
russb001,Russell,Bill,R,R,LAN,SS,Bill Russell,1984,"N,Los Angeles,Dodgers"
sax-s001,Sax,Steve,R,R,LAN,2B,Steve Sax,1984,"N,Los Angeles,Dodgers"
sciom001,Scioscia,Mike,L,R,LAN,C,Mike Scioscia,1984,"N,Los Angeles,Dodgers"
stubf001,Stubbs,Franklin,L,L,LAN,1B,Franklin Stubbs,1984,"N,Los Angeles,Dodgers"
vailm001,Vail,Mike,R,R,LAN,OF,Mike Vail,1984,"N,Los Angeles,Dodgers"
valef001,Valenzuela,Fernando,L,L,LAN,P,Fernando Valenzuela,1984,"N,Los Angeles,Dodgers"
welcb001,Welch,Bob,R,R,LAN,P,Bob Welch,1984,"N,Los Angeles,Dodgers"
whitl002,White,Larry,R,R,LAN,P,Larry White,1984,"N,Los Angeles,Dodgers"
whitt001,Whitfield,Terry,L,R,LAN,OF,Terry Whitfield,1984,"N,Los Angeles,Dodgers"
yeags001,Yeager,Steve,R,R,LAN,C,Steve Yeager,1984,"N,Los Angeles,Dodgers"
zachp001,Zachry,Pat,R,R,LAN,P,Pat Zachry,1984,"N,Los Angeles,Dodgers"
allen001,Allen,Neil,R,R,SLN,P,Neil Allen,1984,"N,St. Louis,Cardinals"
anduj001,Andujar,Joaquin,B,R,SLN,P,Joaquin Andujar,1984,"N,St. Louis,Cardinals"
braus001,Braun,Steve,L,R,SLN,OF,Steve Braun,1984,"N,St. Louis,Cardinals"
brumg001,Brummer,Glenn,R,R,SLN,C,Glenn Brummer,1984,"N,St. Louis,Cardinals"
citar001,Citarella,Ralph,R,R,SLN,P,Ralph Citarella,1984,"N,St. Louis,Cardinals"
cox-d001,Cox,Danny,R,R,SLN,P,Danny Cox,1984,"N,St. Louis,Cardinals"
daylk001,Dayley,Ken,L,L,SLN,P,Ken Dayley,1984,"N,St. Louis,Cardinals"
forsb001,Forsch,Bob,R,R,SLN,P,Bob Forsch,1984,"N,St. Louis,Cardinals"
greed001,Green,David,R,R,SLN,1B,David Green,1984,"N,St. Louis,Cardinals"
hagek001,Hagen,Kevin,R,R,SLN,P,Kevin Hagen,1984,"N,St. Louis,Cardinals"
hassa001,Hassler,Andy,L,L,SLN,P,Andy Hassler,1984,"N,St. Louis,Cardinals"
hendg001,Hendrick,George,R,R,SLN,OF,George Hendrick,1984,"N,St. Louis,Cardinals"
herrt001,Herr,Tom,B,R,SLN,2B,Tom Herr,1984,"N,St. Louis,Cardinals"
hortr001,Horton,Ricky,L,L,SLN,P,Ricky Horton,1984,"N,St. Louis,Cardinals"
housp001,Householder,Paul,B,R,SLN,OF,Paul Householder,1984,"N,St. Louis,Cardinals"
howea001,Howe,Art,R,R,SLN,3B,Art Howe,1984,"N,St. Louis,Cardinals"
iorgd001,Iorg,Dane,L,R,SLN,1B,Dane Iorg,1984,"N,St. Louis,Cardinals"
jorgm001,Jorgensen,Mike,L,L,SLN,1B,Mike Jorgensen,1984,"N,St. Louis,Cardinals"
kepsk001,Kepshire,Kurt,L,R,SLN,P,Kurt Kepshire,1984,"N,St. Louis,Cardinals"
lahtj001,Lahti,Jeff,R,R,SLN,P,Jeff Lahti,1984,"N,St. Louis,Cardinals"
landt001,Landrum,Tito,R,R,SLN,OF,Tito Landrum,1984,"N,St. Louis,Cardinals"
lapod001,LaPoint,Dave,L,L,SLN,P,Dave LaPoint,1984,"N,St. Louis,Cardinals"
lyonb001,Lyons,Bill,R,R,SLN,2B,Bill Lyons,1984,"N,St. Louis,Cardinals"
mcgew001,McGee,Willie,B,R,SLN,OF,Willie McGee,1984,"N,St. Louis,Cardinals"
niett001,Nieto,Tom,R,R,SLN,C,Tom Nieto,1984,"N,St. Louis,Cardinals"
oberk001,Oberkfell,Ken,L,R,SLN,3B,Ken Oberkfell,1984,"N,St. Louis,Cardinals"
ownbr001,Ownbey,Rick,R,R,SLN,P,Rick Ownbey,1984,"N,St. Louis,Cardinals"
pendt001,Pendleton,Terry,B,R,SLN,3B,Terry Pendleton,1984,"N,St. Louis,Cardinals"
portd001,Porter,Darrell,L,R,SLN,C,Darrell Porter,1984,"N,St. Louis,Cardinals"
rajsg001,Rajsich,Gary,L,L,SLN,1B,Gary Rajsich,1984,"N,St. Louis,Cardinals"
ramsm001,Ramsey,Mike,B,R,SLN,2B,Mike Ramsey,1984,"N,St. Louis,Cardinals"
ruckd001,Rucker,Dave,L,L,SLN,P,Dave Rucker,1984,"N,St. Louis,Cardinals"
salam001,Salas,Mark,L,R,SLN,C,Mark Salas,1984,"N,St. Louis,Cardinals"
smitl002,Smith,Lonnie,R,R,SLN,OF,Lonnie Smith,1984,"N,St. Louis,Cardinals"
smito001,Smith,Ozzie,B,R,SLN,SS,Ozzie Smith,1984,"N,St. Louis,Cardinals"
speic001,Speier,Chris,R,R,SLN,SS,Chris Speier,1984,"N,St. Louis,Cardinals"
stupj001,Stuper,John,R,R,SLN,P,John Stuper,1984,"N,St. Louis,Cardinals"
suttb001,Sutter,Bruce,R,R,SLN,P,Bruce Sutter,1984,"N,St. Louis,Cardinals"
uribj001,Uribe,Jose,B,R,SLN,SS,Jose Uribe,1984,"N,St. Louis,Cardinals"
vansa001,Van Slyke,Andy,L,R,SLN,OF,Andy Van Slyke,1984,"N,St. Louis,Cardinals"
vonod001,Von Ohlen,Dave,L,L,SLN,P,Dave Von Ohlen,1984,"N,St. Louis,Cardinals"
baked002,Baker,Dusty,R,R,SFN,OF,Dusty Baker,1984,"N,San Francisco,Giants"
brenb001,Brenly,Bob,R,R,SFN,C,Bob Brenly,1984,"N,San Francisco,Giants"
browc002,Brown,Chris,R,R,SFN,3B,Chris Brown,1984,"N,San Francisco,Giants"
calvm001,Calvert,Mark,R,R,SFN,P,Mark Calvert,1984,"N,San Francisco,Giants"
clarj001,Clark,Jack,R,R,SFN,OF,Jack Clark,1984,"N,San Francisco,Giants"
cornj001,Cornell,Jeff,B,R,SFN,P,Jeff Cornell,1984,"N,San Francisco,Giants"
davic001,Davis,Chili,B,R,SFN,OF,Chili Davis,1984,"N,San Francisco,Giants"
davim001,Davis,Mark,L,L,SFN,P,Mark Davis,1984,"N,San Francisco,Giants"
deerr001,Deer,Rob,R,R,SFN,OF,Rob Deer,1984,"N,San Francisco,Giants"
garrs001,Garrelts,Scott,R,R,SFN,P,Scott Garrelts,1984,"N,San Francisco,Giants"
gladd001,Gladden,Dan,R,R,SFN,OF,Dan Gladden,1984,"N,San Francisco,Giants"
gomer001,Gomez,Randy,R,R,SFN,C,Randy Gomez,1984,"N,San Francisco,Giants"
granm001,Grant,Mark,R,R,SFN,P,Mark Grant,1984,"N,San Francisco,Giants"
hamma001,Hammaker,Atlee,B,L,SFN,P,Atlee Hammaker,1984,"N,San Francisco,Giants"
krukm001,Krukow,Mike,R,R,SFN,P,Mike Krukow,1984,"N,San Francisco,Giants"
kuipd001,Kuiper,Duane,L,R,SFN,2B,Duane Kuiper,1984,"N,San Francisco,Giants"
laceb001,Lacey,Bob,R,L,SFN,P,Bob Lacey,1984,"N,San Francisco,Giants"
laskb001,Laskey,Bill,R,R,SFN,P,Bill Laskey,1984,"N,San Francisco,Giants"
laveg001,Lavelle,Gary,B,L,SFN,P,Gary Lavelle,1984,"N,San Francisco,Giants"
lemaj001,LeMaster,Johnnie,R,R,SFN,SS,Johnnie LeMaster,1984,"N,San Francisco,Giants"
leonj001,Leonard,Jeffrey,R,R,SFN,OF,Jeffrey Leonard,1984,"N,San Francisco,Giants"
lercr001,Lerch,Randy,L,L,SFN,P,Randy Lerch,1984,"N,San Francisco,Giants"
martr001,Martin,Renie,R,R,SFN,P,Renie Martin,1984,"N,San Francisco,Giants"
mintg001,Minton,Greg,B,R,SFN,P,Greg Minton,1984,"N,San Francisco,Giants"
mullf001,Mullins,Fran,R,R,SFN,3B,Fran Mullins,1984,"N,San Francisco,Giants"
nicos001,Nicosia,Steve,R,R,SFN,C,Steve Nicosia,1984,"N,San Francisco,Giants"
oliva001,Oliver,Al,L,L,SFN,1B,Al Oliver,1984,"N,San Francisco,Giants"
omalt001,O'Malley,Tom,L,R,SFN,3B,Tom O'Malley,1984,"N,San Francisco,Giants"
pittj001,Pittman,Joe,R,R,SFN,SS,Joe Pittman,1984,"N,San Francisco,Giants"
rabbj001,Rabb,John,R,R,SFN,1B,John Rabb,1984,"N,San Francisco,Giants"
richg001,Richards,Gene,L,L,SFN,OF,Gene Richards,1984,"N,San Francisco,Giants"
rileg001,Riley,George,L,L,SFN,P,George Riley,1984,"N,San Francisco,Giants"
robij001,Robinson,Jeff,R,R,SFN,P,Jeff Robinson,1984,"N,San Francisco,Giants"
sanca001,Sanchez,Alejandro,R,R,SFN,OF,Alejandro Sanchez,1984,"N,San Francisco,Giants"
thoms001,Thompson,Scot,L,L,SFN,1B,Scot Thompson,1984,"N,San Francisco,Giants"
trilm001,Trillo,Manny,R,R,SFN,2B,Manny Trillo,1984,"N,San Francisco,Giants"
wellb001,Wellman,Brad,R,R,SFN,2B,Brad Wellman,1984,"N,San Francisco,Giants"
willf001,Williams,Frank,R,R,SFN,P,Frank Williams,1984,"N,San Francisco,Giants"
younj001,Youngblood,Joel,R,R,SFN,3B,Joel Youngblood,1984,"N,San Francisco,Giants"
baros001,Barojas,Salome,R,R,SEA,P,Salome Barojas,1984,"A,Seattle,Mariners"
beard001,Beard,Dave,L,R,SEA,P,Dave Beard,1984,"A,Seattle,Mariners"
beatj001,Beattie,Jim,R,R,SEA,P,Jim Beattie,1984,"A,Seattle,Mariners"
bestk001,Best,Karl,R,R,SEA,P,Karl Best,1984,"A,Seattle,Mariners"
bonnb001,Bonnell,Barry,R,R,SEA,OF,Barry Bonnell,1984,"A,Seattle,Mariners"
bradp001,Bradley,Phil,R,R,SEA,OF,Phil Bradley,1984,"A,Seattle,Mariners"
caldi001,Calderon,Ivan,R,R,SEA,OF,Ivan Calderon,1984,"A,Seattle,Mariners"
chama001,Chambers,Al,L,L,SEA,OF,Al Chambers,1984,"A,Seattle,Mariners"
coled001,Coles,Darnell,R,R,SEA,3B,Darnell Coles,1984,"A,Seattle,Mariners"
cowea001,Cowens,Al,R,R,SEA,OF,Al Cowens,1984,"A,Seattle,Mariners"
davia002,Davis,Alvin,L,R,SEA,1B,Alvin Davis,1984,"A,Seattle,Mariners"
geisd001,Geisel,Dave,L,L,SEA,P,Dave Geisel,1984,"A,Seattle,Mariners"
guetl001,Guetterman,Lee,L,L,SEA,P,Lee Guetterman,1984,"A,Seattle,Mariners"
hendd001,Henderson,Dave,R,R,SEA,OF,Dave Henderson,1984,"A,Seattle,Mariners"
hends001,Henderson,Steve,R,R,SEA,OF,Steve Henderson,1984,"A,Seattle,Mariners"
kearb001,Kearney,Bob,R,R,SEA,C,Bob Kearney,1984,"A,Seattle,Mariners"
langm001,Langston,Mark,R,L,SEA,P,Mark Langston,1984,"A,Seattle,Mariners"
merco001,Mercado,Orlando,R,R,SEA,C,Orlando Mercado,1984,"A,Seattle,Mariners"
milbl001,Milbourne,Larry,B,R,SEA,3B,Larry Milbourne,1984,"A,Seattle,Mariners"
mirap001,Mirabella,Paul,L,L,SEA,P,Paul Mirabella,1984,"A,Seattle,Mariners"
moorm001,Moore,Mike,R,R,SEA,P,Mike Moore,1984,"A,Seattle,Mariners"
mosej001,Moses,John,B,L,SEA,OF,John Moses,1984,"A,Seattle,Mariners"
nahob001,Nahorodny,Bill,R,R,SEA,C,Bill Nahorodny,1984,"A,Seattle,Mariners"
nelsr001,Nelson,Ricky,L,R,SEA,DH,Ricky Nelson,1984,"A,Seattle,Mariners"
nunee001,Nunez,Ed,R,R,SEA,P,Ed Nunez,1984,"A,Seattle,Mariners"
owens001,Owen,Spike,B,R,SEA,SS,Spike Owen,1984,"A,Seattle,Mariners"
percj001,Perconte,Jack,L,R,SEA,2B,Jack Perconte,1984,"A,Seattle,Mariners"
phelk001,Phelps,Ken,L,L,SEA,DH,Ken Phelps,1984,"A,Seattle,Mariners"
presj001,Presley,Jim,R,R,SEA,3B,Jim Presley,1984,"A,Seattle,Mariners"
putnp001,Putnam,Pat,L,R,SEA,DH,Pat Putnam,1984,"A,Seattle,Mariners"
ramod001,Ramos,Domingo,R,R,SEA,3B,Domingo Ramos,1984,"A,Seattle,Mariners"
reynh001,Reynolds,Harold,B,R,SEA,2B,Harold Reynolds,1984,"A,Seattle,Mariners"
stanm001,Stanton,Mike,B,R,SEA,P,Mike Stanton,1984,"A,Seattle,Mariners"
stodb001,Stoddard,Bob,R,R,SEA,P,Bob Stoddard,1984,"A,Seattle,Mariners"
tartd001,Tartabull,Danny,R,R,SEA,SS,Danny Tartabull,1984,"A,Seattle,Mariners"
thomg001,Thomas,Gorman,R,R,SEA,OF,Gorman Thomas,1984,"A,Seattle,Mariners"
thomr001,Thomas,Roy,R,R,SEA,P,Roy Thomas,1984,"A,Seattle,Mariners"
valld001,Valle,Dave,R,R,SEA,C,Dave Valle,1984,"A,Seattle,Mariners"
vande001,Vande Berg,Ed,R,L,SEA,P,Ed Vande Berg,1984,"A,Seattle,Mariners"
younm001,Young,Matt,L,L,SEA,P,Matt Young,1984,"A,Seattle,Mariners"
almob001,Almon,Bill,R,R,OAK,OF,Bill Almon,1984,"A,Oakland,Athletics"
athek001,Atherton,Keith,R,R,OAK,P,Keith Atherton,1984,"A,Oakland,Athletics"
bettj001,Bettendorf,Jeff,R,R,OAK,P,Jeff Bettendorf,1984,"A,Oakland,Athletics"
bochb001,Bochte,Bruce,L,L,OAK,1B,Bruce Bochte,1984,"A,Oakland,Athletics"
burgt001,Burgmeier,Tom,L,L,OAK,P,Tom Burgmeier,1984,"A,Oakland,Athletics"
burrj001,Burroughs,Jeff,R,R,OAK,DH,Jeff Burroughs,1984,"A,Oakland,Athletics"
burrr001,Burris,Ray,R,R,OAK,P,Ray Burris,1984,"A,Oakland,Athletics"
caudb001,Caudill,Bill,R,R,OAK,P,Bill Caudill,1984,"A,Oakland,Athletics"
codic001,Codiroli,Chris,R,R,OAK,P,Chris Codiroli,1984,"A,Oakland,Athletics"
conrt001,Conroy,Tim,L,L,OAK,P,Tim Conroy,1984,"A,Oakland,Athletics"
davim002,Davis,Mike,L,L,OAK,OF,Mike Davis,1984,"A,Oakland,Athletics"
essij001,Essian,Jim,R,R,OAK,C,Jim Essian,1984,"A,Oakland,Athletics"
hancg001,Hancock,Garry,L,L,OAK,OF,Garry Hancock,1984,"A,Oakland,Athletics"
heatm001,Heath,Mike,R,R,OAK,C,Mike Heath,1984,"A,Oakland,Athletics"
heimg001,Heimueller,Gorman,L,L,OAK,P,Gorman Heimueller,1984,"A,Oakland,Athletics"
hendr001,Henderson,Rickey,R,L,OAK,OF,Rickey Henderson,1984,"A,Oakland,Athletics"
hilld001,Hill,Donnie,B,R,OAK,SS,Donnie Hill,1984,"A,Oakland,Athletics"
jonej001,Jones,Jeff,R,R,OAK,P,Jeff Jones,1984,"A,Oakland,Athletics"
kiefs001,Kiefer,Steve,R,R,OAK,SS,Steve Kiefer,1984,"A,Oakland,Athletics"
kingd001,Kingman,Dave,R,R,OAK,DH,Dave Kingman,1984,"A,Oakland,Athletics"
krueb001,Krueger,Bill,L,L,OAK,P,Bill Krueger,1984,"A,Oakland,Athletics"
langr001,Langford,Rick,R,R,OAK,P,Rick Langford,1984,"A,Oakland,Athletics"
lansc001,Lansford,Carney,R,R,OAK,3B,Carney Lansford,1984,"A,Oakland,Athletics"
leipd001,Leiper,Dave,L,L,OAK,P,Dave Leiper,1984,"A,Oakland,Athletics"
loped001,Lopes,Davey,R,R,OAK,OF,Davey Lopes,1984,"A,Oakland,Athletics"
mccas001,McCatty,Steve,R,R,OAK,P,Steve McCatty,1984,"A,Oakland,Athletics"
meyed001,Meyer,Dan,L,R,OAK,1B,Dan Meyer,1984,"A,Oakland,Athletics"
morgj001,Morgan,Joe,L,R,OAK,2B,Joe Morgan,1984,"A,Oakland,Athletics"
murpd002,Murphy,Dwayne,L,R,OAK,OF,Dwayne Murphy,1984,"A,Oakland,Athletics"
philt001,Phillips,Tony,B,R,OAK,2B,Tony Phillips,1984,"A,Oakland,Athletics"
rainc001,Rainey,Chuck,R,R,OAK,P,Chuck Rainey,1984,"A,Oakland,Athletics"
sorel001,Sorensen,Lary,R,R,OAK,P,Lary Sorensen,1984,"A,Oakland,Athletics"
tettm001,Tettleton,Mickey,B,R,OAK,C,Mickey Tettleton,1984,"A,Oakland,Athletics"
torrm001,Torrez,Mike,R,R,OAK,P,Mike Torrez,1984,"A,Oakland,Athletics"
wagnm001,Wagner,Mark,R,R,OAK,SS,Mark Wagner,1984,"A,Oakland,Athletics"
warrm001,Warren,Mike,R,R,OAK,P,Mike Warren,1984,"A,Oakland,Athletics"
younc001,Young,Curt,R,L,OAK,P,Curt Young,1984,"A,Oakland,Athletics"
alleg001,Allenson,Gary,R,R,BOS,C,Gary Allenson,1984,"A,Boston,Red Sox"
armat001,Armas,Tony,R,R,BOS,OF,Tony Armas,1984,"A,Boston,Red Sox"
barrm001,Barrett,Marty,R,R,BOS,2B,Marty Barrett,1984,"A,Boston,Red Sox"
boggw001,Boggs,Wade,L,R,BOS,3B,Wade Boggs,1984,"A,Boston,Red Sox"
boydo001,Boyd,Oil Can,R,R,BOS,P,Oil Can Boyd,1984,"A,Boston,Red Sox"
browm003,Brown,Mike,R,R,BOS,P,Mike Brown,1984,"A,Boston,Red Sox"
buckb001,Buckner,Bill,L,L,BOS,1B,Bill Buckner,1984,"A,Boston,Red Sox"
cleam001,Clear,Mark,R,R,BOS,P,Mark Clear,1984,"A,Boston,Red Sox"
clemr001,Clemens,Roger,R,R,BOS,P,Roger Clemens,1984,"A,Boston,Red Sox"
craws001,Crawford,Steve,R,R,BOS,P,Steve Crawford,1984,"A,Boston,Red Sox"
dorsj001,Dorsey,Jim,R,R,BOS,P,Jim Dorsey,1984,"A,Boston,Red Sox"
easlm001,Easler,Mike,L,R,BOS,DH,Mike Easler,1984,"A,Boston,Red Sox"
ecked001,Eckersley,Dennis,R,R,BOS,P,Dennis Eckersley,1984,"A,Boston,Red Sox"
evand002,Evans,Dwight,R,R,BOS,OF,Dwight Evans,1984,"A,Boston,Red Sox"
galer001,Gale,Rich,R,R,BOS,P,Rich Gale,1984,"A,Boston,Red Sox"
gedmr001,Gedman,Rich,L,R,BOS,C,Rich Gedman,1984,"A,Boston,Red Sox"
gutij001,Gutierrez,Jackie,R,R,BOS,SS,Jackie Gutierrez,1984,"A,Boston,Red Sox"
hoffg001,Hoffman,Glenn,R,R,BOS,SS,Glenn Hoffman,1984,"A,Boston,Red Sox"
hursb001,Hurst,Bruce,L,L,BOS,P,Bruce Hurst,1984,"A,Boston,Red Sox"
johnj001,Johnson,John Henry,L,L,BOS,P,John Henry Johnson,1984,"A,Boston,Red Sox"
jurae001,Jurak,Ed,R,R,BOS,1B,Ed Jurak,1984,"A,Boston,Red Sox"
millr001,Miller,Rick,L,L,BOS,OF,Rick Miller,1984,"A,Boston,Red Sox"
mitcc001,Mitchell,Charlie,R,R,BOS,P,Charlie Mitchell,1984,"A,Boston,Red Sox"
newmj001,Newman,Jeff,R,R,BOS,C,Jeff Newman,1984,"A,Boston,Red Sox"
nichr001,Nichols,Reid,R,R,BOS,OF,Reid Nichols,1984,"A,Boston,Red Sox"
nippa001,Nipper,Al,R,R,BOS,P,Al Nipper,1984,"A,Boston,Red Sox"
ojedb001,Ojeda,Bob,L,L,BOS,P,Bob Ojeda,1984,"A,Boston,Red Sox"
remyj001,Remy,Jerry,L,R,BOS,2B,Jerry Remy,1984,"A,Boston,Red Sox"
ricej001,Rice,Jim,R,R,BOS,OF,Jim Rice,1984,"A,Boston,Red Sox"
stanb001,Stanley,Bob,R,R,BOS,P,Bob Stanley,1984,"A,Boston,Red Sox"
stapd001,Stapleton,Dave,R,R,BOS,1B,Dave Stapleton,1984,"A,Boston,Red Sox"
sullm001,Sullivan,Marc,R,R,BOS,C,Marc Sullivan,1984,"A,Boston,Red Sox"
walkc001,Walker,Chico,B,R,BOS,2B,Chico Walker,1984,"A,Boston,Red Sox"
altap001,Altamirano,Porfi,R,R,CHN,P,Porfi Altamirano,1984,"N,Chicago,Cubs"
bordr001,Bordi,Rich,R,R,CHN,P,Rich Bordi,1984,"N,Chicago,Cubs"
boslt001,Bosley,Thad,L,L,CHN,OF,Thad Bosley,1984,"N,Chicago,Cubs"
bowal001,Bowa,Larry,B,R,CHN,SS,Larry Bowa,1984,"N,Chicago,Cubs"
brusw001,Brusstar,Warren,R,R,CHN,P,Warren Brusstar,1984,"N,Chicago,Cubs"
buckb001,Buckner,Bill,L,L,CHN,1B,Bill Buckner,1984,"N,Chicago,Cubs"
cey-r001,Cey,Ron,R,R,CHN,3B,Ron Cey,1984,"N,Chicago,Cubs"
cotth001,Cotto,Henry,R,R,CHN,OF,Henry Cotto,1984,"N,Chicago,Cubs"
davij001,Davis,Jody,R,R,CHN,C,Jody Davis,1984,"N,Chicago,Cubs"
dernb001,Dernier,Bob,R,R,CHN,OF,Bob Dernier,1984,"N,Chicago,Cubs"
durhl001,Durham,Leon,L,L,CHN,1B,Leon Durham,1984,"N,Chicago,Cubs"
ecked001,Eckersley,Dennis,R,R,CHN,P,Dennis Eckersley,1984,"N,Chicago,Cubs"
frazg001,Frazier,George,R,R,CHN,P,George Frazier,1984,"N,Chicago,Cubs"
hallm001,Hall,Mel,L,L,CHN,OF,Mel Hall,1984,"N,Chicago,Cubs"
hassr001,Hassey,Ron,L,R,CHN,C,Ron Hassey,1984,"N,Chicago,Cubs"
hatcb001,Hatcher,Billy,R,R,CHN,OF,Billy Hatcher,1984,"N,Chicago,Cubs"
hebnr001,Hebner,Richie,L,R,CHN,3B,Richie Hebner,1984,"N,Chicago,Cubs"
johnb001,Johnson,Bill,R,R,CHN,P,Bill Johnson,1984,"N,Chicago,Cubs"
johnj002,Johnstone,Jay,L,R,CHN,OF,Jay Johnstone,1984,"N,Chicago,Cubs"
lakes001,Lake,Steve,R,R,CHN,C,Steve Lake,1984,"N,Chicago,Cubs"
loped001,Lopes,Davey,R,R,CHN,OF,Davey Lopes,1984,"N,Chicago,Cubs"
mattg001,Matthews,Gary,R,R,CHN,OF,Gary Matthews,1984,"N,Chicago,Cubs"
merir001,Meridith,Ron,L,L,CHN,P,Ron Meridith,1984,"N,Chicago,Cubs"
morek001,Moreland,Keith,R,R,CHN,OF,Keith Moreland,1984,"N,Chicago,Cubs"
noled001,Noles,Dickie,R,R,CHN,P,Dickie Noles,1984,"N,Chicago,Cubs"
owend001,Owen,Dave,B,R,CHN,SS,Dave Owen,1984,"N,Chicago,Cubs"
pattr001,Patterson,Reggie,R,R,CHN,P,Reggie Patterson,1984,"N,Chicago,Cubs"
rainc001,Rainey,Chuck,R,R,CHN,P,Chuck Rainey,1984,"N,Chicago,Cubs"
reusr001,Reuschel,Rick,R,R,CHN,P,Rick Reuschel,1984,"N,Chicago,Cubs"
rohnd001,Rohn,Dan,L,R,CHN,3B,Dan Rohn,1984,"N,Chicago,Cubs"
ruthd001,Ruthven,Dick,R,R,CHN,P,Dick Ruthven,1984,"N,Chicago,Cubs"
sandr001,Sandberg,Ryne,R,R,CHN,2B,Ryne Sandberg,1984,"N,Chicago,Cubs"
sands001,Sanderson,Scott,R,R,CHN,P,Scott Sanderson,1984,"N,Chicago,Cubs"
schud001,Schulze,Don,R,R,CHN,P,Don Schulze,1984,"N,Chicago,Cubs"
smitl001,Smith,Lee,R,R,CHN,P,Lee Smith,1984,"N,Chicago,Cubs"
stodt001,Stoddard,Tim,R,R,CHN,P,Tim Stoddard,1984,"N,Chicago,Cubs"
sutcr001,Sutcliffe,Rick,L,R,CHN,P,Rick Sutcliffe,1984,"N,Chicago,Cubs"
trous001,Trout,Steve,L,L,CHN,P,Steve Trout,1984,"N,Chicago,Cubs"
veryt001,Veryzer,Tom,R,R,CHN,SS,Tom Veryzer,1984,"N,Chicago,Cubs"
woodg001,Woods,Gary,R,R,CHN,OF,Gary Woods,1984,"N,Chicago,Cubs"
barns001,Barnes,Skeeter,R,R,CIN,3B,Skeeter Barnes,1984,"N,Cincinnati,Reds"
bereb001,Berenyi,Bruce,R,R,CIN,P,Bruce Berenyi,1984,"N,Cincinnati,Reds"
bilad001,Bilardello,Dann,R,R,CIN,C,Dann Bilardello,1984,"N,Cincinnati,Reds"
browt001,Browning,Tom,L,L,CIN,P,Tom Browning,1984,"N,Cincinnati,Reds"
catok001,Cato,Keefe,R,R,CIN,P,Keefe Cato,1984,"N,Cincinnati,Reds"
cedec001,Cedeno,Cesar,R,R,CIN,OF,Cesar Cedeno,1984,"N,Cincinnati,Reds"
concd001,Concepcion,Dave,R,R,CIN,SS,Dave Concepcion,1984,"N,Cincinnati,Reds"
davie001,Davis,Eric,R,R,CIN,OF,Eric Davis,1984,"N,Cincinnati,Reds"
dried001,Driessen,Dan,L,R,CIN,1B,Dan Driessen,1984,"N,Cincinnati,Reds"
esasn001,Esasky,Nick,R,R,CIN,3B,Nick Esasky,1984,"N,Cincinnati,Reds"
folet001,Foley,Tom,L,R,CIN,SS,Tom Foley,1984,"N,Cincinnati,Reds"
franj001,Franco,John,L,L,CIN,P,John Franco,1984,"N,Cincinnati,Reds"
guldb001,Gulden,Brad,L,R,CIN,C,Brad Gulden,1984,"N,Cincinnati,Reds"
housp001,Householder,Paul,B,R,CIN,OF,Paul Householder,1984,"N,Cincinnati,Reds"
humet001,Hume,Tom,R,R,CIN,P,Tom Hume,1984,"N,Cincinnati,Reds"
knica001,Knicely,Alan,R,R,CIN,1B,Alan Knicely,1984,"N,Cincinnati,Reds"
krenw001,Krenchicki,Wayne,L,R,CIN,3B,Wayne Krenchicki,1984,"N,Cincinnati,Reds"
lawlt001,Lawless,Tom,R,R,CIN,2B,Tom Lawless,1984,"N,Cincinnati,Reds"
leslb001,Lesley,Brad,R,R,CIN,P,Brad Lesley,1984,"N,Cincinnati,Reds"
mcgaa001,McGaffigan,Andy,R,R,CIN,P,Andy McGaffigan,1984,"N,Cincinnati,Reds"
milne001,Milner,Eddie,L,L,CIN,OF,Eddie Milner,1984,"N,Cincinnati,Reds"
oestr001,Oester,Ron,B,R,CIN,2B,Ron Oester,1984,"N,Cincinnati,Reds"
owchb001,Owchinko,Bob,L,L,CIN,P,Bob Owchinko,1984,"N,Cincinnati,Reds"
parkd001,Parker,Dave,L,R,CIN,OF,Dave Parker,1984,"N,Cincinnati,Reds"
pastf001,Pastore,Frank,R,R,CIN,P,Frank Pastore,1984,"N,Cincinnati,Reds"
peret001,Perez,Tony,R,R,CIN,1B,Tony Perez,1984,"N,Cincinnati,Reds"
powet001,Power,Ted,R,R,CIN,P,Ted Power,1984,"N,Cincinnati,Reds"
pricj001,Price,Joe,R,L,CIN,P,Joe Price,1984,"N,Cincinnati,Reds"
pulec001,Puleo,Charlie,R,R,CIN,P,Charlie Puleo,1984,"N,Cincinnati,Reds"
redug001,Redus,Gary,R,R,CIN,OF,Gary Redus,1984,"N,Cincinnati,Reds"
robir001,Robinson,Ron,R,R,CIN,P,Ron Robinson,1984,"N,Cincinnati,Reds"
rosep001,Rose,Pete,B,R,CIN,1B,Pete Rose,1984,"N,Cincinnati,Reds"
rowdw001,Rowdon,Wade,R,R,CIN,3B,Wade Rowdon,1984,"N,Cincinnati,Reds"
russj001,Russell,Jeff,R,R,CIN,P,Jeff Russell,1984,"N,Cincinnati,Reds"
scheb001,Scherrer,Bill,L,L,CIN,P,Bill Scherrer,1984,"N,Cincinnati,Reds"
smitm001,Smith,Mike,R,R,CIN,P,Mike Smith,1984,"N,Cincinnati,Reds"
sotom001,Soto,Mario,R,R,CIN,P,Mario Soto,1984,"N,Cincinnati,Reds"
tibbj001,Tibbs,Jay,R,R,CIN,P,Jay Tibbs,1984,"N,Cincinnati,Reds"
tolif001,Toliver,Freddie,R,R,CIN,P,Freddie Toliver,1984,"N,Cincinnati,Reds"
treva001,Trevino,Alex,R,R,CIN,C,Alex Trevino,1984,"N,Cincinnati,Reds"
vangd001,Van Gorder,Dave,R,R,CIN,C,Dave Van Gorder,1984,"N,Cincinnati,Reds"
walkd001,Walker,Duane,L,L,CIN,OF,Duane Walker,1984,"N,Cincinnati,Reds"
willc001,Willis,Carl,L,R,CIN,P,Carl Willis,1984,"N,Cincinnati,Reds"
barkl001,Barker,Len,R,R,ATL,P,Len Barker,1984,"N,Atlanta,Braves"
bedrs001,Bedrosian,Steve,R,R,ATL,P,Steve Bedrosian,1984,"N,Atlanta,Braves"
beneb001,Benedict,Bruce,R,R,ATL,C,Bruce Benedict,1984,"N,Atlanta,Braves"
brizt001,Brizzolara,Tony,R,R,ATL,P,Tony Brizzolara,1984,"N,Atlanta,Braves"
campr001,Camp,Rick,R,R,ATL,P,Rick Camp,1984,"N,Atlanta,Braves"
chamc001,Chambliss,Chris,L,R,ATL,1B,Chris Chambliss,1984,"N,Atlanta,Braves"
daylk001,Dayley,Ken,L,L,ATL,P,Ken Dayley,1984,"N,Atlanta,Braves"
dedmj001,Dedmon,Jeff,L,R,ATL,P,Jeff Dedmon,1984,"N,Atlanta,Braves"
falcp001,Falcone,Pete,L,L,ATL,P,Pete Falcone,1984,"N,Atlanta,Braves"
forst001,Forster,Terry,L,L,ATL,P,Terry Forster,1984,"N,Atlanta,Braves"
garbg001,Garber,Gene,R,R,ATL,P,Gene Garber,1984,"N,Atlanta,Braves"
halla001,Hall,Albert,B,R,ATL,OF,Albert Hall,1984,"N,Atlanta,Braves"
harpt001,Harper,Terry,R,R,ATL,OF,Terry Harper,1984,"N,Atlanta,Braves"
hornb001,Horner,Bob,R,R,ATL,3B,Bob Horner,1984,"N,Atlanta,Braves"
hubbg001,Hubbard,Glenn,R,R,ATL,2B,Glenn Hubbard,1984,"N,Atlanta,Braves"
johnr001,Johnson,Randy,R,R,ATL,3B,Randy Johnson,1984,"N,Atlanta,Braves"
jorgm001,Jorgensen,Mike,L,L,ATL,1B,Mike Jorgensen,1984,"N,Atlanta,Braves"
kommb001,Komminsk,Brad,R,R,ATL,OF,Brad Komminsk,1984,"N,Atlanta,Braves"
linar001,Linares,Rufino,R,R,ATL,OF,Rufino Linares,1984,"N,Atlanta,Braves"
mahlr001,Mahler,Rick,R,R,ATL,P,Rick Mahler,1984,"N,Atlanta,Braves"
mcmuc001,McMurtry,Craig,R,R,ATL,P,Craig McMurtry,1984,"N,Atlanta,Braves"
moord001,Moore,Donnie,L,R,ATL,P,Donnie Moore,1984,"N,Atlanta,Braves"
murpd001,Murphy,Dale,R,R,ATL,OF,Dale Murphy,1984,"N,Atlanta,Braves"
oberk001,Oberkfell,Ken,L,R,ATL,3B,Ken Oberkfell,1984,"N,Atlanta,Braves"
paynm001,Payne,Mike,R,R,ATL,P,Mike Payne,1984,"N,Atlanta,Braves"
perep001,Perez,Pascual,R,R,ATL,P,Pascual Perez,1984,"N,Atlanta,Braves"
perrg001,Perry,Gerald,L,R,ATL,1B,Gerald Perry,1984,"N,Atlanta,Braves"
pocob001,Pocoroba,Biff,B,R,ATL,PH,Biff Pocoroba,1984,"N,Atlanta,Braves"
ramir001,Ramirez,Rafael,R,R,ATL,SS,Rafael Ramirez,1984,"N,Atlanta,Braves"
roysj001,Royster,Jerry,R,R,ATL,2B,Jerry Royster,1984,"N,Atlanta,Braves"
rungp001,Runge,Paul,R,R,ATL,2B,Paul Runge,1984,"N,Atlanta,Braves"
sinam001,Sinatro,Matt,R,R,ATL,C,Matt Sinatro,1984,"N,Atlanta,Braves"
smitz001,Smith,Zane,L,L,ATL,P,Zane Smith,1984,"N,Atlanta,Braves"
thomm001,Thompson,Milt,L,R,ATL,OF,Milt Thompson,1984,"N,Atlanta,Braves"
treva001,Trevino,Alex,R,R,ATL,C,Alex Trevino,1984,"N,Atlanta,Braves"
washc001,Washington,Claudell,L,L,ATL,OF,Claudell Washington,1984,"N,Atlanta,Braves"
watsb001,Watson,Bob,R,R,ATL,1B,Bob Watson,1984,"N,Atlanta,Braves"
zuvep001,Zuvella,Paul,R,R,ATL,2B,Paul Zuvella,1984,"N,Atlanta,Braves"
ashft001,Ashford,Tucker,R,R,KCA,3B,Tucker Ashford,1984,"A,Kansas City,Royals"
balbs001,Balboni,Steve,R,R,KCA,1B,Steve Balboni,1984,"A,Kansas City,Royals"
beckj001,Beckwith,Joe,L,R,KCA,P,Joe Beckwith,1984,"A,Kansas City,Royals"
bianb001,Biancalana,Buddy,B,R,KCA,SS,Buddy Biancalana,1984,"A,Kansas City,Royals"
blacb001,Black,Buddy,L,L,KCA,P,Buddy Black,1984,"A,Kansas City,Royals"
bretg001,Brett,George,L,R,KCA,3B,George Brett,1984,"A,Kansas City,Royals"
conco001,Concepcion,Onix,R,R,KCA,SS,Onix Concepcion,1984,"A,Kansas City,Royals"
davib001,Davis,Butch,R,R,KCA,OF,Butch Davis,1984,"A,Kansas City,Royals"
dentb001,Dent,Bucky,R,R,KCA,SS,Bucky Dent,1984,"A,Kansas City,Royals"
gubim001,Gubicza,Mark,R,R,KCA,P,Mark Gubicza,1984,"A,Kansas City,Royals"
gural001,Gura,Larry,B,L,KCA,P,Larry Gura,1984,"A,Kansas City,Royals"
huism001,Huismann,Mark,R,R,KCA,P,Mark Huismann,1984,"A,Kansas City,Royals"
iorgd001,Iorg,Dane,L,R,KCA,1B,Dane Iorg,1984,"A,Kansas City,Royals"
jackd001,Jackson,Danny,R,L,KCA,P,Danny Jackson,1984,"A,Kansas City,Royals"
jonel001,Jones,Lynn,R,R,KCA,OF,Lynn Jones,1984,"A,Kansas City,Royals"
jonem001,Jones,Mike,L,L,KCA,P,Mike Jones,1984,"A,Kansas City,Royals"
leepd001,Leeper,Dave,L,L,KCA,OF,Dave Leeper,1984,"A,Kansas City,Royals"
leibc001,Leibrandt,Charlie,R,L,KCA,P,Charlie Leibrandt,1984,"A,Kansas City,Royals"
mcrah001,McRae,Hal,R,R,KCA,DH,Hal McRae,1984,"A,Kansas City,Royals"
motld001,Motley,Darryl,R,R,KCA,OF,Darryl Motley,1984,"A,Kansas City,Royals"
ortaj001,Orta,Jorge,L,R,KCA,DH,Jorge Orta,1984,"A,Kansas City,Royals"
pryog001,Pryor,Greg,R,R,KCA,3B,Greg Pryor,1984,"A,Kansas City,Royals"
pujol001,Pujols,Luis,R,R,KCA,C,Luis Pujols,1984,"A,Kansas City,Royals"
quisd001,Quisenberry,Dan,R,R,KCA,P,Dan Quisenberry,1984,"A,Kansas City,Royals"
robel001,Roberts,Leon,R,R,KCA,OF,Leon Roberts,1984,"A,Kansas City,Royals"
sabeb001,Saberhagen,Bret,R,R,KCA,P,Bret Saberhagen,1984,"A,Kansas City,Royals"
sanco001,Sanchez,Orlando,L,R,KCA,C,Orlando Sanchez,1984,"A,Kansas City,Royals"
scraj001,Scranton,Jim,R,R,KCA,3B,Jim Scranton,1984,"A,Kansas City,Royals"
sherp001,Sheridan,Pat,L,R,KCA,OF,Pat Sheridan,1984,"A,Kansas City,Royals"
slaud001,Slaught,Don,R,R,KCA,C,Don Slaught,1984,"A,Kansas City,Royals"
splip001,Splittorff,Paul,L,L,KCA,P,Paul Splittorff,1984,"A,Kansas City,Royals"
washu001,Washington,U L,B,R,KCA,SS,U L Washington,1984,"A,Kansas City,Royals"
wathj001,Wathan,John,R,R,KCA,C,John Wathan,1984,"A,Kansas City,Royals"
whitf001,White,Frank,R,R,KCA,2B,Frank White,1984,"A,Kansas City,Royals"
willf002,Wills,Frank,R,R,KCA,P,Frank Wills,1984,"A,Kansas City,Royals"
wilsw001,Wilson,Willie,B,R,KCA,OF,Willie Wilson,1984,"A,Kansas City,Royals"
armsm001,Armstrong,Mike,R,R,NYA,P,Mike Armstrong,1984,"A,New York,Yankees"
bayld001,Baylor,Don,R,R,NYA,DH,Don Baylor,1984,"A,New York,Yankees"
brads001,Bradley,Scott,L,R,NYA,OF,Scott Bradley,1984,"A,New York,Yankees"
browc001,Brown,Curt,R,R,NYA,P,Curt Brown,1984,"A,New York,Yankees"
bystm001,Bystrom,Marty,R,R,NYA,P,Marty Bystrom,1984,"A,New York,Yankees"
ceror001,Cerone,Rick,R,R,NYA,C,Rick Cerone,1984,"A,New York,Yankees"
chric001,Christiansen,Clay,R,R,NYA,P,Clay Christiansen,1984,"A,New York,Yankees"
cowlj001,Cowley,Joe,R,R,NYA,P,Joe Cowley,1984,"A,New York,Yankees"
dayeb001,Dayett,Brian,R,R,NYA,OF,Brian Dayett,1984,"A,New York,Yankees"
deshj001,Deshaies,Jim,L,L,NYA,P,Jim Deshaies,1984,"A,New York,Yankees"
folit001,Foli,Tim,R,R,NYA,SS,Tim Foli,1984,"A,New York,Yankees"
fontr001,Fontenot,Ray,L,L,NYA,P,Ray Fontenot,1984,"A,New York,Yankees"
gambo001,Gamble,Oscar,L,R,NYA,DH,Oscar Gamble,1984,"A,New York,Yankees"
grifk001,Griffey,Ken,L,L,NYA,OF,Ken Griffey,1984,"A,New York,Yankees"
guidr001,Guidry,Ron,L,L,NYA,P,Ron Guidry,1984,"A,New York,Yankees"
harrt001,Harrah,Toby,R,R,NYA,3B,Toby Harrah,1984,"A,New York,Yankees"
howej001,Howell,Jay,R,R,NYA,P,Jay Howell,1984,"A,New York,Yankees"
hudlr001,Hudler,Rex,R,R,NYA,2B,Rex Hudler,1984,"A,New York,Yankees"
javis001,Javier,Stan,B,R,NYA,OF,Stan Javier,1984,"A,New York,Yankees"
kemps001,Kemp,Steve,L,L,NYA,OF,Steve Kemp,1984,"A,New York,Yankees"
matav001,Mata,Victor,R,R,NYA,OF,Victor Mata,1984,"A,New York,Yankees"
mattd001,Mattingly,Don,L,L,NYA,1B,Don Mattingly,1984,"A,New York,Yankees"
meacb001,Meacham,Bob,B,R,NYA,SS,Bob Meacham,1984,"A,New York,Yankees"
montj001,Montefusco,John,R,R,NYA,P,John Montefusco,1984,"A,New York,Yankees"
moreo001,Moreno,Omar,L,L,NYA,OF,Omar Moreno,1984,"A,New York,Yankees"
murrd001,Murray,Dale,R,R,NYA,P,Dale Murray,1984,"A,New York,Yankees"
niekp001,Niekro,Phil,R,R,NYA,P,Phil Niekro,1984,"A,New York,Yankees"
oberm001,O'Berry,Mike,R,R,NYA,C,Mike O'Berry,1984,"A,New York,Yankees"
paglm001,Pagliarulo,Mike,L,R,NYA,3B,Mike Pagliarulo,1984,"A,New York,Yankees"
pinil001,Piniella,Lou,R,R,NYA,OF,Lou Piniella,1984,"A,New York,Yankees"
randw001,Randolph,Willie,R,R,NYA,2B,Willie Randolph,1984,"A,New York,Yankees"
rasmd001,Rasmussen,Dennis,L,L,NYA,P,Dennis Rasmussen,1984,"A,New York,Yankees"
rawls001,Rawley,Shane,R,L,NYA,P,Shane Rawley,1984,"A,New York,Yankees"
righd001,Righetti,Dave,L,L,NYA,P,Dave Righetti,1984,"A,New York,Yankees"
rijoj001,Rijo,Jose,R,R,NYA,P,Jose Rijo,1984,"A,New York,Yankees"
robea001,Robertson,Andre,R,R,NYA,SS,Andre Robertson,1984,"A,New York,Yankees"
shirb001,Shirley,Bob,R,L,NYA,P,Bob Shirley,1984,"A,New York,Yankees"
smalr001,Smalley,Roy,B,R,NYA,3B,Roy Smalley,1984,"A,New York,Yankees"
smitk001,Smith,Keith,B,R,NYA,SS,Keith Smith,1984,"A,New York,Yankees"
winfd001,Winfield,Dave,R,R,NYA,OF,Dave Winfield,1984,"A,New York,Yankees"
wyneb001,Wynegar,Butch,B,R,NYA,C,Butch Wynegar,1984,"A,New York,Yankees"
